{"data": [[375, {"py/object": "odf.components.Command", "address": 31, "tr": 0, "sub_address": 2, "dword_count": 1, "parity": 0, "fake": false}], [488, {"py/object": "odf.components.Data", "data": {"py/b64": "//8="}, "fake": false}], [535, {"py/object": "odf.components.Command", "address": 4, "tr": 0, "sub_address": 2, "dword_count": 18, "parity": 0, "fake": false}], [553, {"py/object": "odf.components.Command", "address": 3, "tr": 1, "sub_address": 2, "dword_count": 18, "parity": 0, "fake": false}], [2624, {"py/object": "odf.components.Status", "address": 3, "message_error_bit": "0", "instrumentation_bit": "0", "service_request_bit": "0", "reserved_bits": "000", "brdcst_received_bit": "0", "busy_bit": "0", "subsystem_flag_bit": "0", "dynamic_bus_control_accpt_bit": "0", "terminal_flag_bit": "1", "parity_bit": "1", "fake": false}], [2696, {"py/object": "odf.components.Data", "data": {"py/b64": "iKs="}, "fake": false}], [2766, {"py/object": "odf.components.Data", "data": {"py/b64": "JUI="}, "fake": false}], [2840, {"py/object": "odf.components.Data", "data": {"py/b64": "yLM="}, "fake": false}], [2912, {"py/object": "odf.components.Data", "data": {"py/b64": "fb0="}, "fake": false}], [2981, {"py/object": "odf.components.Data", "data": {"py/b64": "RYY="}, "fake": false}], [3053, {"py/object": "odf.components.Data", "data": {"py/b64": "7kI="}, "fake": false}], [3122, {"py/object": "odf.components.Data", "data": {"py/b64": "q80="}, "fake": false}], [3195, {"py/object": "odf.components.Data", "data": {"py/b64": "iEM="}, "fake": false}], [3267, {"py/object": "odf.components.Data", "data": {"py/b64": "768="}, "fake": false}], [3342, {"py/object": "odf.components.Data", "data": {"py/b64": "i0A="}, "fake": false}], [3412, {"py/object": "odf.components.Data", "data": {"py/b64": "ALA="}, "fake": false}], [3484, {"py/object": "odf.components.Data", "data": {"py/b64": "i0A="}, "fake": false}], [3555, {"py/object": "odf.components.Data", "data": {"py/b64": "2w8="}, "fake": false}], [3625, {"py/object": "odf.components.Data", "data": {"py/b64": "SUA="}, "fake": false}], [3694, {"py/object": "odf.components.Data", "data": {"py/b64": "pKM="}, "fake": false}], [3768, {"py/object": "odf.components.Data", "data": {"py/b64": "1kM="}, "fake": false}], [3838, {"py/object": "odf.components.Data", "data": {"py/b64": "tww="}, "fake": false}], [3914, {"py/object": "odf.components.Data", "data": {"py/b64": "OkQ="}, "fake": false}], [6042, {"py/object": "odf.components.Status", "address": 4, "message_error_bit": "0", "instrumentation_bit": "0", "service_request_bit": "0", "reserved_bits": "000", "brdcst_received_bit": "0", "busy_bit": "0", "subsystem_flag_bit": "0", "dynamic_bus_control_accpt_bit": "0", "terminal_flag_bit": "1", "parity_bit": "1", "fake": false}], [6090, {"py/object": "odf.components.Command", "address": 6, "tr": 0, "sub_address": 2, "dword_count": 28, "parity": 0, "fake": false}], [6105, {"py/object": "odf.components.Command", "address": 5, "tr": 1, "sub_address": 2, "dword_count": 28, "parity": 0, "fake": false}], [8155, {"py/object": "odf.components.Status", "address": 5, "message_error_bit": "0", "instrumentation_bit": "0", "service_request_bit": "0", "reserved_bits": "000", "brdcst_received_bit": "0", "busy_bit": "0", "subsystem_flag_bit": "0", "dynamic_bus_control_accpt_bit": "0", "terminal_flag_bit": "1", "parity_bit": "1", "fake": false}], [8224, {"py/object": "odf.components.Data", "data": {"py/b64": "wpE="}, "fake": false}], [8297, {"py/object": "odf.components.Data", "data": {"py/b64": "rEI="}, "fake": false}], [8366, {"py/object": "odf.components.Data", "data": {"py/b64": "SSg="}, "fake": false}], [8440, {"py/object": "odf.components.Data", "data": {"py/b64": "EkM="}, "fake": false}], [8512, {"py/object": "odf.components.Data", "data": {"py/b64": "z7A="}, "fake": false}], [8584, {"py/object": "odf.components.Data", "data": {"py/b64": "EcM="}, "fake": false}], [8654, {"py/object": "odf.components.Data", "data": {"py/b64": "ahU="}, "fake": false}], [8725, {"py/object": "odf.components.Data", "data": {"py/b64": "Tzw="}, "fake": false}], [8796, {"py/object": "odf.components.Data", "data": {"py/b64": "3ig="}, "fake": false}], [8867, {"py/object": "odf.components.Data", "data": {"py/b64": "kcE="}, "fake": false}], [8939, {"py/object": "odf.components.Data", "data": {"py/b64": "N+8="}, "fake": false}], [9011, {"py/object": "odf.components.Data", "data": {"py/b64": "UsE="}, "fake": false}], [9083, {"py/object": "odf.components.Data", "data": {"py/b64": "Jeg="}, "fake": false}], [9154, {"py/object": "odf.components.Data", "data": {"py/b64": "bL8="}, "fake": false}], [9222, {"py/object": "odf.components.Data", "data": {"py/b64": "KRk="}, "fake": false}], [9295, {"py/object": "odf.components.Data", "data": {"py/b64": "BMA="}, "fake": false}], [9367, {"py/object": "odf.components.Data", "data": {"py/b64": "0GE="}, "fake": false}], [9424, {"py/object": "odf.components.Data", "data": {"py/b64": "Bbw="}, "fake": false}], [9492, {"py/object": "odf.components.Data", "data": {"py/b64": "I64="}, "fake": false}], [9563, {"py/object": "odf.components.Data", "data": {"py/b64": "bkA="}, "fake": false}], [9635, {"py/object": "odf.components.Data", "data": {"py/b64": "rHU="}, "fake": false}], [9707, {"py/object": "odf.components.Data", "data": {"py/b64": "F0M="}, "fake": false}], [9776, {"py/object": "odf.components.Data", "data": {"py/b64": "dbY="}, "fake": false}], [9846, {"py/object": "odf.components.Data", "data": {"py/b64": "Db4="}, "fake": false}], [9917, {"py/object": "odf.components.Data", "data": {"py/b64": "TfE="}, "fake": false}], [9988, {"py/object": "odf.components.Data", "data": {"py/b64": "FsA="}, "fake": false}], [10061, {"py/object": "odf.components.Data", "data": {"py/b64": "cHg="}, "fake": false}], [10136, {"py/object": "odf.components.Data", "data": {"py/b64": "UEE="}, "fake": false}], [12221, {"py/object": "odf.components.Status", "address": 6, "message_error_bit": "0", "instrumentation_bit": "0", "service_request_bit": "0", "reserved_bits": "000", "brdcst_received_bit": "0", "busy_bit": "0", "subsystem_flag_bit": "0", "dynamic_bus_control_accpt_bit": "0", "terminal_flag_bit": "1", "parity_bit": "1", "fake": false}], [12310, {"py/object": "odf.components.Command", "address": 8, "tr": 0, "sub_address": 2, "dword_count": 8, "parity": 0, "fake": false}], [12329, {"py/object": "odf.components.Command", "address": 7, "tr": 1, "sub_address": 2, "dword_count": 8, "parity": 0, "fake": false}], [14405, {"py/object": "odf.components.Status", "address": 7, "message_error_bit": "0", "instrumentation_bit": "0", "service_request_bit": "0", "reserved_bits": "000", "brdcst_received_bit": "0", "busy_bit": "0", "subsystem_flag_bit": "0", "dynamic_bus_control_accpt_bit": "0", "terminal_flag_bit": "1", "parity_bit": "1", "fake": false}], [14477, {"py/object": "odf.components.Data", "data": {"py/b64": "xJ4="}, "fake": false}], [14551, {"py/object": "odf.components.Data", "data": {"py/b64": "YL0="}, "fake": false}], [14618, {"py/object": "odf.components.Data", "data": {"py/b64": "xsM="}, "fake": false}], [14689, {"py/object": "odf.components.Data", "data": {"py/b64": "FTo="}, "fake": false}], [14765, {"py/object": "odf.components.Data", "data": {"py/b64": "lOM="}, "fake": false}], [14833, {"py/object": "odf.components.Data", "data": {"py/b64": "Jz0="}, "fake": false}], [14911, {"py/object": "odf.components.Data", "data": {"py/b64": "z3E="}, "fake": false}], [14990, {"py/object": "odf.components.Data", "data": {"py/b64": "lDk="}, "fake": false}], [17120, {"py/object": "odf.components.Status", "address": 8, "message_error_bit": "0", "instrumentation_bit": "0", "service_request_bit": "0", "reserved_bits": "000", "brdcst_received_bit": "0", "busy_bit": "0", "subsystem_flag_bit": "0", "dynamic_bus_control_accpt_bit": "0", "terminal_flag_bit": "1", "parity_bit": "1", "fake": false}], [17180, {"py/object": "odf.components.Command", "address": 10, "tr": 0, "sub_address": 2, "dword_count": 12, "parity": 0, "fake": false}], [17198, {"py/object": "odf.components.Command", "address": 9, "tr": 1, "sub_address": 2, "dword_count": 12, "parity": 0, "fake": false}], [19268, {"py/object": "odf.components.Status", "address": 9, "message_error_bit": "0", "instrumentation_bit": "0", "service_request_bit": "0", "reserved_bits": "000", "brdcst_received_bit": "0", "busy_bit": "0", "subsystem_flag_bit": "0", "dynamic_bus_control_accpt_bit": "0", "terminal_flag_bit": "1", "parity_bit": "1", "fake": false}], [19341, {"py/object": "odf.components.Data", "data": {"py/b64": "L8E="}, "fake": false}], [19414, {"py/object": "odf.components.Data", "data": {"py/b64": "B0I="}, "fake": false}], [19488, {"py/object": "odf.components.Data", "data": {"py/b64": "ocg="}, "fake": false}], [19559, {"py/object": "odf.components.Data", "data": {"py/b64": "7MI="}, "fake": false}], [19630, {"py/object": "odf.components.Data", "data": {"py/b64": "vNY="}, "fake": false}], [19703, {"py/object": "odf.components.Data", "data": {"py/b64": "MUI="}, "fake": false}], [19773, {"py/object": "odf.components.Data", "data": {"py/b64": "K8E="}, "fake": false}], [19846, {"py/object": "odf.components.Data", "data": {"py/b64": "B0I="}, "fake": false}], [19918, {"py/object": "odf.components.Data", "data": {"py/b64": "tMg="}, "fake": false}], [19991, {"py/object": "odf.components.Data", "data": {"py/b64": "7MI="}, "fake": false}], [20065, {"py/object": "odf.components.Data", "data": {"py/b64": "ivU="}, "fake": false}], [20128, {"py/object": "odf.components.Data", "data": {"py/b64": "FEM="}, "fake": false}], [22258, {"py/object": "odf.components.Status", "address": 10, "message_error_bit": "0", "instrumentation_bit": "0", "service_request_bit": "0", "reserved_bits": "000", "brdcst_received_bit": "0", "busy_bit": "0", "subsystem_flag_bit": "0", "dynamic_bus_control_accpt_bit": "0", "terminal_flag_bit": "1", "parity_bit": "1", "fake": false}], [22303, {"py/object": "odf.components.Command", "address": 12, "tr": 0, "sub_address": 2, "dword_count": 16, "parity": 0, "fake": false}], [22321, {"py/object": "odf.components.Command", "address": 11, "tr": 1, "sub_address": 2, "dword_count": 16, "parity": 0, "fake": false}], [24395, {"py/object": "odf.components.Status", "address": 11, "message_error_bit": "0", "instrumentation_bit": "0", "service_request_bit": "0", "reserved_bits": "000", "brdcst_received_bit": "0", "busy_bit": "0", "subsystem_flag_bit": "0", "dynamic_bus_control_accpt_bit": "0", "terminal_flag_bit": "1", "parity_bit": "1", "fake": false}], [24467, {"py/object": "odf.components.Data", "data": {"py/b64": "d2Y="}, "fake": false}], [24540, {"py/object": "odf.components.Data", "data": {"py/b64": "Gjs="}, "fake": false}], [24613, {"py/object": "odf.components.Data", "data": {"py/b64": "AIo="}, "fake": false}], [24686, {"py/object": "odf.components.Data", "data": {"py/b64": "ZUE="}, "fake": false}], [24757, {"py/object": "odf.components.Data", "data": {"py/b64": "roc="}, "fake": false}], [24820, {"py/object": "odf.components.Data", "data": {"py/b64": "7EE="}, "fake": false}], [24886, {"py/object": "odf.components.Data", "data": {"py/b64": "sAg="}, "fake": false}], [24956, {"py/object": "odf.components.Data", "data": {"py/b64": "YEA="}, "fake": false}], [25027, {"py/object": "odf.components.Data", "data": {"py/b64": "Ac0="}, "fake": false}], [25099, {"py/object": "odf.components.Data", "data": {"py/b64": "5T8="}, "fake": false}], [25171, {"py/object": "odf.components.Data", "data": {"py/b64": "868="}, "fake": false}], [25243, {"py/object": "odf.components.Data", "data": {"py/b64": "Aj4="}, "fake": false}], [25318, {"py/object": "odf.components.Data", "data": {"py/b64": "TQU="}, "fake": false}], [25391, {"py/object": "odf.components.Data", "data": {"py/b64": "9z4="}, "fake": false}], [25449, {"py/object": "odf.components.Data", "data": {"py/b64": "LU0="}, "fake": false}], [25508, {"py/object": "odf.components.Data", "data": {"py/b64": "nEE="}, "fake": false}], [27654, {"py/object": "odf.components.Status", "address": 12, "message_error_bit": "0", "instrumentation_bit": "0", "service_request_bit": "0", "reserved_bits": "000", "brdcst_received_bit": "0", "busy_bit": "0", "subsystem_flag_bit": "0", "dynamic_bus_control_accpt_bit": "0", "terminal_flag_bit": "1", "parity_bit": "1", "fake": false}], [27830, {"py/object": "odf.components.Command", "address": 1, "tr": 0, "sub_address": 2, "dword_count": 4, "parity": 0, "fake": false}], [27881, {"py/object": "odf.components.Data", "data": {"py/b64": "AAA="}, "fake": false}], [27894, {"py/object": "odf.components.Data", "data": {"py/b64": "AAA="}, "fake": false}], [27906, {"py/object": "odf.components.Data", "data": {"py/b64": "AAA="}, "fake": false}], [27919, {"py/object": "odf.components.Data", "data": {"py/b64": "AAA="}, "fake": false}], [29964, {"py/object": "odf.components.Status", "address": 1, "message_error_bit": "0", "instrumentation_bit": "0", "service_request_bit": "0", "reserved_bits": "000", "brdcst_received_bit": "0", "busy_bit": "0", "subsystem_flag_bit": "0", "dynamic_bus_control_accpt_bit": "0", "terminal_flag_bit": "1", "parity_bit": "1", "fake": false}], [30121, {"py/object": "odf.components.Command", "address": 31, "tr": 0, "sub_address": 2, "dword_count": 1, "parity": 0, "fake": false}], [30229, {"py/object": "odf.components.Data", "data": {"py/b64": "//8="}, "fake": false}], [30245, {"py/object": "odf.components.Command", "address": 4, "tr": 0, "sub_address": 2, "dword_count": 18, "parity": 0, "fake": false}], [30256, {"py/object": "odf.components.Command", "address": 3, "tr": 1, "sub_address": 2, "dword_count": 18, "parity": 0, "fake": false}], [32314, {"py/object": "odf.components.Status", "address": 3, "message_error_bit": "0", "instrumentation_bit": "0", "service_request_bit": "0", "reserved_bits": "000", "brdcst_received_bit": "0", "busy_bit": "0", "subsystem_flag_bit": "0", "dynamic_bus_control_accpt_bit": "0", "terminal_flag_bit": "1", "parity_bit": "1", "fake": false}], [32386, {"py/object": "odf.components.Data", "data": {"py/b64": "Z7o="}, "fake": false}], [32456, {"py/object": "odf.components.Data", "data": {"py/b64": "a0M="}, "fake": false}], [32528, {"py/object": "odf.components.Data", "data": {"py/b64": "VEk="}, "fake": false}], [32601, {"py/object": "odf.components.Data", "data": {"py/b64": "lUQ="}, "fake": false}], [32673, {"py/object": "odf.components.Data", "data": {"py/b64": "6so="}, "fake": false}], [32745, {"py/object": "odf.components.Data", "data": {"py/b64": "3EM="}, "fake": false}], [32817, {"py/object": "odf.components.Data", "data": {"py/b64": "t6g="}, "fake": false}], [32887, {"py/object": "odf.components.Data", "data": {"py/b64": "hEM="}, "fake": false}], [32958, {"py/object": "odf.components.Data", "data": {"py/b64": "bs0="}, "fake": false}], [33031, {"py/object": "odf.components.Data", "data": {"py/b64": "i0A="}, "fake": false}], [33104, {"py/object": "odf.components.Data", "data": {"py/b64": "Bs8="}, "fake": false}], [33176, {"py/object": "odf.components.Data", "data": {"py/b64": "i0A="}, "fake": false}], [33247, {"py/object": "odf.components.Data", "data": {"py/b64": "9OA="}, "fake": false}], [33318, {"py/object": "odf.components.Data", "data": {"py/b64": "QkA="}, "fake": false}], [33392, {"py/object": "odf.components.Data", "data": {"py/b64": "Osk="}, "fake": false}], [33462, {"py/object": "odf.components.Data", "data": {"py/b64": "1UM="}, "fake": false}], [33534, {"py/object": "odf.components.Data", "data": {"py/b64": "tww="}, "fake": false}], [33613, {"py/object": "odf.components.Data", "data": {"py/b64": "OkQ="}, "fake": false}], [35713, {"py/object": "odf.components.Status", "address": 4, "message_error_bit": "0", "instrumentation_bit": "0", "service_request_bit": "0", "reserved_bits": "000", "brdcst_received_bit": "0", "busy_bit": "0", "subsystem_flag_bit": "0", "dynamic_bus_control_accpt_bit": "0", "terminal_flag_bit": "1", "parity_bit": "1", "fake": false}], [35783, {"py/object": "odf.components.Command", "address": 6, "tr": 0, "sub_address": 2, "dword_count": 28, "parity": 0, "fake": false}], [35795, {"py/object": "odf.components.Command", "address": 5, "tr": 1, "sub_address": 2, "dword_count": 28, "parity": 0, "fake": false}], [37860, {"py/object": "odf.components.Status", "address": 5, "message_error_bit": "0", "instrumentation_bit": "0", "service_request_bit": "0", "reserved_bits": "000", "brdcst_received_bit": "0", "busy_bit": "0", "subsystem_flag_bit": "0", "dynamic_bus_control_accpt_bit": "0", "terminal_flag_bit": "1", "parity_bit": "1", "fake": false}], [37932, {"py/object": "odf.components.Data", "data": {"py/b64": "AdU="}, "fake": false}], [38003, {"py/object": "odf.components.Data", "data": {"py/b64": "dUM="}, "fake": false}], [38075, {"py/object": "odf.components.Data", "data": {"py/b64": "L6s="}, "fake": false}], [38148, {"py/object": "odf.components.Data", "data": {"py/b64": "z0M="}, "fake": false}], [38218, {"py/object": "odf.components.Data", "data": {"py/b64": "ieI="}, "fake": false}], [38291, {"py/object": "odf.components.Data", "data": {"py/b64": "zcM="}, "fake": false}], [38362, {"py/object": "odf.components.Data", "data": {"py/b64": "yLU="}, "fake": false}], [38434, {"py/object": "odf.components.Data", "data": {"py/b64": "ikE="}, "fake": false}], [38507, {"py/object": "odf.components.Data", "data": {"py/b64": "rBY="}, "fake": false}], [38579, {"py/object": "odf.components.Data", "data": {"py/b64": "T8I="}, "fake": false}], [38652, {"py/object": "odf.components.Data", "data": {"py/b64": "bsM="}, "fake": false}], [38721, {"py/object": "odf.components.Data", "data": {"py/b64": "vb8="}, "fake": false}], [38794, {"py/object": "odf.components.Data", "data": {"py/b64": "bEk="}, "fake": false}], [38865, {"py/object": "odf.components.Data", "data": {"py/b64": "hr4="}, "fake": false}], [38939, {"py/object": "odf.components.Data", "data": {"py/b64": "vk8="}, "fake": false}], [39012, {"py/object": "odf.components.Data", "data": {"py/b64": "yD8="}, "fake": false}], [39082, {"py/object": "odf.components.Data", "data": {"py/b64": "9jM="}, "fake": false}], [39148, {"py/object": "odf.components.Data", "data": {"py/b64": "078="}, "fake": false}], [39211, {"py/object": "odf.components.Data", "data": {"py/b64": "B8k="}, "fake": false}], [39277, {"py/object": "odf.components.Data", "data": {"py/b64": "LcE="}, "fake": false}], [39348, {"py/object": "odf.components.Data", "data": {"py/b64": "19k="}, "fake": false}], [39410, {"py/object": "odf.components.Data", "data": {"py/b64": "z0M="}, "fake": false}], [39466, {"py/object": "odf.components.Data", "data": {"py/b64": "slA="}, "fake": false}], [39536, {"py/object": "odf.components.Data", "data": {"py/b64": "Vr8="}, "fake": false}], [39610, {"py/object": "odf.components.Data", "data": {"py/b64": "9Po="}, "fake": false}], [39681, {"py/object": "odf.components.Data", "data": {"py/b64": "nL4="}, "fake": false}], [39752, {"py/object": "odf.components.Data", "data": {"py/b64": "VeY="}, "fake": false}], [39829, {"py/object": "odf.components.Data", "data": {"py/b64": "gD8="}, "fake": false}], [41958, {"py/object": "odf.components.Status", "address": 6, "message_error_bit": "0", "instrumentation_bit": "0", "service_request_bit": "0", "reserved_bits": "000", "brdcst_received_bit": "0", "busy_bit": "0", "subsystem_flag_bit": "0", "dynamic_bus_control_accpt_bit": "0", "terminal_flag_bit": "1", "parity_bit": "1", "fake": false}], [42006, {"py/object": "odf.components.Command", "address": 8, "tr": 0, "sub_address": 2, "dword_count": 8, "parity": 0, "fake": false}], [42019, {"py/object": "odf.components.Command", "address": 7, "tr": 1, "sub_address": 2, "dword_count": 8, "parity": 0, "fake": false}], [44078, {"py/object": "odf.components.Status", "address": 7, "message_error_bit": "0", "instrumentation_bit": "0", "service_request_bit": "0", "reserved_bits": "000", "brdcst_received_bit": "0", "busy_bit": "0", "subsystem_flag_bit": "0", "dynamic_bus_control_accpt_bit": "0", "terminal_flag_bit": "1", "parity_bit": "1", "fake": false}], [44148, {"py/object": "odf.components.Data", "data": {"py/b64": "fiU="}, "fake": false}], [44217, {"py/object": "odf.components.Data", "data": {"py/b64": "h70="}, "fake": false}], [44293, {"py/object": "odf.components.Data", "data": {"py/b64": "x4U="}, "fake": false}], [44364, {"py/object": "odf.components.Data", "data": {"py/b64": "jbs="}, "fake": false}], [44437, {"py/object": "odf.components.Data", "data": {"py/b64": "DeA="}, "fake": false}], [44511, {"py/object": "odf.components.Data", "data": {"py/b64": "0Tw="}, "fake": false}], [44587, {"py/object": "odf.components.Data", "data": {"py/b64": "ZDQ="}, "fake": false}], [44664, {"py/object": "odf.components.Data", "data": {"py/b64": "Vbo="}, "fake": false}], [46780, {"py/object": "odf.components.Status", "address": 8, "message_error_bit": "0", "instrumentation_bit": "0", "service_request_bit": "0", "reserved_bits": "000", "brdcst_received_bit": "0", "busy_bit": "0", "subsystem_flag_bit": "0", "dynamic_bus_control_accpt_bit": "0", "terminal_flag_bit": "1", "parity_bit": "1", "fake": false}], [46850, {"py/object": "odf.components.Command", "address": 10, "tr": 0, "sub_address": 2, "dword_count": 12, "parity": 0, "fake": false}], [46863, {"py/object": "odf.components.Command", "address": 9, "tr": 1, "sub_address": 2, "dword_count": 12, "parity": 0, "fake": false}], [48929, {"py/object": "odf.components.Status", "address": 9, "message_error_bit": "0", "instrumentation_bit": "0", "service_request_bit": "0", "reserved_bits": "000", "brdcst_received_bit": "0", "busy_bit": "0", "subsystem_flag_bit": "0", "dynamic_bus_control_accpt_bit": "0", "terminal_flag_bit": "1", "parity_bit": "1", "fake": false}], [49003, {"py/object": "odf.components.Data", "data": {"py/b64": "T70="}, "fake": false}], [49076, {"py/object": "odf.components.Data", "data": {"py/b64": "B0I="}, "fake": false}], [49148, {"py/object": "odf.components.Data", "data": {"py/b64": "Sds="}, "fake": false}], [49223, {"py/object": "odf.components.Data", "data": {"py/b64": "7MI="}, "fake": false}], [49296, {"py/object": "odf.components.Data", "data": {"py/b64": "m+o="}, "fake": false}], [49369, {"py/object": "odf.components.Data", "data": {"py/b64": "aEM="}, "fake": false}], [49443, {"py/object": "odf.components.Data", "data": {"py/b64": "Sr0="}, "fake": false}], [49515, {"py/object": "odf.components.Data", "data": {"py/b64": "B0I="}, "fake": false}], [49587, {"py/object": "odf.components.Data", "data": {"py/b64": "Yts="}, "fake": false}], [49660, {"py/object": "odf.components.Data", "data": {"py/b64": "7MI="}, "fake": false}], [49719, {"py/object": "odf.components.Data", "data": {"py/b64": "Ugk="}, "fake": false}], [49792, {"py/object": "odf.components.Data", "data": {"py/b64": "QEQ="}, "fake": false}], [51885, {"py/object": "odf.components.Status", "address": 10, "message_error_bit": "0", "instrumentation_bit": "0", "service_request_bit": "0", "reserved_bits": "000", "brdcst_received_bit": "0", "busy_bit": "0", "subsystem_flag_bit": "0", "dynamic_bus_control_accpt_bit": "0", "terminal_flag_bit": "1", "parity_bit": "1", "fake": false}], [51963, {"py/object": "odf.components.Command", "address": 12, "tr": 0, "sub_address": 2, "dword_count": 16, "parity": 0, "fake": false}], [51978, {"py/object": "odf.components.Command", "address": 11, "tr": 1, "sub_address": 2, "dword_count": 16, "parity": 0, "fake": false}], [54047, {"py/object": "odf.components.Status", "address": 11, "message_error_bit": "0", "instrumentation_bit": "0", "service_request_bit": "0", "reserved_bits": "000", "brdcst_received_bit": "0", "busy_bit": "0", "subsystem_flag_bit": "0", "dynamic_bus_control_accpt_bit": "0", "terminal_flag_bit": "1", "parity_bit": "1", "fake": false}], [54117, {"py/object": "odf.components.Data", "data": {"py/b64": "i5E="}, "fake": false}], [54188, {"py/object": "odf.components.Data", "data": {"py/b64": "Fzs="}, "fake": false}], [54261, {"py/object": "odf.components.Data", "data": {"py/b64": "AIU="}, "fake": false}], [54334, {"py/object": "odf.components.Data", "data": {"py/b64": "UkE="}, "fake": false}], [54407, {"py/object": "odf.components.Data", "data": {"py/b64": "UW8="}, "fake": false}], [54479, {"py/object": "odf.components.Data", "data": {"py/b64": "50E="}, "fake": false}], [54551, {"py/object": "odf.components.Data", "data": {"py/b64": "7gw="}, "fake": false}], [54623, {"py/object": "odf.components.Data", "data": {"py/b64": "t0A="}, "fake": false}], [54696, {"py/object": "odf.components.Data", "data": {"py/b64": "kE0="}, "fake": false}], [54762, {"py/object": "odf.components.Data", "data": {"py/b64": "PEA="}, "fake": false}], [54822, {"py/object": "odf.components.Data", "data": {"py/b64": "ksE="}, "fake": false}], [54895, {"py/object": "odf.components.Data", "data": {"py/b64": "6T0="}, "fake": false}], [54968, {"py/object": "odf.components.Data", "data": {"py/b64": "XXo="}, "fake": false}], [55042, {"py/object": "odf.components.Data", "data": {"py/b64": "ZD4="}, "fake": false}], [55117, {"py/object": "odf.components.Data", "data": {"py/b64": "Ykg="}, "fake": false}], [55193, {"py/object": "odf.components.Data", "data": {"py/b64": "q0E="}, "fake": false}], [57320, {"py/object": "odf.components.Status", "address": 12, "message_error_bit": "0", "instrumentation_bit": "0", "service_request_bit": "0", "reserved_bits": "000", "brdcst_received_bit": "0", "busy_bit": "0", "subsystem_flag_bit": "0", "dynamic_bus_control_accpt_bit": "0", "terminal_flag_bit": "1", "parity_bit": "1", "fake": false}], [57497, {"py/object": "odf.components.Command", "address": 1, "tr": 0, "sub_address": 2, "dword_count": 4, "parity": 0, "fake": false}], [57564, {"py/object": "odf.components.Data", "data": {"py/b64": "AAA="}, "fake": false}], [57577, {"py/object": "odf.components.Data", "data": {"py/b64": "AAA="}, "fake": false}], [57590, {"py/object": "odf.components.Data", "data": {"py/b64": "AAA="}, "fake": false}], [57602, {"py/object": "odf.components.Data", "data": {"py/b64": "AAA="}, "fake": false}], [59667, {"py/object": "odf.components.Status", "address": 1, "message_error_bit": "0", "instrumentation_bit": "0", "service_request_bit": "0", "reserved_bits": "000", "brdcst_received_bit": "0", "busy_bit": "0", "subsystem_flag_bit": "0", "dynamic_bus_control_accpt_bit": "0", "terminal_flag_bit": "1", "parity_bit": "1", "fake": false}], [59840, {"py/object": "odf.components.Command", "address": 31, "tr": 0, "sub_address": 2, "dword_count": 1, "parity": 0, "fake": false}], [59910, {"py/object": "odf.components.Data", "data": {"py/b64": "//8="}, "fake": false}], [59925, {"py/object": "odf.components.Command", "address": 4, "tr": 0, "sub_address": 2, "dword_count": 18, "parity": 0, "fake": false}], [59937, {"py/object": "odf.components.Command", "address": 3, "tr": 1, "sub_address": 2, "dword_count": 18, "parity": 0, "fake": false}], [61794, {"py/object": "odf.components.Status", "address": 1, "message_error_bit": "0", "instrumentation_bit": "0", "service_request_bit": "0", "reserved_bits": "000", "brdcst_received_bit": "0", "busy_bit": "0", "subsystem_flag_bit": "0", "dynamic_bus_control_accpt_bit": "0", "terminal_flag_bit": "1", "parity_bit": "1", "fake": false}], [62069, {"py/object": "odf.components.Status", "address": 3, "message_error_bit": "0", "instrumentation_bit": "0", "service_request_bit": "0", "reserved_bits": "000", "brdcst_received_bit": "0", "busy_bit": "0", "subsystem_flag_bit": "0", "dynamic_bus_control_accpt_bit": "0", "terminal_flag_bit": "1", "parity_bit": "1", "fake": false}], [62142, {"py/object": "odf.components.Command", "address": 6, "tr": 0, "sub_address": 2, "dword_count": 28, "parity": 0, "fake": false}], [62189, {"py/object": "odf.components.Command", "address": 5, "tr": 1, "sub_address": 2, "dword_count": 28, "parity": 0, "fake": false}], [62244, {"py/object": "odf.components.Data", "data": {"py/b64": "kuU="}, "fake": false}], [62335, {"py/object": "odf.components.Data", "data": {"py/b64": "eUM="}, "fake": false}], [62429, {"py/object": "odf.components.Data", "data": {"py/b64": "r2I="}, "fake": false}], [62515, {"py/object": "odf.components.Data", "data": {"py/b64": "AEU="}, "fake": false}], [62599, {"py/object": "odf.components.Data", "data": {"py/b64": "rWM="}, "fake": false}], [62684, {"py/object": "odf.components.Data", "data": {"py/b64": "kEQ="}, "fake": false}], [62768, {"py/object": "odf.components.Data", "data": {"py/b64": "DzY="}, "fake": false}], [62853, {"py/object": "odf.components.Data", "data": {"py/b64": "WkM="}, "fake": false}], [62940, {"py/object": "odf.components.Data", "data": {"py/b64": "D1o="}, "fake": false}], [63014, {"py/object": "odf.components.Data", "data": {"py/b64": "gUA="}, "fake": false}], [63100, {"py/object": "odf.components.Data", "data": {"py/b64": "nk0="}, "fake": false}], [63185, {"py/object": "odf.components.Data", "data": {"py/b64": "gUA="}, "fake": false}], [63269, {"py/object": "odf.components.Data", "data": {"py/b64": "rfk="}, "fake": false}], [63354, {"py/object": "odf.components.Data", "data": {"py/b64": "QkA="}, "fake": false}], [63440, {"py/object": "odf.components.Data", "data": {"py/b64": "Kk4="}, "fake": false}], [63526, {"py/object": "odf.components.Data", "data": {"py/b64": "1UM="}, "fake": false}], [63612, {"py/object": "odf.components.Data", "data": {"py/b64": "tww="}, "fake": false}], [63701, {"py/object": "odf.components.Data", "data": {"py/b64": "OkQ="}, "fake": false}], [64224, {"py/object": "odf.components.Status", "address": 5, "message_error_bit": "0", "instrumentation_bit": "0", "service_request_bit": "0", "reserved_bits": "000", "brdcst_received_bit": "0", "busy_bit": "0", "subsystem_flag_bit": "0", "dynamic_bus_control_accpt_bit": "0", "terminal_flag_bit": "1", "parity_bit": "1", "fake": false}], [64301, {"py/object": "odf.components.Data", "data": {"py/b64": "S0c="}, "fake": false}], [64376, {"py/object": "odf.components.Data", "data": {"py/b64": "dUM="}, "fake": false}], [64452, {"py/object": "odf.components.Data", "data": {"py/b64": "E7Q="}, "fake": false}], [64526, {"py/object": "odf.components.Data", "data": {"py/b64": "z0M="}, "fake": false}], [64599, {"py/object": "odf.components.Data", "data": {"py/b64": "oII="}, "fake": false}], [64671, {"py/object": "odf.components.Data", "data": {"py/b64": "ssM="}, "fake": false}], [64745, {"py/object": "odf.components.Data", "data": {"py/b64": "kUo="}, "fake": false}], [64821, {"py/object": "odf.components.Data", "data": {"py/b64": "CUI="}, "fake": false}], [64895, {"py/object": "odf.components.Data", "data": {"py/b64": "AGM="}, "fake": false}], [64974, {"py/object": "odf.components.Data", "data": {"py/b64": "UsM="}, "fake": false}], [65050, {"py/object": "odf.components.Data", "data": {"py/b64": "kNc="}, "fake": false}], [65126, {"py/object": "odf.components.Data", "data": {"py/b64": "7kA="}, "fake": false}], [65184, {"py/object": "odf.components.Data", "data": {"py/b64": "QQc="}, "fake": false}], [65258, {"py/object": "odf.components.Data", "data": {"py/b64": "Zz8="}, "fake": false}], [65321, {"py/object": "odf.components.Data", "data": {"py/b64": "iRw="}, "fake": false}], [65387, {"py/object": "odf.components.Data", "data": {"py/b64": "VME="}, "fake": false}], [65449, {"py/object": "odf.components.Data", "data": {"py/b64": "QtE="}, "fake": false}], [65518, {"py/object": "odf.components.Data", "data": {"py/b64": "fcA="}, "fake": false}], [65592, {"py/object": "odf.components.Data", "data": {"py/b64": "dKM="}, "fake": false}], [65669, {"py/object": "odf.components.Data", "data": {"py/b64": "DsE="}, "fake": false}], [65844, {"py/object": "odf.components.Status", "address": 4, "message_error_bit": "0", "instrumentation_bit": "0", "service_request_bit": "0", "reserved_bits": "000", "brdcst_received_bit": "0", "busy_bit": "0", "subsystem_flag_bit": "0", "dynamic_bus_control_accpt_bit": "0", "terminal_flag_bit": "1", "parity_bit": "1", "fake": false}], [65929, {"py/object": "odf.components.Data", "data": {"py/b64": "R7Q="}, "fake": false}], [65965, {"py/object": "odf.components.Command", "address": 8, "tr": 0, "sub_address": 2, "dword_count": 8, "parity": 0, "fake": false}], [66014, {"py/object": "odf.components.Command", "address": 7, "tr": 1, "sub_address": 2, "dword_count": 8, "parity": 0, "fake": false}], [66033, {"py/object": "odf.components.Data", "data": {"py/b64": "z0M="}, "fake": false}], [66074, {"py/object": "odf.components.Data", "data": {"py/b64": "bgk="}, "fake": false}], [66140, {"py/object": "odf.components.Data", "data": {"py/b64": "YME="}, "fake": false}], [66208, {"py/object": "odf.components.Data", "data": {"py/b64": "XcQ="}, "fake": false}], [66282, {"py/object": "odf.components.Data", "data": {"py/b64": "vUA="}, "fake": false}], [66357, {"py/object": "odf.components.Data", "data": {"py/b64": "lOI="}, "fake": false}], [66437, {"py/object": "odf.components.Data", "data": {"py/b64": "wD4="}, "fake": false}], [67017, {"py/object": "odf.components.Status", "address": 6, "message_error_bit": "0", "instrumentation_bit": "0", "service_request_bit": "0", "reserved_bits": "000", "brdcst_received_bit": "0", "busy_bit": "0", "subsystem_flag_bit": "0", "dynamic_bus_control_accpt_bit": "0", "terminal_flag_bit": "1", "parity_bit": "1", "fake": false}], [67334, {"py/object": "odf.components.Command", "address": 5, "tr": 0, "sub_address": 2, "dword_count": 28, "parity": 0, "fake": true}], [67401, {"py/object": "odf.components.Command", "address": 6, "tr": 1, "sub_address": 2, "dword_count": 28, "parity": 0, "fake": true}], [68054, {"py/object": "odf.components.Status", "address": 7, "message_error_bit": "0", "instrumentation_bit": "0", "service_request_bit": "0", "reserved_bits": "000", "brdcst_received_bit": "0", "busy_bit": "0", "subsystem_flag_bit": "0", "dynamic_bus_control_accpt_bit": "0", "terminal_flag_bit": "1", "parity_bit": "1", "fake": false}], [68157, {"py/object": "odf.components.Command", "address": 10, "tr": 0, "sub_address": 2, "dword_count": 12, "parity": 0, "fake": false}], [68202, {"py/object": "odf.components.Command", "address": 9, "tr": 1, "sub_address": 2, "dword_count": 12, "parity": 0, "fake": false}], [68247, {"py/object": "odf.components.Data", "data": {"py/b64": "c70="}, "fake": false}], [68320, {"py/object": "odf.components.Data", "data": {"py/b64": "2L0="}, "fake": false}], [68396, {"py/object": "odf.components.Data", "data": {"py/b64": "50s="}, "fake": false}], [68467, {"py/object": "odf.components.Data", "data": {"py/b64": "6j4="}, "fake": false}], [68540, {"py/object": "odf.components.Data", "data": {"py/b64": "yLA="}, "fake": false}], [68616, {"py/object": "odf.components.Data", "data": {"py/b64": "3Tw="}, "fake": false}], [68693, {"py/object": "odf.components.Data", "data": {"py/b64": "DvA="}, "fake": false}], [68769, {"py/object": "odf.components.Data", "data": {"py/b64": "qro="}, "fake": false}], [69474, {"py/object": "odf.components.Status", "address": 6, "message_error_bit": "0", "instrumentation_bit": "0", "service_request_bit": "0", "reserved_bits": "000", "brdcst_received_bit": "0", "busy_bit": "0", "subsystem_flag_bit": "0", "dynamic_bus_control_accpt_bit": "0", "terminal_flag_bit": "1", "parity_bit": "1", "fake": false}], [69553, {"py/object": "odf.components.Data", "data": {"py/b64": "oKA="}, "fake": false}], [69630, {"py/object": "odf.components.Data", "data": {"py/b64": "oKA="}, "fake": false}], [69706, {"py/object": "odf.components.Data", "data": {"py/b64": "oKA="}, "fake": false}], [69787, {"py/object": "odf.components.Data", "data": {"py/b64": "oKA="}, "fake": false}], [69864, {"py/object": "odf.components.Data", "data": {"py/b64": "oKA="}, "fake": false}], [69939, {"py/object": "odf.components.Data", "data": {"py/b64": "oKA="}, "fake": false}], [70015, {"py/object": "odf.components.Data", "data": {"py/b64": "oKA="}, "fake": false}], [70090, {"py/object": "odf.components.Data", "data": {"py/b64": "oKA="}, "fake": false}], [70164, {"py/object": "odf.components.Data", "data": {"py/b64": "oKA="}, "fake": false}], [70339, {"py/object": "odf.components.Data", "data": {"py/b64": "oKA="}, "fake": false}], [70466, {"py/object": "odf.components.Status", "address": 9, "message_error_bit": "0", "instrumentation_bit": "0", "service_request_bit": "0", "reserved_bits": "000", "brdcst_received_bit": "0", "busy_bit": "0", "subsystem_flag_bit": "0", "dynamic_bus_control_accpt_bit": "0", "terminal_flag_bit": "1", "parity_bit": "1", "fake": false}], [70548, {"py/object": "odf.components.Command", "address": 12, "tr": 0, "sub_address": 2, "dword_count": 16, "parity": 0, "fake": false}], [70618, {"py/object": "odf.components.Command", "address": 11, "tr": 1, "sub_address": 2, "dword_count": 16, "parity": 0, "fake": false}], [70645, {"py/object": "odf.components.Status", "address": 8, "message_error_bit": "0", "instrumentation_bit": "0", "service_request_bit": "0", "reserved_bits": "000", "brdcst_received_bit": "0", "busy_bit": "0", "subsystem_flag_bit": "0", "dynamic_bus_control_accpt_bit": "0", "terminal_flag_bit": "1", "parity_bit": "1", "fake": false}], [70717, {"py/object": "odf.components.Data", "data": {"py/b64": "oKA="}, "fake": false}], [70764, {"py/object": "odf.components.Data", "data": {"py/b64": "QLQ="}, "fake": false}], [70798, {"py/object": "odf.components.Data", "data": {"py/b64": "B0I="}, "fake": false}], [70891, {"py/object": "odf.components.Data", "data": {"py/b64": "oKA="}, "fake": false}], [70922, {"py/object": "odf.components.Data", "data": {"py/b64": "oKA="}, "fake": false}], [71022, {"py/object": "odf.components.Data", "data": {"py/b64": "NOg="}, "fake": false}], [71065, {"py/object": "odf.components.Data", "data": {"py/b64": "oKA="}, "fake": false}], [71103, {"py/object": "odf.components.Data", "data": {"py/b64": "7MI="}, "fake": false}], [71200, {"py/object": "odf.components.Data", "data": {"py/b64": "8YU="}, "fake": false}], [71231, {"py/object": "odf.components.Data", "data": {"py/b64": "oKA="}, "fake": false}], [71344, {"py/object": "odf.components.Data", "data": {"py/b64": "3kM="}, "fake": false}], [71380, {"py/object": "odf.components.Data", "data": {"py/b64": "oKA="}, "fake": false}], [71497, {"py/object": "odf.components.Data", "data": {"py/b64": "JrQ="}, "fake": false}], [71533, {"py/object": "odf.components.Data", "data": {"py/b64": "oKA="}, "fake": false}], [71645, {"py/object": "odf.components.Data", "data": {"py/b64": "oKA="}, "fake": false}], [71684, {"py/object": "odf.components.Data", "data": {"py/b64": "B0I="}, "fake": false}], [71788, {"py/object": "odf.components.Data", "data": {"py/b64": "oKA="}, "fake": false}], [71829, {"py/object": "odf.components.Data", "data": {"py/b64": "Qeg="}, "fake": false}], [72003, {"py/object": "odf.components.Status", "address": 10, "message_error_bit": "0", "instrumentation_bit": "0", "service_request_bit": "0", "reserved_bits": "000", "brdcst_received_bit": "0", "busy_bit": "0", "subsystem_flag_bit": "0", "dynamic_bus_control_accpt_bit": "0", "terminal_flag_bit": "1", "parity_bit": "1", "fake": false}], [72213, {"py/object": "odf.components.Command", "address": 1, "tr": 0, "sub_address": 2, "dword_count": 4, "parity": 0, "fake": false}], [72321, {"py/object": "odf.components.Data", "data": {"py/b64": "oKA="}, "fake": false}], [72440, {"py/object": "odf.components.Data", "data": {"py/b64": "7MI="}, "fake": false}], [72474, {"py/object": "odf.components.Data", "data": {"py/b64": "AAA="}, "fake": false}], [72551, {"py/object": "odf.components.Data", "data": {"py/b64": "AAA="}, "fake": false}], [72622, {"py/object": "odf.components.Data", "data": {"py/b64": "AAA="}, "fake": false}], [72760, {"py/object": "odf.components.Data", "data": {"py/b64": "AAA="}, "fake": false}], [72959, {"py/object": "odf.components.Data", "data": {"py/b64": "oKA="}, "fake": false}], [73079, {"py/object": "odf.components.Data", "data": {"py/b64": "Ogs="}, "fake": false}], [73181, {"py/object": "odf.components.Data", "data": {"py/b64": "oKA="}, "fake": false}], [73225, {"py/object": "odf.components.Data", "data": {"py/b64": "t0Q="}, "fake": false}], [73344, {"py/object": "odf.components.Status", "address": 11, "message_error_bit": "0", "instrumentation_bit": "0", "service_request_bit": "0", "reserved_bits": "000", "brdcst_received_bit": "0", "busy_bit": "0", "subsystem_flag_bit": "0", "dynamic_bus_control_accpt_bit": "0", "terminal_flag_bit": "1", "parity_bit": "1", "fake": false}], [73426, {"py/object": "odf.components.Command", "address": 31, "tr": 0, "sub_address": 2, "dword_count": 1, "parity": 0, "fake": false}], [73486, {"py/object": "odf.components.Data", "data": {"py/b64": "//8="}, "fake": false}], [73572, {"py/object": "odf.components.Data", "data": {"py/b64": "oKA="}, "fake": false}], [73605, {"py/object": "odf.components.Command", "address": 4, "tr": 0, "sub_address": 2, "dword_count": 18, "parity": 0, "fake": false}], [73713, {"py/object": "odf.components.Command", "address": 3, "tr": 1, "sub_address": 2, "dword_count": 18, "parity": 0, "fake": false}], [73769, {"py/object": "odf.components.Data", "data": {"py/b64": "neg="}, "fake": false}], [73948, {"py/object": "odf.components.Data", "data": {"py/b64": "oKA="}, "fake": false}], [74058, {"py/object": "odf.components.Data", "data": {"py/b64": "FDs="}, "fake": false}], [74087, {"py/object": "odf.components.Status", "address": 5, "message_error_bit": "0", "instrumentation_bit": "0", "service_request_bit": "0", "reserved_bits": "000", "brdcst_received_bit": "0", "busy_bit": "0", "subsystem_flag_bit": "0", "dynamic_bus_control_accpt_bit": "0", "terminal_flag_bit": "1", "parity_bit": "1", "fake": false}], [74146, {"py/object": "odf.components.Data", "data": {"py/b64": "oKA="}, "fake": false}], [74167, {"py/object": "odf.components.Data", "data": {"py/b64": "AIA="}, "fake": false}], [74229, {"py/object": "odf.components.Data", "data": {"py/b64": "oKA="}, "fake": false}], [74262, {"py/object": "odf.components.Data", "data": {"py/b64": "P0E="}, "fake": false}], [74339, {"py/object": "odf.components.Data", "data": {"py/b64": "oKA="}, "fake": false}], [74391, {"py/object": "odf.components.Status", "address": 12, "message_error_bit": "0", "instrumentation_bit": "0", "service_request_bit": "0", "reserved_bits": "000", "brdcst_received_bit": "0", "busy_bit": "0", "subsystem_flag_bit": "0", "dynamic_bus_control_accpt_bit": "0", "terminal_flag_bit": "1", "parity_bit": "1", "fake": false}], [74412, {"py/object": "odf.components.Command", "address": 6, "tr": 0, "sub_address": 2, "dword_count": 28, "parity": 0, "fake": false}], [74472, {"py/object": "odf.components.Command", "address": 5, "tr": 1, "sub_address": 2, "dword_count": 28, "parity": 0, "fake": false}], [74495, {"py/object": "odf.components.Data", "data": {"py/b64": "ym0="}, "fake": false}], [74553, {"py/object": "odf.components.Data", "data": {"py/b64": "oKA="}, "fake": false}], [74575, {"py/object": "odf.components.Data", "data": {"py/b64": "4kE="}, "fake": false}], [74606, {"py/object": "odf.components.Data", "data": {"py/b64": "/U8="}, "fake": false}], [74655, {"py/object": "odf.components.Status", "address": 1, "message_error_bit": "0", "instrumentation_bit": "0", "service_request_bit": "0", "reserved_bits": "000", "brdcst_received_bit": "0", "busy_bit": "0", "subsystem_flag_bit": "0", "dynamic_bus_control_accpt_bit": "0", "terminal_flag_bit": "1", "parity_bit": "1", "fake": false}], [74677, {"py/object": "odf.components.Data", "data": {"py/b64": "pEA="}, "fake": false}], [74736, {"py/object": "odf.components.Data", "data": {"py/b64": "fLE="}, "fake": false}], [74758, {"py/object": "odf.components.Data", "data": {"py/b64": "J0A="}, "fake": false}], [74802, {"py/object": "odf.components.Data", "data": {"py/b64": "R6A="}, "fake": false}], [74844, {"py/object": "odf.components.Data", "data": {"py/b64": "PT4="}, "fake": false}], [74864, {"py/object": "odf.components.Data", "data": {"py/b64": "YdU="}, "fake": false}], [74923, {"py/object": "odf.components.Data", "data": {"py/b64": "Rz4="}, "fake": false}], [74996, {"py/object": "odf.components.Data", "data": {"py/b64": "l7A="}, "fake": false}], [75073, {"py/object": "odf.components.Data", "data": {"py/b64": "okE="}, "fake": false}], [75235, {"py/object": "odf.components.Status", "address": 3, "message_error_bit": "0", "instrumentation_bit": "0", "service_request_bit": "0", "reserved_bits": "000", "brdcst_received_bit": "0", "busy_bit": "0", "subsystem_flag_bit": "0", "dynamic_bus_control_accpt_bit": "0", "terminal_flag_bit": "1", "parity_bit": "1", "fake": false}], [75344, {"py/object": "odf.components.Command", "address": 8, "tr": 0, "sub_address": 2, "dword_count": 8, "parity": 0, "fake": false}], [75379, {"py/object": "odf.components.Command", "address": 7, "tr": 1, "sub_address": 2, "dword_count": 8, "parity": 0, "fake": false}], [75412, {"py/object": "odf.components.Data", "data": {"py/b64": "yww="}, "fake": false}], [75479, {"py/object": "odf.components.Data", "data": {"py/b64": "ekM="}, "fake": false}], [75533, {"py/object": "odf.components.Data", "data": {"py/b64": "AAA="}, "fake": false}], [75599, {"py/object": "odf.components.Data", "data": {"py/b64": "wH8="}, "fake": false}], [75674, {"py/object": "odf.components.Data", "data": {"py/b64": "AAA="}, "fake": false}], [75750, {"py/object": "odf.components.Data", "data": {"py/b64": "wH8="}, "fake": false}], [75825, {"py/object": "odf.components.Data", "data": {"py/b64": "HEI="}, "fake": false}], [75903, {"py/object": "odf.components.Data", "data": {"py/b64": "MUM="}, "fake": false}], [75981, {"py/object": "odf.components.Data", "data": {"py/b64": "uPs="}, "fake": false}], [76059, {"py/object": "odf.components.Data", "data": {"py/b64": "YUA="}, "fake": false}], [76168, {"py/object": "odf.components.Status", "address": 5, "message_error_bit": "0", "instrumentation_bit": "0", "service_request_bit": "0", "reserved_bits": "000", "brdcst_received_bit": "0", "busy_bit": "0", "subsystem_flag_bit": "0", "dynamic_bus_control_accpt_bit": "0", "terminal_flag_bit": "1", "parity_bit": "1", "fake": false}], [76214, {"py/object": "odf.components.Data", "data": {"py/b64": "eek="}, "fake": false}], [76318, {"py/object": "odf.components.Data", "data": {"py/b64": "0Cc="}, "fake": false}], [76343, {"py/object": "odf.components.Data", "data": {"py/b64": "YUA="}, "fake": false}], [76451, {"py/object": "odf.components.Data", "data": {"py/b64": "eEM="}, "fake": false}], [76489, {"py/object": "odf.components.Data", "data": {"py/b64": "68s="}, "fake": false}], [76587, {"py/object": "odf.components.Data", "data": {"py/b64": "vSA="}, "fake": false}], [76609, {"py/object": "odf.components.Data", "data": {"py/b64": "QkA="}, "fake": false}], [76736, {"py/object": "odf.components.Data", "data": {"py/b64": "0kM="}, "fake": false}], [76799, {"py/object": "odf.components.Data", "data": {"py/b64": "BBc="}, "fake": false}], [76882, {"py/object": "odf.components.Data", "data": {"py/b64": "1UM="}, "fake": false}], [77016, {"py/object": "odf.components.Data", "data": {"py/b64": "gq0="}, "fake": false}], [77171, {"py/object": "odf.components.Status", "address": 4, "message_error_bit": "0", "instrumentation_bit": "0", "service_request_bit": "0", "reserved_bits": "000", "brdcst_received_bit": "0", "busy_bit": "0", "subsystem_flag_bit": "0", "dynamic_bus_control_accpt_bit": "0", "terminal_flag_bit": "1", "parity_bit": "1", "fake": false}], [77227, {"py/object": "odf.components.Command", "address": 10, "tr": 0, "sub_address": 2, "dword_count": 12, "parity": 0, "fake": false}], [77314, {"py/object": "odf.components.Command", "address": 9, "tr": 1, "sub_address": 2, "dword_count": 12, "parity": 0, "fake": false}], [77369, {"py/object": "odf.components.Data", "data": {"py/b64": "tww="}, "fake": false}], [77415, {"py/object": "odf.components.Data", "data": {"py/b64": "bMM="}, "fake": false}], [77525, {"py/object": "odf.components.Data", "data": {"py/b64": "OkQ="}, "fake": false}], [77567, {"py/object": "odf.components.Data", "data": {"py/b64": "KVE="}, "fake": false}], [77687, {"py/object": "odf.components.Status", "address": 7, "message_error_bit": "0", "instrumentation_bit": "0", "service_request_bit": "0", "reserved_bits": "000", "brdcst_received_bit": "0", "busy_bit": "0", "subsystem_flag_bit": "0", "dynamic_bus_control_accpt_bit": "0", "terminal_flag_bit": "1", "parity_bit": "1", "fake": false}], [77731, {"py/object": "odf.components.Data", "data": {"py/b64": "CUI="}, "fake": false}], [77799, {"py/object": "odf.components.Data", "data": {"py/b64": "E6o="}, "fake": false}], [77890, {"py/object": "odf.components.Data", "data": {"py/b64": "uh8="}, "fake": false}], [77936, {"py/object": "odf.components.Data", "data": {"py/b64": "rcM="}, "fake": false}], [78086, {"py/object": "odf.components.Data", "data": {"py/b64": "170="}, "fake": false}], [78229, {"py/object": "odf.components.Data", "data": {"py/b64": "xMs="}, "fake": false}], [78320, {"py/object": "odf.components.Data", "data": {"py/b64": "WiE="}, "fake": false}], [78416, {"py/object": "odf.components.Status", "address": 8, "message_error_bit": "0", "instrumentation_bit": "0", "service_request_bit": "0", "reserved_bits": "000", "brdcst_received_bit": "0", "busy_bit": "0", "subsystem_flag_bit": "0", "dynamic_bus_control_accpt_bit": "0", "terminal_flag_bit": "1", "parity_bit": "1", "fake": false}], [78459, {"py/object": "odf.components.Command", "address": 12, "tr": 0, "sub_address": 2, "dword_count": 16, "parity": 0, "fake": false}], [78580, {"py/object": "odf.components.Command", "address": 11, "tr": 1, "sub_address": 2, "dword_count": 16, "parity": 0, "fake": false}], [78629, {"py/object": "odf.components.Data", "data": {"py/b64": "QkE="}, "fake": false}], [78716, {"py/object": "odf.components.Data", "data": {"py/b64": "5z4="}, "fake": false}], [78786, {"py/object": "odf.components.Data", "data": {"py/b64": "yA4="}, "fake": false}], [78830, {"py/object": "odf.components.Data", "data": {"py/b64": "Y/4="}, "fake": false}], [78945, {"py/object": "odf.components.Data", "data": {"py/b64": "kb4="}, "fake": false}], [78990, {"py/object": "odf.components.Data", "data": {"py/b64": "4zw="}, "fake": false}], [79087, {"py/object": "odf.components.Data", "data": {"py/b64": "jJM="}, "fake": false}], [79149, {"py/object": "odf.components.Data", "data": {"py/b64": "sT8="}, "fake": false}], [79183, {"py/object": "odf.components.Data", "data": {"py/b64": "DsE="}, "fake": false}], [79263, {"py/object": "odf.components.Data", "data": {"py/b64": "SLo="}, "fake": false}], [79346, {"py/object": "odf.components.Data", "data": {"py/b64": "pA4="}, "fake": false}], [79427, {"py/object": "odf.components.Status", "address": 9, "message_error_bit": "0", "instrumentation_bit": "0", "service_request_bit": "0", "reserved_bits": "000", "brdcst_received_bit": "0", "busy_bit": "0", "subsystem_flag_bit": "0", "dynamic_bus_control_accpt_bit": "0", "terminal_flag_bit": "1", "parity_bit": "1", "fake": false}], [79477, {"py/object": "odf.components.Data", "data": {"py/b64": "xMA="}, "fake": false}], [79556, {"py/object": "odf.components.Data", "data": {"py/b64": "0ao="}, "fake": false}], [79634, {"py/object": "odf.components.Data", "data": {"py/b64": "KVY="}, "fake": false}], [79725, {"py/object": "odf.components.Data", "data": {"py/b64": "B0I="}, "fake": false}], [79810, {"py/object": "odf.components.Data", "data": {"py/b64": "AcE="}, "fake": false}], [79905, {"py/object": "odf.components.Data", "data": {"py/b64": "M+w="}, "fake": false}], [79989, {"py/object": "odf.components.Data", "data": {"py/b64": "CSI="}, "fake": false}], [80084, {"py/object": "odf.components.Data", "data": {"py/b64": "7MI="}, "fake": false}], [80165, {"py/object": "odf.components.Data", "data": {"py/b64": "0kM="}, "fake": false}], [80255, {"py/object": "odf.components.Data", "data": {"py/b64": "hwY="}, "fake": false}], [80342, {"py/object": "odf.components.Data", "data": {"py/b64": "Dec="}, "fake": false}], [80547, {"py/object": "odf.components.Data", "data": {"py/b64": "CUQ="}, "fake": false}], [80809, {"py/object": "odf.components.Status", "address": 11, "message_error_bit": "0", "instrumentation_bit": "0", "service_request_bit": "0", "reserved_bits": "000", "brdcst_received_bit": "0", "busy_bit": "0", "subsystem_flag_bit": "0", "dynamic_bus_control_accpt_bit": "0", "terminal_flag_bit": "1", "parity_bit": "1", "fake": false}], [81029, {"py/object": "odf.components.Command", "address": 1, "tr": 0, "sub_address": 2, "dword_count": 4, "parity": 0, "fake": false}], [81215, {"py/object": "odf.components.Data", "data": {"py/b64": "AAA="}, "fake": false}], [81346, {"py/object": "odf.components.Status", "address": 10, "message_error_bit": "0", "instrumentation_bit": "0", "service_request_bit": "0", "reserved_bits": "000", "brdcst_received_bit": "0", "busy_bit": "0", "subsystem_flag_bit": "0", "dynamic_bus_control_accpt_bit": "0", "terminal_flag_bit": "1", "parity_bit": "1", "fake": false}], [81489, {"py/object": "odf.components.Data", "data": {"py/b64": "XcE="}, "fake": false}], [81595, {"py/object": "odf.components.Data", "data": {"py/b64": "AAA="}, "fake": false}], [81724, {"py/object": "odf.components.Data", "data": {"py/b64": "AAA="}, "fake": false}], [81813, {"py/object": "odf.components.Data", "data": {"py/b64": "AAA="}, "fake": false}], [81897, {"py/object": "odf.components.Command", "address": 31, "tr": 0, "sub_address": 2, "dword_count": 1, "parity": 0, "fake": false}], [82064, {"py/object": "odf.components.Data", "data": {"py/b64": "//8="}, "fake": false}], [82163, {"py/object": "odf.components.Data", "data": {"py/b64": "tao="}, "fake": false}], [82257, {"py/object": "odf.components.Data", "data": {"py/b64": "CrY="}, "fake": false}], [82334, {"py/object": "odf.components.Command", "address": 4, "tr": 0, "sub_address": 2, "dword_count": 18, "parity": 0, "fake": false}], [82377, {"py/object": "odf.components.Command", "address": 3, "tr": 1, "sub_address": 2, "dword_count": 18, "parity": 0, "fake": false}], [82495, {"py/object": "odf.components.Data", "data": {"py/b64": "yak="}, "fake": false}], [82533, {"py/object": "odf.components.Data", "data": {"py/b64": "B0I="}, "fake": false}], [82599, {"py/object": "odf.components.Data", "data": {"py/b64": "Ezs="}, "fake": false}], [82637, {"py/object": "odf.components.Data", "data": {"py/b64": "uUA="}, "fake": false}], [82674, {"py/object": "odf.components.Data", "data": {"py/b64": "Pew="}, "fake": false}], [82743, {"py/object": "odf.components.Data", "data": {"py/b64": "APE="}, "fake": false}], [82777, {"py/object": "odf.components.Data", "data": {"py/b64": "Wb8="}, "fake": false}], [82850, {"py/object": "odf.components.Data", "data": {"py/b64": "NkE="}, "fake": false}], [82885, {"py/object": "odf.components.Data", "data": {"py/b64": "7MI="}, "fake": false}], [82952, {"py/object": "odf.components.Status", "address": 12, "message_error_bit": "0", "instrumentation_bit": "0", "service_request_bit": "0", "reserved_bits": "000", "brdcst_received_bit": "0", "busy_bit": "0", "subsystem_flag_bit": "0", "dynamic_bus_control_accpt_bit": "0", "terminal_flag_bit": "1", "parity_bit": "1", "fake": false}], [82990, {"py/object": "odf.components.Data", "data": {"py/b64": "rT4="}, "fake": false}], [83124, {"py/object": "odf.components.Data", "data": {"py/b64": "DTo="}, "fake": false}], [83227, {"py/object": "odf.components.Data", "data": {"py/b64": "dzQ="}, "fake": false}], [83248, {"py/object": "odf.components.Data", "data": {"py/b64": "4UQ="}, "fake": false}], [83314, {"py/object": "odf.components.Data", "data": {"py/b64": "4EE="}, "fake": false}], [83346, {"py/object": "odf.components.Data", "data": {"py/b64": "j0I="}, "fake": false}], [83403, {"py/object": "odf.components.Data", "data": {"py/b64": "oEA="}, "fake": false}], [83452, {"py/object": "odf.components.Data", "data": {"py/b64": "yr8="}, "fake": false}], [83484, {"py/object": "odf.components.Data", "data": {"py/b64": "JEA="}, "fake": false}], [83555, {"py/object": "odf.components.Status", "address": 1, "message_error_bit": "0", "instrumentation_bit": "0", "service_request_bit": "0", "reserved_bits": "000", "brdcst_received_bit": "0", "busy_bit": "0", "subsystem_flag_bit": "0", "dynamic_bus_control_accpt_bit": "0", "terminal_flag_bit": "1", "parity_bit": "1", "fake": false}], [83591, {"py/object": "odf.components.Command", "address": 6, "tr": 0, "sub_address": 2, "dword_count": 28, "parity": 0, "fake": false}], [83679, {"py/object": "odf.components.Command", "address": 5, "tr": 1, "sub_address": 2, "dword_count": 28, "parity": 0, "fake": false}], [83759, {"py/object": "odf.components.Data", "data": {"py/b64": "dOc="}, "fake": false}], [83805, {"py/object": "odf.components.Data", "data": {"py/b64": "UT4="}, "fake": false}], [83927, {"py/object": "odf.components.Data", "data": {"py/b64": "wyE="}, "fake": false}], [83964, {"py/object": "odf.components.Data", "data": {"py/b64": "Rj4="}, "fake": false}], [84032, {"py/object": "odf.components.Data", "data": {"py/b64": "acI="}, "fake": false}], [84067, {"py/object": "odf.components.Status", "address": 3, "message_error_bit": "0", "instrumentation_bit": "0", "service_request_bit": "0", "reserved_bits": "000", "brdcst_received_bit": "0", "busy_bit": "0", "subsystem_flag_bit": "0", "dynamic_bus_control_accpt_bit": "0", "terminal_flag_bit": "1", "parity_bit": "1", "fake": false}], [84105, {"py/object": "odf.components.Data", "data": {"py/b64": "7+k="}, "fake": false}], [84169, {"py/object": "odf.components.Data", "data": {"py/b64": "nkE="}, "fake": false}], [84202, {"py/object": "odf.components.Data", "data": {"py/b64": "eUM="}, "fake": false}], [84269, {"py/object": "odf.components.Data", "data": {"py/b64": "Ecw="}, "fake": false}], [84302, {"py/object": "odf.components.Data", "data": {"py/b64": "/0Q="}, "fake": false}], [84383, {"py/object": "odf.components.Data", "data": {"py/b64": "n3U="}, "fake": false}], [84480, {"py/object": "odf.components.Data", "data": {"py/b64": "7UQ="}, "fake": false}], [84579, {"py/object": "odf.components.Data", "data": {"py/b64": "Atg="}, "fake": false}], [84679, {"py/object": "odf.components.Data", "data": {"py/b64": "HEM="}, "fake": false}], [84777, {"py/object": "odf.components.Data", "data": {"py/b64": "lbQ="}, "fake": false}], [84875, {"py/object": "odf.components.Data", "data": {"py/b64": "T0A="}, "fake": false}], [84976, {"py/object": "odf.components.Data", "data": {"py/b64": "FKE="}, "fake": false}], [85162, {"py/object": "odf.components.Status", "address": 4, "message_error_bit": "0", "instrumentation_bit": "0", "service_request_bit": "0", "reserved_bits": "000", "brdcst_received_bit": "0", "busy_bit": "0", "subsystem_flag_bit": "0", "dynamic_bus_control_accpt_bit": "0", "terminal_flag_bit": "1", "parity_bit": "1", "fake": false}], [85268, {"py/object": "odf.components.Command", "address": 8, "tr": 0, "sub_address": 2, "dword_count": 8, "parity": 0, "fake": false}], [85322, {"py/object": "odf.components.Command", "address": 7, "tr": 1, "sub_address": 2, "dword_count": 8, "parity": 0, "fake": false}], [85423, {"py/object": "odf.components.Data", "data": {"py/b64": "T0A="}, "fake": false}], [85465, {"py/object": "odf.components.Status", "address": 5, "message_error_bit": "0", "instrumentation_bit": "0", "service_request_bit": "0", "reserved_bits": "000", "brdcst_received_bit": "0", "busy_bit": "0", "subsystem_flag_bit": "0", "dynamic_bus_control_accpt_bit": "0", "terminal_flag_bit": "1", "parity_bit": "1", "fake": false}], [85568, {"py/object": "odf.components.Data", "data": {"py/b64": "0Lw="}, "fake": false}], [85624, {"py/object": "odf.components.Data", "data": {"py/b64": "l/Y="}, "fake": false}], [85680, {"py/object": "odf.components.Data", "data": {"py/b64": "QkA="}, "fake": false}], [85785, {"py/object": "odf.components.Data", "data": {"py/b64": "ekM="}, "fake": false}], [85825, {"py/object": "odf.components.Data", "data": {"py/b64": "8vQ="}, "fake": false}], [85947, {"py/object": "odf.components.Data", "data": {"py/b64": "pns="}, "fake": false}], [85996, {"py/object": "odf.components.Data", "data": {"py/b64": "1EM="}, "fake": false}], [86129, {"py/object": "odf.components.Data", "data": {"py/b64": "1EM="}, "fake": false}], [86173, {"py/object": "odf.components.Data", "data": {"py/b64": "tww="}, "fake": false}], [86291, {"py/object": "odf.components.Data", "data": {"py/b64": "QyE="}, "fake": false}], [86320, {"py/object": "odf.components.Data", "data": {"py/b64": "OkQ="}, "fake": false}], [86384, {"py/object": "odf.components.Data", "data": {"py/b64": "y8I="}, "fake": false}], [86458, {"py/object": "odf.components.Data", "data": {"py/b64": "4+M="}, "fake": false}], [86531, {"py/object": "odf.components.Data", "data": {"py/b64": "CEI="}, "fake": false}], [86606, {"py/object": "odf.components.Data", "data": {"py/b64": "QME="}, "fake": false}], [86680, {"py/object": "odf.components.Data", "data": {"py/b64": "zcM="}, "fake": false}], [86755, {"py/object": "odf.components.Data", "data": {"py/b64": "eLM="}, "fake": false}], [86829, {"py/object": "odf.components.Data", "data": {"py/b64": "YUE="}, "fake": false}], [86905, {"py/object": "odf.components.Data", "data": {"py/b64": "gsw="}, "fake": false}], [86984, {"py/object": "odf.components.Data", "data": {"py/b64": "eD4="}, "fake": false}], [87058, {"py/object": "odf.components.Data", "data": {"py/b64": "ZXo="}, "fake": false}], [87132, {"py/object": "odf.components.Data", "data": {"py/b64": "ecA="}, "fake": false}], [87206, {"py/object": "odf.components.Data", "data": {"py/b64": "/Sg="}, "fake": false}], [87284, {"py/object": "odf.components.Data", "data": {"py/b64": "68A="}, "fake": false}], [87468, {"py/object": "odf.components.Status", "address": 7, "message_error_bit": "0", "instrumentation_bit": "0", "service_request_bit": "0", "reserved_bits": "000", "brdcst_received_bit": "0", "busy_bit": "0", "subsystem_flag_bit": "0", "dynamic_bus_control_accpt_bit": "0", "terminal_flag_bit": "1", "parity_bit": "1", "fake": false}], [87552, {"py/object": "odf.components.Command", "address": 10, "tr": 0, "sub_address": 2, "dword_count": 12, "parity": 0, "fake": false}], [87615, {"py/object": "odf.components.Data", "data": {"py/b64": "vaA="}, "fake": false}], [87697, {"py/object": "odf.components.Command", "address": 9, "tr": 1, "sub_address": 2, "dword_count": 12, "parity": 0, "fake": false}], [87733, {"py/object": "odf.components.Data", "data": {"py/b64": "x/I="}, "fake": false}], [87837, {"py/object": "odf.components.Data", "data": {"py/b64": "AME="}, "fake": false}], [87872, {"py/object": "odf.components.Data", "data": {"py/b64": "170="}, "fake": false}], [87964, {"py/object": "odf.components.Data", "data": {"py/b64": "XH0="}, "fake": false}], [88024, {"py/object": "odf.components.Data", "data": {"py/b64": "Eg4="}, "fake": false}], [88108, {"py/object": "odf.components.Data", "data": {"py/b64": "1EM="}, "fake": false}], [88220, {"py/object": "odf.components.Status", "address": 8, "message_error_bit": "0", "instrumentation_bit": "0", "service_request_bit": "0", "reserved_bits": "000", "brdcst_received_bit": "0", "busy_bit": "0", "subsystem_flag_bit": "0", "dynamic_bus_control_accpt_bit": "0", "terminal_flag_bit": "1", "parity_bit": "1", "fake": false}], [88261, {"py/object": "odf.components.Data", "data": {"py/b64": "5D4="}, "fake": false}], [88373, {"py/object": "odf.components.Data", "data": {"py/b64": "VWc="}, "fake": false}], [88547, {"py/object": "odf.components.Data", "data": {"py/b64": "ckI="}, "fake": false}], [88607, {"py/object": "odf.components.Status", "address": 6, "message_error_bit": "0", "instrumentation_bit": "0", "service_request_bit": "0", "reserved_bits": "000", "brdcst_received_bit": "0", "busy_bit": "0", "subsystem_flag_bit": "0", "dynamic_bus_control_accpt_bit": "0", "terminal_flag_bit": "1", "parity_bit": "1", "fake": false}], [88719, {"py/object": "odf.components.Data", "data": {"py/b64": "V8E="}, "fake": false}], [88758, {"py/object": "odf.components.Command", "address": 12, "tr": 0, "sub_address": 2, "dword_count": 16, "parity": 0, "fake": false}], [88864, {"py/object": "odf.components.Command", "address": 11, "tr": 1, "sub_address": 2, "dword_count": 16, "parity": 0, "fake": false}], [88901, {"py/object": "odf.components.Data", "data": {"py/b64": "4Dw="}, "fake": false}], [88984, {"py/object": "odf.components.Data", "data": {"py/b64": "ndI="}, "fake": false}], [89041, {"py/object": "odf.components.Data", "data": {"py/b64": "xUA="}, "fake": false}], [89067, {"py/object": "odf.components.Data", "data": {"py/b64": "RVo="}, "fake": false}], [89123, {"py/object": "odf.components.Data", "data": {"py/b64": "0bo="}, "fake": false}], [89138, {"py/object": "odf.components.Data", "data": {"py/b64": "2vE="}, "fake": false}], [89153, {"py/object": "odf.components.Data", "data": {"py/b64": "xj4="}, "fake": false}], [89296, {"py/object": "odf.components.Command", "address": 5, "tr": 0, "sub_address": 2, "dword_count": 28, "parity": 0, "fake": true}], [89365, {"py/object": "odf.components.Command", "address": 6, "tr": 1, "sub_address": 2, "dword_count": 28, "parity": 0, "fake": true}], [89645, {"py/object": "odf.components.Status", "address": 9, "message_error_bit": "0", "instrumentation_bit": "0", "service_request_bit": "0", "reserved_bits": "000", "brdcst_received_bit": "0", "busy_bit": "0", "subsystem_flag_bit": "0", "dynamic_bus_control_accpt_bit": "0", "terminal_flag_bit": "1", "parity_bit": "1", "fake": false}], [89722, {"py/object": "odf.components.Data", "data": {"py/b64": "p58="}, "fake": false}], [89799, {"py/object": "odf.components.Data", "data": {"py/b64": "B0I="}, "fake": false}], [89878, {"py/object": "odf.components.Data", "data": {"py/b64": "/u0="}, "fake": false}], [89960, {"py/object": "odf.components.Data", "data": {"py/b64": "7MI="}, "fake": false}], [90039, {"py/object": "odf.components.Data", "data": {"py/b64": "5Y4="}, "fake": false}], [90114, {"py/object": "odf.components.Data", "data": {"py/b64": "IkQ="}, "fake": false}], [90193, {"py/object": "odf.components.Data", "data": {"py/b64": "i58="}, "fake": false}], [90269, {"py/object": "odf.components.Data", "data": {"py/b64": "B0I="}, "fake": false}], [90350, {"py/object": "odf.components.Data", "data": {"py/b64": "AO4="}, "fake": false}], [90428, {"py/object": "odf.components.Data", "data": {"py/b64": "7MI="}, "fake": false}], [90507, {"py/object": "odf.components.Data", "data": {"py/b64": "p4w="}, "fake": false}], [90583, {"py/object": "odf.components.Data", "data": {"py/b64": "BUU="}, "fake": false}], [90759, {"py/object": "odf.components.Status", "address": 11, "message_error_bit": "0", "instrumentation_bit": "0", "service_request_bit": "0", "reserved_bits": "000", "brdcst_received_bit": "0", "busy_bit": "0", "subsystem_flag_bit": "0", "dynamic_bus_control_accpt_bit": "0", "terminal_flag_bit": "1", "parity_bit": "1", "fake": false}], [90968, {"py/object": "odf.components.Command", "address": 1, "tr": 0, "sub_address": 2, "dword_count": 4, "parity": 0, "fake": false}], [91151, {"py/object": "odf.components.Data", "data": {"py/b64": "AAA="}, "fake": false}], [91341, {"py/object": "odf.components.Data", "data": {"py/b64": "AAA="}, "fake": false}], [91437, {"py/object": "odf.components.Status", "address": 10, "message_error_bit": "0", "instrumentation_bit": "0", "service_request_bit": "0", "reserved_bits": "000", "brdcst_received_bit": "0", "busy_bit": "0", "subsystem_flag_bit": "0", "dynamic_bus_control_accpt_bit": "0", "terminal_flag_bit": "1", "parity_bit": "1", "fake": false}], [91554, {"py/object": "odf.components.Data", "data": {"py/b64": "AAA="}, "fake": false}], [91590, {"py/object": "odf.components.Data", "data": {"py/b64": "AAA="}, "fake": false}], [91667, {"py/object": "odf.components.Command", "address": 31, "tr": 0, "sub_address": 2, "dword_count": 1, "parity": 0, "fake": false}], [91707, {"py/object": "odf.components.Data", "data": {"py/b64": "2kg="}, "fake": false}], [91739, {"py/object": "odf.components.Data", "data": {"py/b64": "//8="}, "fake": false}], [91842, {"py/object": "odf.components.Command", "address": 4, "tr": 0, "sub_address": 2, "dword_count": 18, "parity": 0, "fake": false}], [91870, {"py/object": "odf.components.Command", "address": 3, "tr": 1, "sub_address": 2, "dword_count": 18, "parity": 0, "fake": false}], [91955, {"py/object": "odf.components.Data", "data": {"py/b64": "Ejs="}, "fake": false}], [92007, {"py/object": "odf.components.Status", "address": 6, "message_error_bit": "0", "instrumentation_bit": "0", "service_request_bit": "0", "reserved_bits": "000", "brdcst_received_bit": "0", "busy_bit": "0", "subsystem_flag_bit": "0", "dynamic_bus_control_accpt_bit": "0", "terminal_flag_bit": "1", "parity_bit": "1", "fake": false}], [92068, {"py/object": "odf.components.Data", "data": {"py/b64": "AHs="}, "fake": false}], [92153, {"py/object": "odf.components.Data", "data": {"py/b64": "oKA="}, "fake": false}], [92189, {"py/object": "odf.components.Data", "data": {"py/b64": "LEE="}, "fake": false}], [92296, {"py/object": "odf.components.Data", "data": {"py/b64": "oKA="}, "fake": false}], [92332, {"py/object": "odf.components.Data", "data": {"py/b64": "WW0="}, "fake": false}], [92423, {"py/object": "odf.components.Data", "data": {"py/b64": "oKA="}, "fake": false}], [92545, {"py/object": "odf.components.Data", "data": {"py/b64": "3UE="}, "fake": false}], [92685, {"py/object": "odf.components.Data", "data": {"py/b64": "oKA="}, "fake": false}], [92803, {"py/object": "odf.components.Data", "data": {"py/b64": "bAk="}, "fake": false}], [92839, {"py/object": "odf.components.Data", "data": {"py/b64": "oKA="}, "fake": false}], [92929, {"py/object": "odf.components.Data", "data": {"py/b64": "n0A="}, "fake": false}], [92987, {"py/object": "odf.components.Data", "data": {"py/b64": "oKA="}, "fake": false}], [93027, {"py/object": "odf.components.Status", "address": 12, "message_error_bit": "0", "instrumentation_bit": "0", "service_request_bit": "0", "reserved_bits": "000", "brdcst_received_bit": "0", "busy_bit": "0", "subsystem_flag_bit": "0", "dynamic_bus_control_accpt_bit": "0", "terminal_flag_bit": "1", "parity_bit": "1", "fake": false}], [93143, {"py/object": "odf.components.Command", "address": 6, "tr": 0, "sub_address": 2, "dword_count": 28, "parity": 0, "fake": false}], [93222, {"py/object": "odf.components.Command", "address": 5, "tr": 1, "sub_address": 2, "dword_count": 28, "parity": 0, "fake": false}], [93337, {"py/object": "odf.components.Data", "data": {"py/b64": "2LQ="}, "fake": false}], [93383, {"py/object": "odf.components.Data", "data": {"py/b64": "oKA="}, "fake": false}], [93433, {"py/object": "odf.components.Data", "data": {"py/b64": "JUA="}, "fake": false}], [93528, {"py/object": "odf.components.Data", "data": {"py/b64": "oKA="}, "fake": false}], [93565, {"py/object": "odf.components.Data", "data": {"py/b64": "oKA="}, "fake": false}], [93694, {"py/object": "odf.components.Data", "data": {"py/b64": "PtM="}, "fake": false}], [93858, {"py/object": "odf.components.Status", "address": 1, "message_error_bit": "0", "instrumentation_bit": "0", "service_request_bit": "0", "reserved_bits": "000", "brdcst_received_bit": "0", "busy_bit": "0", "subsystem_flag_bit": "0", "dynamic_bus_control_accpt_bit": "0", "terminal_flag_bit": "1", "parity_bit": "1", "fake": false}], [93927, {"py/object": "odf.components.Data", "data": {"py/b64": "oKA="}, "fake": false}], [94074, {"py/object": "odf.components.Data", "data": {"py/b64": "WD0="}, "fake": false}], [94121, {"py/object": "odf.components.Data", "data": {"py/b64": "01I="}, "fake": false}], [94259, {"py/object": "odf.components.Data", "data": {"py/b64": "oKA="}, "fake": false}], [94323, {"py/object": "odf.components.Data", "data": {"py/b64": "oKA="}, "fake": false}], [94393, {"py/object": "odf.components.Data", "data": {"py/b64": "Yb0="}, "fake": false}], [94474, {"py/object": "odf.components.Status", "address": 3, "message_error_bit": "0", "instrumentation_bit": "0", "service_request_bit": "0", "reserved_bits": "000", "brdcst_received_bit": "0", "busy_bit": "0", "subsystem_flag_bit": "0", "dynamic_bus_control_accpt_bit": "0", "terminal_flag_bit": "1", "parity_bit": "1", "fake": false}], [94510, {"py/object": "odf.components.Command", "address": 8, "tr": 0, "sub_address": 2, "dword_count": 8, "parity": 0, "fake": false}], [94616, {"py/object": "odf.components.Command", "address": 7, "tr": 1, "sub_address": 2, "dword_count": 8, "parity": 0, "fake": false}], [94652, {"py/object": "odf.components.Data", "data": {"py/b64": "oKA="}, "fake": false}], [94743, {"py/object": "odf.components.Data", "data": {"py/b64": "VBU="}, "fake": false}], [94805, {"py/object": "odf.components.Data", "data": {"py/b64": "zwc="}, "fake": false}], [94894, {"py/object": "odf.components.Data", "data": {"py/b64": "oKA="}, "fake": false}], [95004, {"py/object": "odf.components.Data", "data": {"py/b64": "mkE="}, "fake": false}], [95076, {"py/object": "odf.components.Data", "data": {"py/b64": "ekM="}, "fake": false}], [95206, {"py/object": "odf.components.Data", "data": {"py/b64": "oKA="}, "fake": false}], [95387, {"py/object": "odf.components.Data", "data": {"py/b64": "sAM="}, "fake": false}], [95495, {"py/object": "odf.components.Data", "data": {"py/b64": "AEU="}, "fake": false}], [95606, {"py/object": "odf.components.Data", "data": {"py/b64": "oKA="}, "fake": false}], [95675, {"py/object": "odf.components.Data", "data": {"py/b64": "GY0="}, "fake": false}], [95814, {"py/object": "odf.components.Data", "data": {"py/b64": "oKA="}, "fake": false}], [95863, {"py/object": "odf.components.Status", "address": 5, "message_error_bit": "0", "instrumentation_bit": "0", "service_request_bit": "0", "reserved_bits": "000", "brdcst_received_bit": "0", "busy_bit": "0", "subsystem_flag_bit": "0", "dynamic_bus_control_accpt_bit": "0", "terminal_flag_bit": "1", "parity_bit": "1", "fake": false}], [96013, {"py/object": "odf.components.Data", "data": {"py/b64": "oKA="}, "fake": false}], [96112, {"py/object": "odf.components.Data", "data": {"py/b64": "C0U="}, "fake": false}], [96224, {"py/object": "odf.components.Data", "data": {"py/b64": "dEU="}, "fake": false}], [96346, {"py/object": "odf.components.Data", "data": {"py/b64": "oKA="}, "fake": false}], [96436, {"py/object": "odf.components.Data", "data": {"py/b64": "Txg="}, "fake": false}], [96591, {"py/object": "odf.components.Status", "address": 4, "message_error_bit": "0", "instrumentation_bit": "0", "service_request_bit": "0", "reserved_bits": "000", "brdcst_received_bit": "0", "busy_bit": "0", "subsystem_flag_bit": "0", "dynamic_bus_control_accpt_bit": "0", "terminal_flag_bit": "1", "parity_bit": "1", "fake": false}], [96752, {"py/object": "odf.components.Command", "address": 10, "tr": 0, "sub_address": 2, "dword_count": 12, "parity": 0, "fake": false}], [96937, {"py/object": "odf.components.Command", "address": 9, "tr": 1, "sub_address": 2, "dword_count": 12, "parity": 0, "fake": false}], [97061, {"py/object": "odf.components.Data", "data": {"py/b64": "fUM="}, "fake": false}], [97164, {"py/object": "odf.components.Data", "data": {"py/b64": "B0M="}, "fake": false}], [97312, {"py/object": "odf.components.Data", "data": {"py/b64": "oKA="}, "fake": false}], [97423, {"py/object": "odf.components.Data", "data": {"py/b64": "rWs="}, "fake": false}], [97524, {"py/object": "odf.components.Data", "data": {"py/b64": "sp0="}, "fake": false}], [97665, {"py/object": "odf.components.Data", "data": {"py/b64": "oKA="}, "fake": false}], [97800, {"py/object": "odf.components.Data", "data": {"py/b64": "1kM="}, "fake": false}], [97947, {"py/object": "odf.components.Data", "data": {"py/b64": "OUA="}, "fake": false}], [98085, {"py/object": "odf.components.Data", "data": {"py/b64": "oKA="}, "fake": false}], [98171, {"py/object": "odf.components.Status", "address": 7, "message_error_bit": "0", "instrumentation_bit": "0", "service_request_bit": "0", "reserved_bits": "000", "brdcst_received_bit": "0", "busy_bit": "0", "subsystem_flag_bit": "0", "dynamic_bus_control_accpt_bit": "0", "terminal_flag_bit": "1", "parity_bit": "1", "fake": false}], [98290, {"py/object": "odf.components.Data", "data": {"py/b64": "VnE="}, "fake": false}], [98427, {"py/object": "odf.components.Data", "data": {"py/b64": "oKA="}, "fake": false}], [98601, {"py/object": "odf.components.Data", "data": {"py/b64": "AoY="}, "fake": false}], [98846, {"py/object": "odf.components.Data", "data": {"py/b64": "re0="}, "fake": false}], [99018, {"py/object": "odf.components.Data", "data": {"py/b64": "X0E="}, "fake": false}], [99241, {"py/object": "odf.components.Data", "data": {"py/b64": "OUA="}, "fake": false}], [99463, {"py/object": "odf.components.Data", "data": {"py/b64": "oKA="}, "fake": false}], [99619, {"py/object": "odf.components.Status", "address": 8, "message_error_bit": "0", "instrumentation_bit": "0", "service_request_bit": "0", "reserved_bits": "000", "brdcst_received_bit": "0", "busy_bit": "0", "subsystem_flag_bit": "0", "dynamic_bus_control_accpt_bit": "0", "terminal_flag_bit": "1", "parity_bit": "1", "fake": false}], [99752, {"py/object": "odf.components.Data", "data": {"py/b64": "1r0="}, "fake": false}], [99853, {"py/object": "odf.components.Command", "address": 12, "tr": 0, "sub_address": 2, "dword_count": 16, "parity": 0, "fake": false}], [99963, {"py/object": "odf.components.Command", "address": 11, "tr": 1, "sub_address": 2, "dword_count": 16, "parity": 0, "fake": false}], [100081, {"py/object": "odf.components.Data", "data": {"py/b64": "sOw="}, "fake": false}], [100185, {"py/object": "odf.components.Data", "data": {"py/b64": "oKA="}, "fake": false}], [100349, {"py/object": "odf.components.Data", "data": {"py/b64": "uAs="}, "fake": false}], [100522, {"py/object": "odf.components.Data", "data": {"py/b64": "R1M="}, "fake": false}], [100627, {"py/object": "odf.components.Data", "data": {"py/b64": "QkA="}, "fake": false}], [100751, {"py/object": "odf.components.Data", "data": {"py/b64": "oKA="}, "fake": false}], [100846, {"py/object": "odf.components.Data", "data": {"py/b64": "CEI="}, "fake": false}], [100988, {"py/object": "odf.components.Data", "data": {"py/b64": "4z4="}, "fake": false}], [101078, {"py/object": "odf.components.Data", "data": {"py/b64": "sqM="}, "fake": false}], [101242, {"py/object": "odf.components.Data", "data": {"py/b64": "oKA="}, "fake": false}], [101332, {"py/object": "odf.components.Data", "data": {"py/b64": "Nco="}, "fake": false}], [101431, {"py/object": "odf.components.Data", "data": {"py/b64": "4i8="}, "fake": false}], [101559, {"py/object": "odf.components.Status", "address": 9, "message_error_bit": "0", "instrumentation_bit": "0", "service_request_bit": "0", "reserved_bits": "000", "brdcst_received_bit": "0", "busy_bit": "0", "subsystem_flag_bit": "0", "dynamic_bus_control_accpt_bit": "0", "terminal_flag_bit": "1", "parity_bit": "1", "fake": false}], [101640, {"py/object": "odf.components.Data", "data": {"py/b64": "oKA="}, "fake": false}], [101762, {"py/object": "odf.components.Data", "data": {"py/b64": "1cM="}, "fake": false}], [101822, {"py/object": "odf.components.Data", "data": {"py/b64": "1EM="}, "fake": false}], [101932, {"py/object": "odf.components.Data", "data": {"py/b64": "6jw="}, "fake": false}], [102106, {"py/object": "odf.components.Data", "data": {"py/b64": "IpY="}, "fake": false}], [102195, {"py/object": "odf.components.Data", "data": {"py/b64": "+kM="}, "fake": false}], [102323, {"py/object": "odf.components.Data", "data": {"py/b64": "tww="}, "fake": false}], [102376, {"py/object": "odf.components.Data", "data": {"py/b64": "B0I="}, "fake": false}], [102507, {"py/object": "odf.components.Data", "data": {"py/b64": "HZU="}, "fake": false}], [102595, {"py/object": "odf.components.Data", "data": {"py/b64": "OkQ="}, "fake": false}], [102689, {"py/object": "odf.components.Data", "data": {"py/b64": "bEE="}, "fake": false}], [102881, {"py/object": "odf.components.Status", "address": 10, "message_error_bit": "0", "instrumentation_bit": "0", "service_request_bit": "0", "reserved_bits": "000", "brdcst_received_bit": "0", "busy_bit": "0", "subsystem_flag_bit": "0", "dynamic_bus_control_accpt_bit": "0", "terminal_flag_bit": "1", "parity_bit": "1", "fake": false}], [102953, {"py/object": "odf.components.Command", "address": 1, "tr": 0, "sub_address": 2, "dword_count": 4, "parity": 0, "fake": false}], [103138, {"py/object": "odf.components.Data", "data": {"py/b64": "AAA="}, "fake": false}], [103227, {"py/object": "odf.components.Data", "data": {"py/b64": "AAA="}, "fake": false}], [103359, {"py/object": "odf.components.Data", "data": {"py/b64": "ru0="}, "fake": false}], [103528, {"py/object": "odf.components.Data", "data": {"py/b64": "gro="}, "fake": false}], [103733, {"py/object": "odf.components.Data", "data": {"py/b64": "AAA="}, "fake": false}], [103938, {"py/object": "odf.components.Data", "data": {"py/b64": "AAA="}, "fake": false}], [104018, {"py/object": "odf.components.Status", "address": 6, "message_error_bit": "0", "instrumentation_bit": "0", "service_request_bit": "0", "reserved_bits": "000", "brdcst_received_bit": "0", "busy_bit": "0", "subsystem_flag_bit": "0", "dynamic_bus_control_accpt_bit": "0", "terminal_flag_bit": "1", "parity_bit": "1", "fake": false}], [104140, {"py/object": "odf.components.Data", "data": {"py/b64": "ySA="}, "fake": false}], [104253, {"py/object": "odf.components.Command", "address": 31, "tr": 0, "sub_address": 2, "dword_count": 1, "parity": 0, "fake": false}], [104348, {"py/object": "odf.components.Data", "data": {"py/b64": "//8="}, "fake": false}], [104480, {"py/object": "odf.components.Data", "data": {"py/b64": "7MI="}, "fake": false}], [104538, {"py/object": "odf.components.Command", "address": 4, "tr": 0, "sub_address": 2, "dword_count": 18, "parity": 0, "fake": false}], [104697, {"py/object": "odf.components.Command", "address": 3, "tr": 1, "sub_address": 2, "dword_count": 18, "parity": 0, "fake": false}], [104765, {"py/object": "odf.components.Status", "address": 11, "message_error_bit": "0", "instrumentation_bit": "0", "service_request_bit": "0", "reserved_bits": "000", "brdcst_received_bit": "0", "busy_bit": "0", "subsystem_flag_bit": "0", "dynamic_bus_control_accpt_bit": "0", "terminal_flag_bit": "1", "parity_bit": "1", "fake": false}], [104878, {"py/object": "odf.components.Data", "data": {"py/b64": "I78="}, "fake": false}], [105099, {"py/object": "odf.components.Data", "data": {"py/b64": "kj8="}, "fake": false}], [105214, {"py/object": "odf.components.Data", "data": {"py/b64": "Lro="}, "fake": false}], [105395, {"py/object": "odf.components.Data", "data": {"py/b64": "nE8="}, "fake": false}], [105471, {"py/object": "odf.components.Data", "data": {"py/b64": "N0Q="}, "fake": false}], [105580, {"py/object": "odf.components.Data", "data": {"py/b64": "EDs="}, "fake": false}], [105696, {"py/object": "odf.components.Data", "data": {"py/b64": "eT0="}, "fake": false}], [105753, {"py/object": "odf.components.Data", "data": {"py/b64": "BZY="}, "fake": false}], [105907, {"py/object": "odf.components.Status", "address": 12, "message_error_bit": "0", "instrumentation_bit": "0", "service_request_bit": "0", "reserved_bits": "000", "brdcst_received_bit": "0", "busy_bit": "0", "subsystem_flag_bit": "0", "dynamic_bus_control_accpt_bit": "0", "terminal_flag_bit": "1", "parity_bit": "1", "fake": false}], [105977, {"py/object": "odf.components.Data", "data": {"py/b64": "4G8="}, "fake": false}], [106143, {"py/object": "odf.components.Command", "address": 6, "tr": 0, "sub_address": 2, "dword_count": 28, "parity": 0, "fake": false}], [106382, {"py/object": "odf.components.Command", "address": 5, "tr": 1, "sub_address": 2, "dword_count": 28, "parity": 0, "fake": false}], [106581, {"py/object": "odf.components.Data", "data": {"py/b64": "A+Q="}, "fake": false}], [106790, {"py/object": "odf.components.Data", "data": {"py/b64": "B0I="}, "fake": false}], [106893, {"py/object": "odf.components.Data", "data": {"py/b64": "IUE="}, "fake": false}], [107177, {"py/object": "odf.components.Data", "data": {"py/b64": "/cA="}, "fake": false}], [107387, {"py/object": "odf.components.Data", "data": {"py/b64": "q+0="}, "fake": false}], [107583, {"py/object": "odf.components.Data", "data": {"py/b64": "ArI="}, "fake": false}], [107758, {"py/object": "odf.components.Data", "data": {"py/b64": "MTo="}, "fake": false}], [107847, {"py/object": "odf.components.Status", "address": 1, "message_error_bit": "0", "instrumentation_bit": "0", "service_request_bit": "0", "reserved_bits": "000", "brdcst_received_bit": "0", "busy_bit": "0", "subsystem_flag_bit": "0", "dynamic_bus_control_accpt_bit": "0", "terminal_flag_bit": "1", "parity_bit": "1", "fake": false}], [108045, {"py/object": "odf.components.Data", "data": {"py/b64": "7MI="}, "fake": false}], [108109, {"py/object": "odf.components.Data", "data": {"py/b64": "2kE="}, "fake": false}], [108240, {"py/object": "odf.components.Data", "data": {"py/b64": "CME="}, "fake": false}], [108332, {"py/object": "odf.components.Data", "data": {"py/b64": "P5U="}, "fake": false}], [108396, {"py/object": "odf.components.Data", "data": {"py/b64": "BI8="}, "fake": false}], [108554, {"py/object": "odf.components.Data", "data": {"py/b64": "tGg="}, "fake": false}], [108630, {"py/object": "odf.components.Data", "data": {"py/b64": "p0A="}, "fake": false}], [108882, {"py/object": "odf.components.Data", "data": {"py/b64": "FkU="}, "fake": false}], [109058, {"py/object": "odf.components.Data", "data": {"py/b64": "1kM="}, "fake": false}], [109179, {"py/object": "odf.components.Status", "address": 3, "message_error_bit": "0", "instrumentation_bit": "0", "service_request_bit": "0", "reserved_bits": "000", "brdcst_received_bit": "0", "busy_bit": "0", "subsystem_flag_bit": "0", "dynamic_bus_control_accpt_bit": "0", "terminal_flag_bit": "1", "parity_bit": "1", "fake": false}], [109310, {"py/object": "odf.components.Data", "data": {"py/b64": "lNE="}, "fake": false}], [109366, {"py/object": "odf.components.Command", "address": 8, "tr": 0, "sub_address": 2, "dword_count": 8, "parity": 0, "fake": false}], [109524, {"py/object": "odf.components.Command", "address": 7, "tr": 1, "sub_address": 2, "dword_count": 8, "parity": 0, "fake": false}], [109584, {"py/object": "odf.components.Data", "data": {"py/b64": "u/w="}, "fake": false}], [109694, {"py/object": "odf.components.Data", "data": {"py/b64": "nM4="}, "fake": false}], [109820, {"py/object": "odf.components.Data", "data": {"py/b64": "K0A="}, "fake": false}], [110019, {"py/object": "odf.components.Data", "data": {"py/b64": "VcE="}, "fake": false}], [110198, {"py/object": "odf.components.Data", "data": {"py/b64": "eUM="}, "fake": false}], [110313, {"py/object": "odf.components.Data", "data": {"py/b64": "ncc="}, "fake": false}], [110478, {"py/object": "odf.components.Data", "data": {"py/b64": "9+g="}, "fake": false}], [110557, {"py/object": "odf.components.Data", "data": {"py/b64": "ajo="}, "fake": false}], [110676, {"py/object": "odf.components.Data", "data": {"py/b64": "Ir4="}, "fake": false}], [110785, {"py/object": "odf.components.Status", "address": 5, "message_error_bit": "0", "instrumentation_bit": "0", "service_request_bit": "0", "reserved_bits": "000", "brdcst_received_bit": "0", "busy_bit": "0", "subsystem_flag_bit": "0", "dynamic_bus_control_accpt_bit": "0", "terminal_flag_bit": "1", "parity_bit": "1", "fake": false}], [110877, {"py/object": "odf.components.Data", "data": {"py/b64": "0UA="}, "fake": false}], [111005, {"py/object": "odf.components.Data", "data": {"py/b64": "AEU="}, "fake": false}], [111067, {"py/object": "odf.components.Data", "data": {"py/b64": "ilg="}, "fake": false}], [111212, {"py/object": "odf.components.Data", "data": {"py/b64": "vpA="}, "fake": false}], [111360, {"py/object": "odf.components.Data", "data": {"py/b64": "/3U="}, "fake": false}], [111550, {"py/object": "odf.components.Data", "data": {"py/b64": "jYY="}, "fake": false}], [111767, {"py/object": "odf.components.Data", "data": {"py/b64": "zrw="}, "fake": false}], [111873, {"py/object": "odf.components.Data", "data": {"py/b64": "f0M="}, "fake": false}], [112062, {"py/object": "odf.components.Status", "address": 4, "message_error_bit": "0", "instrumentation_bit": "0", "service_request_bit": "0", "reserved_bits": "000", "brdcst_received_bit": "0", "busy_bit": "0", "subsystem_flag_bit": "0", "dynamic_bus_control_accpt_bit": "0", "terminal_flag_bit": "1", "parity_bit": "1", "fake": false}], [112154, {"py/object": "odf.components.Command", "address": 10, "tr": 0, "sub_address": 2, "dword_count": 12, "parity": 0, "fake": false}], [112284, {"py/object": "odf.components.Command", "address": 9, "tr": 1, "sub_address": 2, "dword_count": 12, "parity": 0, "fake": false}], [112401, {"py/object": "odf.components.Data", "data": {"py/b64": "zz4="}, "fake": false}], [112495, {"py/object": "odf.components.Data", "data": {"py/b64": "HEU="}, "fake": false}], [112646, {"py/object": "odf.components.Data", "data": {"py/b64": "1w8="}, "fake": false}], [112746, {"py/object": "odf.components.Data", "data": {"py/b64": "S1g="}, "fake": false}], [112952, {"py/object": "odf.components.Data", "data": {"py/b64": "2EM="}, "fake": false}], [113119, {"py/object": "odf.components.Data", "data": {"py/b64": "1Qs="}, "fake": false}], [113260, {"py/object": "odf.components.Data", "data": {"py/b64": "lUE="}, "fake": false}], [113338, {"py/object": "odf.components.Status", "address": 7, "message_error_bit": "0", "instrumentation_bit": "0", "service_request_bit": "0", "reserved_bits": "000", "brdcst_received_bit": "0", "busy_bit": "0", "subsystem_flag_bit": "0", "dynamic_bus_control_accpt_bit": "0", "terminal_flag_bit": "1", "parity_bit": "1", "fake": false}], [113409, {"py/object": "odf.components.Data", "data": {"py/b64": "8UI="}, "fake": false}], [113520, {"py/object": "odf.components.Data", "data": {"py/b64": "T+o="}, "fake": false}], [113607, {"py/object": "odf.components.Data", "data": {"py/b64": "SoE="}, "fake": false}], [113722, {"py/object": "odf.components.Data", "data": {"py/b64": "mrI="}, "fake": false}], [113819, {"py/object": "odf.components.Data", "data": {"py/b64": "A0M="}, "fake": false}], [113959, {"py/object": "odf.components.Data", "data": {"py/b64": "1b0="}, "fake": false}], [114158, {"py/object": "odf.components.Data", "data": {"py/b64": "J0A="}, "fake": false}], [114410, {"py/object": "odf.components.Data", "data": {"py/b64": "udA="}, "fake": false}], [114630, {"py/object": "odf.components.Status", "address": 8, "message_error_bit": "0", "instrumentation_bit": "0", "service_request_bit": "0", "reserved_bits": "000", "brdcst_received_bit": "0", "busy_bit": "0", "subsystem_flag_bit": "0", "dynamic_bus_control_accpt_bit": "0", "terminal_flag_bit": "1", "parity_bit": "1", "fake": false}], [114783, {"py/object": "odf.components.Command", "address": 12, "tr": 0, "sub_address": 2, "dword_count": 16, "parity": 0, "fake": false}], [114996, {"py/object": "odf.components.Command", "address": 11, "tr": 1, "sub_address": 2, "dword_count": 16, "parity": 0, "fake": false}], [115253, {"py/object": "odf.components.Data", "data": {"py/b64": "MwE="}, "fake": false}], [115440, {"py/object": "odf.components.Data", "data": {"py/b64": "B0I="}, "fake": false}], [115639, {"py/object": "odf.components.Data", "data": {"py/b64": "DqI="}, "fake": false}], [115737, {"py/object": "odf.components.Status", "address": 6, "message_error_bit": "0", "instrumentation_bit": "0", "service_request_bit": "0", "reserved_bits": "000", "brdcst_received_bit": "0", "busy_bit": "0", "subsystem_flag_bit": "0", "dynamic_bus_control_accpt_bit": "0", "terminal_flag_bit": "1", "parity_bit": "1", "fake": false}], [115913, {"py/object": "odf.components.Data", "data": {"py/b64": "4z4="}, "fake": false}], [116026, {"py/object": "odf.components.Data", "data": {"py/b64": "TD0="}, "fake": false}], [116139, {"py/object": "odf.components.Data", "data": {"py/b64": "J0A="}, "fake": false}], [116292, {"py/object": "odf.components.Data", "data": {"py/b64": "0h0="}, "fake": false}], [116347, {"py/object": "odf.components.Data", "data": {"py/b64": "Zdk="}, "fake": false}], [116524, {"py/object": "odf.components.Data", "data": {"py/b64": "zcM="}, "fake": false}], [116633, {"py/object": "odf.components.Status", "address": 9, "message_error_bit": "0", "instrumentation_bit": "0", "service_request_bit": "0", "reserved_bits": "000", "brdcst_received_bit": "0", "busy_bit": "0", "subsystem_flag_bit": "0", "dynamic_bus_control_accpt_bit": "0", "terminal_flag_bit": "1", "parity_bit": "1", "fake": false}], [116883, {"py/object": "odf.components.Data", "data": {"py/b64": "4jw="}, "fake": false}], [117049, {"py/object": "odf.components.Data", "data": {"py/b64": "QkA="}, "fake": false}], [117121, {"py/object": "odf.components.Data", "data": {"py/b64": "Y9I="}, "fake": false}], [117278, {"py/object": "odf.components.Command", "address": 1, "tr": 0, "sub_address": 2, "dword_count": 4, "parity": 0, "fake": false}], [117333, {"py/object": "odf.components.Data", "data": {"py/b64": "AAA="}, "fake": false}], [117486, {"py/object": "odf.components.Data", "data": {"py/b64": "AAA="}, "fake": false}], [117560, {"py/object": "odf.components.Data", "data": {"py/b64": "AAA="}, "fake": false}], [117675, {"py/object": "odf.components.Data", "data": {"py/b64": "AAA="}, "fake": false}], [117842, {"py/object": "odf.components.Data", "data": {"py/b64": "5Yw="}, "fake": false}], [117921, {"py/object": "odf.components.Data", "data": {"py/b64": "VoA="}, "fake": false}], [118117, {"py/object": "odf.components.Data", "data": {"py/b64": "7qc="}, "fake": false}], [118194, {"py/object": "odf.components.Data", "data": {"py/b64": "YkE="}, "fake": false}], [118344, {"py/object": "odf.components.Status", "address": 10, "message_error_bit": "0", "instrumentation_bit": "0", "service_request_bit": "0", "reserved_bits": "000", "brdcst_received_bit": "0", "busy_bit": "0", "subsystem_flag_bit": "0", "dynamic_bus_control_accpt_bit": "0", "terminal_flag_bit": "1", "parity_bit": "1", "fake": false}], [118471, {"py/object": "odf.components.Data", "data": {"py/b64": "1EM="}, "fake": false}], [118521, {"py/object": "odf.components.Data", "data": {"py/b64": "B0I="}, "fake": false}], [118661, {"py/object": "odf.components.Data", "data": {"py/b64": "Ezo="}, "fake": false}], [118711, {"py/object": "odf.components.Command", "address": 31, "tr": 0, "sub_address": 2, "dword_count": 1, "parity": 0, "fake": false}], [118820, {"py/object": "odf.components.Data", "data": {"py/b64": "qpU="}, "fake": false}], [118912, {"py/object": "odf.components.Data", "data": {"py/b64": "//8="}, "fake": false}], [118972, {"py/object": "odf.components.Command", "address": 4, "tr": 0, "sub_address": 2, "dword_count": 18, "parity": 0, "fake": false}], [119127, {"py/object": "odf.components.Command", "address": 3, "tr": 1, "sub_address": 2, "dword_count": 18, "parity": 0, "fake": false}], [119323, {"py/object": "odf.components.Data", "data": {"py/b64": "tww="}, "fake": false}], [119516, {"py/object": "odf.components.Data", "data": {"py/b64": "wOs="}, "fake": false}], [119646, {"py/object": "odf.components.Data", "data": {"py/b64": "PT4="}, "fake": false}], [119801, {"py/object": "odf.components.Status", "address": 11, "message_error_bit": "0", "instrumentation_bit": "0", "service_request_bit": "0", "reserved_bits": "000", "brdcst_received_bit": "0", "busy_bit": "0", "subsystem_flag_bit": "0", "dynamic_bus_control_accpt_bit": "0", "terminal_flag_bit": "1", "parity_bit": "1", "fake": false}], [119893, {"py/object": "odf.components.Data", "data": {"py/b64": "OkQ="}, "fake": false}], [120043, {"py/object": "odf.components.Data", "data": {"py/b64": "7MI="}, "fake": false}], [120155, {"py/object": "odf.components.Data", "data": {"py/b64": "z2g="}, "fake": false}], [120258, {"py/object": "odf.components.Data", "data": {"py/b64": "UJE="}, "fake": false}]], "attack_times": [[67246, 11818]], "attack_types": ["MITM_attack_on_RTs"], "attack_outcome": [true]}