{"data": [[362, {"py/object": "odf.components.Command", "address": 31, "tr": 0, "sub_address": 2, "dword_count": 1, "parity": 0, "fake": false}], [476, {"py/object": "odf.components.Data", "data": {"py/b64": "//8="}, "fake": false}], [509, {"py/object": "odf.components.Command", "address": 4, "tr": 0, "sub_address": 2, "dword_count": 18, "parity": 0, "fake": false}], [525, {"py/object": "odf.components.Command", "address": 3, "tr": 1, "sub_address": 2, "dword_count": 18, "parity": 0, "fake": false}], [2594, {"py/object": "odf.components.Status", "address": 3, "message_error_bit": "0", "instrumentation_bit": "0", "service_request_bit": "0", "reserved_bits": "000", "brdcst_received_bit": "0", "busy_bit": "0", "subsystem_flag_bit": "0", "dynamic_bus_control_accpt_bit": "0", "terminal_flag_bit": "1", "parity_bit": "1", "fake": false}], [2663, {"py/object": "odf.components.Data", "data": {"py/b64": "iKs="}, "fake": false}], [2735, {"py/object": "odf.components.Data", "data": {"py/b64": "JUI="}, "fake": false}], [2805, {"py/object": "odf.components.Data", "data": {"py/b64": "yLM="}, "fake": false}], [2877, {"py/object": "odf.components.Data", "data": {"py/b64": "fb0="}, "fake": false}], [2949, {"py/object": "odf.components.Data", "data": {"py/b64": "RYY="}, "fake": false}], [3020, {"py/object": "odf.components.Data", "data": {"py/b64": "7kI="}, "fake": false}], [3093, {"py/object": "odf.components.Data", "data": {"py/b64": "q80="}, "fake": false}], [3163, {"py/object": "odf.components.Data", "data": {"py/b64": "iEM="}, "fake": false}], [3233, {"py/object": "odf.components.Data", "data": {"py/b64": "768="}, "fake": false}], [3305, {"py/object": "odf.components.Data", "data": {"py/b64": "i0A="}, "fake": false}], [3378, {"py/object": "odf.components.Data", "data": {"py/b64": "ALA="}, "fake": false}], [3449, {"py/object": "odf.components.Data", "data": {"py/b64": "i0A="}, "fake": false}], [3520, {"py/object": "odf.components.Data", "data": {"py/b64": "2w8="}, "fake": false}], [3590, {"py/object": "odf.components.Data", "data": {"py/b64": "SUA="}, "fake": false}], [3661, {"py/object": "odf.components.Data", "data": {"py/b64": "pKM="}, "fake": false}], [3735, {"py/object": "odf.components.Data", "data": {"py/b64": "1kM="}, "fake": false}], [3806, {"py/object": "odf.components.Data", "data": {"py/b64": "tww="}, "fake": false}], [3880, {"py/object": "odf.components.Data", "data": {"py/b64": "OkQ="}, "fake": false}], [5986, {"py/object": "odf.components.Status", "address": 4, "message_error_bit": "0", "instrumentation_bit": "0", "service_request_bit": "0", "reserved_bits": "000", "brdcst_received_bit": "0", "busy_bit": "0", "subsystem_flag_bit": "0", "dynamic_bus_control_accpt_bit": "0", "terminal_flag_bit": "1", "parity_bit": "1", "fake": false}], [6050, {"py/object": "odf.components.Command", "address": 6, "tr": 0, "sub_address": 2, "dword_count": 28, "parity": 0, "fake": false}], [6068, {"py/object": "odf.components.Command", "address": 5, "tr": 1, "sub_address": 2, "dword_count": 28, "parity": 0, "fake": false}], [8140, {"py/object": "odf.components.Status", "address": 5, "message_error_bit": "0", "instrumentation_bit": "0", "service_request_bit": "0", "reserved_bits": "000", "brdcst_received_bit": "0", "busy_bit": "0", "subsystem_flag_bit": "0", "dynamic_bus_control_accpt_bit": "0", "terminal_flag_bit": "1", "parity_bit": "1", "fake": false}], [8209, {"py/object": "odf.components.Data", "data": {"py/b64": "wpE="}, "fake": false}], [8282, {"py/object": "odf.components.Data", "data": {"py/b64": "rEI="}, "fake": false}], [8355, {"py/object": "odf.components.Data", "data": {"py/b64": "SSg="}, "fake": false}], [8425, {"py/object": "odf.components.Data", "data": {"py/b64": "EkM="}, "fake": false}], [8497, {"py/object": "odf.components.Data", "data": {"py/b64": "z7A="}, "fake": false}], [8569, {"py/object": "odf.components.Data", "data": {"py/b64": "EcM="}, "fake": false}], [8640, {"py/object": "odf.components.Data", "data": {"py/b64": "ahU="}, "fake": false}], [8711, {"py/object": "odf.components.Data", "data": {"py/b64": "Tzw="}, "fake": false}], [8780, {"py/object": "odf.components.Data", "data": {"py/b64": "3ig="}, "fake": false}], [8840, {"py/object": "odf.components.Data", "data": {"py/b64": "kcE="}, "fake": false}], [8914, {"py/object": "odf.components.Data", "data": {"py/b64": "N+8="}, "fake": false}], [8981, {"py/object": "odf.components.Data", "data": {"py/b64": "UsE="}, "fake": false}], [9055, {"py/object": "odf.components.Data", "data": {"py/b64": "Jeg="}, "fake": false}], [9123, {"py/object": "odf.components.Data", "data": {"py/b64": "bL8="}, "fake": false}], [9194, {"py/object": "odf.components.Data", "data": {"py/b64": "KRk="}, "fake": false}], [9266, {"py/object": "odf.components.Data", "data": {"py/b64": "BMA="}, "fake": false}], [9338, {"py/object": "odf.components.Data", "data": {"py/b64": "0GE="}, "fake": false}], [9408, {"py/object": "odf.components.Data", "data": {"py/b64": "Bbw="}, "fake": false}], [9479, {"py/object": "odf.components.Data", "data": {"py/b64": "I64="}, "fake": false}], [9549, {"py/object": "odf.components.Data", "data": {"py/b64": "bkA="}, "fake": false}], [9619, {"py/object": "odf.components.Data", "data": {"py/b64": "rHU="}, "fake": false}], [9691, {"py/object": "odf.components.Data", "data": {"py/b64": "F0M="}, "fake": false}], [9763, {"py/object": "odf.components.Data", "data": {"py/b64": "dbY="}, "fake": false}], [9836, {"py/object": "odf.components.Data", "data": {"py/b64": "Db4="}, "fake": false}], [9907, {"py/object": "odf.components.Data", "data": {"py/b64": "TfE="}, "fake": false}], [9978, {"py/object": "odf.components.Data", "data": {"py/b64": "FsA="}, "fake": false}], [10050, {"py/object": "odf.components.Data", "data": {"py/b64": "cHg="}, "fake": false}], [10128, {"py/object": "odf.components.Data", "data": {"py/b64": "UEE="}, "fake": false}], [12259, {"py/object": "odf.components.Status", "address": 6, "message_error_bit": "0", "instrumentation_bit": "0", "service_request_bit": "0", "reserved_bits": "000", "brdcst_received_bit": "0", "busy_bit": "0", "subsystem_flag_bit": "0", "dynamic_bus_control_accpt_bit": "0", "terminal_flag_bit": "1", "parity_bit": "1", "fake": false}], [12305, {"py/object": "odf.components.Command", "address": 8, "tr": 0, "sub_address": 2, "dword_count": 8, "parity": 0, "fake": false}], [12321, {"py/object": "odf.components.Command", "address": 7, "tr": 1, "sub_address": 2, "dword_count": 8, "parity": 0, "fake": false}], [14396, {"py/object": "odf.components.Status", "address": 7, "message_error_bit": "0", "instrumentation_bit": "0", "service_request_bit": "0", "reserved_bits": "000", "brdcst_received_bit": "0", "busy_bit": "0", "subsystem_flag_bit": "0", "dynamic_bus_control_accpt_bit": "0", "terminal_flag_bit": "1", "parity_bit": "1", "fake": false}], [14467, {"py/object": "odf.components.Data", "data": {"py/b64": "xJ4="}, "fake": false}], [14539, {"py/object": "odf.components.Data", "data": {"py/b64": "YL0="}, "fake": false}], [14609, {"py/object": "odf.components.Data", "data": {"py/b64": "xsM="}, "fake": false}], [14681, {"py/object": "odf.components.Data", "data": {"py/b64": "FTo="}, "fake": false}], [14753, {"py/object": "odf.components.Data", "data": {"py/b64": "lOM="}, "fake": false}], [14823, {"py/object": "odf.components.Data", "data": {"py/b64": "Jz0="}, "fake": false}], [14901, {"py/object": "odf.components.Data", "data": {"py/b64": "z3E="}, "fake": false}], [14980, {"py/object": "odf.components.Data", "data": {"py/b64": "lDk="}, "fake": false}], [17116, {"py/object": "odf.components.Status", "address": 8, "message_error_bit": "0", "instrumentation_bit": "0", "service_request_bit": "0", "reserved_bits": "000", "brdcst_received_bit": "0", "busy_bit": "0", "subsystem_flag_bit": "0", "dynamic_bus_control_accpt_bit": "0", "terminal_flag_bit": "1", "parity_bit": "1", "fake": false}], [17168, {"py/object": "odf.components.Command", "address": 10, "tr": 0, "sub_address": 2, "dword_count": 12, "parity": 0, "fake": false}], [17184, {"py/object": "odf.components.Command", "address": 9, "tr": 1, "sub_address": 2, "dword_count": 12, "parity": 0, "fake": false}], [19258, {"py/object": "odf.components.Status", "address": 9, "message_error_bit": "0", "instrumentation_bit": "0", "service_request_bit": "0", "reserved_bits": "000", "brdcst_received_bit": "0", "busy_bit": "0", "subsystem_flag_bit": "0", "dynamic_bus_control_accpt_bit": "0", "terminal_flag_bit": "1", "parity_bit": "1", "fake": false}], [19328, {"py/object": "odf.components.Data", "data": {"py/b64": "L8E="}, "fake": false}], [19398, {"py/object": "odf.components.Data", "data": {"py/b64": "B0I="}, "fake": false}], [19471, {"py/object": "odf.components.Data", "data": {"py/b64": "ocg="}, "fake": false}], [19541, {"py/object": "odf.components.Data", "data": {"py/b64": "7MI="}, "fake": false}], [19612, {"py/object": "odf.components.Data", "data": {"py/b64": "vNY="}, "fake": false}], [19683, {"py/object": "odf.components.Data", "data": {"py/b64": "MUI="}, "fake": false}], [19755, {"py/object": "odf.components.Data", "data": {"py/b64": "K8E="}, "fake": false}], [19827, {"py/object": "odf.components.Data", "data": {"py/b64": "B0I="}, "fake": false}], [19898, {"py/object": "odf.components.Data", "data": {"py/b64": "tMg="}, "fake": false}], [19969, {"py/object": "odf.components.Data", "data": {"py/b64": "7MI="}, "fake": false}], [20040, {"py/object": "odf.components.Data", "data": {"py/b64": "ivU="}, "fake": false}], [20113, {"py/object": "odf.components.Data", "data": {"py/b64": "FEM="}, "fake": false}], [22249, {"py/object": "odf.components.Status", "address": 10, "message_error_bit": "0", "instrumentation_bit": "0", "service_request_bit": "0", "reserved_bits": "000", "brdcst_received_bit": "0", "busy_bit": "0", "subsystem_flag_bit": "0", "dynamic_bus_control_accpt_bit": "0", "terminal_flag_bit": "1", "parity_bit": "1", "fake": false}], [22286, {"py/object": "odf.components.Command", "address": 12, "tr": 0, "sub_address": 2, "dword_count": 16, "parity": 0, "fake": false}], [22303, {"py/object": "odf.components.Command", "address": 11, "tr": 1, "sub_address": 2, "dword_count": 16, "parity": 0, "fake": false}], [24374, {"py/object": "odf.components.Status", "address": 11, "message_error_bit": "0", "instrumentation_bit": "0", "service_request_bit": "0", "reserved_bits": "000", "brdcst_received_bit": "0", "busy_bit": "0", "subsystem_flag_bit": "0", "dynamic_bus_control_accpt_bit": "0", "terminal_flag_bit": "1", "parity_bit": "1", "fake": false}], [24445, {"py/object": "odf.components.Data", "data": {"py/b64": "d2Y="}, "fake": false}], [24517, {"py/object": "odf.components.Data", "data": {"py/b64": "Gjs="}, "fake": false}], [24590, {"py/object": "odf.components.Data", "data": {"py/b64": "AIo="}, "fake": false}], [24659, {"py/object": "odf.components.Data", "data": {"py/b64": "ZUE="}, "fake": false}], [24732, {"py/object": "odf.components.Data", "data": {"py/b64": "roc="}, "fake": false}], [24803, {"py/object": "odf.components.Data", "data": {"py/b64": "7EE="}, "fake": false}], [24874, {"py/object": "odf.components.Data", "data": {"py/b64": "sAg="}, "fake": false}], [24946, {"py/object": "odf.components.Data", "data": {"py/b64": "YEA="}, "fake": false}], [25016, {"py/object": "odf.components.Data", "data": {"py/b64": "Ac0="}, "fake": false}], [25087, {"py/object": "odf.components.Data", "data": {"py/b64": "5T8="}, "fake": false}], [25156, {"py/object": "odf.components.Data", "data": {"py/b64": "868="}, "fake": false}], [25217, {"py/object": "odf.components.Data", "data": {"py/b64": "Aj4="}, "fake": false}], [25288, {"py/object": "odf.components.Data", "data": {"py/b64": "TQU="}, "fake": false}], [25356, {"py/object": "odf.components.Data", "data": {"py/b64": "9z4="}, "fake": false}], [25428, {"py/object": "odf.components.Data", "data": {"py/b64": "LU0="}, "fake": false}], [25502, {"py/object": "odf.components.Data", "data": {"py/b64": "nEE="}, "fake": false}], [27626, {"py/object": "odf.components.Status", "address": 12, "message_error_bit": "0", "instrumentation_bit": "0", "service_request_bit": "0", "reserved_bits": "000", "brdcst_received_bit": "0", "busy_bit": "0", "subsystem_flag_bit": "0", "dynamic_bus_control_accpt_bit": "0", "terminal_flag_bit": "1", "parity_bit": "1", "fake": false}], [27807, {"py/object": "odf.components.Command", "address": 1, "tr": 0, "sub_address": 2, "dword_count": 4, "parity": 0, "fake": false}], [27865, {"py/object": "odf.components.Data", "data": {"py/b64": "AAA="}, "fake": false}], [27877, {"py/object": "odf.components.Data", "data": {"py/b64": "AAA="}, "fake": false}], [27887, {"py/object": "odf.components.Data", "data": {"py/b64": "AAA="}, "fake": false}], [27898, {"py/object": "odf.components.Data", "data": {"py/b64": "AAA="}, "fake": false}], [29926, {"py/object": "odf.components.Status", "address": 1, "message_error_bit": "0", "instrumentation_bit": "0", "service_request_bit": "0", "reserved_bits": "000", "brdcst_received_bit": "0", "busy_bit": "0", "subsystem_flag_bit": "0", "dynamic_bus_control_accpt_bit": "0", "terminal_flag_bit": "1", "parity_bit": "1", "fake": false}], [30103, {"py/object": "odf.components.Command", "address": 31, "tr": 0, "sub_address": 2, "dword_count": 1, "parity": 0, "fake": false}], [30199, {"py/object": "odf.components.Data", "data": {"py/b64": "//8="}, "fake": false}], [30215, {"py/object": "odf.components.Command", "address": 4, "tr": 0, "sub_address": 2, "dword_count": 18, "parity": 0, "fake": false}], [30225, {"py/object": "odf.components.Command", "address": 3, "tr": 1, "sub_address": 2, "dword_count": 18, "parity": 0, "fake": false}], [32276, {"py/object": "odf.components.Status", "address": 3, "message_error_bit": "0", "instrumentation_bit": "0", "service_request_bit": "0", "reserved_bits": "000", "brdcst_received_bit": "0", "busy_bit": "0", "subsystem_flag_bit": "0", "dynamic_bus_control_accpt_bit": "0", "terminal_flag_bit": "1", "parity_bit": "1", "fake": false}], [32345, {"py/object": "odf.components.Data", "data": {"py/b64": "Z7o="}, "fake": false}], [32417, {"py/object": "odf.components.Data", "data": {"py/b64": "a0M="}, "fake": false}], [32490, {"py/object": "odf.components.Data", "data": {"py/b64": "VEk="}, "fake": false}], [32562, {"py/object": "odf.components.Data", "data": {"py/b64": "lUQ="}, "fake": false}], [32634, {"py/object": "odf.components.Data", "data": {"py/b64": "6so="}, "fake": false}], [32705, {"py/object": "odf.components.Data", "data": {"py/b64": "3EM="}, "fake": false}], [32777, {"py/object": "odf.components.Data", "data": {"py/b64": "t6g="}, "fake": false}], [32847, {"py/object": "odf.components.Data", "data": {"py/b64": "hEM="}, "fake": false}], [32919, {"py/object": "odf.components.Data", "data": {"py/b64": "bs0="}, "fake": false}], [32991, {"py/object": "odf.components.Data", "data": {"py/b64": "i0A="}, "fake": false}], [33063, {"py/object": "odf.components.Data", "data": {"py/b64": "Bs8="}, "fake": false}], [33135, {"py/object": "odf.components.Data", "data": {"py/b64": "i0A="}, "fake": false}], [33208, {"py/object": "odf.components.Data", "data": {"py/b64": "9OA="}, "fake": false}], [33281, {"py/object": "odf.components.Data", "data": {"py/b64": "QkA="}, "fake": false}], [33354, {"py/object": "odf.components.Data", "data": {"py/b64": "Osk="}, "fake": false}], [33427, {"py/object": "odf.components.Data", "data": {"py/b64": "1UM="}, "fake": false}], [33501, {"py/object": "odf.components.Data", "data": {"py/b64": "tww="}, "fake": false}], [33581, {"py/object": "odf.components.Data", "data": {"py/b64": "OkQ="}, "fake": false}], [35648, {"py/object": "odf.components.Status", "address": 4, "message_error_bit": "0", "instrumentation_bit": "0", "service_request_bit": "0", "reserved_bits": "000", "brdcst_received_bit": "0", "busy_bit": "0", "subsystem_flag_bit": "0", "dynamic_bus_control_accpt_bit": "0", "terminal_flag_bit": "1", "parity_bit": "1", "fake": false}], [35729, {"py/object": "odf.components.Command", "address": 6, "tr": 0, "sub_address": 2, "dword_count": 28, "parity": 0, "fake": false}], [35743, {"py/object": "odf.components.Command", "address": 5, "tr": 1, "sub_address": 2, "dword_count": 28, "parity": 0, "fake": false}], [37804, {"py/object": "odf.components.Status", "address": 5, "message_error_bit": "0", "instrumentation_bit": "0", "service_request_bit": "0", "reserved_bits": "000", "brdcst_received_bit": "0", "busy_bit": "0", "subsystem_flag_bit": "0", "dynamic_bus_control_accpt_bit": "0", "terminal_flag_bit": "1", "parity_bit": "1", "fake": false}], [37874, {"py/object": "odf.components.Data", "data": {"py/b64": "AdU="}, "fake": false}], [37947, {"py/object": "odf.components.Data", "data": {"py/b64": "dUM="}, "fake": false}], [38020, {"py/object": "odf.components.Data", "data": {"py/b64": "L6s="}, "fake": false}], [38091, {"py/object": "odf.components.Data", "data": {"py/b64": "z0M="}, "fake": false}], [38165, {"py/object": "odf.components.Data", "data": {"py/b64": "ieI="}, "fake": false}], [38236, {"py/object": "odf.components.Data", "data": {"py/b64": "zcM="}, "fake": false}], [38311, {"py/object": "odf.components.Data", "data": {"py/b64": "yLU="}, "fake": false}], [38382, {"py/object": "odf.components.Data", "data": {"py/b64": "ikE="}, "fake": false}], [38455, {"py/object": "odf.components.Data", "data": {"py/b64": "rBY="}, "fake": false}], [38528, {"py/object": "odf.components.Data", "data": {"py/b64": "T8I="}, "fake": false}], [38599, {"py/object": "odf.components.Data", "data": {"py/b64": "bsM="}, "fake": false}], [38660, {"py/object": "odf.components.Data", "data": {"py/b64": "vb8="}, "fake": false}], [38733, {"py/object": "odf.components.Data", "data": {"py/b64": "bEk="}, "fake": false}], [38801, {"py/object": "odf.components.Data", "data": {"py/b64": "hr4="}, "fake": false}], [38870, {"py/object": "odf.components.Data", "data": {"py/b64": "vk8="}, "fake": false}], [38942, {"py/object": "odf.components.Data", "data": {"py/b64": "yD8="}, "fake": false}], [39013, {"py/object": "odf.components.Data", "data": {"py/b64": "9jM="}, "fake": false}], [39088, {"py/object": "odf.components.Data", "data": {"py/b64": "078="}, "fake": false}], [39156, {"py/object": "odf.components.Data", "data": {"py/b64": "B8k="}, "fake": false}], [39233, {"py/object": "odf.components.Data", "data": {"py/b64": "LcE="}, "fake": false}], [39309, {"py/object": "odf.components.Data", "data": {"py/b64": "19k="}, "fake": false}], [39382, {"py/object": "odf.components.Data", "data": {"py/b64": "z0M="}, "fake": false}], [39454, {"py/object": "odf.components.Data", "data": {"py/b64": "slA="}, "fake": false}], [39526, {"py/object": "odf.components.Data", "data": {"py/b64": "Vr8="}, "fake": false}], [39597, {"py/object": "odf.components.Data", "data": {"py/b64": "9Po="}, "fake": false}], [39666, {"py/object": "odf.components.Data", "data": {"py/b64": "nL4="}, "fake": false}], [39740, {"py/object": "odf.components.Data", "data": {"py/b64": "VeY="}, "fake": false}], [39819, {"py/object": "odf.components.Data", "data": {"py/b64": "gD8="}, "fake": false}], [41929, {"py/object": "odf.components.Status", "address": 6, "message_error_bit": "0", "instrumentation_bit": "0", "service_request_bit": "0", "reserved_bits": "000", "brdcst_received_bit": "0", "busy_bit": "0", "subsystem_flag_bit": "0", "dynamic_bus_control_accpt_bit": "0", "terminal_flag_bit": "1", "parity_bit": "1", "fake": false}], [41989, {"py/object": "odf.components.Command", "address": 8, "tr": 0, "sub_address": 2, "dword_count": 8, "parity": 0, "fake": false}], [42001, {"py/object": "odf.components.Command", "address": 7, "tr": 1, "sub_address": 2, "dword_count": 8, "parity": 0, "fake": false}], [44064, {"py/object": "odf.components.Status", "address": 7, "message_error_bit": "0", "instrumentation_bit": "0", "service_request_bit": "0", "reserved_bits": "000", "brdcst_received_bit": "0", "busy_bit": "0", "subsystem_flag_bit": "0", "dynamic_bus_control_accpt_bit": "0", "terminal_flag_bit": "1", "parity_bit": "1", "fake": false}], [44134, {"py/object": "odf.components.Data", "data": {"py/b64": "fiU="}, "fake": false}], [44209, {"py/object": "odf.components.Data", "data": {"py/b64": "h70="}, "fake": false}], [44283, {"py/object": "odf.components.Data", "data": {"py/b64": "x4U="}, "fake": false}], [44356, {"py/object": "odf.components.Data", "data": {"py/b64": "jbs="}, "fake": false}], [44430, {"py/object": "odf.components.Data", "data": {"py/b64": "DeA="}, "fake": false}], [44507, {"py/object": "odf.components.Data", "data": {"py/b64": "0Tw="}, "fake": false}], [44578, {"py/object": "odf.components.Data", "data": {"py/b64": "ZDQ="}, "fake": false}], [44655, {"py/object": "odf.components.Data", "data": {"py/b64": "Vbo="}, "fake": false}], [46764, {"py/object": "odf.components.Status", "address": 8, "message_error_bit": "0", "instrumentation_bit": "0", "service_request_bit": "0", "reserved_bits": "000", "brdcst_received_bit": "0", "busy_bit": "0", "subsystem_flag_bit": "0", "dynamic_bus_control_accpt_bit": "0", "terminal_flag_bit": "1", "parity_bit": "1", "fake": false}], [46841, {"py/object": "odf.components.Command", "address": 10, "tr": 0, "sub_address": 2, "dword_count": 12, "parity": 0, "fake": false}], [46854, {"py/object": "odf.components.Command", "address": 9, "tr": 1, "sub_address": 2, "dword_count": 12, "parity": 0, "fake": false}], [48919, {"py/object": "odf.components.Status", "address": 9, "message_error_bit": "0", "instrumentation_bit": "0", "service_request_bit": "0", "reserved_bits": "000", "brdcst_received_bit": "0", "busy_bit": "0", "subsystem_flag_bit": "0", "dynamic_bus_control_accpt_bit": "0", "terminal_flag_bit": "1", "parity_bit": "1", "fake": false}], [48990, {"py/object": "odf.components.Data", "data": {"py/b64": "T70="}, "fake": false}], [49063, {"py/object": "odf.components.Data", "data": {"py/b64": "B0I="}, "fake": false}], [49136, {"py/object": "odf.components.Data", "data": {"py/b64": "Sds="}, "fake": false}], [49209, {"py/object": "odf.components.Data", "data": {"py/b64": "7MI="}, "fake": false}], [49282, {"py/object": "odf.components.Data", "data": {"py/b64": "m+o="}, "fake": false}], [49355, {"py/object": "odf.components.Data", "data": {"py/b64": "aEM="}, "fake": false}], [49428, {"py/object": "odf.components.Data", "data": {"py/b64": "Sr0="}, "fake": false}], [49499, {"py/object": "odf.components.Data", "data": {"py/b64": "B0I="}, "fake": false}], [49576, {"py/object": "odf.components.Data", "data": {"py/b64": "Yts="}, "fake": false}], [49649, {"py/object": "odf.components.Data", "data": {"py/b64": "7MI="}, "fake": false}], [49721, {"py/object": "odf.components.Data", "data": {"py/b64": "Ugk="}, "fake": false}], [49797, {"py/object": "odf.components.Data", "data": {"py/b64": "QEQ="}, "fake": false}], [51951, {"py/object": "odf.components.Status", "address": 10, "message_error_bit": "0", "instrumentation_bit": "0", "service_request_bit": "0", "reserved_bits": "000", "brdcst_received_bit": "0", "busy_bit": "0", "subsystem_flag_bit": "0", "dynamic_bus_control_accpt_bit": "0", "terminal_flag_bit": "1", "parity_bit": "1", "fake": false}], [51994, {"py/object": "odf.components.Command", "address": 12, "tr": 0, "sub_address": 2, "dword_count": 16, "parity": 0, "fake": false}], [52007, {"py/object": "odf.components.Command", "address": 11, "tr": 1, "sub_address": 2, "dword_count": 16, "parity": 0, "fake": false}], [54076, {"py/object": "odf.components.Status", "address": 11, "message_error_bit": "0", "instrumentation_bit": "0", "service_request_bit": "0", "reserved_bits": "000", "brdcst_received_bit": "0", "busy_bit": "0", "subsystem_flag_bit": "0", "dynamic_bus_control_accpt_bit": "0", "terminal_flag_bit": "1", "parity_bit": "1", "fake": false}], [54147, {"py/object": "odf.components.Data", "data": {"py/b64": "i5E="}, "fake": false}], [54220, {"py/object": "odf.components.Data", "data": {"py/b64": "Fzs="}, "fake": false}], [54294, {"py/object": "odf.components.Data", "data": {"py/b64": "AIU="}, "fake": false}], [54367, {"py/object": "odf.components.Data", "data": {"py/b64": "UkE="}, "fake": false}], [54440, {"py/object": "odf.components.Data", "data": {"py/b64": "UW8="}, "fake": false}], [54513, {"py/object": "odf.components.Data", "data": {"py/b64": "50E="}, "fake": false}], [54587, {"py/object": "odf.components.Data", "data": {"py/b64": "7gw="}, "fake": false}], [54656, {"py/object": "odf.components.Data", "data": {"py/b64": "t0A="}, "fake": false}], [54720, {"py/object": "odf.components.Data", "data": {"py/b64": "kE0="}, "fake": false}], [54794, {"py/object": "odf.components.Data", "data": {"py/b64": "PEA="}, "fake": false}], [54866, {"py/object": "odf.components.Data", "data": {"py/b64": "ksE="}, "fake": false}], [54941, {"py/object": "odf.components.Data", "data": {"py/b64": "6T0="}, "fake": false}], [55014, {"py/object": "odf.components.Data", "data": {"py/b64": "XXo="}, "fake": false}], [55083, {"py/object": "odf.components.Data", "data": {"py/b64": "ZD4="}, "fake": false}], [55156, {"py/object": "odf.components.Data", "data": {"py/b64": "Ykg="}, "fake": false}], [55232, {"py/object": "odf.components.Data", "data": {"py/b64": "q0E="}, "fake": false}], [57340, {"py/object": "odf.components.Status", "address": 12, "message_error_bit": "0", "instrumentation_bit": "0", "service_request_bit": "0", "reserved_bits": "000", "brdcst_received_bit": "0", "busy_bit": "0", "subsystem_flag_bit": "0", "dynamic_bus_control_accpt_bit": "0", "terminal_flag_bit": "1", "parity_bit": "1", "fake": false}], [57539, {"py/object": "odf.components.Command", "address": 1, "tr": 0, "sub_address": 2, "dword_count": 4, "parity": 0, "fake": false}], [57602, {"py/object": "odf.components.Data", "data": {"py/b64": "AAA="}, "fake": false}], [57616, {"py/object": "odf.components.Data", "data": {"py/b64": "AAA="}, "fake": false}], [57627, {"py/object": "odf.components.Data", "data": {"py/b64": "AAA="}, "fake": false}], [57638, {"py/object": "odf.components.Data", "data": {"py/b64": "AAA="}, "fake": false}], [59726, {"py/object": "odf.components.Status", "address": 1, "message_error_bit": "0", "instrumentation_bit": "0", "service_request_bit": "0", "reserved_bits": "000", "brdcst_received_bit": "0", "busy_bit": "0", "subsystem_flag_bit": "0", "dynamic_bus_control_accpt_bit": "0", "terminal_flag_bit": "1", "parity_bit": "1", "fake": false}], [59884, {"py/object": "odf.components.Command", "address": 31, "tr": 0, "sub_address": 2, "dword_count": 1, "parity": 0, "fake": false}], [59947, {"py/object": "odf.components.Data", "data": {"py/b64": "//8="}, "fake": false}], [59962, {"py/object": "odf.components.Command", "address": 4, "tr": 0, "sub_address": 2, "dword_count": 18, "parity": 0, "fake": false}], [59974, {"py/object": "odf.components.Command", "address": 3, "tr": 1, "sub_address": 2, "dword_count": 18, "parity": 0, "fake": false}], [62029, {"py/object": "odf.components.Status", "address": 3, "message_error_bit": "0", "instrumentation_bit": "0", "service_request_bit": "0", "reserved_bits": "000", "brdcst_received_bit": "0", "busy_bit": "0", "subsystem_flag_bit": "0", "dynamic_bus_control_accpt_bit": "0", "terminal_flag_bit": "1", "parity_bit": "1", "fake": false}], [62095, {"py/object": "odf.components.Data", "data": {"py/b64": "kuU="}, "fake": false}], [62174, {"py/object": "odf.components.Data", "data": {"py/b64": "eUM="}, "fake": false}], [62254, {"py/object": "odf.components.Data", "data": {"py/b64": "r2I="}, "fake": false}], [62334, {"py/object": "odf.components.Data", "data": {"py/b64": "AEU="}, "fake": false}], [62417, {"py/object": "odf.components.Data", "data": {"py/b64": "rWM="}, "fake": false}], [62495, {"py/object": "odf.components.Data", "data": {"py/b64": "kEQ="}, "fake": false}], [62575, {"py/object": "odf.components.Data", "data": {"py/b64": "DzY="}, "fake": false}], [62653, {"py/object": "odf.components.Data", "data": {"py/b64": "WkM="}, "fake": false}], [62736, {"py/object": "odf.components.Data", "data": {"py/b64": "D1o="}, "fake": false}], [62812, {"py/object": "odf.components.Data", "data": {"py/b64": "gUA="}, "fake": false}], [62892, {"py/object": "odf.components.Data", "data": {"py/b64": "nk0="}, "fake": false}], [62974, {"py/object": "odf.components.Data", "data": {"py/b64": "gUA="}, "fake": false}], [63040, {"py/object": "odf.components.Data", "data": {"py/b64": "rfk="}, "fake": false}], [63113, {"py/object": "odf.components.Data", "data": {"py/b64": "QkA="}, "fake": false}], [63174, {"py/object": "odf.components.Data", "data": {"py/b64": "Kk4="}, "fake": false}], [63255, {"py/object": "odf.components.Data", "data": {"py/b64": "1UM="}, "fake": false}], [63319, {"py/object": "odf.components.Data", "data": {"py/b64": "tww="}, "fake": false}], [63406, {"py/object": "odf.components.Data", "data": {"py/b64": "OkQ="}, "fake": false}], [65481, {"py/object": "odf.components.Status", "address": 4, "message_error_bit": "0", "instrumentation_bit": "0", "service_request_bit": "0", "reserved_bits": "000", "brdcst_received_bit": "0", "busy_bit": "0", "subsystem_flag_bit": "0", "dynamic_bus_control_accpt_bit": "0", "terminal_flag_bit": "1", "parity_bit": "1", "fake": false}], [65587, {"py/object": "odf.components.Command", "address": 6, "tr": 0, "sub_address": 2, "dword_count": 28, "parity": 0, "fake": false}], [65610, {"py/object": "odf.components.Command", "address": 5, "tr": 1, "sub_address": 2, "dword_count": 28, "parity": 0, "fake": false}], [65694, {"py/object": "odf.components.Data", "data": {"py/b64": "//8="}, "fake": true}], [67672, {"py/object": "odf.components.Status", "address": 5, "message_error_bit": "0", "instrumentation_bit": "0", "service_request_bit": "0", "reserved_bits": "000", "brdcst_received_bit": "0", "busy_bit": "0", "subsystem_flag_bit": "0", "dynamic_bus_control_accpt_bit": "0", "terminal_flag_bit": "1", "parity_bit": "1", "fake": false}], [67756, {"py/object": "odf.components.Data", "data": {"py/b64": "Ey4="}, "fake": false}], [67834, {"py/object": "odf.components.Data", "data": {"py/b64": "dkM="}, "fake": false}], [67913, {"py/object": "odf.components.Data", "data": {"py/b64": "sXc="}, "fake": false}], [67993, {"py/object": "odf.components.Data", "data": {"py/b64": "0EM="}, "fake": false}], [68076, {"py/object": "odf.components.Data", "data": {"py/b64": "xLw="}, "fake": false}], [68153, {"py/object": "odf.components.Data", "data": {"py/b64": "ocM="}, "fake": false}], [68234, {"py/object": "odf.components.Data", "data": {"py/b64": "s28="}, "fake": false}], [68314, {"py/object": "odf.components.Data", "data": {"py/b64": "CUI="}, "fake": false}], [68393, {"py/object": "odf.components.Data", "data": {"py/b64": "LeI="}, "fake": false}], [68474, {"py/object": "odf.components.Data", "data": {"py/b64": "gsM="}, "fake": false}], [68553, {"py/object": "odf.components.Data", "data": {"py/b64": "Idw="}, "fake": false}], [68633, {"py/object": "odf.components.Data", "data": {"py/b64": "EEE="}, "fake": false}], [68714, {"py/object": "odf.components.Data", "data": {"py/b64": "DDE="}, "fake": false}], [68793, {"py/object": "odf.components.Data", "data": {"py/b64": "tb8="}, "fake": false}], [68872, {"py/object": "odf.components.Data", "data": {"py/b64": "TDM="}, "fake": false}], [68951, {"py/object": "odf.components.Data", "data": {"py/b64": "P8E="}, "fake": false}], [69033, {"py/object": "odf.components.Data", "data": {"py/b64": "BHI="}, "fake": false}], [69110, {"py/object": "odf.components.Data", "data": {"py/b64": "o8A="}, "fake": false}], [69190, {"py/object": "odf.components.Data", "data": {"py/b64": "7ec="}, "fake": false}], [69271, {"py/object": "odf.components.Data", "data": {"py/b64": "CcE="}, "fake": false}], [69349, {"py/object": "odf.components.Data", "data": {"py/b64": "4XY="}, "fake": false}], [69430, {"py/object": "odf.components.Data", "data": {"py/b64": "0EM="}, "fake": false}], [69507, {"py/object": "odf.components.Data", "data": {"py/b64": "FBA="}, "fake": false}], [69589, {"py/object": "odf.components.Data", "data": {"py/b64": "YcE="}, "fake": false}], [69665, {"py/object": "odf.components.Data", "data": {"py/b64": "AfI="}, "fake": false}], [69736, {"py/object": "odf.components.Data", "data": {"py/b64": "uEA="}, "fake": false}], [69819, {"py/object": "odf.components.Data", "data": {"py/b64": "v9Y="}, "fake": false}], [69898, {"py/object": "odf.components.Data", "data": {"py/b64": "oz4="}, "fake": false}], [71949, {"py/object": "odf.components.Status", "address": 6, "message_error_bit": "0", "instrumentation_bit": "0", "service_request_bit": "0", "reserved_bits": "000", "brdcst_received_bit": "0", "busy_bit": "0", "subsystem_flag_bit": "0", "dynamic_bus_control_accpt_bit": "0", "terminal_flag_bit": "1", "parity_bit": "1", "fake": false}], [72007, {"py/object": "odf.components.Command", "address": 8, "tr": 0, "sub_address": 2, "dword_count": 8, "parity": 0, "fake": false}], [72025, {"py/object": "odf.components.Command", "address": 7, "tr": 1, "sub_address": 2, "dword_count": 8, "parity": 0, "fake": false}], [74089, {"py/object": "odf.components.Status", "address": 7, "message_error_bit": "0", "instrumentation_bit": "0", "service_request_bit": "0", "reserved_bits": "000", "brdcst_received_bit": "0", "busy_bit": "0", "subsystem_flag_bit": "0", "dynamic_bus_control_accpt_bit": "0", "terminal_flag_bit": "1", "parity_bit": "1", "fake": false}], [74169, {"py/object": "odf.components.Data", "data": {"py/b64": "BwQ="}, "fake": false}], [74249, {"py/object": "odf.components.Data", "data": {"py/b64": "2L0="}, "fake": false}], [74329, {"py/object": "odf.components.Data", "data": {"py/b64": "/3Q="}, "fake": false}], [74407, {"py/object": "odf.components.Data", "data": {"py/b64": "5z4="}, "fake": false}], [74489, {"py/object": "odf.components.Data", "data": {"py/b64": "khE="}, "fake": false}], [74567, {"py/object": "odf.components.Data", "data": {"py/b64": "5zw="}, "fake": false}], [74652, {"py/object": "odf.components.Data", "data": {"py/b64": "CvU="}, "fake": false}], [74745, {"py/object": "odf.components.Data", "data": {"py/b64": "1bk="}, "fake": false}], [76876, {"py/object": "odf.components.Status", "address": 8, "message_error_bit": "0", "instrumentation_bit": "0", "service_request_bit": "0", "reserved_bits": "000", "brdcst_received_bit": "0", "busy_bit": "0", "subsystem_flag_bit": "0", "dynamic_bus_control_accpt_bit": "0", "terminal_flag_bit": "1", "parity_bit": "1", "fake": false}], [76941, {"py/object": "odf.components.Command", "address": 10, "tr": 0, "sub_address": 2, "dword_count": 12, "parity": 0, "fake": false}], [76959, {"py/object": "odf.components.Command", "address": 9, "tr": 1, "sub_address": 2, "dword_count": 12, "parity": 0, "fake": false}], [79029, {"py/object": "odf.components.Status", "address": 9, "message_error_bit": "0", "instrumentation_bit": "0", "service_request_bit": "0", "reserved_bits": "000", "brdcst_received_bit": "0", "busy_bit": "0", "subsystem_flag_bit": "0", "dynamic_bus_control_accpt_bit": "0", "terminal_flag_bit": "1", "parity_bit": "1", "fake": false}], [79108, {"py/object": "odf.components.Data", "data": {"py/b64": "66w="}, "fake": false}], [79192, {"py/object": "odf.components.Data", "data": {"py/b64": "B0I="}, "fake": false}], [79274, {"py/object": "odf.components.Data", "data": {"py/b64": "k+s="}, "fake": false}], [79355, {"py/object": "odf.components.Data", "data": {"py/b64": "7MI="}, "fake": false}], [79433, {"py/object": "odf.components.Data", "data": {"py/b64": "Guk="}, "fake": false}], [79514, {"py/object": "odf.components.Data", "data": {"py/b64": "A0Q="}, "fake": false}], [79595, {"py/object": "odf.components.Data", "data": {"py/b64": "yKw="}, "fake": false}], [79676, {"py/object": "odf.components.Data", "data": {"py/b64": "B0I="}, "fake": false}], [79756, {"py/object": "odf.components.Data", "data": {"py/b64": "nOs="}, "fake": false}], [79839, {"py/object": "odf.components.Data", "data": {"py/b64": "7MI="}, "fake": false}], [79923, {"py/object": "odf.components.Data", "data": {"py/b64": "Ico="}, "fake": false}], [80006, {"py/object": "odf.components.Data", "data": {"py/b64": "2EQ="}, "fake": false}], [82093, {"py/object": "odf.components.Status", "address": 10, "message_error_bit": "0", "instrumentation_bit": "0", "service_request_bit": "0", "reserved_bits": "000", "brdcst_received_bit": "0", "busy_bit": "0", "subsystem_flag_bit": "0", "dynamic_bus_control_accpt_bit": "0", "terminal_flag_bit": "1", "parity_bit": "1", "fake": false}], [82172, {"py/object": "odf.components.Command", "address": 12, "tr": 0, "sub_address": 2, "dword_count": 16, "parity": 0, "fake": false}], [82194, {"py/object": "odf.components.Command", "address": 11, "tr": 1, "sub_address": 2, "dword_count": 16, "parity": 0, "fake": false}], [84264, {"py/object": "odf.components.Status", "address": 11, "message_error_bit": "0", "instrumentation_bit": "0", "service_request_bit": "0", "reserved_bits": "000", "brdcst_received_bit": "0", "busy_bit": "0", "subsystem_flag_bit": "0", "dynamic_bus_control_accpt_bit": "0", "terminal_flag_bit": "1", "parity_bit": "1", "fake": false}], [84346, {"py/object": "odf.components.Data", "data": {"py/b64": "jh4="}, "fake": false}], [84424, {"py/object": "odf.components.Data", "data": {"py/b64": "Ezs="}, "fake": false}], [84506, {"py/object": "odf.components.Data", "data": {"py/b64": "oIY="}, "fake": false}], [84589, {"py/object": "odf.components.Data", "data": {"py/b64": "MkE="}, "fake": false}], [84668, {"py/object": "odf.components.Data", "data": {"py/b64": "jBA="}, "fake": false}], [84750, {"py/object": "odf.components.Data", "data": {"py/b64": "30E="}, "fake": false}], [84831, {"py/object": "odf.components.Data", "data": {"py/b64": "6Nw="}, "fake": false}], [84915, {"py/object": "odf.components.Data", "data": {"py/b64": "oEA="}, "fake": false}], [84996, {"py/object": "odf.components.Data", "data": {"py/b64": "vdY="}, "fake": false}], [85076, {"py/object": "odf.components.Data", "data": {"py/b64": "IUA="}, "fake": false}], [85159, {"py/object": "odf.components.Data", "data": {"py/b64": "oWc="}, "fake": false}], [85242, {"py/object": "odf.components.Data", "data": {"py/b64": "ULs="}, "fake": false}], [85322, {"py/object": "odf.components.Data", "data": {"py/b64": "bw8="}, "fake": false}], [85405, {"py/object": "odf.components.Data", "data": {"py/b64": "ED0="}, "fake": false}], [85490, {"py/object": "odf.components.Data", "data": {"py/b64": "5rU="}, "fake": false}], [85572, {"py/object": "odf.components.Data", "data": {"py/b64": "nEE="}, "fake": false}], [87696, {"py/object": "odf.components.Status", "address": 12, "message_error_bit": "0", "instrumentation_bit": "0", "service_request_bit": "0", "reserved_bits": "000", "brdcst_received_bit": "0", "busy_bit": "0", "subsystem_flag_bit": "0", "dynamic_bus_control_accpt_bit": "0", "terminal_flag_bit": "1", "parity_bit": "1", "fake": false}], [87891, {"py/object": "odf.components.Command", "address": 1, "tr": 0, "sub_address": 2, "dword_count": 4, "parity": 0, "fake": false}], [87955, {"py/object": "odf.components.Data", "data": {"py/b64": "AAA="}, "fake": false}], [87976, {"py/object": "odf.components.Data", "data": {"py/b64": "AAA="}, "fake": false}], [87989, {"py/object": "odf.components.Data", "data": {"py/b64": "AAA="}, "fake": false}], [88001, {"py/object": "odf.components.Data", "data": {"py/b64": "AAA="}, "fake": false}], [90039, {"py/object": "odf.components.Status", "address": 1, "message_error_bit": "0", "instrumentation_bit": "0", "service_request_bit": "0", "reserved_bits": "000", "brdcst_received_bit": "0", "busy_bit": "0", "subsystem_flag_bit": "0", "dynamic_bus_control_accpt_bit": "0", "terminal_flag_bit": "1", "parity_bit": "1", "fake": false}], [90204, {"py/object": "odf.components.Command", "address": 31, "tr": 0, "sub_address": 2, "dword_count": 1, "parity": 0, "fake": false}], [90295, {"py/object": "odf.components.Data", "data": {"py/b64": "//8="}, "fake": false}], [90382, {"py/object": "odf.components.Command", "address": 4, "tr": 0, "sub_address": 2, "dword_count": 18, "parity": 0, "fake": false}], [90425, {"py/object": "odf.components.Command", "address": 3, "tr": 1, "sub_address": 2, "dword_count": 18, "parity": 0, "fake": false}], [90445, {"py/object": "odf.components.Data", "data": {"py/b64": "//8="}, "fake": true}], [92369, {"py/object": "odf.components.Status", "address": 3, "message_error_bit": "0", "instrumentation_bit": "0", "service_request_bit": "0", "reserved_bits": "000", "brdcst_received_bit": "0", "busy_bit": "0", "subsystem_flag_bit": "0", "dynamic_bus_control_accpt_bit": "0", "terminal_flag_bit": "1", "parity_bit": "1", "fake": false}], [92449, {"py/object": "odf.components.Data", "data": {"py/b64": "t+A="}, "fake": false}], [92546, {"py/object": "odf.components.Data", "data": {"py/b64": "eUM="}, "fake": false}], [92694, {"py/object": "odf.components.Data", "data": {"py/b64": "//8="}, "fake": true}], [92726, {"py/object": "odf.components.Data", "data": {"py/b64": "uvk="}, "fake": false}], [92810, {"py/object": "odf.components.Data", "data": {"py/b64": "AEU="}, "fake": false}], [92954, {"py/object": "odf.components.Data", "data": {"py/b64": "6FE="}, "fake": false}], [92987, {"py/object": "odf.components.Data", "data": {"py/b64": "//8="}, "fake": true}], [93067, {"py/object": "odf.components.Data", "data": {"py/b64": "B0U="}, "fake": false}], [93165, {"py/object": "odf.components.Data", "data": {"py/b64": "ImQ="}, "fake": false}], [93253, {"py/object": "odf.components.Data", "data": {"py/b64": "//8="}, "fake": true}], [93323, {"py/object": "odf.components.Data", "data": {"py/b64": "C0M="}, "fake": false}], [93422, {"py/object": "odf.components.Data", "data": {"py/b64": "jTA="}, "fake": false}], [93560, {"py/object": "odf.components.Data", "data": {"py/b64": "//8="}, "fake": true}], [93594, {"py/object": "odf.components.Data", "data": {"py/b64": "PkA="}, "fake": false}], [93677, {"py/object": "odf.components.Data", "data": {"py/b64": "ox0="}, "fake": false}], [93822, {"py/object": "odf.components.Data", "data": {"py/b64": "PkA="}, "fake": false}], [93866, {"py/object": "odf.components.Data", "data": {"py/b64": "//8="}, "fake": true}], [93947, {"py/object": "odf.components.Data", "data": {"py/b64": "NQQ="}, "fake": false}], [94045, {"py/object": "odf.components.Data", "data": {"py/b64": "Q0A="}, "fake": false}], [94136, {"py/object": "odf.components.Data", "data": {"py/b64": "//8="}, "fake": true}], [94206, {"py/object": "odf.components.Data", "data": {"py/b64": "wdI="}, "fake": false}], [94306, {"py/object": "odf.components.Data", "data": {"py/b64": "1EM="}, "fake": false}], [94427, {"py/object": "odf.components.Data", "data": {"py/b64": "//8="}, "fake": true}], [94455, {"py/object": "odf.components.Data", "data": {"py/b64": "tww="}, "fake": false}], [94519, {"py/object": "odf.components.Data", "data": {"py/b64": "OkQ="}, "fake": false}], [94616, {"py/object": "odf.components.Data", "data": {"py/b64": "//8="}, "fake": true}], [94721, {"py/object": "odf.components.Data", "data": {"py/b64": "//8="}, "fake": true}], [94844, {"py/object": "odf.components.Data", "data": {"py/b64": "//8="}, "fake": true}], [94965, {"py/object": "odf.components.Data", "data": {"py/b64": "//8="}, "fake": true}], [95086, {"py/object": "odf.components.Data", "data": {"py/b64": "//8="}, "fake": true}], [95210, {"py/object": "odf.components.Data", "data": {"py/b64": "//8="}, "fake": true}], [95326, {"py/object": "odf.components.Data", "data": {"py/b64": "//8="}, "fake": true}], [95453, {"py/object": "odf.components.Data", "data": {"py/b64": "//8="}, "fake": true}], [95573, {"py/object": "odf.components.Data", "data": {"py/b64": "//8="}, "fake": true}], [95696, {"py/object": "odf.components.Data", "data": {"py/b64": "//8="}, "fake": true}], [95811, {"py/object": "odf.components.Data", "data": {"py/b64": "//8="}, "fake": true}], [95976, {"py/object": "odf.components.Status", "address": 4, "message_error_bit": "0", "instrumentation_bit": "0", "service_request_bit": "0", "reserved_bits": "000", "brdcst_received_bit": "0", "busy_bit": "0", "subsystem_flag_bit": "0", "dynamic_bus_control_accpt_bit": "0", "terminal_flag_bit": "1", "parity_bit": "1", "fake": false}], [96049, {"py/object": "odf.components.Command", "address": 6, "tr": 0, "sub_address": 2, "dword_count": 28, "parity": 0, "fake": false}], [96070, {"py/object": "odf.components.Command", "address": 5, "tr": 1, "sub_address": 2, "dword_count": 28, "parity": 0, "fake": false}], [96217, {"py/object": "odf.components.Data", "data": {"py/b64": "//8="}, "fake": true}], [98131, {"py/object": "odf.components.Status", "address": 5, "message_error_bit": "0", "instrumentation_bit": "0", "service_request_bit": "0", "reserved_bits": "000", "brdcst_received_bit": "0", "busy_bit": "0", "subsystem_flag_bit": "0", "dynamic_bus_control_accpt_bit": "0", "terminal_flag_bit": "1", "parity_bit": "1", "fake": false}], [98214, {"py/object": "odf.components.Data", "data": {"py/b64": "uW0="}, "fake": false}], [98298, {"py/object": "odf.components.Data", "data": {"py/b64": "fkM="}, "fake": false}], [98381, {"py/object": "odf.components.Data", "data": {"py/b64": "lWY="}, "fake": false}], [98460, {"py/object": "odf.components.Data", "data": {"py/b64": "10M="}, "fake": false}], [98541, {"py/object": "odf.components.Data", "data": {"py/b64": "/mo="}, "fake": false}], [98627, {"py/object": "odf.components.Data", "data": {"py/b64": "lUI="}, "fake": false}], [98707, {"py/object": "odf.components.Data", "data": {"py/b64": "YCI="}, "fake": false}], [98790, {"py/object": "odf.components.Data", "data": {"py/b64": "CUI="}, "fake": false}], [98868, {"py/object": "odf.components.Data", "data": {"py/b64": "bWE="}, "fake": false}], [98950, {"py/object": "odf.components.Data", "data": {"py/b64": "08M="}, "fake": false}], [99033, {"py/object": "odf.components.Data", "data": {"py/b64": "llI="}, "fake": false}], [99117, {"py/object": "odf.components.Data", "data": {"py/b64": "bUE="}, "fake": false}], [99199, {"py/object": "odf.components.Data", "data": {"py/b64": "W9I="}, "fake": false}], [99282, {"py/object": "odf.components.Data", "data": {"py/b64": "xD4="}, "fake": false}], [99364, {"py/object": "odf.components.Data", "data": {"py/b64": "2jM="}, "fake": false}], [99449, {"py/object": "odf.components.Data", "data": {"py/b64": "D0A="}, "fake": false}], [99533, {"py/object": "odf.components.Data", "data": {"py/b64": "kE0="}, "fake": false}], [99593, {"py/object": "odf.components.Data", "data": {"py/b64": "7cA="}, "fake": false}], [99677, {"py/object": "odf.components.Data", "data": {"py/b64": "rDs="}, "fake": false}], [99758, {"py/object": "odf.components.Data", "data": {"py/b64": "BME="}, "fake": false}], [99840, {"py/object": "odf.components.Data", "data": {"py/b64": "12c="}, "fake": false}], [99923, {"py/object": "odf.components.Data", "data": {"py/b64": "10M="}, "fake": false}], [100005, {"py/object": "odf.components.Data", "data": {"py/b64": "hJg="}, "fake": false}], [100087, {"py/object": "odf.components.Data", "data": {"py/b64": "WcE="}, "fake": false}], [100169, {"py/object": "odf.components.Data", "data": {"py/b64": "BpA="}, "fake": false}], [100249, {"py/object": "odf.components.Data", "data": {"py/b64": "2kA="}, "fake": false}], [100333, {"py/object": "odf.components.Data", "data": {"py/b64": "C0Q="}, "fake": false}], [100415, {"py/object": "odf.components.Data", "data": {"py/b64": "1T4="}, "fake": false}], [102466, {"py/object": "odf.components.Status", "address": 6, "message_error_bit": "0", "instrumentation_bit": "0", "service_request_bit": "0", "reserved_bits": "000", "brdcst_received_bit": "0", "busy_bit": "0", "subsystem_flag_bit": "0", "dynamic_bus_control_accpt_bit": "0", "terminal_flag_bit": "1", "parity_bit": "1", "fake": false}], [102531, {"py/object": "odf.components.Command", "address": 8, "tr": 0, "sub_address": 2, "dword_count": 8, "parity": 0, "fake": false}], [102547, {"py/object": "odf.components.Command", "address": 7, "tr": 1, "sub_address": 2, "dword_count": 8, "parity": 0, "fake": false}], [104620, {"py/object": "odf.components.Status", "address": 7, "message_error_bit": "0", "instrumentation_bit": "0", "service_request_bit": "0", "reserved_bits": "000", "brdcst_received_bit": "0", "busy_bit": "0", "subsystem_flag_bit": "0", "dynamic_bus_control_accpt_bit": "0", "terminal_flag_bit": "1", "parity_bit": "1", "fake": false}], [104704, {"py/object": "odf.components.Data", "data": {"py/b64": "SoE="}, "fake": false}], [104787, {"py/object": "odf.components.Data", "data": {"py/b64": "1b0="}, "fake": false}], [104846, {"py/object": "odf.components.Data", "data": {"py/b64": "MwE="}, "fake": false}], [104922, {"py/object": "odf.components.Data", "data": {"py/b64": "4z4="}, "fake": false}], [104983, {"py/object": "odf.components.Data", "data": {"py/b64": "0h0="}, "fake": false}], [105067, {"py/object": "odf.components.Data", "data": {"py/b64": "4jw="}, "fake": false}], [105133, {"py/object": "odf.components.Data", "data": {"py/b64": "VoA="}, "fake": false}], [105211, {"py/object": "odf.components.Data", "data": {"py/b64": "Ezo="}, "fake": false}], [107331, {"py/object": "odf.components.Status", "address": 8, "message_error_bit": "0", "instrumentation_bit": "0", "service_request_bit": "0", "reserved_bits": "000", "brdcst_received_bit": "0", "busy_bit": "0", "subsystem_flag_bit": "0", "dynamic_bus_control_accpt_bit": "0", "terminal_flag_bit": "1", "parity_bit": "1", "fake": false}], [107414, {"py/object": "odf.components.Command", "address": 10, "tr": 0, "sub_address": 2, "dword_count": 12, "parity": 0, "fake": false}], [107434, {"py/object": "odf.components.Command", "address": 9, "tr": 1, "sub_address": 2, "dword_count": 12, "parity": 0, "fake": false}], [109501, {"py/object": "odf.components.Status", "address": 9, "message_error_bit": "0", "instrumentation_bit": "0", "service_request_bit": "0", "reserved_bits": "000", "brdcst_received_bit": "0", "busy_bit": "0", "subsystem_flag_bit": "0", "dynamic_bus_control_accpt_bit": "0", "terminal_flag_bit": "1", "parity_bit": "1", "fake": false}], [109585, {"py/object": "odf.components.Data", "data": {"py/b64": "n4g="}, "fake": false}], [109666, {"py/object": "odf.components.Data", "data": {"py/b64": "B0I="}, "fake": false}], [109750, {"py/object": "odf.components.Data", "data": {"py/b64": "Keo="}, "fake": false}], [109834, {"py/object": "odf.components.Data", "data": {"py/b64": "7MI="}, "fake": false}], [109916, {"py/object": "odf.components.Data", "data": {"py/b64": "pCE="}, "fake": false}], [109996, {"py/object": "odf.components.Data", "data": {"py/b64": "V0Q="}, "fake": false}], [110079, {"py/object": "odf.components.Data", "data": {"py/b64": "fog="}, "fake": false}], [110160, {"py/object": "odf.components.Data", "data": {"py/b64": "B0I="}, "fake": false}], [110243, {"py/object": "odf.components.Data", "data": {"py/b64": "Huo="}, "fake": false}], [110326, {"py/object": "odf.components.Data", "data": {"py/b64": "7MI="}, "fake": false}], [110412, {"py/object": "odf.components.Data", "data": {"py/b64": "ZLs="}, "fake": false}], [110497, {"py/object": "odf.components.Data", "data": {"py/b64": "MEU="}, "fake": false}], [112628, {"py/object": "odf.components.Status", "address": 10, "message_error_bit": "0", "instrumentation_bit": "0", "service_request_bit": "0", "reserved_bits": "000", "brdcst_received_bit": "0", "busy_bit": "0", "subsystem_flag_bit": "0", "dynamic_bus_control_accpt_bit": "0", "terminal_flag_bit": "1", "parity_bit": "1", "fake": false}], [112707, {"py/object": "odf.components.Command", "address": 12, "tr": 0, "sub_address": 2, "dword_count": 16, "parity": 0, "fake": false}], [112728, {"py/object": "odf.components.Command", "address": 11, "tr": 1, "sub_address": 2, "dword_count": 16, "parity": 0, "fake": false}], [114798, {"py/object": "odf.components.Status", "address": 11, "message_error_bit": "0", "instrumentation_bit": "0", "service_request_bit": "0", "reserved_bits": "000", "brdcst_received_bit": "0", "busy_bit": "0", "subsystem_flag_bit": "0", "dynamic_bus_control_accpt_bit": "0", "terminal_flag_bit": "1", "parity_bit": "1", "fake": false}], [114863, {"py/object": "odf.components.Data", "data": {"py/b64": "acw="}, "fake": false}], [114945, {"py/object": "odf.components.Data", "data": {"py/b64": "Djs="}, "fake": false}], [115074, {"py/object": "odf.components.Data", "data": {"py/b64": "4M0="}, "fake": false}], [115119, {"py/object": "odf.components.Data", "data": {"py/b64": "EkE="}, "fake": false}], [115196, {"py/object": "odf.components.Data", "data": {"py/b64": "agI="}, "fake": false}], [115277, {"py/object": "odf.components.Data", "data": {"py/b64": "10E="}, "fake": false}], [115353, {"py/object": "odf.components.Data", "data": {"py/b64": "gtw="}, "fake": false}], [115424, {"py/object": "odf.components.Data", "data": {"py/b64": "qUA="}, "fake": false}], [115486, {"py/object": "odf.components.Data", "data": {"py/b64": "kQM="}, "fake": false}], [115563, {"py/object": "odf.components.Data", "data": {"py/b64": "KkA="}, "fake": false}], [115629, {"py/object": "odf.components.Data", "data": {"py/b64": "wFo="}, "fake": false}], [115704, {"py/object": "odf.components.Data", "data": {"py/b64": "Mj0="}, "fake": false}], [115790, {"py/object": "odf.components.Data", "data": {"py/b64": "DQI="}, "fake": false}], [115873, {"py/object": "odf.components.Data", "data": {"py/b64": "lb0="}, "fake": false}], [115955, {"py/object": "odf.components.Data", "data": {"py/b64": "Zrw="}, "fake": false}], [116041, {"py/object": "odf.components.Data", "data": {"py/b64": "jkE="}, "fake": false}], [118183, {"py/object": "odf.components.Status", "address": 12, "message_error_bit": "0", "instrumentation_bit": "0", "service_request_bit": "0", "reserved_bits": "000", "brdcst_received_bit": "0", "busy_bit": "0", "subsystem_flag_bit": "0", "dynamic_bus_control_accpt_bit": "0", "terminal_flag_bit": "1", "parity_bit": "1", "fake": false}], [118376, {"py/object": "odf.components.Command", "address": 1, "tr": 0, "sub_address": 2, "dword_count": 4, "parity": 0, "fake": false}], [118442, {"py/object": "odf.components.Data", "data": {"py/b64": "AAA="}, "fake": false}], [118468, {"py/object": "odf.components.Data", "data": {"py/b64": "AAA="}, "fake": false}], [118484, {"py/object": "odf.components.Data", "data": {"py/b64": "AAA="}, "fake": false}], [118499, {"py/object": "odf.components.Data", "data": {"py/b64": "AAA="}, "fake": false}]], "attack_times": [[65604, 90326, 92508, 92805, 93087, 93358, 93681, 93968, 94254, 94531, 94635, 94755, 94875, 94996, 95120, 95238, 95365, 95483, 95606, 95724, 96124]], "attack_types": ["Collision_Attack_against_an_RT"], "attack_outcome": [true]}