{"data": [[385, {"py/object": "odf.components.Command", "address": 31, "tr": 0, "sub_address": 2, "dword_count": 1, "parity": 0, "fake": false}], [490, {"py/object": "odf.components.Data", "data": {"py/b64": "//8="}, "fake": false}], [536, {"py/object": "odf.components.Command", "address": 4, "tr": 0, "sub_address": 2, "dword_count": 18, "parity": 0, "fake": false}], [554, {"py/object": "odf.components.Command", "address": 3, "tr": 1, "sub_address": 2, "dword_count": 18, "parity": 0, "fake": false}], [2621, {"py/object": "odf.components.Status", "address": 3, "message_error_bit": "0", "instrumentation_bit": "0", "service_request_bit": "0", "reserved_bits": "000", "brdcst_received_bit": "0", "busy_bit": "0", "subsystem_flag_bit": "0", "dynamic_bus_control_accpt_bit": "0", "terminal_flag_bit": "1", "parity_bit": "1", "fake": false}], [2686, {"py/object": "odf.components.Data", "data": {"py/b64": "iKs="}, "fake": false}], [2758, {"py/object": "odf.components.Data", "data": {"py/b64": "JUI="}, "fake": false}], [2830, {"py/object": "odf.components.Data", "data": {"py/b64": "yLM="}, "fake": false}], [2903, {"py/object": "odf.components.Data", "data": {"py/b64": "fb0="}, "fake": false}], [2975, {"py/object": "odf.components.Data", "data": {"py/b64": "RYY="}, "fake": false}], [3044, {"py/object": "odf.components.Data", "data": {"py/b64": "7kI="}, "fake": false}], [3114, {"py/object": "odf.components.Data", "data": {"py/b64": "q80="}, "fake": false}], [3186, {"py/object": "odf.components.Data", "data": {"py/b64": "iEM="}, "fake": false}], [3254, {"py/object": "odf.components.Data", "data": {"py/b64": "768="}, "fake": false}], [3322, {"py/object": "odf.components.Data", "data": {"py/b64": "i0A="}, "fake": false}], [3394, {"py/object": "odf.components.Data", "data": {"py/b64": "ALA="}, "fake": false}], [3467, {"py/object": "odf.components.Data", "data": {"py/b64": "i0A="}, "fake": false}], [3538, {"py/object": "odf.components.Data", "data": {"py/b64": "2w8="}, "fake": false}], [3609, {"py/object": "odf.components.Data", "data": {"py/b64": "SUA="}, "fake": false}], [3679, {"py/object": "odf.components.Data", "data": {"py/b64": "pKM="}, "fake": false}], [3750, {"py/object": "odf.components.Data", "data": {"py/b64": "1kM="}, "fake": false}], [3822, {"py/object": "odf.components.Data", "data": {"py/b64": "tww="}, "fake": false}], [3898, {"py/object": "odf.components.Data", "data": {"py/b64": "OkQ="}, "fake": false}], [6020, {"py/object": "odf.components.Status", "address": 4, "message_error_bit": "0", "instrumentation_bit": "0", "service_request_bit": "0", "reserved_bits": "000", "brdcst_received_bit": "0", "busy_bit": "0", "subsystem_flag_bit": "0", "dynamic_bus_control_accpt_bit": "0", "terminal_flag_bit": "1", "parity_bit": "1", "fake": false}], [6073, {"py/object": "odf.components.Command", "address": 6, "tr": 0, "sub_address": 2, "dword_count": 28, "parity": 0, "fake": false}], [6090, {"py/object": "odf.components.Command", "address": 5, "tr": 1, "sub_address": 2, "dword_count": 28, "parity": 0, "fake": false}], [8160, {"py/object": "odf.components.Status", "address": 5, "message_error_bit": "0", "instrumentation_bit": "0", "service_request_bit": "0", "reserved_bits": "000", "brdcst_received_bit": "0", "busy_bit": "0", "subsystem_flag_bit": "0", "dynamic_bus_control_accpt_bit": "0", "terminal_flag_bit": "1", "parity_bit": "1", "fake": false}], [8228, {"py/object": "odf.components.Data", "data": {"py/b64": "wpE="}, "fake": false}], [8289, {"py/object": "odf.components.Data", "data": {"py/b64": "rEI="}, "fake": false}], [8352, {"py/object": "odf.components.Data", "data": {"py/b64": "SSg="}, "fake": false}], [8408, {"py/object": "odf.components.Data", "data": {"py/b64": "EkM="}, "fake": false}], [8472, {"py/object": "odf.components.Data", "data": {"py/b64": "z7A="}, "fake": false}], [8535, {"py/object": "odf.components.Data", "data": {"py/b64": "EcM="}, "fake": false}], [8598, {"py/object": "odf.components.Data", "data": {"py/b64": "ahU="}, "fake": false}], [8665, {"py/object": "odf.components.Data", "data": {"py/b64": "Tzw="}, "fake": false}], [8733, {"py/object": "odf.components.Data", "data": {"py/b64": "3ig="}, "fake": false}], [8794, {"py/object": "odf.components.Data", "data": {"py/b64": "kcE="}, "fake": false}], [8851, {"py/object": "odf.components.Data", "data": {"py/b64": "N+8="}, "fake": false}], [8917, {"py/object": "odf.components.Data", "data": {"py/b64": "UsE="}, "fake": false}], [8985, {"py/object": "odf.components.Data", "data": {"py/b64": "Jeg="}, "fake": false}], [9058, {"py/object": "odf.components.Data", "data": {"py/b64": "bL8="}, "fake": false}], [9113, {"py/object": "odf.components.Data", "data": {"py/b64": "KRk="}, "fake": false}], [9177, {"py/object": "odf.components.Data", "data": {"py/b64": "BMA="}, "fake": false}], [9251, {"py/object": "odf.components.Data", "data": {"py/b64": "0GE="}, "fake": false}], [9323, {"py/object": "odf.components.Data", "data": {"py/b64": "Bbw="}, "fake": false}], [9394, {"py/object": "odf.components.Data", "data": {"py/b64": "I64="}, "fake": false}], [9468, {"py/object": "odf.components.Data", "data": {"py/b64": "bkA="}, "fake": false}], [9540, {"py/object": "odf.components.Data", "data": {"py/b64": "rHU="}, "fake": false}], [9610, {"py/object": "odf.components.Data", "data": {"py/b64": "F0M="}, "fake": false}], [9681, {"py/object": "odf.components.Data", "data": {"py/b64": "dbY="}, "fake": false}], [9753, {"py/object": "odf.components.Data", "data": {"py/b64": "Db4="}, "fake": false}], [9824, {"py/object": "odf.components.Data", "data": {"py/b64": "TfE="}, "fake": false}], [9898, {"py/object": "odf.components.Data", "data": {"py/b64": "FsA="}, "fake": false}], [9969, {"py/object": "odf.components.Data", "data": {"py/b64": "cHg="}, "fake": false}], [10044, {"py/object": "odf.components.Data", "data": {"py/b64": "UEE="}, "fake": false}], [12138, {"py/object": "odf.components.Status", "address": 6, "message_error_bit": "0", "instrumentation_bit": "0", "service_request_bit": "0", "reserved_bits": "000", "brdcst_received_bit": "0", "busy_bit": "0", "subsystem_flag_bit": "0", "dynamic_bus_control_accpt_bit": "0", "terminal_flag_bit": "1", "parity_bit": "1", "fake": false}], [12223, {"py/object": "odf.components.Command", "address": 8, "tr": 0, "sub_address": 2, "dword_count": 8, "parity": 0, "fake": false}], [12240, {"py/object": "odf.components.Command", "address": 7, "tr": 1, "sub_address": 2, "dword_count": 8, "parity": 0, "fake": false}], [14309, {"py/object": "odf.components.Status", "address": 7, "message_error_bit": "0", "instrumentation_bit": "0", "service_request_bit": "0", "reserved_bits": "000", "brdcst_received_bit": "0", "busy_bit": "0", "subsystem_flag_bit": "0", "dynamic_bus_control_accpt_bit": "0", "terminal_flag_bit": "1", "parity_bit": "1", "fake": false}], [14381, {"py/object": "odf.components.Data", "data": {"py/b64": "xJ4="}, "fake": false}], [14453, {"py/object": "odf.components.Data", "data": {"py/b64": "YL0="}, "fake": false}], [14523, {"py/object": "odf.components.Data", "data": {"py/b64": "xsM="}, "fake": false}], [14595, {"py/object": "odf.components.Data", "data": {"py/b64": "FTo="}, "fake": false}], [14665, {"py/object": "odf.components.Data", "data": {"py/b64": "lOM="}, "fake": false}], [14740, {"py/object": "odf.components.Data", "data": {"py/b64": "Jz0="}, "fake": false}], [14809, {"py/object": "odf.components.Data", "data": {"py/b64": "z3E="}, "fake": false}], [14890, {"py/object": "odf.components.Data", "data": {"py/b64": "lDk="}, "fake": false}], [17020, {"py/object": "odf.components.Status", "address": 8, "message_error_bit": "0", "instrumentation_bit": "0", "service_request_bit": "0", "reserved_bits": "000", "brdcst_received_bit": "0", "busy_bit": "0", "subsystem_flag_bit": "0", "dynamic_bus_control_accpt_bit": "0", "terminal_flag_bit": "1", "parity_bit": "1", "fake": false}], [17070, {"py/object": "odf.components.Command", "address": 10, "tr": 0, "sub_address": 2, "dword_count": 12, "parity": 0, "fake": false}], [17088, {"py/object": "odf.components.Command", "address": 9, "tr": 1, "sub_address": 2, "dword_count": 12, "parity": 0, "fake": false}], [19160, {"py/object": "odf.components.Status", "address": 9, "message_error_bit": "0", "instrumentation_bit": "0", "service_request_bit": "0", "reserved_bits": "000", "brdcst_received_bit": "0", "busy_bit": "0", "subsystem_flag_bit": "0", "dynamic_bus_control_accpt_bit": "0", "terminal_flag_bit": "1", "parity_bit": "1", "fake": false}], [19231, {"py/object": "odf.components.Data", "data": {"py/b64": "L8E="}, "fake": false}], [19289, {"py/object": "odf.components.Data", "data": {"py/b64": "B0I="}, "fake": false}], [19346, {"py/object": "odf.components.Data", "data": {"py/b64": "ocg="}, "fake": false}], [19409, {"py/object": "odf.components.Data", "data": {"py/b64": "7MI="}, "fake": false}], [19462, {"py/object": "odf.components.Data", "data": {"py/b64": "vNY="}, "fake": false}], [19534, {"py/object": "odf.components.Data", "data": {"py/b64": "MUI="}, "fake": false}], [19590, {"py/object": "odf.components.Data", "data": {"py/b64": "K8E="}, "fake": false}], [19659, {"py/object": "odf.components.Data", "data": {"py/b64": "B0I="}, "fake": false}], [19728, {"py/object": "odf.components.Data", "data": {"py/b64": "tMg="}, "fake": false}], [19800, {"py/object": "odf.components.Data", "data": {"py/b64": "7MI="}, "fake": false}], [19874, {"py/object": "odf.components.Data", "data": {"py/b64": "ivU="}, "fake": false}], [19947, {"py/object": "odf.components.Data", "data": {"py/b64": "FEM="}, "fake": false}], [22039, {"py/object": "odf.components.Status", "address": 10, "message_error_bit": "0", "instrumentation_bit": "0", "service_request_bit": "0", "reserved_bits": "000", "brdcst_received_bit": "0", "busy_bit": "0", "subsystem_flag_bit": "0", "dynamic_bus_control_accpt_bit": "0", "terminal_flag_bit": "1", "parity_bit": "1", "fake": false}], [22131, {"py/object": "odf.components.Command", "address": 12, "tr": 0, "sub_address": 2, "dword_count": 16, "parity": 0, "fake": false}], [22151, {"py/object": "odf.components.Command", "address": 11, "tr": 1, "sub_address": 2, "dword_count": 16, "parity": 0, "fake": false}], [24223, {"py/object": "odf.components.Status", "address": 11, "message_error_bit": "0", "instrumentation_bit": "0", "service_request_bit": "0", "reserved_bits": "000", "brdcst_received_bit": "0", "busy_bit": "0", "subsystem_flag_bit": "0", "dynamic_bus_control_accpt_bit": "0", "terminal_flag_bit": "1", "parity_bit": "1", "fake": false}], [24295, {"py/object": "odf.components.Data", "data": {"py/b64": "d2Y="}, "fake": false}], [24365, {"py/object": "odf.components.Data", "data": {"py/b64": "Gjs="}, "fake": false}], [24438, {"py/object": "odf.components.Data", "data": {"py/b64": "AIo="}, "fake": false}], [24510, {"py/object": "odf.components.Data", "data": {"py/b64": "ZUE="}, "fake": false}], [24580, {"py/object": "odf.components.Data", "data": {"py/b64": "roc="}, "fake": false}], [24638, {"py/object": "odf.components.Data", "data": {"py/b64": "7EE="}, "fake": false}], [24708, {"py/object": "odf.components.Data", "data": {"py/b64": "sAg="}, "fake": false}], [24779, {"py/object": "odf.components.Data", "data": {"py/b64": "YEA="}, "fake": false}], [24854, {"py/object": "odf.components.Data", "data": {"py/b64": "Ac0="}, "fake": false}], [24920, {"py/object": "odf.components.Data", "data": {"py/b64": "5T8="}, "fake": false}], [24992, {"py/object": "odf.components.Data", "data": {"py/b64": "868="}, "fake": false}], [25061, {"py/object": "odf.components.Data", "data": {"py/b64": "Aj4="}, "fake": false}], [25134, {"py/object": "odf.components.Data", "data": {"py/b64": "TQU="}, "fake": false}], [25202, {"py/object": "odf.components.Data", "data": {"py/b64": "9z4="}, "fake": false}], [25275, {"py/object": "odf.components.Data", "data": {"py/b64": "LU0="}, "fake": false}], [25349, {"py/object": "odf.components.Data", "data": {"py/b64": "nEE="}, "fake": false}], [27495, {"py/object": "odf.components.Status", "address": 12, "message_error_bit": "0", "instrumentation_bit": "0", "service_request_bit": "0", "reserved_bits": "000", "brdcst_received_bit": "0", "busy_bit": "0", "subsystem_flag_bit": "0", "dynamic_bus_control_accpt_bit": "0", "terminal_flag_bit": "1", "parity_bit": "1", "fake": false}], [27660, {"py/object": "odf.components.Command", "address": 1, "tr": 0, "sub_address": 2, "dword_count": 4, "parity": 0, "fake": false}], [27704, {"py/object": "odf.components.Data", "data": {"py/b64": "AAA="}, "fake": false}], [27716, {"py/object": "odf.components.Data", "data": {"py/b64": "AAA="}, "fake": false}], [27727, {"py/object": "odf.components.Data", "data": {"py/b64": "AAA="}, "fake": false}], [27740, {"py/object": "odf.components.Data", "data": {"py/b64": "AAA="}, "fake": false}], [29814, {"py/object": "odf.components.Status", "address": 1, "message_error_bit": "0", "instrumentation_bit": "0", "service_request_bit": "0", "reserved_bits": "000", "brdcst_received_bit": "0", "busy_bit": "0", "subsystem_flag_bit": "0", "dynamic_bus_control_accpt_bit": "0", "terminal_flag_bit": "1", "parity_bit": "1", "fake": false}], [29953, {"py/object": "odf.components.Command", "address": 31, "tr": 0, "sub_address": 2, "dword_count": 1, "parity": 0, "fake": false}], [30001, {"py/object": "odf.components.Data", "data": {"py/b64": "//8="}, "fake": false}], [30015, {"py/object": "odf.components.Command", "address": 4, "tr": 0, "sub_address": 2, "dword_count": 18, "parity": 0, "fake": false}], [30027, {"py/object": "odf.components.Command", "address": 3, "tr": 1, "sub_address": 2, "dword_count": 18, "parity": 0, "fake": false}], [32072, {"py/object": "odf.components.Status", "address": 3, "message_error_bit": "0", "instrumentation_bit": "0", "service_request_bit": "0", "reserved_bits": "000", "brdcst_received_bit": "0", "busy_bit": "0", "subsystem_flag_bit": "0", "dynamic_bus_control_accpt_bit": "0", "terminal_flag_bit": "1", "parity_bit": "1", "fake": false}], [32144, {"py/object": "odf.components.Data", "data": {"py/b64": "Z7o="}, "fake": false}], [32214, {"py/object": "odf.components.Data", "data": {"py/b64": "a0M="}, "fake": false}], [32283, {"py/object": "odf.components.Data", "data": {"py/b64": "VEk="}, "fake": false}], [32358, {"py/object": "odf.components.Data", "data": {"py/b64": "lUQ="}, "fake": false}], [32429, {"py/object": "odf.components.Data", "data": {"py/b64": "6so="}, "fake": false}], [32500, {"py/object": "odf.components.Data", "data": {"py/b64": "3EM="}, "fake": false}], [32568, {"py/object": "odf.components.Data", "data": {"py/b64": "t6g="}, "fake": false}], [32645, {"py/object": "odf.components.Data", "data": {"py/b64": "hEM="}, "fake": false}], [32714, {"py/object": "odf.components.Data", "data": {"py/b64": "bs0="}, "fake": false}], [32784, {"py/object": "odf.components.Data", "data": {"py/b64": "i0A="}, "fake": false}], [32856, {"py/object": "odf.components.Data", "data": {"py/b64": "Bs8="}, "fake": false}], [32929, {"py/object": "odf.components.Data", "data": {"py/b64": "i0A="}, "fake": false}], [33002, {"py/object": "odf.components.Data", "data": {"py/b64": "9OA="}, "fake": false}], [33075, {"py/object": "odf.components.Data", "data": {"py/b64": "QkA="}, "fake": false}], [33147, {"py/object": "odf.components.Data", "data": {"py/b64": "Osk="}, "fake": false}], [33220, {"py/object": "odf.components.Data", "data": {"py/b64": "1UM="}, "fake": false}], [33291, {"py/object": "odf.components.Data", "data": {"py/b64": "tww="}, "fake": false}], [33369, {"py/object": "odf.components.Data", "data": {"py/b64": "OkQ="}, "fake": false}], [35472, {"py/object": "odf.components.Status", "address": 4, "message_error_bit": "0", "instrumentation_bit": "0", "service_request_bit": "0", "reserved_bits": "000", "brdcst_received_bit": "0", "busy_bit": "0", "subsystem_flag_bit": "0", "dynamic_bus_control_accpt_bit": "0", "terminal_flag_bit": "1", "parity_bit": "1", "fake": false}], [35539, {"py/object": "odf.components.Command", "address": 6, "tr": 0, "sub_address": 2, "dword_count": 28, "parity": 0, "fake": false}], [35552, {"py/object": "odf.components.Command", "address": 5, "tr": 1, "sub_address": 2, "dword_count": 28, "parity": 0, "fake": false}], [37616, {"py/object": "odf.components.Status", "address": 5, "message_error_bit": "0", "instrumentation_bit": "0", "service_request_bit": "0", "reserved_bits": "000", "brdcst_received_bit": "0", "busy_bit": "0", "subsystem_flag_bit": "0", "dynamic_bus_control_accpt_bit": "0", "terminal_flag_bit": "1", "parity_bit": "1", "fake": false}], [37687, {"py/object": "odf.components.Data", "data": {"py/b64": "AdU="}, "fake": false}], [37760, {"py/object": "odf.components.Data", "data": {"py/b64": "dUM="}, "fake": false}], [37832, {"py/object": "odf.components.Data", "data": {"py/b64": "L6s="}, "fake": false}], [37906, {"py/object": "odf.components.Data", "data": {"py/b64": "z0M="}, "fake": false}], [37977, {"py/object": "odf.components.Data", "data": {"py/b64": "ieI="}, "fake": false}], [38050, {"py/object": "odf.components.Data", "data": {"py/b64": "zcM="}, "fake": false}], [38121, {"py/object": "odf.components.Data", "data": {"py/b64": "yLU="}, "fake": false}], [38193, {"py/object": "odf.components.Data", "data": {"py/b64": "ikE="}, "fake": false}], [38261, {"py/object": "odf.components.Data", "data": {"py/b64": "rBY="}, "fake": false}], [38330, {"py/object": "odf.components.Data", "data": {"py/b64": "T8I="}, "fake": false}], [38404, {"py/object": "odf.components.Data", "data": {"py/b64": "bsM="}, "fake": false}], [38477, {"py/object": "odf.components.Data", "data": {"py/b64": "vb8="}, "fake": false}], [38550, {"py/object": "odf.components.Data", "data": {"py/b64": "bEk="}, "fake": false}], [38610, {"py/object": "odf.components.Data", "data": {"py/b64": "hr4="}, "fake": false}], [38677, {"py/object": "odf.components.Data", "data": {"py/b64": "vk8="}, "fake": false}], [38739, {"py/object": "odf.components.Data", "data": {"py/b64": "yD8="}, "fake": false}], [38801, {"py/object": "odf.components.Data", "data": {"py/b64": "9jM="}, "fake": false}], [38857, {"py/object": "odf.components.Data", "data": {"py/b64": "078="}, "fake": false}], [38921, {"py/object": "odf.components.Data", "data": {"py/b64": "B8k="}, "fake": false}], [38990, {"py/object": "odf.components.Data", "data": {"py/b64": "LcE="}, "fake": false}], [39042, {"py/object": "odf.components.Data", "data": {"py/b64": "19k="}, "fake": false}], [39112, {"py/object": "odf.components.Data", "data": {"py/b64": "z0M="}, "fake": false}], [39181, {"py/object": "odf.components.Data", "data": {"py/b64": "slA="}, "fake": false}], [39261, {"py/object": "odf.components.Data", "data": {"py/b64": "Vr8="}, "fake": false}], [39332, {"py/object": "odf.components.Data", "data": {"py/b64": "9Po="}, "fake": false}], [39406, {"py/object": "odf.components.Data", "data": {"py/b64": "nL4="}, "fake": false}], [39478, {"py/object": "odf.components.Data", "data": {"py/b64": "VeY="}, "fake": false}], [39555, {"py/object": "odf.components.Data", "data": {"py/b64": "gD8="}, "fake": false}], [41649, {"py/object": "odf.components.Status", "address": 6, "message_error_bit": "0", "instrumentation_bit": "0", "service_request_bit": "0", "reserved_bits": "000", "brdcst_received_bit": "0", "busy_bit": "0", "subsystem_flag_bit": "0", "dynamic_bus_control_accpt_bit": "0", "terminal_flag_bit": "1", "parity_bit": "1", "fake": false}], [41736, {"py/object": "odf.components.Command", "address": 8, "tr": 0, "sub_address": 2, "dword_count": 8, "parity": 0, "fake": false}], [41750, {"py/object": "odf.components.Command", "address": 7, "tr": 1, "sub_address": 2, "dword_count": 8, "parity": 0, "fake": false}], [43818, {"py/object": "odf.components.Status", "address": 7, "message_error_bit": "0", "instrumentation_bit": "0", "service_request_bit": "0", "reserved_bits": "000", "brdcst_received_bit": "0", "busy_bit": "0", "subsystem_flag_bit": "0", "dynamic_bus_control_accpt_bit": "0", "terminal_flag_bit": "1", "parity_bit": "1", "fake": false}], [43892, {"py/object": "odf.components.Data", "data": {"py/b64": "fiU="}, "fake": false}], [43957, {"py/object": "odf.components.Data", "data": {"py/b64": "h70="}, "fake": false}], [44028, {"py/object": "odf.components.Data", "data": {"py/b64": "x4U="}, "fake": false}], [44099, {"py/object": "odf.components.Data", "data": {"py/b64": "jbs="}, "fake": false}], [44172, {"py/object": "odf.components.Data", "data": {"py/b64": "DeA="}, "fake": false}], [44243, {"py/object": "odf.components.Data", "data": {"py/b64": "0Tw="}, "fake": false}], [44315, {"py/object": "odf.components.Data", "data": {"py/b64": "ZDQ="}, "fake": false}], [44393, {"py/object": "odf.components.Data", "data": {"py/b64": "Vbo="}, "fake": false}], [46503, {"py/object": "odf.components.Status", "address": 8, "message_error_bit": "0", "instrumentation_bit": "0", "service_request_bit": "0", "reserved_bits": "000", "brdcst_received_bit": "0", "busy_bit": "0", "subsystem_flag_bit": "0", "dynamic_bus_control_accpt_bit": "0", "terminal_flag_bit": "1", "parity_bit": "1", "fake": false}], [46580, {"py/object": "odf.components.Command", "address": 10, "tr": 0, "sub_address": 2, "dword_count": 12, "parity": 0, "fake": false}], [46595, {"py/object": "odf.components.Command", "address": 9, "tr": 1, "sub_address": 2, "dword_count": 12, "parity": 0, "fake": false}], [48660, {"py/object": "odf.components.Status", "address": 9, "message_error_bit": "0", "instrumentation_bit": "0", "service_request_bit": "0", "reserved_bits": "000", "brdcst_received_bit": "0", "busy_bit": "0", "subsystem_flag_bit": "0", "dynamic_bus_control_accpt_bit": "0", "terminal_flag_bit": "1", "parity_bit": "1", "fake": false}], [48732, {"py/object": "odf.components.Data", "data": {"py/b64": "T70="}, "fake": false}], [48803, {"py/object": "odf.components.Data", "data": {"py/b64": "B0I="}, "fake": false}], [48877, {"py/object": "odf.components.Data", "data": {"py/b64": "Sds="}, "fake": false}], [48949, {"py/object": "odf.components.Data", "data": {"py/b64": "7MI="}, "fake": false}], [49024, {"py/object": "odf.components.Data", "data": {"py/b64": "m+o="}, "fake": false}], [49096, {"py/object": "odf.components.Data", "data": {"py/b64": "aEM="}, "fake": false}], [49171, {"py/object": "odf.components.Data", "data": {"py/b64": "Sr0="}, "fake": false}], [49241, {"py/object": "odf.components.Data", "data": {"py/b64": "B0I="}, "fake": false}], [49311, {"py/object": "odf.components.Data", "data": {"py/b64": "Yts="}, "fake": false}], [49383, {"py/object": "odf.components.Data", "data": {"py/b64": "7MI="}, "fake": false}], [49456, {"py/object": "odf.components.Data", "data": {"py/b64": "Ugk="}, "fake": false}], [49531, {"py/object": "odf.components.Data", "data": {"py/b64": "QEQ="}, "fake": false}], [51646, {"py/object": "odf.components.Status", "address": 10, "message_error_bit": "0", "instrumentation_bit": "0", "service_request_bit": "0", "reserved_bits": "000", "brdcst_received_bit": "0", "busy_bit": "0", "subsystem_flag_bit": "0", "dynamic_bus_control_accpt_bit": "0", "terminal_flag_bit": "1", "parity_bit": "1", "fake": false}], [51720, {"py/object": "odf.components.Command", "address": 12, "tr": 0, "sub_address": 2, "dword_count": 16, "parity": 0, "fake": false}], [51734, {"py/object": "odf.components.Command", "address": 11, "tr": 1, "sub_address": 2, "dword_count": 16, "parity": 0, "fake": false}], [53801, {"py/object": "odf.components.Status", "address": 11, "message_error_bit": "0", "instrumentation_bit": "0", "service_request_bit": "0", "reserved_bits": "000", "brdcst_received_bit": "0", "busy_bit": "0", "subsystem_flag_bit": "0", "dynamic_bus_control_accpt_bit": "0", "terminal_flag_bit": "1", "parity_bit": "1", "fake": false}], [53872, {"py/object": "odf.components.Data", "data": {"py/b64": "i5E="}, "fake": false}], [53948, {"py/object": "odf.components.Data", "data": {"py/b64": "Fzs="}, "fake": false}], [54018, {"py/object": "odf.components.Data", "data": {"py/b64": "AIU="}, "fake": false}], [54091, {"py/object": "odf.components.Data", "data": {"py/b64": "UkE="}, "fake": false}], [54164, {"py/object": "odf.components.Data", "data": {"py/b64": "UW8="}, "fake": false}], [54236, {"py/object": "odf.components.Data", "data": {"py/b64": "50E="}, "fake": false}], [54307, {"py/object": "odf.components.Data", "data": {"py/b64": "7gw="}, "fake": false}], [54377, {"py/object": "odf.components.Data", "data": {"py/b64": "t0A="}, "fake": false}], [54450, {"py/object": "odf.components.Data", "data": {"py/b64": "kE0="}, "fake": false}], [54523, {"py/object": "odf.components.Data", "data": {"py/b64": "PEA="}, "fake": false}], [54593, {"py/object": "odf.components.Data", "data": {"py/b64": "ksE="}, "fake": false}], [54659, {"py/object": "odf.components.Data", "data": {"py/b64": "6T0="}, "fake": false}], [54725, {"py/object": "odf.components.Data", "data": {"py/b64": "XXo="}, "fake": false}], [54798, {"py/object": "odf.components.Data", "data": {"py/b64": "ZD4="}, "fake": false}], [54870, {"py/object": "odf.components.Data", "data": {"py/b64": "Ykg="}, "fake": false}], [54948, {"py/object": "odf.components.Data", "data": {"py/b64": "q0E="}, "fake": false}], [57051, {"py/object": "odf.components.Status", "address": 12, "message_error_bit": "0", "instrumentation_bit": "0", "service_request_bit": "0", "reserved_bits": "000", "brdcst_received_bit": "0", "busy_bit": "0", "subsystem_flag_bit": "0", "dynamic_bus_control_accpt_bit": "0", "terminal_flag_bit": "1", "parity_bit": "1", "fake": false}], [57240, {"py/object": "odf.components.Command", "address": 1, "tr": 0, "sub_address": 2, "dword_count": 4, "parity": 0, "fake": false}], [57318, {"py/object": "odf.components.Data", "data": {"py/b64": "AAA="}, "fake": false}], [57332, {"py/object": "odf.components.Data", "data": {"py/b64": "AAA="}, "fake": false}], [57344, {"py/object": "odf.components.Data", "data": {"py/b64": "AAA="}, "fake": false}], [57357, {"py/object": "odf.components.Data", "data": {"py/b64": "AAA="}, "fake": false}], [59480, {"py/object": "odf.components.Status", "address": 1, "message_error_bit": "0", "instrumentation_bit": "0", "service_request_bit": "0", "reserved_bits": "000", "brdcst_received_bit": "0", "busy_bit": "0", "subsystem_flag_bit": "0", "dynamic_bus_control_accpt_bit": "0", "terminal_flag_bit": "1", "parity_bit": "1", "fake": false}], [59624, {"py/object": "odf.components.Command", "address": 31, "tr": 0, "sub_address": 2, "dword_count": 1, "parity": 0, "fake": false}], [59656, {"py/object": "odf.components.Data", "data": {"py/b64": "//8="}, "fake": false}], [59669, {"py/object": "odf.components.Command", "address": 4, "tr": 0, "sub_address": 2, "dword_count": 18, "parity": 0, "fake": false}], [59680, {"py/object": "odf.components.Command", "address": 3, "tr": 1, "sub_address": 2, "dword_count": 18, "parity": 0, "fake": false}], [61734, {"py/object": "odf.components.Status", "address": 3, "message_error_bit": "0", "instrumentation_bit": "0", "service_request_bit": "0", "reserved_bits": "000", "brdcst_received_bit": "0", "busy_bit": "0", "subsystem_flag_bit": "0", "dynamic_bus_control_accpt_bit": "0", "terminal_flag_bit": "1", "parity_bit": "1", "fake": false}], [61817, {"py/object": "odf.components.Data", "data": {"py/b64": "kuU="}, "fake": false}], [61888, {"py/object": "odf.components.Data", "data": {"py/b64": "eUM="}, "fake": false}], [61967, {"py/object": "odf.components.Data", "data": {"py/b64": "r2I="}, "fake": false}], [62030, {"py/object": "odf.components.Data", "data": {"py/b64": "AEU="}, "fake": false}], [62103, {"py/object": "odf.components.Data", "data": {"py/b64": "rWM="}, "fake": false}], [62183, {"py/object": "odf.components.Data", "data": {"py/b64": "kEQ="}, "fake": false}], [62260, {"py/object": "odf.components.Data", "data": {"py/b64": "DzY="}, "fake": false}], [62339, {"py/object": "odf.components.Data", "data": {"py/b64": "WkM="}, "fake": false}], [62414, {"py/object": "odf.components.Data", "data": {"py/b64": "D1o="}, "fake": false}], [62492, {"py/object": "odf.components.Data", "data": {"py/b64": "gUA="}, "fake": false}], [62569, {"py/object": "odf.components.Data", "data": {"py/b64": "nk0="}, "fake": false}], [62646, {"py/object": "odf.components.Data", "data": {"py/b64": "gUA="}, "fake": false}], [62727, {"py/object": "odf.components.Data", "data": {"py/b64": "rfk="}, "fake": false}], [62802, {"py/object": "odf.components.Data", "data": {"py/b64": "QkA="}, "fake": false}], [62880, {"py/object": "odf.components.Data", "data": {"py/b64": "Kk4="}, "fake": false}], [62957, {"py/object": "odf.components.Data", "data": {"py/b64": "1UM="}, "fake": false}], [63036, {"py/object": "odf.components.Data", "data": {"py/b64": "tww="}, "fake": false}], [63118, {"py/object": "odf.components.Data", "data": {"py/b64": "OkQ="}, "fake": false}], [65241, {"py/object": "odf.components.Status", "address": 4, "message_error_bit": "0", "instrumentation_bit": "0", "service_request_bit": "0", "reserved_bits": "000", "brdcst_received_bit": "0", "busy_bit": "0", "subsystem_flag_bit": "0", "dynamic_bus_control_accpt_bit": "0", "terminal_flag_bit": "1", "parity_bit": "1", "fake": false}], [65299, {"py/object": "odf.components.Command", "address": 6, "tr": 0, "sub_address": 2, "dword_count": 28, "parity": 0, "fake": false}], [65321, {"py/object": "odf.components.Command", "address": 5, "tr": 1, "sub_address": 2, "dword_count": 28, "parity": 0, "fake": false}], [67384, {"py/object": "odf.components.Status", "address": 5, "message_error_bit": "0", "instrumentation_bit": "0", "service_request_bit": "0", "reserved_bits": "000", "brdcst_received_bit": "0", "busy_bit": "0", "subsystem_flag_bit": "0", "dynamic_bus_control_accpt_bit": "0", "terminal_flag_bit": "1", "parity_bit": "1", "fake": false}], [67462, {"py/object": "odf.components.Data", "data": {"py/b64": "Ey4="}, "fake": false}], [67542, {"py/object": "odf.components.Data", "data": {"py/b64": "dkM="}, "fake": false}], [67622, {"py/object": "odf.components.Data", "data": {"py/b64": "sXc="}, "fake": false}], [67701, {"py/object": "odf.components.Data", "data": {"py/b64": "0EM="}, "fake": false}], [67777, {"py/object": "odf.components.Data", "data": {"py/b64": "xLw="}, "fake": false}], [67856, {"py/object": "odf.components.Data", "data": {"py/b64": "ocM="}, "fake": false}], [67933, {"py/object": "odf.components.Data", "data": {"py/b64": "s28="}, "fake": false}], [68010, {"py/object": "odf.components.Data", "data": {"py/b64": "CUI="}, "fake": false}], [68085, {"py/object": "odf.components.Data", "data": {"py/b64": "LeI="}, "fake": false}], [68163, {"py/object": "odf.components.Data", "data": {"py/b64": "gsM="}, "fake": false}], [68242, {"py/object": "odf.components.Data", "data": {"py/b64": "Idw="}, "fake": false}], [68320, {"py/object": "odf.components.Data", "data": {"py/b64": "EEE="}, "fake": false}], [68398, {"py/object": "odf.components.Data", "data": {"py/b64": "DDE="}, "fake": false}], [68474, {"py/object": "odf.components.Data", "data": {"py/b64": "tb8="}, "fake": false}], [68550, {"py/object": "odf.components.Data", "data": {"py/b64": "TDM="}, "fake": false}], [68624, {"py/object": "odf.components.Data", "data": {"py/b64": "P8E="}, "fake": false}], [68700, {"py/object": "odf.components.Data", "data": {"py/b64": "BHI="}, "fake": false}], [68780, {"py/object": "odf.components.Data", "data": {"py/b64": "o8A="}, "fake": false}], [68857, {"py/object": "odf.components.Data", "data": {"py/b64": "7ec="}, "fake": false}], [68926, {"py/object": "odf.components.Data", "data": {"py/b64": "CcE="}, "fake": false}], [68991, {"py/object": "odf.components.Data", "data": {"py/b64": "4XY="}, "fake": false}], [69069, {"py/object": "odf.components.Data", "data": {"py/b64": "0EM="}, "fake": false}], [69137, {"py/object": "odf.components.Data", "data": {"py/b64": "FBA="}, "fake": false}], [69202, {"py/object": "odf.components.Data", "data": {"py/b64": "YcE="}, "fake": false}], [69268, {"py/object": "odf.components.Data", "data": {"py/b64": "AfI="}, "fake": false}], [69332, {"py/object": "odf.components.Data", "data": {"py/b64": "uEA="}, "fake": false}], [69410, {"py/object": "odf.components.Data", "data": {"py/b64": "v9Y="}, "fake": false}], [69496, {"py/object": "odf.components.Data", "data": {"py/b64": "oz4="}, "fake": false}], [69634, {"py/object": "odf.components.Status", "address": 6, "message_error_bit": "0", "instrumentation_bit": "0", "service_request_bit": "0", "reserved_bits": "000", "brdcst_received_bit": "0", "busy_bit": "0", "subsystem_flag_bit": "0", "dynamic_bus_control_accpt_bit": "0", "terminal_flag_bit": "1", "parity_bit": "0", "fake": true}], [69726, {"py/object": "odf.components.Command", "address": 8, "tr": 0, "sub_address": 2, "dword_count": 8, "parity": 0, "fake": false}], [69758, {"py/object": "odf.components.Command", "address": 7, "tr": 1, "sub_address": 2, "dword_count": 8, "parity": 0, "fake": false}], [71814, {"py/object": "odf.components.Status", "address": 7, "message_error_bit": "0", "instrumentation_bit": "0", "service_request_bit": "0", "reserved_bits": "000", "brdcst_received_bit": "0", "busy_bit": "0", "subsystem_flag_bit": "0", "dynamic_bus_control_accpt_bit": "0", "terminal_flag_bit": "1", "parity_bit": "1", "fake": false}], [71879, {"py/object": "odf.components.Data", "data": {"py/b64": "8hg="}, "fake": false}], [71938, {"py/object": "odf.components.Data", "data": {"py/b64": "2L0="}, "fake": false}], [72008, {"py/object": "odf.components.Data", "data": {"py/b64": "LC4="}, "fake": false}], [72082, {"py/object": "odf.components.Data", "data": {"py/b64": "6T4="}, "fake": false}], [72161, {"py/object": "odf.components.Data", "data": {"py/b64": "XKU="}, "fake": false}], [72242, {"py/object": "odf.components.Data", "data": {"py/b64": "3zw="}, "fake": false}], [72318, {"py/object": "odf.components.Data", "data": {"py/b64": "oMk="}, "fake": false}], [72405, {"py/object": "odf.components.Data", "data": {"py/b64": "zrk="}, "fake": false}], [72584, {"py/object": "odf.components.Status", "address": 8, "message_error_bit": "0", "instrumentation_bit": "0", "service_request_bit": "0", "reserved_bits": "000", "brdcst_received_bit": "0", "busy_bit": "0", "subsystem_flag_bit": "0", "dynamic_bus_control_accpt_bit": "0", "terminal_flag_bit": "1", "parity_bit": "0", "fake": true}], [72648, {"py/object": "odf.components.Command", "address": 10, "tr": 0, "sub_address": 2, "dword_count": 12, "parity": 0, "fake": false}], [72669, {"py/object": "odf.components.Command", "address": 9, "tr": 1, "sub_address": 2, "dword_count": 12, "parity": 0, "fake": false}], [74733, {"py/object": "odf.components.Status", "address": 9, "message_error_bit": "0", "instrumentation_bit": "0", "service_request_bit": "0", "reserved_bits": "000", "brdcst_received_bit": "0", "busy_bit": "0", "subsystem_flag_bit": "0", "dynamic_bus_control_accpt_bit": "0", "terminal_flag_bit": "1", "parity_bit": "1", "fake": false}], [74810, {"py/object": "odf.components.Data", "data": {"py/b64": "zbA="}, "fake": false}], [74891, {"py/object": "odf.components.Data", "data": {"py/b64": "B0I="}, "fake": false}], [74970, {"py/object": "odf.components.Data", "data": {"py/b64": "BOo="}, "fake": false}], [75045, {"py/object": "odf.components.Data", "data": {"py/b64": "7MI="}, "fake": false}], [75123, {"py/object": "odf.components.Data", "data": {"py/b64": "ciI="}, "fake": false}], [75202, {"py/object": "odf.components.Data", "data": {"py/b64": "80M="}, "fake": false}], [75280, {"py/object": "odf.components.Data", "data": {"py/b64": "srA="}, "fake": false}], [75363, {"py/object": "odf.components.Data", "data": {"py/b64": "B0I="}, "fake": false}], [75440, {"py/object": "odf.components.Data", "data": {"py/b64": "FOo="}, "fake": false}], [75519, {"py/object": "odf.components.Data", "data": {"py/b64": "7MI="}, "fake": false}], [75599, {"py/object": "odf.components.Data", "data": {"py/b64": "stk="}, "fake": false}], [75684, {"py/object": "odf.components.Data", "data": {"py/b64": "x0Q="}, "fake": false}], [75837, {"py/object": "odf.components.Status", "address": 10, "message_error_bit": "0", "instrumentation_bit": "0", "service_request_bit": "0", "reserved_bits": "000", "brdcst_received_bit": "0", "busy_bit": "0", "subsystem_flag_bit": "0", "dynamic_bus_control_accpt_bit": "0", "terminal_flag_bit": "1", "parity_bit": "0", "fake": true}], [75921, {"py/object": "odf.components.Command", "address": 12, "tr": 0, "sub_address": 2, "dword_count": 16, "parity": 0, "fake": false}], [75947, {"py/object": "odf.components.Command", "address": 11, "tr": 1, "sub_address": 2, "dword_count": 16, "parity": 0, "fake": false}], [78016, {"py/object": "odf.components.Status", "address": 11, "message_error_bit": "0", "instrumentation_bit": "0", "service_request_bit": "0", "reserved_bits": "000", "brdcst_received_bit": "0", "busy_bit": "0", "subsystem_flag_bit": "0", "dynamic_bus_control_accpt_bit": "0", "terminal_flag_bit": "1", "parity_bit": "1", "fake": false}], [78094, {"py/object": "odf.components.Data", "data": {"py/b64": "dvw="}, "fake": false}], [78173, {"py/object": "odf.components.Data", "data": {"py/b64": "Ezs="}, "fake": false}], [78251, {"py/object": "odf.components.Data", "data": {"py/b64": "4Nc="}, "fake": false}], [78329, {"py/object": "odf.components.Data", "data": {"py/b64": "OEE="}, "fake": false}], [78410, {"py/object": "odf.components.Data", "data": {"py/b64": "mrI="}, "fake": false}], [78486, {"py/object": "odf.components.Data", "data": {"py/b64": "4EE="}, "fake": false}], [78565, {"py/object": "odf.components.Data", "data": {"py/b64": "Pfc="}, "fake": false}], [78632, {"py/object": "odf.components.Data", "data": {"py/b64": "okA="}, "fake": false}], [78711, {"py/object": "odf.components.Data", "data": {"py/b64": "cJE="}, "fake": false}], [78786, {"py/object": "odf.components.Data", "data": {"py/b64": "J0A="}, "fake": false}], [78867, {"py/object": "odf.components.Data", "data": {"py/b64": "/b8="}, "fake": false}], [78948, {"py/object": "odf.components.Data", "data": {"py/b64": "sz0="}, "fake": false}], [79027, {"py/object": "odf.components.Data", "data": {"py/b64": "RbU="}, "fake": false}], [79108, {"py/object": "odf.components.Data", "data": {"py/b64": "zz0="}, "fake": false}], [79189, {"py/object": "odf.components.Data", "data": {"py/b64": "IqM="}, "fake": false}], [79273, {"py/object": "odf.components.Data", "data": {"py/b64": "n0E="}, "fake": false}], [79442, {"py/object": "odf.components.Status", "address": 12, "message_error_bit": "0", "instrumentation_bit": "0", "service_request_bit": "0", "reserved_bits": "000", "brdcst_received_bit": "0", "busy_bit": "0", "subsystem_flag_bit": "0", "dynamic_bus_control_accpt_bit": "0", "terminal_flag_bit": "1", "parity_bit": "0", "fake": true}], [79636, {"py/object": "odf.components.Command", "address": 1, "tr": 0, "sub_address": 2, "dword_count": 4, "parity": 0, "fake": false}], [79702, {"py/object": "odf.components.Data", "data": {"py/b64": "AAA="}, "fake": false}], [79723, {"py/object": "odf.components.Data", "data": {"py/b64": "AAA="}, "fake": false}], [79743, {"py/object": "odf.components.Data", "data": {"py/b64": "AAA="}, "fake": false}], [79763, {"py/object": "odf.components.Data", "data": {"py/b64": "AAA="}, "fake": false}], [79870, {"py/object": "odf.components.Status", "address": 1, "message_error_bit": "0", "instrumentation_bit": "0", "service_request_bit": "0", "reserved_bits": "000", "brdcst_received_bit": "0", "busy_bit": "0", "subsystem_flag_bit": "0", "dynamic_bus_control_accpt_bit": "0", "terminal_flag_bit": "1", "parity_bit": "0", "fake": true}], [80056, {"py/object": "odf.components.Command", "address": 31, "tr": 0, "sub_address": 2, "dword_count": 1, "parity": 0, "fake": false}], [80163, {"py/object": "odf.components.Data", "data": {"py/b64": "//8="}, "fake": false}], [80189, {"py/object": "odf.components.Command", "address": 4, "tr": 0, "sub_address": 2, "dword_count": 18, "parity": 0, "fake": false}], [80206, {"py/object": "odf.components.Command", "address": 3, "tr": 1, "sub_address": 2, "dword_count": 18, "parity": 0, "fake": false}], [81348, {"py/object": "odf.components.Status", "address": 12, "message_error_bit": "0", "instrumentation_bit": "0", "service_request_bit": "0", "reserved_bits": "000", "brdcst_received_bit": "0", "busy_bit": "0", "subsystem_flag_bit": "0", "dynamic_bus_control_accpt_bit": "0", "terminal_flag_bit": "1", "parity_bit": "1", "fake": false}], [81808, {"py/object": "odf.components.Status", "address": 1, "message_error_bit": "0", "instrumentation_bit": "0", "service_request_bit": "0", "reserved_bits": "000", "brdcst_received_bit": "0", "busy_bit": "0", "subsystem_flag_bit": "0", "dynamic_bus_control_accpt_bit": "0", "terminal_flag_bit": "1", "parity_bit": "1", "fake": false}], [81863, {"py/object": "odf.components.Command", "address": 6, "tr": 0, "sub_address": 2, "dword_count": 28, "parity": 0, "fake": false}], [81878, {"py/object": "odf.components.Command", "address": 5, "tr": 1, "sub_address": 2, "dword_count": 28, "parity": 0, "fake": false}], [82243, {"py/object": "odf.components.Status", "address": 3, "message_error_bit": "0", "instrumentation_bit": "0", "service_request_bit": "0", "reserved_bits": "000", "brdcst_received_bit": "0", "busy_bit": "0", "subsystem_flag_bit": "0", "dynamic_bus_control_accpt_bit": "0", "terminal_flag_bit": "1", "parity_bit": "1", "fake": false}], [82313, {"py/object": "odf.components.Data", "data": {"py/b64": "5gM="}, "fake": false}], [82383, {"py/object": "odf.components.Data", "data": {"py/b64": "ekM="}, "fake": false}], [82452, {"py/object": "odf.components.Data", "data": {"py/b64": "uOg="}, "fake": false}], [82532, {"py/object": "odf.components.Data", "data": {"py/b64": "AEU="}, "fake": false}], [82609, {"py/object": "odf.components.Data", "data": {"py/b64": "2w0="}, "fake": false}], [82691, {"py/object": "odf.components.Data", "data": {"py/b64": "5UQ="}, "fake": false}], [82772, {"py/object": "odf.components.Data", "data": {"py/b64": "Tow="}, "fake": false}], [82840, {"py/object": "odf.components.Data", "data": {"py/b64": "IUM="}, "fake": false}], [82922, {"py/object": "odf.components.Data", "data": {"py/b64": "VUg="}, "fake": false}], [82987, {"py/object": "odf.components.Data", "data": {"py/b64": "VEA="}, "fake": false}], [83067, {"py/object": "odf.components.Data", "data": {"py/b64": "ADY="}, "fake": false}], [83136, {"py/object": "odf.components.Data", "data": {"py/b64": "VEA="}, "fake": false}], [83216, {"py/object": "odf.components.Data", "data": {"py/b64": "jP0="}, "fake": false}], [83293, {"py/object": "odf.components.Data", "data": {"py/b64": "QkA="}, "fake": false}], [83372, {"py/object": "odf.components.Data", "data": {"py/b64": "df0="}, "fake": false}], [83452, {"py/object": "odf.components.Data", "data": {"py/b64": "1EM="}, "fake": false}], [83531, {"py/object": "odf.components.Data", "data": {"py/b64": "tww="}, "fake": false}], [83617, {"py/object": "odf.components.Data", "data": {"py/b64": "OkQ="}, "fake": false}], [83981, {"py/object": "odf.components.Status", "address": 5, "message_error_bit": "0", "instrumentation_bit": "0", "service_request_bit": "0", "reserved_bits": "000", "brdcst_received_bit": "0", "busy_bit": "0", "subsystem_flag_bit": "0", "dynamic_bus_control_accpt_bit": "0", "terminal_flag_bit": "1", "parity_bit": "1", "fake": false}], [84086, {"py/object": "odf.components.Command", "address": 8, "tr": 0, "sub_address": 2, "dword_count": 8, "parity": 0, "fake": false}], [84144, {"py/object": "odf.components.Command", "address": 7, "tr": 1, "sub_address": 2, "dword_count": 8, "parity": 0, "fake": false}], [84189, {"py/object": "odf.components.Data", "data": {"py/b64": "gmE="}, "fake": false}], [84266, {"py/object": "odf.components.Data", "data": {"py/b64": "ekM="}, "fake": false}], [84347, {"py/object": "odf.components.Data", "data": {"py/b64": "s/s="}, "fake": false}], [84425, {"py/object": "odf.components.Data", "data": {"py/b64": "00M="}, "fake": false}], [84505, {"py/object": "odf.components.Data", "data": {"py/b64": "DDU="}, "fake": false}], [84585, {"py/object": "odf.components.Data", "data": {"py/b64": "AsM="}, "fake": false}], [84662, {"py/object": "odf.components.Data", "data": {"py/b64": "PvQ="}, "fake": false}], [84743, {"py/object": "odf.components.Data", "data": {"py/b64": "B0I="}, "fake": false}], [84849, {"py/object": "odf.components.Data", "data": {"py/b64": "BTo="}, "fake": false}], [84937, {"py/object": "odf.components.Status", "address": 8, "message_error_bit": "0", "instrumentation_bit": "0", "service_request_bit": "0", "reserved_bits": "000", "brdcst_received_bit": "0", "busy_bit": "0", "subsystem_flag_bit": "0", "dynamic_bus_control_accpt_bit": "0", "terminal_flag_bit": "1", "parity_bit": "0", "fake": true}], [85012, {"py/object": "odf.components.Data", "data": {"py/b64": "ycM="}, "fake": false}], [85087, {"py/object": "odf.components.Data", "data": {"py/b64": "hBo="}, "fake": false}], [85165, {"py/object": "odf.components.Data", "data": {"py/b64": "ZUE="}, "fake": false}], [85243, {"py/object": "odf.components.Data", "data": {"py/b64": "Idk="}, "fake": false}], [85320, {"py/object": "odf.components.Data", "data": {"py/b64": "HD8="}, "fake": false}], [85394, {"py/object": "odf.components.Data", "data": {"py/b64": "0PM="}, "fake": false}], [85475, {"py/object": "odf.components.Data", "data": {"py/b64": "m8A="}, "fake": false}], [85549, {"py/object": "odf.components.Data", "data": {"py/b64": "7Jg="}, "fake": false}], [85634, {"py/object": "odf.components.Data", "data": {"py/b64": "AsE="}, "fake": false}], [85801, {"py/object": "odf.components.Status", "address": 4, "message_error_bit": "0", "instrumentation_bit": "0", "service_request_bit": "0", "reserved_bits": "000", "brdcst_received_bit": "0", "busy_bit": "0", "subsystem_flag_bit": "0", "dynamic_bus_control_accpt_bit": "0", "terminal_flag_bit": "1", "parity_bit": "1", "fake": false}], [85905, {"py/object": "odf.components.Command", "address": 10, "tr": 0, "sub_address": 2, "dword_count": 12, "parity": 0, "fake": false}], [85944, {"py/object": "odf.components.Command", "address": 9, "tr": 1, "sub_address": 2, "dword_count": 12, "parity": 0, "fake": false}], [86015, {"py/object": "odf.components.Data", "data": {"py/b64": "ZEg="}, "fake": false}], [86039, {"py/object": "odf.components.Data", "data": {"py/b64": "AME="}, "fake": false}], [86108, {"py/object": "odf.components.Data", "data": {"py/b64": "Mvw="}, "fake": false}], [86230, {"py/object": "odf.components.Status", "address": 7, "message_error_bit": "0", "instrumentation_bit": "0", "service_request_bit": "0", "reserved_bits": "000", "brdcst_received_bit": "0", "busy_bit": "0", "subsystem_flag_bit": "0", "dynamic_bus_control_accpt_bit": "0", "terminal_flag_bit": "1", "parity_bit": "1", "fake": false}], [86281, {"py/object": "odf.components.Data", "data": {"py/b64": "00M="}, "fake": false}], [86406, {"py/object": "odf.components.Data", "data": {"py/b64": "0zE="}, "fake": false}], [86440, {"py/object": "odf.components.Data", "data": {"py/b64": "jQA="}, "fake": false}], [86558, {"py/object": "odf.components.Data", "data": {"py/b64": "1r0="}, "fake": false}], [86598, {"py/object": "odf.components.Data", "data": {"py/b64": "UcE="}, "fake": false}], [86699, {"py/object": "odf.components.Data", "data": {"py/b64": "DjI="}, "fake": false}], [86739, {"py/object": "odf.components.Data", "data": {"py/b64": "Skk="}, "fake": false}], [86864, {"py/object": "odf.components.Data", "data": {"py/b64": "5D4="}, "fake": false}], [86912, {"py/object": "odf.components.Data", "data": {"py/b64": "10A="}, "fake": false}], [87044, {"py/object": "odf.components.Data", "data": {"py/b64": "Byc="}, "fake": false}], [87160, {"py/object": "odf.components.Data", "data": {"py/b64": "n9w="}, "fake": false}], [87369, {"py/object": "odf.components.Status", "address": 10, "message_error_bit": "0", "instrumentation_bit": "0", "service_request_bit": "0", "reserved_bits": "000", "brdcst_received_bit": "0", "busy_bit": "0", "subsystem_flag_bit": "0", "dynamic_bus_control_accpt_bit": "0", "terminal_flag_bit": "1", "parity_bit": "0", "fake": true}], [87469, {"py/object": "odf.components.Status", "address": 6, "message_error_bit": "0", "instrumentation_bit": "0", "service_request_bit": "0", "reserved_bits": "000", "brdcst_received_bit": "0", "busy_bit": "0", "subsystem_flag_bit": "0", "dynamic_bus_control_accpt_bit": "0", "terminal_flag_bit": "1", "parity_bit": "1", "fake": false}], [87511, {"py/object": "odf.components.Command", "address": 12, "tr": 0, "sub_address": 2, "dword_count": 16, "parity": 0, "fake": false}], [87584, {"py/object": "odf.components.Command", "address": 11, "tr": 1, "sub_address": 2, "dword_count": 16, "parity": 0, "fake": false}], [87615, {"py/object": "odf.components.Data", "data": {"py/b64": "vj4="}, "fake": false}], [87674, {"py/object": "odf.components.Data", "data": {"py/b64": "4jw="}, "fake": false}], [87705, {"py/object": "odf.components.Data", "data": {"py/b64": "Gh8="}, "fake": false}], [87718, {"py/object": "odf.components.Data", "data": {"py/b64": "8zo="}, "fake": false}], [87989, {"py/object": "odf.components.Status", "address": 9, "message_error_bit": "0", "instrumentation_bit": "0", "service_request_bit": "0", "reserved_bits": "000", "brdcst_received_bit": "0", "busy_bit": "0", "subsystem_flag_bit": "0", "dynamic_bus_control_accpt_bit": "0", "terminal_flag_bit": "1", "parity_bit": "1", "fake": false}], [88067, {"py/object": "odf.components.Data", "data": {"py/b64": "7qE="}, "fake": false}], [88147, {"py/object": "odf.components.Data", "data": {"py/b64": "B0I="}, "fake": false}], [88227, {"py/object": "odf.components.Data", "data": {"py/b64": "1e0="}, "fake": false}], [88314, {"py/object": "odf.components.Data", "data": {"py/b64": "7MI="}, "fake": false}], [88393, {"py/object": "odf.components.Data", "data": {"py/b64": "53I="}, "fake": false}], [88474, {"py/object": "odf.components.Data", "data": {"py/b64": "HUQ="}, "fake": false}], [88550, {"py/object": "odf.components.Data", "data": {"py/b64": "z6E="}, "fake": false}], [88627, {"py/object": "odf.components.Data", "data": {"py/b64": "B0I="}, "fake": false}], [88710, {"py/object": "odf.components.Data", "data": {"py/b64": "1+0="}, "fake": false}], [88789, {"py/object": "odf.components.Data", "data": {"py/b64": "7MI="}, "fake": false}], [88870, {"py/object": "odf.components.Data", "data": {"py/b64": "umo="}, "fake": false}], [88951, {"py/object": "odf.components.Data", "data": {"py/b64": "AUU="}, "fake": false}], [89099, {"py/object": "odf.components.Status", "address": 12, "message_error_bit": "0", "instrumentation_bit": "0", "service_request_bit": "0", "reserved_bits": "000", "brdcst_received_bit": "0", "busy_bit": "0", "subsystem_flag_bit": "0", "dynamic_bus_control_accpt_bit": "0", "terminal_flag_bit": "1", "parity_bit": "0", "fake": true}], [89301, {"py/object": "odf.components.Command", "address": 1, "tr": 0, "sub_address": 2, "dword_count": 4, "parity": 0, "fake": false}], [89372, {"py/object": "odf.components.Data", "data": {"py/b64": "AAA="}, "fake": false}], [89394, {"py/object": "odf.components.Data", "data": {"py/b64": "AAA="}, "fake": false}], [89416, {"py/object": "odf.components.Data", "data": {"py/b64": "AAA="}, "fake": false}], [89439, {"py/object": "odf.components.Data", "data": {"py/b64": "AAA="}, "fake": false}], [89589, {"py/object": "odf.components.Status", "address": 1, "message_error_bit": "0", "instrumentation_bit": "0", "service_request_bit": "0", "reserved_bits": "000", "brdcst_received_bit": "0", "busy_bit": "0", "subsystem_flag_bit": "0", "dynamic_bus_control_accpt_bit": "0", "terminal_flag_bit": "1", "parity_bit": "0", "fake": true}], [89790, {"py/object": "odf.components.Command", "address": 31, "tr": 0, "sub_address": 2, "dword_count": 1, "parity": 0, "fake": false}], [89899, {"py/object": "odf.components.Data", "data": {"py/b64": "//8="}, "fake": false}], [89944, {"py/object": "odf.components.Command", "address": 4, "tr": 0, "sub_address": 2, "dword_count": 18, "parity": 0, "fake": false}], [90020, {"py/object": "odf.components.Status", "address": 11, "message_error_bit": "0", "instrumentation_bit": "0", "service_request_bit": "0", "reserved_bits": "000", "brdcst_received_bit": "0", "busy_bit": "0", "subsystem_flag_bit": "0", "dynamic_bus_control_accpt_bit": "0", "terminal_flag_bit": "1", "parity_bit": "1", "fake": false}], [90042, {"py/object": "odf.components.Command", "address": 3, "tr": 1, "sub_address": 2, "dword_count": 18, "parity": 0, "fake": false}], [90103, {"py/object": "odf.components.Data", "data": {"py/b64": "2kg="}, "fake": false}], [90126, {"py/object": "odf.components.Data", "data": {"py/b64": "Ejs="}, "fake": false}], [90195, {"py/object": "odf.components.Data", "data": {"py/b64": "AHs="}, "fake": false}], [90276, {"py/object": "odf.components.Data", "data": {"py/b64": "LEE="}, "fake": false}], [90356, {"py/object": "odf.components.Data", "data": {"py/b64": "WW0="}, "fake": false}], [90435, {"py/object": "odf.components.Data", "data": {"py/b64": "3UE="}, "fake": false}], [90514, {"py/object": "odf.components.Data", "data": {"py/b64": "bAk="}, "fake": false}], [90587, {"py/object": "odf.components.Data", "data": {"py/b64": "n0A="}, "fake": false}], [90657, {"py/object": "odf.components.Data", "data": {"py/b64": "2LQ="}, "fake": false}], [90736, {"py/object": "odf.components.Data", "data": {"py/b64": "JUA="}, "fake": false}], [90813, {"py/object": "odf.components.Data", "data": {"py/b64": "PtM="}, "fake": false}], [90893, {"py/object": "odf.components.Data", "data": {"py/b64": "WD0="}, "fake": false}], [90977, {"py/object": "odf.components.Data", "data": {"py/b64": "01I="}, "fake": false}], [91165, {"py/object": "odf.components.Status", "address": 12, "message_error_bit": "0", "instrumentation_bit": "0", "service_request_bit": "0", "reserved_bits": "000", "brdcst_received_bit": "0", "busy_bit": "0", "subsystem_flag_bit": "0", "dynamic_bus_control_accpt_bit": "0", "terminal_flag_bit": "1", "parity_bit": "1", "fake": false}], [91257, {"py/object": "odf.components.Command", "address": 6, "tr": 0, "sub_address": 2, "dword_count": 28, "parity": 0, "fake": false}], [91294, {"py/object": "odf.components.Command", "address": 5, "tr": 1, "sub_address": 2, "dword_count": 28, "parity": 0, "fake": false}], [91373, {"py/object": "odf.components.Data", "data": {"py/b64": "Yb0="}, "fake": false}], [91419, {"py/object": "odf.components.Data", "data": {"py/b64": "VBU="}, "fake": false}], [91524, {"py/object": "odf.components.Status", "address": 1, "message_error_bit": "0", "instrumentation_bit": "0", "service_request_bit": "0", "reserved_bits": "000", "brdcst_received_bit": "0", "busy_bit": "0", "subsystem_flag_bit": "0", "dynamic_bus_control_accpt_bit": "0", "terminal_flag_bit": "1", "parity_bit": "1", "fake": false}], [91553, {"py/object": "odf.components.Data", "data": {"py/b64": "mkE="}, "fake": false}], [92038, {"py/object": "odf.components.Status", "address": 3, "message_error_bit": "0", "instrumentation_bit": "0", "service_request_bit": "0", "reserved_bits": "000", "brdcst_received_bit": "0", "busy_bit": "0", "subsystem_flag_bit": "0", "dynamic_bus_control_accpt_bit": "0", "terminal_flag_bit": "1", "parity_bit": "1", "fake": false}], [92136, {"py/object": "odf.components.Command", "address": 8, "tr": 0, "sub_address": 2, "dword_count": 8, "parity": 0, "fake": false}], [92197, {"py/object": "odf.components.Command", "address": 7, "tr": 1, "sub_address": 2, "dword_count": 8, "parity": 0, "fake": false}], [92247, {"py/object": "odf.components.Data", "data": {"py/b64": "t+A="}, "fake": false}], [92327, {"py/object": "odf.components.Data", "data": {"py/b64": "eUM="}, "fake": false}], [92409, {"py/object": "odf.components.Data", "data": {"py/b64": "uvk="}, "fake": false}], [92488, {"py/object": "odf.components.Data", "data": {"py/b64": "AEU="}, "fake": false}], [92566, {"py/object": "odf.components.Data", "data": {"py/b64": "6FE="}, "fake": false}], [92643, {"py/object": "odf.components.Data", "data": {"py/b64": "B0U="}, "fake": false}], [92713, {"py/object": "odf.components.Data", "data": {"py/b64": "ImQ="}, "fake": false}], [92802, {"py/object": "odf.components.Data", "data": {"py/b64": "C0M="}, "fake": false}], [92885, {"py/object": "odf.components.Data", "data": {"py/b64": "jTA="}, "fake": false}], [92966, {"py/object": "odf.components.Status", "address": 8, "message_error_bit": "0", "instrumentation_bit": "0", "service_request_bit": "0", "reserved_bits": "000", "brdcst_received_bit": "0", "busy_bit": "0", "subsystem_flag_bit": "0", "dynamic_bus_control_accpt_bit": "0", "terminal_flag_bit": "1", "parity_bit": "0", "fake": true}], [93037, {"py/object": "odf.components.Data", "data": {"py/b64": "PkA="}, "fake": false}], [93120, {"py/object": "odf.components.Data", "data": {"py/b64": "ox0="}, "fake": false}], [93199, {"py/object": "odf.components.Data", "data": {"py/b64": "PkA="}, "fake": false}], [93285, {"py/object": "odf.components.Data", "data": {"py/b64": "NQQ="}, "fake": false}], [93459, {"py/object": "odf.components.Status", "address": 5, "message_error_bit": "0", "instrumentation_bit": "0", "service_request_bit": "0", "reserved_bits": "000", "brdcst_received_bit": "0", "busy_bit": "0", "subsystem_flag_bit": "0", "dynamic_bus_control_accpt_bit": "0", "terminal_flag_bit": "1", "parity_bit": "1", "fake": false}], [93569, {"py/object": "odf.components.Command", "address": 10, "tr": 0, "sub_address": 2, "dword_count": 12, "parity": 0, "fake": false}], [93643, {"py/object": "odf.components.Data", "data": {"py/b64": "Q0A="}, "fake": false}], [93739, {"py/object": "odf.components.Command", "address": 9, "tr": 1, "sub_address": 2, "dword_count": 12, "parity": 0, "fake": false}], [93778, {"py/object": "odf.components.Data", "data": {"py/b64": "dEU="}, "fake": false}], [93895, {"py/object": "odf.components.Data", "data": {"py/b64": "wdI="}, "fake": false}], [93933, {"py/object": "odf.components.Data", "data": {"py/b64": "fUM="}, "fake": false}], [94021, {"py/object": "odf.components.Data", "data": {"py/b64": "1EM="}, "fake": false}], [94073, {"py/object": "odf.components.Data", "data": {"py/b64": "rWs="}, "fake": false}], [94114, {"py/object": "odf.components.Data", "data": {"py/b64": "tww="}, "fake": false}], [94214, {"py/object": "odf.components.Data", "data": {"py/b64": "1kM="}, "fake": false}], [94264, {"py/object": "odf.components.Data", "data": {"py/b64": "OkQ="}, "fake": false}], [94378, {"py/object": "odf.components.Status", "address": 7, "message_error_bit": "0", "instrumentation_bit": "0", "service_request_bit": "0", "reserved_bits": "000", "brdcst_received_bit": "0", "busy_bit": "0", "subsystem_flag_bit": "0", "dynamic_bus_control_accpt_bit": "0", "terminal_flag_bit": "1", "parity_bit": "1", "fake": false}], [94484, {"py/object": "odf.components.Data", "data": {"py/b64": "VnE="}, "fake": false}], [94654, {"py/object": "odf.components.Status", "address": 4, "message_error_bit": "0", "instrumentation_bit": "0", "service_request_bit": "0", "reserved_bits": "000", "brdcst_received_bit": "0", "busy_bit": "0", "subsystem_flag_bit": "0", "dynamic_bus_control_accpt_bit": "0", "terminal_flag_bit": "1", "parity_bit": "1", "fake": false}], [94758, {"py/object": "odf.components.Command", "address": 12, "tr": 0, "sub_address": 2, "dword_count": 16, "parity": 0, "fake": false}], [94842, {"py/object": "odf.components.Data", "data": {"py/b64": "oq0="}, "fake": false}], [94911, {"py/object": "odf.components.Command", "address": 11, "tr": 1, "sub_address": 2, "dword_count": 16, "parity": 0, "fake": false}], [94965, {"py/object": "odf.components.Data", "data": {"py/b64": "X0E="}, "fake": false}], [95036, {"py/object": "odf.components.Data", "data": {"py/b64": "1r0="}, "fake": false}], [95108, {"py/object": "odf.components.Data", "data": {"py/b64": "uAs="}, "fake": false}], [95170, {"py/object": "odf.components.Data", "data": {"py/b64": "x9o="}, "fake": false}], [95228, {"py/object": "odf.components.Data", "data": {"py/b64": "CEI="}, "fake": false}], [95284, {"py/object": "odf.components.Data", "data": {"py/b64": "4z4="}, "fake": false}], [95354, {"py/object": "odf.components.Data", "data": {"py/b64": "sqM="}, "fake": false}], [95429, {"py/object": "odf.components.Data", "data": {"py/b64": "IkE="}, "fake": false}], [95460, {"py/object": "odf.components.Data", "data": {"py/b64": "1cM="}, "fake": false}], [95537, {"py/object": "odf.components.Data", "data": {"py/b64": "5Tw="}, "fake": false}], [95596, {"py/object": "odf.components.Data", "data": {"py/b64": "+kM="}, "fake": false}], [95686, {"py/object": "odf.components.Data", "data": {"py/b64": "1E8="}, "fake": false}], [95808, {"py/object": "odf.components.Status", "address": 9, "message_error_bit": "0", "instrumentation_bit": "0", "service_request_bit": "0", "reserved_bits": "000", "brdcst_received_bit": "0", "busy_bit": "0", "subsystem_flag_bit": "0", "dynamic_bus_control_accpt_bit": "0", "terminal_flag_bit": "1", "parity_bit": "1", "fake": false}], [95877, {"py/object": "odf.components.Data", "data": {"py/b64": "bEE="}, "fake": false}], [95974, {"py/object": "odf.components.Data", "data": {"py/b64": "zrk="}, "fake": false}], [96067, {"py/object": "odf.components.Data", "data": {"py/b64": "hpg="}, "fake": false}], [96109, {"py/object": "odf.components.Data", "data": {"py/b64": "ySA="}, "fake": false}], [96227, {"py/object": "odf.components.Data", "data": {"py/b64": "I78="}, "fake": false}], [96423, {"py/object": "odf.components.Data", "data": {"py/b64": "B0I="}, "fake": false}], [96645, {"py/object": "odf.components.Status", "address": 12, "message_error_bit": "0", "instrumentation_bit": "0", "service_request_bit": "0", "reserved_bits": "000", "brdcst_received_bit": "0", "busy_bit": "0", "subsystem_flag_bit": "0", "dynamic_bus_control_accpt_bit": "0", "terminal_flag_bit": "1", "parity_bit": "0", "fake": true}], [96779, {"py/object": "odf.components.Command", "address": 1, "tr": 0, "sub_address": 2, "dword_count": 4, "parity": 0, "fake": false}], [96921, {"py/object": "odf.components.Data", "data": {"py/b64": "AAA="}, "fake": false}], [97186, {"py/object": "odf.components.Data", "data": {"py/b64": "AAA="}, "fake": false}], [97367, {"py/object": "odf.components.Data", "data": {"py/b64": "AAA="}, "fake": false}], [97557, {"py/object": "odf.components.Data", "data": {"py/b64": "AAA="}, "fake": false}], [97647, {"py/object": "odf.components.Data", "data": {"py/b64": "nE8="}, "fake": false}], [97791, {"py/object": "odf.components.Data", "data": {"py/b64": "6u0="}, "fake": false}], [97913, {"py/object": "odf.components.Status", "address": 6, "message_error_bit": "0", "instrumentation_bit": "0", "service_request_bit": "0", "reserved_bits": "000", "brdcst_received_bit": "0", "busy_bit": "0", "subsystem_flag_bit": "0", "dynamic_bus_control_accpt_bit": "0", "terminal_flag_bit": "1", "parity_bit": "1", "fake": false}], [97983, {"py/object": "odf.components.Status", "address": 10, "message_error_bit": "0", "instrumentation_bit": "0", "service_request_bit": "0", "reserved_bits": "000", "brdcst_received_bit": "0", "busy_bit": "0", "subsystem_flag_bit": "0", "dynamic_bus_control_accpt_bit": "0", "terminal_flag_bit": "1", "parity_bit": "1", "fake": false}], [98142, {"py/object": "odf.components.Data", "data": {"py/b64": "eT0="}, "fake": false}], [98251, {"py/object": "odf.components.Status", "address": 11, "message_error_bit": "0", "instrumentation_bit": "0", "service_request_bit": "0", "reserved_bits": "000", "brdcst_received_bit": "0", "busy_bit": "0", "subsystem_flag_bit": "0", "dynamic_bus_control_accpt_bit": "0", "terminal_flag_bit": "1", "parity_bit": "1", "fake": false}], [98468, {"py/object": "odf.components.Data", "data": {"py/b64": "7MI="}, "fake": false}], [98601, {"py/object": "odf.components.Command", "address": 31, "tr": 0, "sub_address": 2, "dword_count": 1, "parity": 0, "fake": false}], [98659, {"py/object": "odf.components.Data", "data": {"py/b64": "//8="}, "fake": false}], [98823, {"py/object": "odf.components.Command", "address": 4, "tr": 0, "sub_address": 2, "dword_count": 18, "parity": 0, "fake": false}], [98931, {"py/object": "odf.components.Command", "address": 3, "tr": 1, "sub_address": 2, "dword_count": 18, "parity": 0, "fake": false}], [99052, {"py/object": "odf.components.Data", "data": {"py/b64": "3V4="}, "fake": false}], [99166, {"py/object": "odf.components.Data", "data": {"py/b64": "A+Q="}, "fake": false}], [99217, {"py/object": "odf.components.Data", "data": {"py/b64": "ngg="}, "fake": false}], [99368, {"py/object": "odf.components.Status", "address": 1, "message_error_bit": "0", "instrumentation_bit": "0", "service_request_bit": "0", "reserved_bits": "000", "brdcst_received_bit": "0", "busy_bit": "0", "subsystem_flag_bit": "0", "dynamic_bus_control_accpt_bit": "0", "terminal_flag_bit": "1", "parity_bit": "0", "fake": true}], [99437, {"py/object": "odf.components.Data", "data": {"py/b64": "ETs="}, "fake": false}], [99510, {"py/object": "odf.components.Data", "data": {"py/b64": "/cA="}, "fake": false}], [99634, {"py/object": "odf.components.Data", "data": {"py/b64": "MkQ="}, "fake": false}], [99683, {"py/object": "odf.components.Data", "data": {"py/b64": "4NI="}, "fake": false}], [99806, {"py/object": "odf.components.Data", "data": {"py/b64": "MTo="}, "fake": false}], [99987, {"py/object": "odf.components.Data", "data": {"py/b64": "a5g="}, "fake": false}], [100081, {"py/object": "odf.components.Status", "address": 12, "message_error_bit": "0", "instrumentation_bit": "0", "service_request_bit": "0", "reserved_bits": "000", "brdcst_received_bit": "0", "busy_bit": "0", "subsystem_flag_bit": "0", "dynamic_bus_control_accpt_bit": "0", "terminal_flag_bit": "1", "parity_bit": "1", "fake": false}], [100220, {"py/object": "odf.components.Command", "address": 6, "tr": 0, "sub_address": 2, "dword_count": 28, "parity": 0, "fake": false}], [100275, {"py/object": "odf.components.Command", "address": 5, "tr": 1, "sub_address": 2, "dword_count": 28, "parity": 0, "fake": false}], [100420, {"py/object": "odf.components.Data", "data": {"py/b64": "JUE="}, "fake": false}], [100489, {"py/object": "odf.components.Data", "data": {"py/b64": "CME="}, "fake": false}], [100592, {"py/object": "odf.components.Data", "data": {"py/b64": "B0I="}, "fake": false}], [100719, {"py/object": "odf.components.Data", "data": {"py/b64": "cM8="}, "fake": false}], [100811, {"py/object": "odf.components.Data", "data": {"py/b64": "tGg="}, "fake": false}], [100939, {"py/object": "odf.components.Data", "data": {"py/b64": "5+0="}, "fake": false}], [101025, {"py/object": "odf.components.Status", "address": 1, "message_error_bit": "0", "instrumentation_bit": "0", "service_request_bit": "0", "reserved_bits": "000", "brdcst_received_bit": "0", "busy_bit": "0", "subsystem_flag_bit": "0", "dynamic_bus_control_accpt_bit": "0", "terminal_flag_bit": "1", "parity_bit": "1", "fake": false}], [101094, {"py/object": "odf.components.Data", "data": {"py/b64": "1kM="}, "fake": false}], [101323, {"py/object": "odf.components.Data", "data": {"py/b64": "20E="}, "fake": false}], [101502, {"py/object": "odf.components.Data", "data": {"py/b64": "7MI="}, "fake": false}], [101641, {"py/object": "odf.components.Data", "data": {"py/b64": "+Vw="}, "fake": false}], [101732, {"py/object": "odf.components.Data", "data": {"py/b64": "u/w="}, "fake": false}], [101815, {"py/object": "odf.components.Data", "data": {"py/b64": "1Dw="}, "fake": false}], [101927, {"py/object": "odf.components.Data", "data": {"py/b64": "pEA="}, "fake": false}], [102015, {"py/object": "odf.components.Data", "data": {"py/b64": "VcE="}, "fake": false}], [102098, {"py/object": "odf.components.Data", "data": {"py/b64": "EkU="}, "fake": false}], [102197, {"py/object": "odf.components.Data", "data": {"py/b64": "9+g="}, "fake": false}], [102382, {"py/object": "odf.components.Data", "data": {"py/b64": "Ov8="}, "fake": false}], [102484, {"py/object": "odf.components.Status", "address": 3, "message_error_bit": "0", "instrumentation_bit": "0", "service_request_bit": "0", "reserved_bits": "000", "brdcst_received_bit": "0", "busy_bit": "0", "subsystem_flag_bit": "0", "dynamic_bus_control_accpt_bit": "0", "terminal_flag_bit": "1", "parity_bit": "1", "fake": false}], [102617, {"py/object": "odf.components.Command", "address": 8, "tr": 0, "sub_address": 2, "dword_count": 8, "parity": 0, "fake": false}], [102725, {"py/object": "odf.components.Command", "address": 7, "tr": 1, "sub_address": 2, "dword_count": 8, "parity": 0, "fake": false}], [102815, {"py/object": "odf.components.Data", "data": {"py/b64": "KEA="}, "fake": false}], [102939, {"py/object": "odf.components.Data", "data": {"py/b64": "0UA="}, "fake": false}], [103014, {"py/object": "odf.components.Data", "data": {"py/b64": "Hfs="}, "fake": false}], [103158, {"py/object": "odf.components.Data", "data": {"py/b64": "/3U="}, "fake": false}], [103250, {"py/object": "odf.components.Data", "data": {"py/b64": "9NM="}, "fake": false}], [103346, {"py/object": "odf.components.Data", "data": {"py/b64": "eUM="}, "fake": false}], [103461, {"py/object": "odf.components.Data", "data": {"py/b64": "zz4="}, "fake": false}], [103510, {"py/object": "odf.components.Data", "data": {"py/b64": "Nr0="}, "fake": false}], [103662, {"py/object": "odf.components.Data", "data": {"py/b64": "VOU="}, "fake": false}], [103758, {"py/object": "odf.components.Status", "address": 5, "message_error_bit": "0", "instrumentation_bit": "0", "service_request_bit": "0", "reserved_bits": "000", "brdcst_received_bit": "0", "busy_bit": "0", "subsystem_flag_bit": "0", "dynamic_bus_control_accpt_bit": "0", "terminal_flag_bit": "1", "parity_bit": "1", "fake": false}], [104010, {"py/object": "odf.components.Data", "data": {"py/b64": "AEU="}, "fake": false}], [104227, {"py/object": "odf.components.Data", "data": {"py/b64": "DFc="}, "fake": false}], [104457, {"py/object": "odf.components.Data", "data": {"py/b64": "a/0="}, "fake": false}], [104730, {"py/object": "odf.components.Data", "data": {"py/b64": "RTs="}, "fake": false}], [104976, {"py/object": "odf.components.Data", "data": {"py/b64": "+ls="}, "fake": false}], [105206, {"py/object": "odf.components.Status", "address": 8, "message_error_bit": "0", "instrumentation_bit": "0", "service_request_bit": "0", "reserved_bits": "000", "brdcst_received_bit": "0", "busy_bit": "0", "subsystem_flag_bit": "0", "dynamic_bus_control_accpt_bit": "0", "terminal_flag_bit": "1", "parity_bit": "0", "fake": true}], [105414, {"py/object": "odf.components.Command", "address": 10, "tr": 0, "sub_address": 2, "dword_count": 12, "parity": 0, "fake": false}], [105581, {"py/object": "odf.components.Command", "address": 9, "tr": 1, "sub_address": 2, "dword_count": 12, "parity": 0, "fake": false}], [105744, {"py/object": "odf.components.Data", "data": {"py/b64": "fkM="}, "fake": false}], [105949, {"py/object": "odf.components.Status", "address": 4, "message_error_bit": "0", "instrumentation_bit": "0", "service_request_bit": "0", "reserved_bits": "000", "brdcst_received_bit": "0", "busy_bit": "0", "subsystem_flag_bit": "0", "dynamic_bus_control_accpt_bit": "0", "terminal_flag_bit": "1", "parity_bit": "1", "fake": false}], [106172, {"py/object": "odf.components.Data", "data": {"py/b64": "GEU="}, "fake": false}], [106297, {"py/object": "odf.components.Data", "data": {"py/b64": "e8A="}, "fake": false}], [106491, {"py/object": "odf.components.Data", "data": {"py/b64": "M+E="}, "fake": false}], [106562, {"py/object": "odf.components.Data", "data": {"py/b64": "J+I="}, "fake": false}], [106697, {"py/object": "odf.components.Data", "data": {"py/b64": "lkE="}, "fake": false}], [106781, {"py/object": "odf.components.Data", "data": {"py/b64": "10M="}, "fake": false}], [106872, {"py/object": "odf.components.Data", "data": {"py/b64": "90I="}, "fake": false}], [107020, {"py/object": "odf.components.Data", "data": {"py/b64": "8gY="}, "fake": false}], [107076, {"py/object": "odf.components.Status", "address": 7, "message_error_bit": "0", "instrumentation_bit": "0", "service_request_bit": "0", "reserved_bits": "000", "brdcst_received_bit": "0", "busy_bit": "0", "subsystem_flag_bit": "0", "dynamic_bus_control_accpt_bit": "0", "terminal_flag_bit": "1", "parity_bit": "1", "fake": false}], [107242, {"py/object": "odf.components.Command", "address": 12, "tr": 0, "sub_address": 2, "dword_count": 16, "parity": 0, "fake": false}], [107328, {"py/object": "odf.components.Command", "address": 11, "tr": 1, "sub_address": 2, "dword_count": 16, "parity": 0, "fake": false}], [107538, {"py/object": "odf.components.Data", "data": {"py/b64": "0Rs="}, "fake": false}], [107719, {"py/object": "odf.components.Data", "data": {"py/b64": "z0I="}, "fake": false}], [107889, {"py/object": "odf.components.Data", "data": {"py/b64": "19Q="}, "fake": false}], [108072, {"py/object": "odf.components.Data", "data": {"py/b64": "LEA="}, "fake": false}], [108175, {"py/object": "odf.components.Data", "data": {"py/b64": "cZg="}, "fake": false}], [108398, {"py/object": "odf.components.Data", "data": {"py/b64": "1b0="}, "fake": false}], [108504, {"py/object": "odf.components.Data", "data": {"py/b64": "AAk="}, "fake": false}], [108737, {"py/object": "odf.components.Data", "data": {"py/b64": "CUI="}, "fake": false}], [108973, {"py/object": "odf.components.Data", "data": {"py/b64": "CV4="}, "fake": false}], [109189, {"py/object": "odf.components.Status", "address": 6, "message_error_bit": "0", "instrumentation_bit": "0", "service_request_bit": "0", "reserved_bits": "000", "brdcst_received_bit": "0", "busy_bit": "0", "subsystem_flag_bit": "0", "dynamic_bus_control_accpt_bit": "0", "terminal_flag_bit": "1", "parity_bit": "1", "fake": false}], [109481, {"py/object": "odf.components.Data", "data": {"py/b64": "LEA="}, "fake": false}], [109712, {"py/object": "odf.components.Data", "data": {"py/b64": "4j4="}, "fake": false}], [109992, {"py/object": "odf.components.Data", "data": {"py/b64": "6MY="}, "fake": false}], [110260, {"py/object": "odf.components.Data", "data": {"py/b64": "XuI="}, "fake": false}], [110537, {"py/object": "odf.components.Data", "data": {"py/b64": "0MM="}, "fake": false}], [110781, {"py/object": "odf.components.Data", "data": {"py/b64": "xIE="}, "fake": false}], [111067, {"py/object": "odf.components.Data", "data": {"py/b64": "QkA="}, "fake": false}], [111294, {"py/object": "odf.components.Status", "address": 9, "message_error_bit": "0", "instrumentation_bit": "0", "service_request_bit": "0", "reserved_bits": "000", "brdcst_received_bit": "0", "busy_bit": "0", "subsystem_flag_bit": "0", "dynamic_bus_control_accpt_bit": "0", "terminal_flag_bit": "1", "parity_bit": "1", "fake": false}], [111520, {"py/object": "odf.components.Command", "address": 1, "tr": 0, "sub_address": 2, "dword_count": 4, "parity": 0, "fake": false}], [111772, {"py/object": "odf.components.Data", "data": {"py/b64": "AAA="}, "fake": false}], [111977, {"py/object": "odf.components.Data", "data": {"py/b64": "5Dw="}, "fake": false}], [112227, {"py/object": "odf.components.Data", "data": {"py/b64": "A/g="}, "fake": false}], [112475, {"py/object": "odf.components.Data", "data": {"py/b64": "AAA="}, "fake": false}], [112704, {"py/object": "odf.components.Data", "data": {"py/b64": "AAA="}, "fake": false}], [112913, {"py/object": "odf.components.Data", "data": {"py/b64": "hLA="}, "fake": false}], [113141, {"py/object": "odf.components.Data", "data": {"py/b64": "AAA="}, "fake": false}], [113357, {"py/object": "odf.components.Data", "data": {"py/b64": "WI8="}, "fake": false}], [113538, {"py/object": "odf.components.Status", "address": 12, "message_error_bit": "0", "instrumentation_bit": "0", "service_request_bit": "0", "reserved_bits": "000", "brdcst_received_bit": "0", "busy_bit": "0", "subsystem_flag_bit": "0", "dynamic_bus_control_accpt_bit": "0", "terminal_flag_bit": "1", "parity_bit": "0", "fake": true}], [113732, {"py/object": "odf.components.Command", "address": 31, "tr": 0, "sub_address": 2, "dword_count": 1, "parity": 0, "fake": false}], [113964, {"py/object": "odf.components.Data", "data": {"py/b64": "AdE="}, "fake": false}], [114175, {"py/object": "odf.components.Data", "data": {"py/b64": "//8="}, "fake": false}], [114426, {"py/object": "odf.components.Data", "data": {"py/b64": "ZkE="}, "fake": false}], [114598, {"py/object": "odf.components.Data", "data": {"py/b64": "1EM="}, "fake": false}], [114836, {"py/object": "odf.components.Command", "address": 4, "tr": 0, "sub_address": 2, "dword_count": 18, "parity": 0, "fake": false}], [115008, {"py/object": "odf.components.Command", "address": 3, "tr": 1, "sub_address": 2, "dword_count": 18, "parity": 0, "fake": false}], [115215, {"py/object": "odf.components.Status", "address": 11, "message_error_bit": "0", "instrumentation_bit": "0", "service_request_bit": "0", "reserved_bits": "000", "brdcst_received_bit": "0", "busy_bit": "0", "subsystem_flag_bit": "0", "dynamic_bus_control_accpt_bit": "0", "terminal_flag_bit": "1", "parity_bit": "1", "fake": false}], [115510, {"py/object": "odf.components.Data", "data": {"py/b64": "B0I="}, "fake": false}], [115832, {"py/object": "odf.components.Status", "address": 10, "message_error_bit": "0", "instrumentation_bit": "0", "service_request_bit": "0", "reserved_bits": "000", "brdcst_received_bit": "0", "busy_bit": "0", "subsystem_flag_bit": "0", "dynamic_bus_control_accpt_bit": "0", "terminal_flag_bit": "1", "parity_bit": "1", "fake": false}], [116139, {"py/object": "odf.components.Data", "data": {"py/b64": "Yjk="}, "fake": false}], [116451, {"py/object": "odf.components.Command", "address": 6, "tr": 0, "sub_address": 2, "dword_count": 28, "parity": 0, "fake": false}], [116770, {"py/object": "odf.components.Data", "data": {"py/b64": "sTw="}, "fake": false}], [117065, {"py/object": "odf.components.Command", "address": 5, "tr": 1, "sub_address": 2, "dword_count": 28, "parity": 0, "fake": false}], [117353, {"py/object": "odf.components.Data", "data": {"py/b64": "tww="}, "fake": false}], [117622, {"py/object": "odf.components.Data", "data": {"py/b64": "BDY="}, "fake": false}], [117914, {"py/object": "odf.components.Data", "data": {"py/b64": "bOw="}, "fake": false}], [118197, {"py/object": "odf.components.Data", "data": {"py/b64": "yj4="}, "fake": false}], [118476, {"py/object": "odf.components.Data", "data": {"py/b64": "OkQ="}, "fake": false}], [118723, {"py/object": "odf.components.Data", "data": {"py/b64": "EDs="}, "fake": false}], [118958, {"py/object": "odf.components.Status", "address": 1, "message_error_bit": "0", "instrumentation_bit": "0", "service_request_bit": "0", "reserved_bits": "000", "brdcst_received_bit": "0", "busy_bit": "0", "subsystem_flag_bit": "0", "dynamic_bus_control_accpt_bit": "0", "terminal_flag_bit": "1", "parity_bit": "0", "fake": true}], [119233, {"py/object": "odf.components.Data", "data": {"py/b64": "7MI="}, "fake": false}], [119490, {"py/object": "odf.components.Status", "address": 12, "message_error_bit": "0", "instrumentation_bit": "0", "service_request_bit": "0", "reserved_bits": "000", "brdcst_received_bit": "0", "busy_bit": "0", "subsystem_flag_bit": "0", "dynamic_bus_control_accpt_bit": "0", "terminal_flag_bit": "1", "parity_bit": "1", "fake": false}], [119755, {"py/object": "odf.components.Command", "address": 8, "tr": 0, "sub_address": 2, "dword_count": 8, "parity": 0, "fake": false}], [120049, {"py/object": "odf.components.Data", "data": {"py/b64": "Olc="}, "fake": false}], [120344, {"py/object": "odf.components.Command", "address": 7, "tr": 1, "sub_address": 2, "dword_count": 8, "parity": 0, "fake": false}]], "attack_times": [[69509, 72421, 75701, 79294, 79751, 84768, 86926, 88970, 89428, 92824, 96094, 97470, 100978, 103991, 105538, 109437, 112612, 115856]], "attack_types": ["Fake_Status_reccmd"], "attack_outcome": [true]}