{"data": [[373, {"py/object": "odf.components.Command", "address": 31, "tr": 0, "sub_address": 2, "dword_count": 1, "parity": 0, "fake": false}], [491, {"py/object": "odf.components.Data", "data": {"py/b64": "//8="}, "fake": false}], [535, {"py/object": "odf.components.Command", "address": 4, "tr": 0, "sub_address": 2, "dword_count": 18, "parity": 0, "fake": false}], [554, {"py/object": "odf.components.Command", "address": 3, "tr": 1, "sub_address": 2, "dword_count": 18, "parity": 0, "fake": false}], [2626, {"py/object": "odf.components.Status", "address": 3, "message_error_bit": "0", "instrumentation_bit": "0", "service_request_bit": "0", "reserved_bits": "000", "brdcst_received_bit": "0", "busy_bit": "0", "subsystem_flag_bit": "0", "dynamic_bus_control_accpt_bit": "0", "terminal_flag_bit": "1", "parity_bit": "1", "fake": false}], [2694, {"py/object": "odf.components.Data", "data": {"py/b64": "iKs="}, "fake": false}], [2763, {"py/object": "odf.components.Data", "data": {"py/b64": "JUI="}, "fake": false}], [2823, {"py/object": "odf.components.Data", "data": {"py/b64": "yLM="}, "fake": false}], [2886, {"py/object": "odf.components.Data", "data": {"py/b64": "fb0="}, "fake": false}], [2949, {"py/object": "odf.components.Data", "data": {"py/b64": "RYY="}, "fake": false}], [3015, {"py/object": "odf.components.Data", "data": {"py/b64": "7kI="}, "fake": false}], [3087, {"py/object": "odf.components.Data", "data": {"py/b64": "q80="}, "fake": false}], [3153, {"py/object": "odf.components.Data", "data": {"py/b64": "iEM="}, "fake": false}], [3223, {"py/object": "odf.components.Data", "data": {"py/b64": "768="}, "fake": false}], [3290, {"py/object": "odf.components.Data", "data": {"py/b64": "i0A="}, "fake": false}], [3361, {"py/object": "odf.components.Data", "data": {"py/b64": "ALA="}, "fake": false}], [3428, {"py/object": "odf.components.Data", "data": {"py/b64": "i0A="}, "fake": false}], [3495, {"py/object": "odf.components.Data", "data": {"py/b64": "2w8="}, "fake": false}], [3568, {"py/object": "odf.components.Data", "data": {"py/b64": "SUA="}, "fake": false}], [3639, {"py/object": "odf.components.Data", "data": {"py/b64": "pKM="}, "fake": false}], [3710, {"py/object": "odf.components.Data", "data": {"py/b64": "1kM="}, "fake": false}], [3781, {"py/object": "odf.components.Data", "data": {"py/b64": "tww="}, "fake": false}], [3857, {"py/object": "odf.components.Data", "data": {"py/b64": "OkQ="}, "fake": false}], [5964, {"py/object": "odf.components.Status", "address": 4, "message_error_bit": "0", "instrumentation_bit": "0", "service_request_bit": "0", "reserved_bits": "000", "brdcst_received_bit": "0", "busy_bit": "0", "subsystem_flag_bit": "0", "dynamic_bus_control_accpt_bit": "0", "terminal_flag_bit": "1", "parity_bit": "1", "fake": false}], [6021, {"py/object": "odf.components.Command", "address": 6, "tr": 0, "sub_address": 2, "dword_count": 28, "parity": 0, "fake": false}], [6037, {"py/object": "odf.components.Command", "address": 5, "tr": 1, "sub_address": 2, "dword_count": 28, "parity": 0, "fake": false}], [8099, {"py/object": "odf.components.Status", "address": 5, "message_error_bit": "0", "instrumentation_bit": "0", "service_request_bit": "0", "reserved_bits": "000", "brdcst_received_bit": "0", "busy_bit": "0", "subsystem_flag_bit": "0", "dynamic_bus_control_accpt_bit": "0", "terminal_flag_bit": "1", "parity_bit": "1", "fake": false}], [8159, {"py/object": "odf.components.Data", "data": {"py/b64": "wpE="}, "fake": false}], [8217, {"py/object": "odf.components.Data", "data": {"py/b64": "rEI="}, "fake": false}], [8279, {"py/object": "odf.components.Data", "data": {"py/b64": "SSg="}, "fake": false}], [8347, {"py/object": "odf.components.Data", "data": {"py/b64": "EkM="}, "fake": false}], [8415, {"py/object": "odf.components.Data", "data": {"py/b64": "z7A="}, "fake": false}], [8484, {"py/object": "odf.components.Data", "data": {"py/b64": "EcM="}, "fake": false}], [8551, {"py/object": "odf.components.Data", "data": {"py/b64": "ahU="}, "fake": false}], [8619, {"py/object": "odf.components.Data", "data": {"py/b64": "Tzw="}, "fake": false}], [8687, {"py/object": "odf.components.Data", "data": {"py/b64": "3ig="}, "fake": false}], [8757, {"py/object": "odf.components.Data", "data": {"py/b64": "kcE="}, "fake": false}], [8827, {"py/object": "odf.components.Data", "data": {"py/b64": "N+8="}, "fake": false}], [8897, {"py/object": "odf.components.Data", "data": {"py/b64": "UsE="}, "fake": false}], [8970, {"py/object": "odf.components.Data", "data": {"py/b64": "Jeg="}, "fake": false}], [9040, {"py/object": "odf.components.Data", "data": {"py/b64": "bL8="}, "fake": false}], [9108, {"py/object": "odf.components.Data", "data": {"py/b64": "KRk="}, "fake": false}], [9179, {"py/object": "odf.components.Data", "data": {"py/b64": "BMA="}, "fake": false}], [9247, {"py/object": "odf.components.Data", "data": {"py/b64": "0GE="}, "fake": false}], [9316, {"py/object": "odf.components.Data", "data": {"py/b64": "Bbw="}, "fake": false}], [9385, {"py/object": "odf.components.Data", "data": {"py/b64": "I64="}, "fake": false}], [9450, {"py/object": "odf.components.Data", "data": {"py/b64": "bkA="}, "fake": false}], [9518, {"py/object": "odf.components.Data", "data": {"py/b64": "rHU="}, "fake": false}], [9587, {"py/object": "odf.components.Data", "data": {"py/b64": "F0M="}, "fake": false}], [9659, {"py/object": "odf.components.Data", "data": {"py/b64": "dbY="}, "fake": false}], [9727, {"py/object": "odf.components.Data", "data": {"py/b64": "Db4="}, "fake": false}], [9799, {"py/object": "odf.components.Data", "data": {"py/b64": "TfE="}, "fake": false}], [9869, {"py/object": "odf.components.Data", "data": {"py/b64": "FsA="}, "fake": false}], [9937, {"py/object": "odf.components.Data", "data": {"py/b64": "cHg="}, "fake": false}], [10012, {"py/object": "odf.components.Data", "data": {"py/b64": "UEE="}, "fake": false}], [12109, {"py/object": "odf.components.Status", "address": 6, "message_error_bit": "0", "instrumentation_bit": "0", "service_request_bit": "0", "reserved_bits": "000", "brdcst_received_bit": "0", "busy_bit": "0", "subsystem_flag_bit": "0", "dynamic_bus_control_accpt_bit": "0", "terminal_flag_bit": "1", "parity_bit": "1", "fake": false}], [12182, {"py/object": "odf.components.Command", "address": 8, "tr": 0, "sub_address": 2, "dword_count": 8, "parity": 0, "fake": false}], [12198, {"py/object": "odf.components.Command", "address": 7, "tr": 1, "sub_address": 2, "dword_count": 8, "parity": 0, "fake": false}], [14268, {"py/object": "odf.components.Status", "address": 7, "message_error_bit": "0", "instrumentation_bit": "0", "service_request_bit": "0", "reserved_bits": "000", "brdcst_received_bit": "0", "busy_bit": "0", "subsystem_flag_bit": "0", "dynamic_bus_control_accpt_bit": "0", "terminal_flag_bit": "1", "parity_bit": "1", "fake": false}], [14334, {"py/object": "odf.components.Data", "data": {"py/b64": "xJ4="}, "fake": false}], [14403, {"py/object": "odf.components.Data", "data": {"py/b64": "YL0="}, "fake": false}], [14474, {"py/object": "odf.components.Data", "data": {"py/b64": "xsM="}, "fake": false}], [14543, {"py/object": "odf.components.Data", "data": {"py/b64": "FTo="}, "fake": false}], [14617, {"py/object": "odf.components.Data", "data": {"py/b64": "lOM="}, "fake": false}], [14681, {"py/object": "odf.components.Data", "data": {"py/b64": "Jz0="}, "fake": false}], [14750, {"py/object": "odf.components.Data", "data": {"py/b64": "z3E="}, "fake": false}], [14823, {"py/object": "odf.components.Data", "data": {"py/b64": "lDk="}, "fake": false}], [16935, {"py/object": "odf.components.Status", "address": 8, "message_error_bit": "0", "instrumentation_bit": "0", "service_request_bit": "0", "reserved_bits": "000", "brdcst_received_bit": "0", "busy_bit": "0", "subsystem_flag_bit": "0", "dynamic_bus_control_accpt_bit": "0", "terminal_flag_bit": "1", "parity_bit": "1", "fake": false}], [17002, {"py/object": "odf.components.Command", "address": 10, "tr": 0, "sub_address": 2, "dword_count": 12, "parity": 0, "fake": false}], [17019, {"py/object": "odf.components.Command", "address": 9, "tr": 1, "sub_address": 2, "dword_count": 12, "parity": 0, "fake": false}], [19091, {"py/object": "odf.components.Status", "address": 9, "message_error_bit": "0", "instrumentation_bit": "0", "service_request_bit": "0", "reserved_bits": "000", "brdcst_received_bit": "0", "busy_bit": "0", "subsystem_flag_bit": "0", "dynamic_bus_control_accpt_bit": "0", "terminal_flag_bit": "1", "parity_bit": "1", "fake": false}], [19158, {"py/object": "odf.components.Data", "data": {"py/b64": "L8E="}, "fake": false}], [19230, {"py/object": "odf.components.Data", "data": {"py/b64": "B0I="}, "fake": false}], [19298, {"py/object": "odf.components.Data", "data": {"py/b64": "ocg="}, "fake": false}], [19369, {"py/object": "odf.components.Data", "data": {"py/b64": "7MI="}, "fake": false}], [19442, {"py/object": "odf.components.Data", "data": {"py/b64": "vNY="}, "fake": false}], [19514, {"py/object": "odf.components.Data", "data": {"py/b64": "MUI="}, "fake": false}], [19583, {"py/object": "odf.components.Data", "data": {"py/b64": "K8E="}, "fake": false}], [19656, {"py/object": "odf.components.Data", "data": {"py/b64": "B0I="}, "fake": false}], [19725, {"py/object": "odf.components.Data", "data": {"py/b64": "tMg="}, "fake": false}], [19799, {"py/object": "odf.components.Data", "data": {"py/b64": "7MI="}, "fake": false}], [19870, {"py/object": "odf.components.Data", "data": {"py/b64": "ivU="}, "fake": false}], [19948, {"py/object": "odf.components.Data", "data": {"py/b64": "FEM="}, "fake": false}], [22034, {"py/object": "odf.components.Status", "address": 10, "message_error_bit": "0", "instrumentation_bit": "0", "service_request_bit": "0", "reserved_bits": "000", "brdcst_received_bit": "0", "busy_bit": "0", "subsystem_flag_bit": "0", "dynamic_bus_control_accpt_bit": "0", "terminal_flag_bit": "1", "parity_bit": "1", "fake": false}], [22128, {"py/object": "odf.components.Command", "address": 12, "tr": 0, "sub_address": 2, "dword_count": 16, "parity": 0, "fake": false}], [22144, {"py/object": "odf.components.Command", "address": 11, "tr": 1, "sub_address": 2, "dword_count": 16, "parity": 0, "fake": false}], [24217, {"py/object": "odf.components.Status", "address": 11, "message_error_bit": "0", "instrumentation_bit": "0", "service_request_bit": "0", "reserved_bits": "000", "brdcst_received_bit": "0", "busy_bit": "0", "subsystem_flag_bit": "0", "dynamic_bus_control_accpt_bit": "0", "terminal_flag_bit": "1", "parity_bit": "1", "fake": false}], [24277, {"py/object": "odf.components.Data", "data": {"py/b64": "d2Y="}, "fake": false}], [24336, {"py/object": "odf.components.Data", "data": {"py/b64": "Gjs="}, "fake": false}], [24403, {"py/object": "odf.components.Data", "data": {"py/b64": "AIo="}, "fake": false}], [24465, {"py/object": "odf.components.Data", "data": {"py/b64": "ZUE="}, "fake": false}], [24525, {"py/object": "odf.components.Data", "data": {"py/b64": "roc="}, "fake": false}], [24589, {"py/object": "odf.components.Data", "data": {"py/b64": "7EE="}, "fake": false}], [24649, {"py/object": "odf.components.Data", "data": {"py/b64": "sAg="}, "fake": false}], [24714, {"py/object": "odf.components.Data", "data": {"py/b64": "YEA="}, "fake": false}], [24774, {"py/object": "odf.components.Data", "data": {"py/b64": "Ac0="}, "fake": false}], [24833, {"py/object": "odf.components.Data", "data": {"py/b64": "5T8="}, "fake": false}], [24887, {"py/object": "odf.components.Data", "data": {"py/b64": "868="}, "fake": false}], [24959, {"py/object": "odf.components.Data", "data": {"py/b64": "Aj4="}, "fake": false}], [25027, {"py/object": "odf.components.Data", "data": {"py/b64": "TQU="}, "fake": false}], [25095, {"py/object": "odf.components.Data", "data": {"py/b64": "9z4="}, "fake": false}], [25157, {"py/object": "odf.components.Data", "data": {"py/b64": "LU0="}, "fake": false}], [25225, {"py/object": "odf.components.Data", "data": {"py/b64": "nEE="}, "fake": false}], [27360, {"py/object": "odf.components.Status", "address": 12, "message_error_bit": "0", "instrumentation_bit": "0", "service_request_bit": "0", "reserved_bits": "000", "brdcst_received_bit": "0", "busy_bit": "0", "subsystem_flag_bit": "0", "dynamic_bus_control_accpt_bit": "0", "terminal_flag_bit": "1", "parity_bit": "1", "fake": false}], [27508, {"py/object": "odf.components.Command", "address": 1, "tr": 0, "sub_address": 2, "dword_count": 4, "parity": 0, "fake": false}], [27556, {"py/object": "odf.components.Data", "data": {"py/b64": "AAA="}, "fake": false}], [27567, {"py/object": "odf.components.Data", "data": {"py/b64": "AAA="}, "fake": false}], [27579, {"py/object": "odf.components.Data", "data": {"py/b64": "AAA="}, "fake": false}], [27588, {"py/object": "odf.components.Data", "data": {"py/b64": "AAA="}, "fake": false}], [29650, {"py/object": "odf.components.Status", "address": 1, "message_error_bit": "0", "instrumentation_bit": "0", "service_request_bit": "0", "reserved_bits": "000", "brdcst_received_bit": "0", "busy_bit": "0", "subsystem_flag_bit": "0", "dynamic_bus_control_accpt_bit": "0", "terminal_flag_bit": "1", "parity_bit": "1", "fake": false}], [29800, {"py/object": "odf.components.Command", "address": 31, "tr": 0, "sub_address": 2, "dword_count": 1, "parity": 0, "fake": false}], [29850, {"py/object": "odf.components.Data", "data": {"py/b64": "//8="}, "fake": false}], [29860, {"py/object": "odf.components.Command", "address": 4, "tr": 0, "sub_address": 2, "dword_count": 18, "parity": 0, "fake": false}], [29869, {"py/object": "odf.components.Command", "address": 3, "tr": 1, "sub_address": 2, "dword_count": 18, "parity": 0, "fake": false}], [31921, {"py/object": "odf.components.Status", "address": 3, "message_error_bit": "0", "instrumentation_bit": "0", "service_request_bit": "0", "reserved_bits": "000", "brdcst_received_bit": "0", "busy_bit": "0", "subsystem_flag_bit": "0", "dynamic_bus_control_accpt_bit": "0", "terminal_flag_bit": "1", "parity_bit": "1", "fake": false}], [31987, {"py/object": "odf.components.Data", "data": {"py/b64": "Z7o="}, "fake": false}], [32058, {"py/object": "odf.components.Data", "data": {"py/b64": "a0M="}, "fake": false}], [32121, {"py/object": "odf.components.Data", "data": {"py/b64": "VEk="}, "fake": false}], [32184, {"py/object": "odf.components.Data", "data": {"py/b64": "lUQ="}, "fake": false}], [32244, {"py/object": "odf.components.Data", "data": {"py/b64": "6so="}, "fake": false}], [32313, {"py/object": "odf.components.Data", "data": {"py/b64": "3EM="}, "fake": false}], [32372, {"py/object": "odf.components.Data", "data": {"py/b64": "t6g="}, "fake": false}], [32433, {"py/object": "odf.components.Data", "data": {"py/b64": "hEM="}, "fake": false}], [32496, {"py/object": "odf.components.Data", "data": {"py/b64": "bs0="}, "fake": false}], [32565, {"py/object": "odf.components.Data", "data": {"py/b64": "i0A="}, "fake": false}], [32630, {"py/object": "odf.components.Data", "data": {"py/b64": "Bs8="}, "fake": false}], [32699, {"py/object": "odf.components.Data", "data": {"py/b64": "i0A="}, "fake": false}], [32753, {"py/object": "odf.components.Data", "data": {"py/b64": "9OA="}, "fake": false}], [32820, {"py/object": "odf.components.Data", "data": {"py/b64": "QkA="}, "fake": false}], [32885, {"py/object": "odf.components.Data", "data": {"py/b64": "Osk="}, "fake": false}], [32950, {"py/object": "odf.components.Data", "data": {"py/b64": "1UM="}, "fake": false}], [33012, {"py/object": "odf.components.Data", "data": {"py/b64": "tww="}, "fake": false}], [33087, {"py/object": "odf.components.Data", "data": {"py/b64": "OkQ="}, "fake": false}], [35176, {"py/object": "odf.components.Status", "address": 4, "message_error_bit": "0", "instrumentation_bit": "0", "service_request_bit": "0", "reserved_bits": "000", "brdcst_received_bit": "0", "busy_bit": "0", "subsystem_flag_bit": "0", "dynamic_bus_control_accpt_bit": "0", "terminal_flag_bit": "1", "parity_bit": "1", "fake": false}], [35241, {"py/object": "odf.components.Command", "address": 6, "tr": 0, "sub_address": 2, "dword_count": 28, "parity": 0, "fake": false}], [35253, {"py/object": "odf.components.Command", "address": 5, "tr": 1, "sub_address": 2, "dword_count": 28, "parity": 0, "fake": false}], [37305, {"py/object": "odf.components.Status", "address": 5, "message_error_bit": "0", "instrumentation_bit": "0", "service_request_bit": "0", "reserved_bits": "000", "brdcst_received_bit": "0", "busy_bit": "0", "subsystem_flag_bit": "0", "dynamic_bus_control_accpt_bit": "0", "terminal_flag_bit": "1", "parity_bit": "1", "fake": false}], [37364, {"py/object": "odf.components.Data", "data": {"py/b64": "AdU="}, "fake": false}], [37424, {"py/object": "odf.components.Data", "data": {"py/b64": "dUM="}, "fake": false}], [37480, {"py/object": "odf.components.Data", "data": {"py/b64": "L6s="}, "fake": false}], [37539, {"py/object": "odf.components.Data", "data": {"py/b64": "z0M="}, "fake": false}], [37595, {"py/object": "odf.components.Data", "data": {"py/b64": "ieI="}, "fake": false}], [37669, {"py/object": "odf.components.Data", "data": {"py/b64": "zcM="}, "fake": false}], [37737, {"py/object": "odf.components.Data", "data": {"py/b64": "yLU="}, "fake": false}], [37805, {"py/object": "odf.components.Data", "data": {"py/b64": "ikE="}, "fake": false}], [37875, {"py/object": "odf.components.Data", "data": {"py/b64": "rBY="}, "fake": false}], [37941, {"py/object": "odf.components.Data", "data": {"py/b64": "T8I="}, "fake": false}], [38009, {"py/object": "odf.components.Data", "data": {"py/b64": "bsM="}, "fake": false}], [38076, {"py/object": "odf.components.Data", "data": {"py/b64": "vb8="}, "fake": false}], [38144, {"py/object": "odf.components.Data", "data": {"py/b64": "bEk="}, "fake": false}], [38211, {"py/object": "odf.components.Data", "data": {"py/b64": "hr4="}, "fake": false}], [38282, {"py/object": "odf.components.Data", "data": {"py/b64": "vk8="}, "fake": false}], [38350, {"py/object": "odf.components.Data", "data": {"py/b64": "yD8="}, "fake": false}], [38423, {"py/object": "odf.components.Data", "data": {"py/b64": "9jM="}, "fake": false}], [38491, {"py/object": "odf.components.Data", "data": {"py/b64": "078="}, "fake": false}], [38557, {"py/object": "odf.components.Data", "data": {"py/b64": "B8k="}, "fake": false}], [38622, {"py/object": "odf.components.Data", "data": {"py/b64": "LcE="}, "fake": false}], [38685, {"py/object": "odf.components.Data", "data": {"py/b64": "19k="}, "fake": false}], [38754, {"py/object": "odf.components.Data", "data": {"py/b64": "z0M="}, "fake": false}], [38824, {"py/object": "odf.components.Data", "data": {"py/b64": "slA="}, "fake": false}], [38896, {"py/object": "odf.components.Data", "data": {"py/b64": "Vr8="}, "fake": false}], [38958, {"py/object": "odf.components.Data", "data": {"py/b64": "9Po="}, "fake": false}], [39026, {"py/object": "odf.components.Data", "data": {"py/b64": "nL4="}, "fake": false}], [39097, {"py/object": "odf.components.Data", "data": {"py/b64": "VeY="}, "fake": false}], [39159, {"py/object": "odf.components.Data", "data": {"py/b64": "gD8="}, "fake": false}], [41260, {"py/object": "odf.components.Status", "address": 6, "message_error_bit": "0", "instrumentation_bit": "0", "service_request_bit": "0", "reserved_bits": "000", "brdcst_received_bit": "0", "busy_bit": "0", "subsystem_flag_bit": "0", "dynamic_bus_control_accpt_bit": "0", "terminal_flag_bit": "1", "parity_bit": "1", "fake": false}], [41308, {"py/object": "odf.components.Command", "address": 8, "tr": 0, "sub_address": 2, "dword_count": 8, "parity": 0, "fake": false}], [41319, {"py/object": "odf.components.Command", "address": 7, "tr": 1, "sub_address": 2, "dword_count": 8, "parity": 0, "fake": false}], [43386, {"py/object": "odf.components.Status", "address": 7, "message_error_bit": "0", "instrumentation_bit": "0", "service_request_bit": "0", "reserved_bits": "000", "brdcst_received_bit": "0", "busy_bit": "0", "subsystem_flag_bit": "0", "dynamic_bus_control_accpt_bit": "0", "terminal_flag_bit": "1", "parity_bit": "1", "fake": false}], [43446, {"py/object": "odf.components.Data", "data": {"py/b64": "fiU="}, "fake": false}], [43511, {"py/object": "odf.components.Data", "data": {"py/b64": "h70="}, "fake": false}], [43576, {"py/object": "odf.components.Data", "data": {"py/b64": "x4U="}, "fake": false}], [43642, {"py/object": "odf.components.Data", "data": {"py/b64": "jbs="}, "fake": false}], [43705, {"py/object": "odf.components.Data", "data": {"py/b64": "DeA="}, "fake": false}], [43765, {"py/object": "odf.components.Data", "data": {"py/b64": "0Tw="}, "fake": false}], [43832, {"py/object": "odf.components.Data", "data": {"py/b64": "ZDQ="}, "fake": false}], [43896, {"py/object": "odf.components.Data", "data": {"py/b64": "Vbo="}, "fake": false}], [46004, {"py/object": "odf.components.Status", "address": 8, "message_error_bit": "0", "instrumentation_bit": "0", "service_request_bit": "0", "reserved_bits": "000", "brdcst_received_bit": "0", "busy_bit": "0", "subsystem_flag_bit": "0", "dynamic_bus_control_accpt_bit": "0", "terminal_flag_bit": "1", "parity_bit": "1", "fake": false}], [46062, {"py/object": "odf.components.Command", "address": 10, "tr": 0, "sub_address": 2, "dword_count": 12, "parity": 0, "fake": false}], [46075, {"py/object": "odf.components.Command", "address": 9, "tr": 1, "sub_address": 2, "dword_count": 12, "parity": 0, "fake": false}], [48138, {"py/object": "odf.components.Status", "address": 9, "message_error_bit": "0", "instrumentation_bit": "0", "service_request_bit": "0", "reserved_bits": "000", "brdcst_received_bit": "0", "busy_bit": "0", "subsystem_flag_bit": "0", "dynamic_bus_control_accpt_bit": "0", "terminal_flag_bit": "1", "parity_bit": "1", "fake": false}], [48206, {"py/object": "odf.components.Data", "data": {"py/b64": "T70="}, "fake": false}], [48274, {"py/object": "odf.components.Data", "data": {"py/b64": "B0I="}, "fake": false}], [48345, {"py/object": "odf.components.Data", "data": {"py/b64": "Sds="}, "fake": false}], [48418, {"py/object": "odf.components.Data", "data": {"py/b64": "7MI="}, "fake": false}], [48489, {"py/object": "odf.components.Data", "data": {"py/b64": "m+o="}, "fake": false}], [48557, {"py/object": "odf.components.Data", "data": {"py/b64": "aEM="}, "fake": false}], [48627, {"py/object": "odf.components.Data", "data": {"py/b64": "Sr0="}, "fake": false}], [48698, {"py/object": "odf.components.Data", "data": {"py/b64": "B0I="}, "fake": false}], [48769, {"py/object": "odf.components.Data", "data": {"py/b64": "Yts="}, "fake": false}], [48840, {"py/object": "odf.components.Data", "data": {"py/b64": "7MI="}, "fake": false}], [48910, {"py/object": "odf.components.Data", "data": {"py/b64": "Ugk="}, "fake": false}], [48988, {"py/object": "odf.components.Data", "data": {"py/b64": "QEQ="}, "fake": false}], [51076, {"py/object": "odf.components.Status", "address": 10, "message_error_bit": "0", "instrumentation_bit": "0", "service_request_bit": "0", "reserved_bits": "000", "brdcst_received_bit": "0", "busy_bit": "0", "subsystem_flag_bit": "0", "dynamic_bus_control_accpt_bit": "0", "terminal_flag_bit": "1", "parity_bit": "1", "fake": false}], [51134, {"py/object": "odf.components.Command", "address": 12, "tr": 0, "sub_address": 2, "dword_count": 16, "parity": 0, "fake": false}], [51146, {"py/object": "odf.components.Command", "address": 11, "tr": 1, "sub_address": 2, "dword_count": 16, "parity": 0, "fake": false}], [53214, {"py/object": "odf.components.Status", "address": 11, "message_error_bit": "0", "instrumentation_bit": "0", "service_request_bit": "0", "reserved_bits": "000", "brdcst_received_bit": "0", "busy_bit": "0", "subsystem_flag_bit": "0", "dynamic_bus_control_accpt_bit": "0", "terminal_flag_bit": "1", "parity_bit": "1", "fake": false}], [53287, {"py/object": "odf.components.Data", "data": {"py/b64": "i5E="}, "fake": false}], [53356, {"py/object": "odf.components.Data", "data": {"py/b64": "Fzs="}, "fake": false}], [53428, {"py/object": "odf.components.Data", "data": {"py/b64": "AIU="}, "fake": false}], [53498, {"py/object": "odf.components.Data", "data": {"py/b64": "UkE="}, "fake": false}], [53565, {"py/object": "odf.components.Data", "data": {"py/b64": "UW8="}, "fake": false}], [53637, {"py/object": "odf.components.Data", "data": {"py/b64": "50E="}, "fake": false}], [53705, {"py/object": "odf.components.Data", "data": {"py/b64": "7gw="}, "fake": false}], [53775, {"py/object": "odf.components.Data", "data": {"py/b64": "t0A="}, "fake": false}], [53847, {"py/object": "odf.components.Data", "data": {"py/b64": "kE0="}, "fake": false}], [53914, {"py/object": "odf.components.Data", "data": {"py/b64": "PEA="}, "fake": false}], [53981, {"py/object": "odf.components.Data", "data": {"py/b64": "ksE="}, "fake": false}], [54107, {"py/object": "odf.components.Data", "data": {"py/b64": "6T0="}, "fake": false}], [54127, {"py/object": "odf.components.Data", "data": {"py/b64": "XXo="}, "fake": false}], [54189, {"py/object": "odf.components.Data", "data": {"py/b64": "ZD4="}, "fake": false}], [54258, {"py/object": "odf.components.Data", "data": {"py/b64": "Ykg="}, "fake": false}], [54329, {"py/object": "odf.components.Data", "data": {"py/b64": "q0E="}, "fake": false}], [56430, {"py/object": "odf.components.Status", "address": 12, "message_error_bit": "0", "instrumentation_bit": "0", "service_request_bit": "0", "reserved_bits": "000", "brdcst_received_bit": "0", "busy_bit": "0", "subsystem_flag_bit": "0", "dynamic_bus_control_accpt_bit": "0", "terminal_flag_bit": "1", "parity_bit": "1", "fake": false}], [56611, {"py/object": "odf.components.Command", "address": 1, "tr": 0, "sub_address": 2, "dword_count": 4, "parity": 0, "fake": false}], [56688, {"py/object": "odf.components.Data", "data": {"py/b64": "AAA="}, "fake": false}], [56702, {"py/object": "odf.components.Data", "data": {"py/b64": "AAA="}, "fake": false}], [56714, {"py/object": "odf.components.Data", "data": {"py/b64": "AAA="}, "fake": false}], [56725, {"py/object": "odf.components.Data", "data": {"py/b64": "AAA="}, "fake": false}], [58777, {"py/object": "odf.components.Status", "address": 1, "message_error_bit": "0", "instrumentation_bit": "0", "service_request_bit": "0", "reserved_bits": "000", "brdcst_received_bit": "0", "busy_bit": "0", "subsystem_flag_bit": "0", "dynamic_bus_control_accpt_bit": "0", "terminal_flag_bit": "1", "parity_bit": "1", "fake": false}], [58912, {"py/object": "odf.components.Command", "address": 31, "tr": 0, "sub_address": 2, "dword_count": 1, "parity": 0, "fake": false}], [58984, {"py/object": "odf.components.Data", "data": {"py/b64": "//8="}, "fake": false}], [58998, {"py/object": "odf.components.Command", "address": 4, "tr": 0, "sub_address": 2, "dword_count": 18, "parity": 0, "fake": false}], [59010, {"py/object": "odf.components.Command", "address": 3, "tr": 1, "sub_address": 2, "dword_count": 18, "parity": 0, "fake": false}], [61057, {"py/object": "odf.components.Status", "address": 3, "message_error_bit": "0", "instrumentation_bit": "0", "service_request_bit": "0", "reserved_bits": "000", "brdcst_received_bit": "0", "busy_bit": "0", "subsystem_flag_bit": "0", "dynamic_bus_control_accpt_bit": "0", "terminal_flag_bit": "1", "parity_bit": "1", "fake": false}], [61123, {"py/object": "odf.components.Data", "data": {"py/b64": "DB4="}, "fake": false}], [61193, {"py/object": "odf.components.Data", "data": {"py/b64": "ekM="}, "fake": false}], [61254, {"py/object": "odf.components.Data", "data": {"py/b64": "CEI="}, "fake": false}], [61323, {"py/object": "odf.components.Data", "data": {"py/b64": "AEU="}, "fake": false}], [61395, {"py/object": "odf.components.Data", "data": {"py/b64": "aLc="}, "fake": false}], [61461, {"py/object": "odf.components.Data", "data": {"py/b64": "h0Q="}, "fake": false}], [61528, {"py/object": "odf.components.Data", "data": {"py/b64": "U9E="}, "fake": false}], [61601, {"py/object": "odf.components.Data", "data": {"py/b64": "YEM="}, "fake": false}], [61671, {"py/object": "odf.components.Data", "data": {"py/b64": "VMw="}, "fake": false}], [61731, {"py/object": "odf.components.Data", "data": {"py/b64": "g0A="}, "fake": false}], [61788, {"py/object": "odf.components.Data", "data": {"py/b64": "sMI="}, "fake": false}], [61853, {"py/object": "odf.components.Data", "data": {"py/b64": "g0A="}, "fake": false}], [61906, {"py/object": "odf.components.Data", "data": {"py/b64": "daY="}, "fake": false}], [61965, {"py/object": "odf.components.Data", "data": {"py/b64": "QkA="}, "fake": false}], [62025, {"py/object": "odf.components.Data", "data": {"py/b64": "oVY="}, "fake": false}], [62083, {"py/object": "odf.components.Data", "data": {"py/b64": "1UM="}, "fake": false}], [62147, {"py/object": "odf.components.Data", "data": {"py/b64": "tww="}, "fake": false}], [62215, {"py/object": "odf.components.Data", "data": {"py/b64": "OkQ="}, "fake": false}], [64329, {"py/object": "odf.components.Status", "address": 4, "message_error_bit": "0", "instrumentation_bit": "0", "service_request_bit": "0", "reserved_bits": "000", "brdcst_received_bit": "0", "busy_bit": "0", "subsystem_flag_bit": "0", "dynamic_bus_control_accpt_bit": "0", "terminal_flag_bit": "1", "parity_bit": "1", "fake": false}], [64393, {"py/object": "odf.components.Command", "address": 6, "tr": 0, "sub_address": 2, "dword_count": 28, "parity": 0, "fake": false}], [64407, {"py/object": "odf.components.Command", "address": 5, "tr": 1, "sub_address": 2, "dword_count": 28, "parity": 0, "fake": false}], [66460, {"py/object": "odf.components.Status", "address": 5, "message_error_bit": "0", "instrumentation_bit": "0", "service_request_bit": "0", "reserved_bits": "000", "brdcst_received_bit": "0", "busy_bit": "0", "subsystem_flag_bit": "0", "dynamic_bus_control_accpt_bit": "0", "terminal_flag_bit": "1", "parity_bit": "1", "fake": false}], [66527, {"py/object": "odf.components.Data", "data": {"py/b64": "ELs="}, "fake": false}], [66599, {"py/object": "odf.components.Data", "data": {"py/b64": "dUM="}, "fake": false}], [66666, {"py/object": "odf.components.Data", "data": {"py/b64": "bRU="}, "fake": false}], [66733, {"py/object": "odf.components.Data", "data": {"py/b64": "0EM="}, "fake": false}], [66799, {"py/object": "odf.components.Data", "data": {"py/b64": "jJc="}, "fake": false}], [66873, {"py/object": "odf.components.Data", "data": {"py/b64": "qsM="}, "fake": false}], [66947, {"py/object": "odf.components.Data", "data": {"py/b64": "IzA="}, "fake": false}], [67026, {"py/object": "odf.components.Data", "data": {"py/b64": "CUI="}, "fake": false}], [67108, {"py/object": "odf.components.Data", "data": {"py/b64": "u+0="}, "fake": false}], [67184, {"py/object": "odf.components.Data", "data": {"py/b64": "bMM="}, "fake": false}], [67265, {"py/object": "odf.components.Data", "data": {"py/b64": "D5o="}, "fake": false}], [67341, {"py/object": "odf.components.Data", "data": {"py/b64": "EEE="}, "fake": false}], [67424, {"py/object": "odf.components.Data", "data": {"py/b64": "1Hs="}, "fake": false}], [67501, {"py/object": "odf.components.Data", "data": {"py/b64": "774="}, "fake": false}], [67580, {"py/object": "odf.components.Data", "data": {"py/b64": "GVk="}, "fake": false}], [67659, {"py/object": "odf.components.Data", "data": {"py/b64": "V8E="}, "fake": false}], [67741, {"py/object": "odf.components.Data", "data": {"py/b64": "u78="}, "fake": false}], [67822, {"py/object": "odf.components.Data", "data": {"py/b64": "jMA="}, "fake": false}], [67900, {"py/object": "odf.components.Data", "data": {"py/b64": "4GI="}, "fake": false}], [67980, {"py/object": "odf.components.Data", "data": {"py/b64": "DME="}, "fake": false}], [68063, {"py/object": "odf.components.Data", "data": {"py/b64": "Zxc="}, "fake": false}], [68134, {"py/object": "odf.components.Data", "data": {"py/b64": "0EM="}, "fake": false}], [68211, {"py/object": "odf.components.Data", "data": {"py/b64": "mLM="}, "fake": false}], [68291, {"py/object": "odf.components.Data", "data": {"py/b64": "WME="}, "fake": false}], [68366, {"py/object": "odf.components.Data", "data": {"py/b64": "Gf8="}, "fake": false}], [68442, {"py/object": "odf.components.Data", "data": {"py/b64": "zUA="}, "fake": false}], [68524, {"py/object": "odf.components.Data", "data": {"py/b64": "Y84="}, "fake": false}], [68608, {"py/object": "odf.components.Data", "data": {"py/b64": "qT4="}, "fake": false}], [70699, {"py/object": "odf.components.Status", "address": 6, "message_error_bit": "0", "instrumentation_bit": "0", "service_request_bit": "0", "reserved_bits": "000", "brdcst_received_bit": "0", "busy_bit": "0", "subsystem_flag_bit": "0", "dynamic_bus_control_accpt_bit": "0", "terminal_flag_bit": "1", "parity_bit": "1", "fake": false}], [70768, {"py/object": "odf.components.Command", "address": 8, "tr": 0, "sub_address": 2, "dword_count": 8, "parity": 0, "fake": false}], [70782, {"py/object": "odf.components.Command", "address": 7, "tr": 1, "sub_address": 2, "dword_count": 8, "parity": 0, "fake": false}], [72853, {"py/object": "odf.components.Status", "address": 7, "message_error_bit": "0", "instrumentation_bit": "0", "service_request_bit": "0", "reserved_bits": "000", "brdcst_received_bit": "0", "busy_bit": "0", "subsystem_flag_bit": "0", "dynamic_bus_control_accpt_bit": "0", "terminal_flag_bit": "1", "parity_bit": "1", "fake": false}], [72932, {"py/object": "odf.components.Data", "data": {"py/b64": "8hg="}, "fake": false}], [73013, {"py/object": "odf.components.Data", "data": {"py/b64": "2L0="}, "fake": false}], [73094, {"py/object": "odf.components.Data", "data": {"py/b64": "LC4="}, "fake": false}], [73172, {"py/object": "odf.components.Data", "data": {"py/b64": "6T4="}, "fake": false}], [73245, {"py/object": "odf.components.Data", "data": {"py/b64": "XKU="}, "fake": false}], [73320, {"py/object": "odf.components.Data", "data": {"py/b64": "3zw="}, "fake": false}], [73401, {"py/object": "odf.components.Data", "data": {"py/b64": "oMk="}, "fake": false}], [73475, {"py/object": "odf.components.Data", "data": {"py/b64": "zrk="}, "fake": false}], [75568, {"py/object": "odf.components.Status", "address": 8, "message_error_bit": "0", "instrumentation_bit": "0", "service_request_bit": "0", "reserved_bits": "000", "brdcst_received_bit": "0", "busy_bit": "0", "subsystem_flag_bit": "0", "dynamic_bus_control_accpt_bit": "0", "terminal_flag_bit": "1", "parity_bit": "1", "fake": false}], [75675, {"py/object": "odf.components.Command", "address": 10, "tr": 0, "sub_address": 2, "dword_count": 12, "parity": 0, "fake": false}], [75698, {"py/object": "odf.components.Command", "address": 9, "tr": 1, "sub_address": 2, "dword_count": 12, "parity": 0, "fake": false}], [75780, {"py/object": "odf.components.Command", "address": 9, "tr": 0, "sub_address": 1, "dword_count": 31, "parity": 0, "fake": true}], [86180, {"py/object": "odf.components.Command", "address": 12, "tr": 0, "sub_address": 2, "dword_count": 16, "parity": 0, "fake": false}], [86199, {"py/object": "odf.components.Command", "address": 11, "tr": 1, "sub_address": 2, "dword_count": 16, "parity": 0, "fake": false}], [88263, {"py/object": "odf.components.Status", "address": 11, "message_error_bit": "0", "instrumentation_bit": "0", "service_request_bit": "0", "reserved_bits": "000", "brdcst_received_bit": "0", "busy_bit": "0", "subsystem_flag_bit": "0", "dynamic_bus_control_accpt_bit": "0", "terminal_flag_bit": "1", "parity_bit": "1", "fake": false}], [88330, {"py/object": "odf.components.Data", "data": {"py/b64": "oIs="}, "fake": false}], [88390, {"py/object": "odf.components.Data", "data": {"py/b64": "Ejs="}, "fake": false}], [88465, {"py/object": "odf.components.Data", "data": {"py/b64": "gEg="}, "fake": false}], [88542, {"py/object": "odf.components.Data", "data": {"py/b64": "LkE="}, "fake": false}], [88620, {"py/object": "odf.components.Data", "data": {"py/b64": "tf8="}, "fake": false}], [88694, {"py/object": "odf.components.Data", "data": {"py/b64": "3UE="}, "fake": false}], [88772, {"py/object": "odf.components.Data", "data": {"py/b64": "RQs="}, "fake": false}], [88852, {"py/object": "odf.components.Data", "data": {"py/b64": "nUA="}, "fake": false}], [88925, {"py/object": "odf.components.Data", "data": {"py/b64": "E6E="}, "fake": false}], [89003, {"py/object": "odf.components.Data", "data": {"py/b64": "IkA="}, "fake": false}], [89074, {"py/object": "odf.components.Data", "data": {"py/b64": "Rto="}, "fake": false}], [89159, {"py/object": "odf.components.Data", "data": {"py/b64": "77s="}, "fake": false}], [89238, {"py/object": "odf.components.Data", "data": {"py/b64": "qsQ="}, "fake": false}], [89320, {"py/object": "odf.components.Data", "data": {"py/b64": "Pbw="}, "fake": false}], [89398, {"py/object": "odf.components.Data", "data": {"py/b64": "sP0="}, "fake": false}], [89481, {"py/object": "odf.components.Data", "data": {"py/b64": "mkE="}, "fake": false}], [91298, {"py/object": "odf.components.Status", "address": 10, "message_error_bit": "0", "instrumentation_bit": "0", "service_request_bit": "0", "reserved_bits": "000", "brdcst_received_bit": "0", "busy_bit": "0", "subsystem_flag_bit": "0", "dynamic_bus_control_accpt_bit": "0", "terminal_flag_bit": "1", "parity_bit": "1", "fake": false}], [91485, {"py/object": "odf.components.Command", "address": 1, "tr": 0, "sub_address": 2, "dword_count": 4, "parity": 0, "fake": false}], [91549, {"py/object": "odf.components.Data", "data": {"py/b64": "AAA="}, "fake": false}], [91638, {"py/object": "odf.components.Data", "data": {"py/b64": "AAA="}, "fake": false}], [91798, {"py/object": "odf.components.Data", "data": {"py/b64": "AAA="}, "fake": false}], [91897, {"py/object": "odf.components.Data", "data": {"py/b64": "gD8="}, "fake": false}], [91917, {"py/object": "odf.components.Status", "address": 12, "message_error_bit": "0", "instrumentation_bit": "0", "service_request_bit": "0", "reserved_bits": "000", "brdcst_received_bit": "0", "busy_bit": "0", "subsystem_flag_bit": "0", "dynamic_bus_control_accpt_bit": "0", "terminal_flag_bit": "1", "parity_bit": "1", "fake": false}], [91933, {"py/object": "odf.components.Command", "address": 31, "tr": 0, "sub_address": 2, "dword_count": 1, "parity": 0, "fake": false}], [91941, {"py/object": "odf.components.Data", "data": {"py/b64": "//8="}, "fake": false}], [91950, {"py/object": "odf.components.Command", "address": 4, "tr": 0, "sub_address": 2, "dword_count": 18, "parity": 0, "fake": false}], [91959, {"py/object": "odf.components.Command", "address": 3, "tr": 1, "sub_address": 2, "dword_count": 18, "parity": 0, "fake": false}], [93587, {"py/object": "odf.components.Status", "address": 1, "message_error_bit": "0", "instrumentation_bit": "0", "service_request_bit": "0", "reserved_bits": "000", "brdcst_received_bit": "0", "busy_bit": "0", "subsystem_flag_bit": "0", "dynamic_bus_control_accpt_bit": "0", "terminal_flag_bit": "1", "parity_bit": "1", "fake": false}], [94033, {"py/object": "odf.components.Status", "address": 3, "message_error_bit": "0", "instrumentation_bit": "0", "service_request_bit": "0", "reserved_bits": "000", "brdcst_received_bit": "0", "busy_bit": "0", "subsystem_flag_bit": "0", "dynamic_bus_control_accpt_bit": "0", "terminal_flag_bit": "1", "parity_bit": "1", "fake": false}], [94128, {"py/object": "odf.components.Command", "address": 6, "tr": 0, "sub_address": 2, "dword_count": 28, "parity": 0, "fake": false}], [94162, {"py/object": "odf.components.Command", "address": 5, "tr": 1, "sub_address": 2, "dword_count": 28, "parity": 0, "fake": false}], [94207, {"py/object": "odf.components.Data", "data": {"py/b64": "zwc="}, "fake": false}], [94284, {"py/object": "odf.components.Data", "data": {"py/b64": "ekM="}, "fake": false}], [94360, {"py/object": "odf.components.Data", "data": {"py/b64": "sAM="}, "fake": false}], [94439, {"py/object": "odf.components.Data", "data": {"py/b64": "AEU="}, "fake": false}], [94520, {"py/object": "odf.components.Data", "data": {"py/b64": "GY0="}, "fake": false}], [94600, {"py/object": "odf.components.Data", "data": {"py/b64": "C0U="}, "fake": false}], [94674, {"py/object": "odf.components.Data", "data": {"py/b64": "Txg="}, "fake": false}], [94750, {"py/object": "odf.components.Data", "data": {"py/b64": "B0M="}, "fake": false}], [94828, {"py/object": "odf.components.Data", "data": {"py/b64": "sp0="}, "fake": false}], [94903, {"py/object": "odf.components.Data", "data": {"py/b64": "OUA="}, "fake": false}], [94978, {"py/object": "odf.components.Data", "data": {"py/b64": "AoY="}, "fake": false}], [95058, {"py/object": "odf.components.Data", "data": {"py/b64": "OUA="}, "fake": false}], [95126, {"py/object": "odf.components.Data", "data": {"py/b64": "sOw="}, "fake": false}], [95201, {"py/object": "odf.components.Data", "data": {"py/b64": "QkA="}, "fake": false}], [95262, {"py/object": "odf.components.Data", "data": {"py/b64": "Nco="}, "fake": false}], [95331, {"py/object": "odf.components.Data", "data": {"py/b64": "1EM="}, "fake": false}], [95400, {"py/object": "odf.components.Data", "data": {"py/b64": "tww="}, "fake": false}], [95475, {"py/object": "odf.components.Data", "data": {"py/b64": "OkQ="}, "fake": false}], [96206, {"py/object": "odf.components.Status", "address": 5, "message_error_bit": "0", "instrumentation_bit": "0", "service_request_bit": "0", "reserved_bits": "000", "brdcst_received_bit": "0", "busy_bit": "0", "subsystem_flag_bit": "0", "dynamic_bus_control_accpt_bit": "0", "terminal_flag_bit": "1", "parity_bit": "1", "fake": false}], [96279, {"py/object": "odf.components.Data", "data": {"py/b64": "dtg="}, "fake": false}], [96360, {"py/object": "odf.components.Data", "data": {"py/b64": "fUM="}, "fake": false}], [96428, {"py/object": "odf.components.Data", "data": {"py/b64": "wuk="}, "fake": false}], [96486, {"py/object": "odf.components.Data", "data": {"py/b64": "1kM="}, "fake": false}], [96554, {"py/object": "odf.components.Data", "data": {"py/b64": "H5k="}, "fake": false}], [96622, {"py/object": "odf.components.Data", "data": {"py/b64": "MkI="}, "fake": false}], [96684, {"py/object": "odf.components.Data", "data": {"py/b64": "UCk="}, "fake": false}], [96751, {"py/object": "odf.components.Data", "data": {"py/b64": "CUI="}, "fake": false}], [96827, {"py/object": "odf.components.Data", "data": {"py/b64": "dwo="}, "fake": false}], [96905, {"py/object": "odf.components.Data", "data": {"py/b64": "1cM="}, "fake": false}], [96974, {"py/object": "odf.components.Data", "data": {"py/b64": "itI="}, "fake": false}], [97042, {"py/object": "odf.components.Data", "data": {"py/b64": "ckE="}, "fake": false}], [97115, {"py/object": "odf.components.Data", "data": {"py/b64": "pdg="}, "fake": false}], [97177, {"py/object": "odf.components.Data", "data": {"py/b64": "vL0="}, "fake": false}], [97244, {"py/object": "odf.components.Data", "data": {"py/b64": "aXc="}, "fake": false}], [97315, {"py/object": "odf.components.Data", "data": {"py/b64": "mD8="}, "fake": false}], [97391, {"py/object": "odf.components.Data", "data": {"py/b64": "b3M="}, "fake": false}], [97471, {"py/object": "odf.components.Data", "data": {"py/b64": "9sA="}, "fake": false}], [97595, {"py/object": "odf.components.Status", "address": 4, "message_error_bit": "0", "instrumentation_bit": "0", "service_request_bit": "0", "reserved_bits": "000", "brdcst_received_bit": "0", "busy_bit": "0", "subsystem_flag_bit": "0", "dynamic_bus_control_accpt_bit": "0", "terminal_flag_bit": "1", "parity_bit": "1", "fake": false}], [97712, {"py/object": "odf.components.Command", "address": 8, "tr": 0, "sub_address": 2, "dword_count": 8, "parity": 0, "fake": false}], [97743, {"py/object": "odf.components.Data", "data": {"py/b64": "5C8="}, "fake": false}], [97786, {"py/object": "odf.components.Command", "address": 7, "tr": 1, "sub_address": 2, "dword_count": 8, "parity": 0, "fake": false}], [97818, {"py/object": "odf.components.Data", "data": {"py/b64": "BcE="}, "fake": false}], [97875, {"py/object": "odf.components.Data", "data": {"py/b64": "yuo="}, "fake": false}], [97945, {"py/object": "odf.components.Data", "data": {"py/b64": "1kM="}, "fake": false}], [98014, {"py/object": "odf.components.Data", "data": {"py/b64": "fmU="}, "fake": false}], [98087, {"py/object": "odf.components.Data", "data": {"py/b64": "WME="}, "fake": false}], [98152, {"py/object": "odf.components.Data", "data": {"py/b64": "x04="}, "fake": false}], [98225, {"py/object": "odf.components.Data", "data": {"py/b64": "0EA="}, "fake": false}], [98292, {"py/object": "odf.components.Data", "data": {"py/b64": "xFc="}, "fake": false}], [98358, {"py/object": "odf.components.Data", "data": {"py/b64": "zj4="}, "fake": false}], [98951, {"py/object": "odf.components.Status", "address": 6, "message_error_bit": "0", "instrumentation_bit": "0", "service_request_bit": "0", "reserved_bits": "000", "brdcst_received_bit": "0", "busy_bit": "0", "subsystem_flag_bit": "0", "dynamic_bus_control_accpt_bit": "0", "terminal_flag_bit": "1", "parity_bit": "1", "fake": false}], [99870, {"py/object": "odf.components.Status", "address": 7, "message_error_bit": "0", "instrumentation_bit": "0", "service_request_bit": "0", "reserved_bits": "000", "brdcst_received_bit": "0", "busy_bit": "0", "subsystem_flag_bit": "0", "dynamic_bus_control_accpt_bit": "0", "terminal_flag_bit": "1", "parity_bit": "1", "fake": false}], [99940, {"py/object": "odf.components.Command", "address": 10, "tr": 0, "sub_address": 2, "dword_count": 12, "parity": 0, "fake": false}], [99971, {"py/object": "odf.components.Command", "address": 9, "tr": 1, "sub_address": 2, "dword_count": 12, "parity": 0, "fake": false}], [100023, {"py/object": "odf.components.Data", "data": {"py/b64": "ISU="}, "fake": false}], [100096, {"py/object": "odf.components.Data", "data": {"py/b64": "1b0="}, "fake": false}], [100173, {"py/object": "odf.components.Data", "data": {"py/b64": "1pM="}, "fake": false}], [100256, {"py/object": "odf.components.Data", "data": {"py/b64": "4T4="}, "fake": false}], [100338, {"py/object": "odf.components.Status", "address": 8, "message_error_bit": "0", "instrumentation_bit": "0", "service_request_bit": "0", "reserved_bits": "000", "brdcst_received_bit": "0", "busy_bit": "0", "subsystem_flag_bit": "0", "dynamic_bus_control_accpt_bit": "0", "terminal_flag_bit": "1", "parity_bit": "1", "fake": false}], [100407, {"py/object": "odf.components.Data", "data": {"py/b64": "vf4="}, "fake": false}], [100487, {"py/object": "odf.components.Data", "data": {"py/b64": "3jw="}, "fake": false}], [100562, {"py/object": "odf.components.Data", "data": {"py/b64": "McM="}, "fake": false}], [100642, {"py/object": "odf.components.Data", "data": {"py/b64": "7Do="}, "fake": false}], [102082, {"py/object": "odf.components.Status", "address": 9, "message_error_bit": "0", "instrumentation_bit": "0", "service_request_bit": "0", "reserved_bits": "000", "brdcst_received_bit": "0", "busy_bit": "0", "subsystem_flag_bit": "0", "dynamic_bus_control_accpt_bit": "0", "terminal_flag_bit": "1", "parity_bit": "1", "fake": false}], [102143, {"py/object": "odf.components.Command", "address": 12, "tr": 0, "sub_address": 2, "dword_count": 16, "parity": 0, "fake": false}], [102189, {"py/object": "odf.components.Command", "address": 11, "tr": 1, "sub_address": 2, "dword_count": 16, "parity": 0, "fake": false}], [102212, {"py/object": "odf.components.Data", "data": {"py/b64": "l5E="}, "fake": false}], [102278, {"py/object": "odf.components.Data", "data": {"py/b64": "B0I="}, "fake": false}], [102340, {"py/object": "odf.components.Data", "data": {"py/b64": "8uw="}, "fake": false}], [102403, {"py/object": "odf.components.Data", "data": {"py/b64": "7MI="}, "fake": false}], [102465, {"py/object": "odf.components.Data", "data": {"py/b64": "jmE="}, "fake": false}], [102528, {"py/object": "odf.components.Data", "data": {"py/b64": "QUQ="}, "fake": false}], [102596, {"py/object": "odf.components.Data", "data": {"py/b64": "fZE="}, "fake": false}], [102660, {"py/object": "odf.components.Data", "data": {"py/b64": "B0I="}, "fake": false}], [102729, {"py/object": "odf.components.Data", "data": {"py/b64": "7Ow="}, "fake": false}], [102793, {"py/object": "odf.components.Data", "data": {"py/b64": "7MI="}, "fake": false}], [102858, {"py/object": "odf.components.Data", "data": {"py/b64": "CuA="}, "fake": false}], [102923, {"py/object": "odf.components.Data", "data": {"py/b64": "HkU="}, "fake": false}], [104220, {"py/object": "odf.components.Status", "address": 11, "message_error_bit": "0", "instrumentation_bit": "0", "service_request_bit": "0", "reserved_bits": "000", "brdcst_received_bit": "0", "busy_bit": "0", "subsystem_flag_bit": "0", "dynamic_bus_control_accpt_bit": "0", "terminal_flag_bit": "1", "parity_bit": "1", "fake": false}], [104303, {"py/object": "odf.components.Data", "data": {"py/b64": "BDY="}, "fake": false}], [104376, {"py/object": "odf.components.Data", "data": {"py/b64": "EDs="}, "fake": false}], [104456, {"py/object": "odf.components.Data", "data": {"py/b64": "4EM="}, "fake": false}], [104597, {"py/object": "odf.components.Status", "address": 10, "message_error_bit": "0", "instrumentation_bit": "0", "service_request_bit": "0", "reserved_bits": "000", "brdcst_received_bit": "0", "busy_bit": "0", "subsystem_flag_bit": "0", "dynamic_bus_control_accpt_bit": "0", "terminal_flag_bit": "1", "parity_bit": "1", "fake": false}], [104801, {"py/object": "odf.components.Command", "address": 1, "tr": 0, "sub_address": 2, "dword_count": 4, "parity": 0, "fake": false}], [104913, {"py/object": "odf.components.Data", "data": {"py/b64": "AAA="}, "fake": false}], [104971, {"py/object": "odf.components.Data", "data": {"py/b64": "HUE="}, "fake": false}], [105002, {"py/object": "odf.components.Data", "data": {"py/b64": "AAA="}, "fake": false}], [105025, {"py/object": "odf.components.Data", "data": {"py/b64": "AAA="}, "fake": false}], [105081, {"py/object": "odf.components.Data", "data": {"py/b64": "gD8="}, "fake": false}], [105100, {"py/object": "odf.components.Data", "data": {"py/b64": "qqM="}, "fake": false}], [105161, {"py/object": "odf.components.Data", "data": {"py/b64": "2UE="}, "fake": false}], [105183, {"py/object": "odf.components.Data", "data": {"py/b64": "N2g="}, "fake": false}], [105243, {"py/object": "odf.components.Data", "data": {"py/b64": "pEA="}, "fake": false}], [105315, {"py/object": "odf.components.Data", "data": {"py/b64": "4EU="}, "fake": false}], [105388, {"py/object": "odf.components.Data", "data": {"py/b64": "KUA="}, "fake": false}], [105466, {"py/object": "odf.components.Data", "data": {"py/b64": "JXQ="}, "fake": false}], [105547, {"py/object": "odf.components.Data", "data": {"py/b64": "sb0="}, "fake": false}], [105629, {"py/object": "odf.components.Data", "data": {"py/b64": "i9s="}, "fake": false}], [105708, {"py/object": "odf.components.Data", "data": {"py/b64": "57s="}, "fake": false}], [105784, {"py/object": "odf.components.Data", "data": {"py/b64": "TUU="}, "fake": false}], [105854, {"py/object": "odf.components.Data", "data": {"py/b64": "k0E="}, "fake": false}], [106827, {"py/object": "odf.components.Status", "address": 12, "message_error_bit": "0", "instrumentation_bit": "0", "service_request_bit": "0", "reserved_bits": "000", "brdcst_received_bit": "0", "busy_bit": "0", "subsystem_flag_bit": "0", "dynamic_bus_control_accpt_bit": "0", "terminal_flag_bit": "1", "parity_bit": "1", "fake": false}], [107001, {"py/object": "odf.components.Command", "address": 31, "tr": 0, "sub_address": 2, "dword_count": 1, "parity": 0, "fake": false}], [107060, {"py/object": "odf.components.Data", "data": {"py/b64": "//8="}, "fake": false}], [107075, {"py/object": "odf.components.Command", "address": 4, "tr": 0, "sub_address": 2, "dword_count": 18, "parity": 0, "fake": false}], [107090, {"py/object": "odf.components.Command", "address": 3, "tr": 1, "sub_address": 2, "dword_count": 18, "parity": 0, "fake": false}], [109132, {"py/object": "odf.components.Status", "address": 3, "message_error_bit": "0", "instrumentation_bit": "0", "service_request_bit": "0", "reserved_bits": "000", "brdcst_received_bit": "0", "busy_bit": "0", "subsystem_flag_bit": "0", "dynamic_bus_control_accpt_bit": "0", "terminal_flag_bit": "1", "parity_bit": "1", "fake": false}], [109208, {"py/object": "odf.components.Data", "data": {"py/b64": "mZE="}, "fake": false}], [109285, {"py/object": "odf.components.Data", "data": {"py/b64": "eUM="}, "fake": false}], [109364, {"py/object": "odf.components.Data", "data": {"py/b64": "RJ4="}, "fake": false}], [109442, {"py/object": "odf.components.Data", "data": {"py/b64": "AEU="}, "fake": false}], [109519, {"py/object": "odf.components.Data", "data": {"py/b64": "bmA="}, "fake": false}], [109592, {"py/object": "odf.components.Data", "data": {"py/b64": "LkU="}, "fake": false}], [109661, {"py/object": "odf.components.Data", "data": {"py/b64": "iVk="}, "fake": false}], [109734, {"py/object": "odf.components.Data", "data": {"py/b64": "10I="}, "fake": false}], [109815, {"py/object": "odf.components.Data", "data": {"py/b64": "gCU="}, "fake": false}], [109887, {"py/object": "odf.components.Data", "data": {"py/b64": "FUA="}, "fake": false}], [109960, {"py/object": "odf.components.Data", "data": {"py/b64": "yg4="}, "fake": false}], [110038, {"py/object": "odf.components.Data", "data": {"py/b64": "FUA="}, "fake": false}], [110112, {"py/object": "odf.components.Data", "data": {"py/b64": "7dM="}, "fake": false}], [110187, {"py/object": "odf.components.Data", "data": {"py/b64": "QkA="}, "fake": false}], [110256, {"py/object": "odf.components.Data", "data": {"py/b64": "koU="}, "fake": false}], [110334, {"py/object": "odf.components.Data", "data": {"py/b64": "1EM="}, "fake": false}], [110411, {"py/object": "odf.components.Data", "data": {"py/b64": "tww="}, "fake": false}], [110482, {"py/object": "odf.components.Data", "data": {"py/b64": "OkQ="}, "fake": false}], [112585, {"py/object": "odf.components.Status", "address": 4, "message_error_bit": "0", "instrumentation_bit": "0", "service_request_bit": "0", "reserved_bits": "000", "brdcst_received_bit": "0", "busy_bit": "0", "subsystem_flag_bit": "0", "dynamic_bus_control_accpt_bit": "0", "terminal_flag_bit": "1", "parity_bit": "1", "fake": false}], [112650, {"py/object": "odf.components.Command", "address": 6, "tr": 0, "sub_address": 2, "dword_count": 28, "parity": 0, "fake": false}], [112659, {"py/object": "odf.components.Command", "address": 5, "tr": 1, "sub_address": 2, "dword_count": 28, "parity": 0, "fake": false}], [114723, {"py/object": "odf.components.Status", "address": 5, "message_error_bit": "0", "instrumentation_bit": "0", "service_request_bit": "0", "reserved_bits": "000", "brdcst_received_bit": "0", "busy_bit": "0", "subsystem_flag_bit": "0", "dynamic_bus_control_accpt_bit": "0", "terminal_flag_bit": "1", "parity_bit": "1", "fake": false}], [114785, {"py/object": "odf.components.Data", "data": {"py/b64": "4lw="}, "fake": false}], [114856, {"py/object": "odf.components.Data", "data": {"py/b64": "gUM="}, "fake": false}], [114928, {"py/object": "odf.components.Data", "data": {"py/b64": "gAI="}, "fake": false}], [114993, {"py/object": "odf.components.Data", "data": {"py/b64": "20M="}, "fake": false}], [115068, {"py/object": "odf.components.Data", "data": {"py/b64": "5SE="}, "fake": false}], [115138, {"py/object": "odf.components.Data", "data": {"py/b64": "kkM="}, "fake": false}], [115203, {"py/object": "odf.components.Data", "data": {"py/b64": "hbc="}, "fake": false}], [115265, {"py/object": "odf.components.Data", "data": {"py/b64": "CEI="}, "fake": false}], [115329, {"py/object": "odf.components.Data", "data": {"py/b64": "JO4="}, "fake": false}], [115391, {"py/object": "odf.components.Data", "data": {"py/b64": "ocM="}, "fake": false}], [115455, {"py/object": "odf.components.Data", "data": {"py/b64": "7w0="}, "fake": false}], [115518, {"py/object": "odf.components.Data", "data": {"py/b64": "NEE="}, "fake": false}], [115587, {"py/object": "odf.components.Data", "data": {"py/b64": "EyE="}, "fake": false}], [115658, {"py/object": "odf.components.Data", "data": {"py/b64": "Db0="}, "fake": false}], [115729, {"py/object": "odf.components.Data", "data": {"py/b64": "Etc="}, "fake": false}], [115810, {"py/object": "odf.components.Data", "data": {"py/b64": "G0E="}, "fake": false}], [115882, {"py/object": "odf.components.Data", "data": {"py/b64": "UAo="}, "fake": false}], [115949, {"py/object": "odf.components.Data", "data": {"py/b64": "ysA="}, "fake": false}], [116019, {"py/object": "odf.components.Data", "data": {"py/b64": "KtA="}, "fake": false}], [116090, {"py/object": "odf.components.Data", "data": {"py/b64": "GsE="}, "fake": false}], [116153, {"py/object": "odf.components.Data", "data": {"py/b64": "m/4="}, "fake": false}], [116213, {"py/object": "odf.components.Data", "data": {"py/b64": "2kM="}, "fake": false}], [116287, {"py/object": "odf.components.Data", "data": {"py/b64": "RVg="}, "fake": false}], [116353, {"py/object": "odf.components.Data", "data": {"py/b64": "V8E="}, "fake": false}], [116415, {"py/object": "odf.components.Data", "data": {"py/b64": "KKw="}, "fake": false}], [116482, {"py/object": "odf.components.Data", "data": {"py/b64": "uUA="}, "fake": false}], [116550, {"py/object": "odf.components.Data", "data": {"py/b64": "qFU="}, "fake": false}], [116621, {"py/object": "odf.components.Data", "data": {"py/b64": "oD4="}, "fake": false}], [118698, {"py/object": "odf.components.Status", "address": 6, "message_error_bit": "0", "instrumentation_bit": "0", "service_request_bit": "0", "reserved_bits": "000", "brdcst_received_bit": "0", "busy_bit": "0", "subsystem_flag_bit": "0", "dynamic_bus_control_accpt_bit": "0", "terminal_flag_bit": "1", "parity_bit": "1", "fake": false}], [118785, {"py/object": "odf.components.Command", "address": 8, "tr": 0, "sub_address": 2, "dword_count": 8, "parity": 0, "fake": false}], [118801, {"py/object": "odf.components.Command", "address": 7, "tr": 1, "sub_address": 2, "dword_count": 8, "parity": 0, "fake": false}]], "attack_times": [[75702]], "attack_types": ["Command_Invalidation_Attack"], "attack_outcome": [true]}