{
    "data": [
        [
            394,
            {
                "py/object": "odf.components.Command",
                "address": 31,
                "tr": 0,
                "sub_address": 2,
                "dword_count": 1,
                "parity": 0,
                "fake": false
            }
        ],
        [
            488,
            {
                "py/object": "odf.components.Data",
                "data": {
                    "py/b64": "//8="
                },
                "fake": false
            }
        ],
        [
            541,
            {
                "py/object": "odf.components.Command",
                "address": 4,
                "tr": 0,
                "sub_address": 2,
                "dword_count": 18,
                "parity": 0,
                "fake": false
            }
        ],
        [
            559,
            {
                "py/object": "odf.components.Command",
                "address": 3,
                "tr": 1,
                "sub_address": 2,
                "dword_count": 18,
                "parity": 0,
                "fake": false
            }
        ],
        [
            2629,
            {
                "py/object": "odf.components.Status",
                "address": 3,
                "message_error_bit": "0",
                "instrumentation_bit": "0",
                "service_request_bit": "0",
                "reserved_bits": "000",
                "brdcst_received_bit": "0",
                "busy_bit": "0",
                "subsystem_flag_bit": "0",
                "dynamic_bus_control_accpt_bit": "0",
                "terminal_flag_bit": "1",
                "parity_bit": "1",
                "fake": false
            }
        ],
        [
            2704,
            {
                "py/object": "odf.components.Data",
                "data": {
                    "py/b64": "iKs="
                },
                "fake": false
            }
        ],
        [
            2778,
            {
                "py/object": "odf.components.Data",
                "data": {
                    "py/b64": "JUI="
                },
                "fake": false
            }
        ],
        [
            2851,
            {
                "py/object": "odf.components.Data",
                "data": {
                    "py/b64": "yLM="
                },
                "fake": false
            }
        ],
        [
            2932,
            {
                "py/object": "odf.components.Data",
                "data": {
                    "py/b64": "fb0="
                },
                "fake": false
            }
        ],
        [
            3013,
            {
                "py/object": "odf.components.Data",
                "data": {
                    "py/b64": "RYY="
                },
                "fake": false
            }
        ],
        [
            3095,
            {
                "py/object": "odf.components.Data",
                "data": {
                    "py/b64": "7kI="
                },
                "fake": false
            }
        ],
        [
            3176,
            {
                "py/object": "odf.components.Data",
                "data": {
                    "py/b64": "q80="
                },
                "fake": false
            }
        ],
        [
            3252,
            {
                "py/object": "odf.components.Data",
                "data": {
                    "py/b64": "iEM="
                },
                "fake": false
            }
        ],
        [
            3336,
            {
                "py/object": "odf.components.Data",
                "data": {
                    "py/b64": "768="
                },
                "fake": false
            }
        ],
        [
            3415,
            {
                "py/object": "odf.components.Data",
                "data": {
                    "py/b64": "i0A="
                },
                "fake": false
            }
        ],
        [
            3495,
            {
                "py/object": "odf.components.Data",
                "data": {
                    "py/b64": "ALA="
                },
                "fake": false
            }
        ],
        [
            3576,
            {
                "py/object": "odf.components.Data",
                "data": {
                    "py/b64": "i0A="
                },
                "fake": false
            }
        ],
        [
            3659,
            {
                "py/object": "odf.components.Data",
                "data": {
                    "py/b64": "2w8="
                },
                "fake": false
            }
        ],
        [
            3738,
            {
                "py/object": "odf.components.Data",
                "data": {
                    "py/b64": "SUA="
                },
                "fake": false
            }
        ],
        [
            3814,
            {
                "py/object": "odf.components.Data",
                "data": {
                    "py/b64": "pKM="
                },
                "fake": false
            }
        ],
        [
            3890,
            {
                "py/object": "odf.components.Data",
                "data": {
                    "py/b64": "1kM="
                },
                "fake": false
            }
        ],
        [
            3967,
            {
                "py/object": "odf.components.Data",
                "data": {
                    "py/b64": "tww="
                },
                "fake": false
            }
        ],
        [
            4048,
            {
                "py/object": "odf.components.Data",
                "data": {
                    "py/b64": "OkQ="
                },
                "fake": false
            }
        ],
        [
            6125,
            {
                "py/object": "odf.components.Status",
                "address": 4,
                "message_error_bit": "0",
                "instrumentation_bit": "0",
                "service_request_bit": "0",
                "reserved_bits": "000",
                "brdcst_received_bit": "0",
                "busy_bit": "0",
                "subsystem_flag_bit": "0",
                "dynamic_bus_control_accpt_bit": "0",
                "terminal_flag_bit": "1",
                "parity_bit": "1",
                "fake": false
            }
        ],
        [
            6220,
            {
                "py/object": "odf.components.Command",
                "address": 6,
                "tr": 0,
                "sub_address": 2,
                "dword_count": 28,
                "parity": 0,
                "fake": false
            }
        ],
        [
            6238,
            {
                "py/object": "odf.components.Command",
                "address": 5,
                "tr": 1,
                "sub_address": 2,
                "dword_count": 28,
                "parity": 0,
                "fake": false
            }
        ],
        [
            8311,
            {
                "py/object": "odf.components.Status",
                "address": 5,
                "message_error_bit": "0",
                "instrumentation_bit": "0",
                "service_request_bit": "0",
                "reserved_bits": "000",
                "brdcst_received_bit": "0",
                "busy_bit": "0",
                "subsystem_flag_bit": "0",
                "dynamic_bus_control_accpt_bit": "0",
                "terminal_flag_bit": "1",
                "parity_bit": "1",
                "fake": false
            }
        ],
        [
            8386,
            {
                "py/object": "odf.components.Data",
                "data": {
                    "py/b64": "wpE="
                },
                "fake": false
            }
        ],
        [
            8457,
            {
                "py/object": "odf.components.Data",
                "data": {
                    "py/b64": "rEI="
                },
                "fake": false
            }
        ],
        [
            8528,
            {
                "py/object": "odf.components.Data",
                "data": {
                    "py/b64": "SSg="
                },
                "fake": false
            }
        ],
        [
            8599,
            {
                "py/object": "odf.components.Data",
                "data": {
                    "py/b64": "EkM="
                },
                "fake": false
            }
        ],
        [
            8669,
            {
                "py/object": "odf.components.Data",
                "data": {
                    "py/b64": "z7A="
                },
                "fake": false
            }
        ],
        [
            8739,
            {
                "py/object": "odf.components.Data",
                "data": {
                    "py/b64": "EcM="
                },
                "fake": false
            }
        ],
        [
            8810,
            {
                "py/object": "odf.components.Data",
                "data": {
                    "py/b64": "ahU="
                },
                "fake": false
            }
        ],
        [
            8882,
            {
                "py/object": "odf.components.Data",
                "data": {
                    "py/b64": "Tzw="
                },
                "fake": false
            }
        ],
        [
            8953,
            {
                "py/object": "odf.components.Data",
                "data": {
                    "py/b64": "3ig="
                },
                "fake": false
            }
        ],
        [
            9025,
            {
                "py/object": "odf.components.Data",
                "data": {
                    "py/b64": "kcE="
                },
                "fake": false
            }
        ],
        [
            9094,
            {
                "py/object": "odf.components.Data",
                "data": {
                    "py/b64": "N+8="
                },
                "fake": false
            }
        ],
        [
            9167,
            {
                "py/object": "odf.components.Data",
                "data": {
                    "py/b64": "UsE="
                },
                "fake": false
            }
        ],
        [
            9241,
            {
                "py/object": "odf.components.Data",
                "data": {
                    "py/b64": "Jeg="
                },
                "fake": false
            }
        ],
        [
            9317,
            {
                "py/object": "odf.components.Data",
                "data": {
                    "py/b64": "bL8="
                },
                "fake": false
            }
        ],
        [
            9374,
            {
                "py/object": "odf.components.Data",
                "data": {
                    "py/b64": "KRk="
                },
                "fake": false
            }
        ],
        [
            9445,
            {
                "py/object": "odf.components.Data",
                "data": {
                    "py/b64": "BMA="
                },
                "fake": false
            }
        ],
        [
            9496,
            {
                "py/object": "odf.components.Data",
                "data": {
                    "py/b64": "0GE="
                },
                "fake": false
            }
        ],
        [
            9570,
            {
                "py/object": "odf.components.Data",
                "data": {
                    "py/b64": "Bbw="
                },
                "fake": false
            }
        ],
        [
            9623,
            {
                "py/object": "odf.components.Data",
                "data": {
                    "py/b64": "I64="
                },
                "fake": false
            }
        ],
        [
            9698,
            {
                "py/object": "odf.components.Data",
                "data": {
                    "py/b64": "bkA="
                },
                "fake": false
            }
        ],
        [
            9769,
            {
                "py/object": "odf.components.Data",
                "data": {
                    "py/b64": "rHU="
                },
                "fake": false
            }
        ],
        [
            9842,
            {
                "py/object": "odf.components.Data",
                "data": {
                    "py/b64": "F0M="
                },
                "fake": false
            }
        ],
        [
            9915,
            {
                "py/object": "odf.components.Data",
                "data": {
                    "py/b64": "dbY="
                },
                "fake": false
            }
        ],
        [
            9990,
            {
                "py/object": "odf.components.Data",
                "data": {
                    "py/b64": "Db4="
                },
                "fake": false
            }
        ],
        [
            10062,
            {
                "py/object": "odf.components.Data",
                "data": {
                    "py/b64": "TfE="
                },
                "fake": false
            }
        ],
        [
            10138,
            {
                "py/object": "odf.components.Data",
                "data": {
                    "py/b64": "FsA="
                },
                "fake": false
            }
        ],
        [
            10213,
            {
                "py/object": "odf.components.Data",
                "data": {
                    "py/b64": "cHg="
                },
                "fake": false
            }
        ],
        [
            10289,
            {
                "py/object": "odf.components.Data",
                "data": {
                    "py/b64": "UEE="
                },
                "fake": false
            }
        ],
        [
            12348,
            {
                "py/object": "odf.components.Status",
                "address": 6,
                "message_error_bit": "0",
                "instrumentation_bit": "0",
                "service_request_bit": "0",
                "reserved_bits": "000",
                "brdcst_received_bit": "0",
                "busy_bit": "0",
                "subsystem_flag_bit": "0",
                "dynamic_bus_control_accpt_bit": "0",
                "terminal_flag_bit": "1",
                "parity_bit": "1",
                "fake": false
            }
        ],
        [
            12449,
            {
                "py/object": "odf.components.Command",
                "address": 8,
                "tr": 0,
                "sub_address": 2,
                "dword_count": 8,
                "parity": 0,
                "fake": false
            }
        ],
        [
            12468,
            {
                "py/object": "odf.components.Command",
                "address": 7,
                "tr": 1,
                "sub_address": 2,
                "dword_count": 8,
                "parity": 0,
                "fake": false
            }
        ],
        [
            14545,
            {
                "py/object": "odf.components.Status",
                "address": 7,
                "message_error_bit": "0",
                "instrumentation_bit": "0",
                "service_request_bit": "0",
                "reserved_bits": "000",
                "brdcst_received_bit": "0",
                "busy_bit": "0",
                "subsystem_flag_bit": "0",
                "dynamic_bus_control_accpt_bit": "0",
                "terminal_flag_bit": "1",
                "parity_bit": "1",
                "fake": false
            }
        ],
        [
            14619,
            {
                "py/object": "odf.components.Data",
                "data": {
                    "py/b64": "xJ4="
                },
                "fake": false
            }
        ],
        [
            14693,
            {
                "py/object": "odf.components.Data",
                "data": {
                    "py/b64": "YL0="
                },
                "fake": false
            }
        ],
        [
            14769,
            {
                "py/object": "odf.components.Data",
                "data": {
                    "py/b64": "xsM="
                },
                "fake": false
            }
        ],
        [
            14846,
            {
                "py/object": "odf.components.Data",
                "data": {
                    "py/b64": "FTo="
                },
                "fake": false
            }
        ],
        [
            14918,
            {
                "py/object": "odf.components.Data",
                "data": {
                    "py/b64": "lOM="
                },
                "fake": false
            }
        ],
        [
            14991,
            {
                "py/object": "odf.components.Data",
                "data": {
                    "py/b64": "Jz0="
                },
                "fake": false
            }
        ],
        [
            15065,
            {
                "py/object": "odf.components.Data",
                "data": {
                    "py/b64": "z3E="
                },
                "fake": false
            }
        ],
        [
            15138,
            {
                "py/object": "odf.components.Data",
                "data": {
                    "py/b64": "lDk="
                },
                "fake": false
            }
        ],
        [
            17239,
            {
                "py/object": "odf.components.Status",
                "address": 8,
                "message_error_bit": "0",
                "instrumentation_bit": "0",
                "service_request_bit": "0",
                "reserved_bits": "000",
                "brdcst_received_bit": "0",
                "busy_bit": "0",
                "subsystem_flag_bit": "0",
                "dynamic_bus_control_accpt_bit": "0",
                "terminal_flag_bit": "1",
                "parity_bit": "1",
                "fake": false
            }
        ],
        [
            17326,
            {
                "py/object": "odf.components.Command",
                "address": 10,
                "tr": 0,
                "sub_address": 2,
                "dword_count": 12,
                "parity": 0,
                "fake": false
            }
        ],
        [
            17346,
            {
                "py/object": "odf.components.Command",
                "address": 9,
                "tr": 1,
                "sub_address": 2,
                "dword_count": 12,
                "parity": 0,
                "fake": false
            }
        ],
        [
            19424,
            {
                "py/object": "odf.components.Status",
                "address": 9,
                "message_error_bit": "0",
                "instrumentation_bit": "0",
                "service_request_bit": "0",
                "reserved_bits": "000",
                "brdcst_received_bit": "0",
                "busy_bit": "0",
                "subsystem_flag_bit": "0",
                "dynamic_bus_control_accpt_bit": "0",
                "terminal_flag_bit": "1",
                "parity_bit": "1",
                "fake": false
            }
        ],
        [
            19496,
            {
                "py/object": "odf.components.Data",
                "data": {
                    "py/b64": "L8E="
                },
                "fake": false
            }
        ],
        [
            19567,
            {
                "py/object": "odf.components.Data",
                "data": {
                    "py/b64": "B0I="
                },
                "fake": false
            }
        ],
        [
            19640,
            {
                "py/object": "odf.components.Data",
                "data": {
                    "py/b64": "ocg="
                },
                "fake": false
            }
        ],
        [
            19711,
            {
                "py/object": "odf.components.Data",
                "data": {
                    "py/b64": "7MI="
                },
                "fake": false
            }
        ],
        [
            19785,
            {
                "py/object": "odf.components.Data",
                "data": {
                    "py/b64": "vNY="
                },
                "fake": false
            }
        ],
        [
            19864,
            {
                "py/object": "odf.components.Data",
                "data": {
                    "py/b64": "MUI="
                },
                "fake": false
            }
        ],
        [
            19935,
            {
                "py/object": "odf.components.Data",
                "data": {
                    "py/b64": "K8E="
                },
                "fake": false
            }
        ],
        [
            20008,
            {
                "py/object": "odf.components.Data",
                "data": {
                    "py/b64": "B0I="
                },
                "fake": false
            }
        ],
        [
            20081,
            {
                "py/object": "odf.components.Data",
                "data": {
                    "py/b64": "tMg="
                },
                "fake": false
            }
        ],
        [
            20152,
            {
                "py/object": "odf.components.Data",
                "data": {
                    "py/b64": "7MI="
                },
                "fake": false
            }
        ],
        [
            20225,
            {
                "py/object": "odf.components.Data",
                "data": {
                    "py/b64": "ivU="
                },
                "fake": false
            }
        ],
        [
            20301,
            {
                "py/object": "odf.components.Data",
                "data": {
                    "py/b64": "FEM="
                },
                "fake": false
            }
        ],
        [
            22443,
            {
                "py/object": "odf.components.Status",
                "address": 10,
                "message_error_bit": "0",
                "instrumentation_bit": "0",
                "service_request_bit": "0",
                "reserved_bits": "000",
                "brdcst_received_bit": "0",
                "busy_bit": "0",
                "subsystem_flag_bit": "0",
                "dynamic_bus_control_accpt_bit": "0",
                "terminal_flag_bit": "1",
                "parity_bit": "1",
                "fake": false
            }
        ],
        [
            22491,
            {
                "py/object": "odf.components.Command",
                "address": 12,
                "tr": 0,
                "sub_address": 2,
                "dword_count": 16,
                "parity": 0,
                "fake": false
            }
        ],
        [
            22509,
            {
                "py/object": "odf.components.Command",
                "address": 11,
                "tr": 1,
                "sub_address": 2,
                "dword_count": 16,
                "parity": 0,
                "fake": false
            }
        ],
        [
            24579,
            {
                "py/object": "odf.components.Status",
                "address": 11,
                "message_error_bit": "0",
                "instrumentation_bit": "0",
                "service_request_bit": "0",
                "reserved_bits": "000",
                "brdcst_received_bit": "0",
                "busy_bit": "0",
                "subsystem_flag_bit": "0",
                "dynamic_bus_control_accpt_bit": "0",
                "terminal_flag_bit": "1",
                "parity_bit": "1",
                "fake": false
            }
        ],
        [
            24650,
            {
                "py/object": "odf.components.Data",
                "data": {
                    "py/b64": "d2Y="
                },
                "fake": false
            }
        ],
        [
            24723,
            {
                "py/object": "odf.components.Data",
                "data": {
                    "py/b64": "Gjs="
                },
                "fake": false
            }
        ],
        [
            24796,
            {
                "py/object": "odf.components.Data",
                "data": {
                    "py/b64": "AIo="
                },
                "fake": false
            }
        ],
        [
            24869,
            {
                "py/object": "odf.components.Data",
                "data": {
                    "py/b64": "ZUE="
                },
                "fake": false
            }
        ],
        [
            24942,
            {
                "py/object": "odf.components.Data",
                "data": {
                    "py/b64": "roc="
                },
                "fake": false
            }
        ],
        [
            25014,
            {
                "py/object": "odf.components.Data",
                "data": {
                    "py/b64": "7EE="
                },
                "fake": false
            }
        ],
        [
            25085,
            {
                "py/object": "odf.components.Data",
                "data": {
                    "py/b64": "sAg="
                },
                "fake": false
            }
        ],
        [
            25156,
            {
                "py/object": "odf.components.Data",
                "data": {
                    "py/b64": "YEA="
                },
                "fake": false
            }
        ],
        [
            25225,
            {
                "py/object": "odf.components.Data",
                "data": {
                    "py/b64": "Ac0="
                },
                "fake": false
            }
        ],
        [
            25300,
            {
                "py/object": "odf.components.Data",
                "data": {
                    "py/b64": "5T8="
                },
                "fake": false
            }
        ],
        [
            25374,
            {
                "py/object": "odf.components.Data",
                "data": {
                    "py/b64": "868="
                },
                "fake": false
            }
        ],
        [
            25441,
            {
                "py/object": "odf.components.Data",
                "data": {
                    "py/b64": "Aj4="
                },
                "fake": false
            }
        ],
        [
            25515,
            {
                "py/object": "odf.components.Data",
                "data": {
                    "py/b64": "TQU="
                },
                "fake": false
            }
        ],
        [
            25584,
            {
                "py/object": "odf.components.Data",
                "data": {
                    "py/b64": "9z4="
                },
                "fake": false
            }
        ],
        [
            25655,
            {
                "py/object": "odf.components.Data",
                "data": {
                    "py/b64": "LU0="
                },
                "fake": false
            }
        ],
        [
            25727,
            {
                "py/object": "odf.components.Data",
                "data": {
                    "py/b64": "nEE="
                },
                "fake": false
            }
        ],
        [
            27839,
            {
                "py/object": "odf.components.Status",
                "address": 12,
                "message_error_bit": "0",
                "instrumentation_bit": "0",
                "service_request_bit": "0",
                "reserved_bits": "000",
                "brdcst_received_bit": "0",
                "busy_bit": "0",
                "subsystem_flag_bit": "0",
                "dynamic_bus_control_accpt_bit": "0",
                "terminal_flag_bit": "1",
                "parity_bit": "1",
                "fake": false
            }
        ],
        [
            28021,
            {
                "py/object": "odf.components.Command",
                "address": 1,
                "tr": 0,
                "sub_address": 2,
                "dword_count": 4,
                "parity": 0,
                "fake": false
            }
        ],
        [
            28094,
            {
                "py/object": "odf.components.Data",
                "data": {
                    "py/b64": "AAA="
                },
                "fake": false
            }
        ],
        [
            28106,
            {
                "py/object": "odf.components.Data",
                "data": {
                    "py/b64": "AAA="
                },
                "fake": false
            }
        ],
        [
            28118,
            {
                "py/object": "odf.components.Data",
                "data": {
                    "py/b64": "AAA="
                },
                "fake": false
            }
        ],
        [
            28130,
            {
                "py/object": "odf.components.Data",
                "data": {
                    "py/b64": "AAA="
                },
                "fake": false
            }
        ],
        [
            30207,
            {
                "py/object": "odf.components.Status",
                "address": 1,
                "message_error_bit": "0",
                "instrumentation_bit": "0",
                "service_request_bit": "0",
                "reserved_bits": "000",
                "brdcst_received_bit": "0",
                "busy_bit": "0",
                "subsystem_flag_bit": "0",
                "dynamic_bus_control_accpt_bit": "0",
                "terminal_flag_bit": "1",
                "parity_bit": "1",
                "fake": false
            }
        ],
        [
            30381,
            {
                "py/object": "odf.components.Command",
                "address": 31,
                "tr": 0,
                "sub_address": 2,
                "dword_count": 1,
                "parity": 0,
                "fake": false
            }
        ],
        [
            30429,
            {
                "py/object": "odf.components.Data",
                "data": {
                    "py/b64": "//8="
                },
                "fake": false
            }
        ],
        [
            30443,
            {
                "py/object": "odf.components.Command",
                "address": 4,
                "tr": 0,
                "sub_address": 2,
                "dword_count": 18,
                "parity": 0,
                "fake": false
            }
        ],
        [
            30454,
            {
                "py/object": "odf.components.Command",
                "address": 3,
                "tr": 1,
                "sub_address": 2,
                "dword_count": 18,
                "parity": 0,
                "fake": false
            }
        ],
        [
            32510,
            {
                "py/object": "odf.components.Status",
                "address": 3,
                "message_error_bit": "0",
                "instrumentation_bit": "0",
                "service_request_bit": "0",
                "reserved_bits": "000",
                "brdcst_received_bit": "0",
                "busy_bit": "0",
                "subsystem_flag_bit": "0",
                "dynamic_bus_control_accpt_bit": "0",
                "terminal_flag_bit": "1",
                "parity_bit": "1",
                "fake": false
            }
        ],
        [
            32582,
            {
                "py/object": "odf.components.Data",
                "data": {
                    "py/b64": "Z7o="
                },
                "fake": false
            }
        ],
        [
            32654,
            {
                "py/object": "odf.components.Data",
                "data": {
                    "py/b64": "a0M="
                },
                "fake": false
            }
        ],
        [
            32727,
            {
                "py/object": "odf.components.Data",
                "data": {
                    "py/b64": "VEk="
                },
                "fake": false
            }
        ],
        [
            32801,
            {
                "py/object": "odf.components.Data",
                "data": {
                    "py/b64": "lUQ="
                },
                "fake": false
            }
        ],
        [
            32872,
            {
                "py/object": "odf.components.Data",
                "data": {
                    "py/b64": "6so="
                },
                "fake": false
            }
        ],
        [
            32944,
            {
                "py/object": "odf.components.Data",
                "data": {
                    "py/b64": "3EM="
                },
                "fake": false
            }
        ],
        [
            33015,
            {
                "py/object": "odf.components.Data",
                "data": {
                    "py/b64": "t6g="
                },
                "fake": false
            }
        ],
        [
            33082,
            {
                "py/object": "odf.components.Data",
                "data": {
                    "py/b64": "hEM="
                },
                "fake": false
            }
        ],
        [
            33140,
            {
                "py/object": "odf.components.Data",
                "data": {
                    "py/b64": "bs0="
                },
                "fake": false
            }
        ],
        [
            33211,
            {
                "py/object": "odf.components.Data",
                "data": {
                    "py/b64": "i0A="
                },
                "fake": false
            }
        ],
        [
            33269,
            {
                "py/object": "odf.components.Data",
                "data": {
                    "py/b64": "Bs8="
                },
                "fake": false
            }
        ],
        [
            33327,
            {
                "py/object": "odf.components.Data",
                "data": {
                    "py/b64": "i0A="
                },
                "fake": false
            }
        ],
        [
            33398,
            {
                "py/object": "odf.components.Data",
                "data": {
                    "py/b64": "9OA="
                },
                "fake": false
            }
        ],
        [
            33469,
            {
                "py/object": "odf.components.Data",
                "data": {
                    "py/b64": "QkA="
                },
                "fake": false
            }
        ],
        [
            33542,
            {
                "py/object": "odf.components.Data",
                "data": {
                    "py/b64": "Osk="
                },
                "fake": false
            }
        ],
        [
            33614,
            {
                "py/object": "odf.components.Data",
                "data": {
                    "py/b64": "1UM="
                },
                "fake": false
            }
        ],
        [
            33685,
            {
                "py/object": "odf.components.Data",
                "data": {
                    "py/b64": "tww="
                },
                "fake": false
            }
        ],
        [
            33763,
            {
                "py/object": "odf.components.Data",
                "data": {
                    "py/b64": "OkQ="
                },
                "fake": false
            }
        ],
        [
            35841,
            {
                "py/object": "odf.components.Status",
                "address": 4,
                "message_error_bit": "0",
                "instrumentation_bit": "0",
                "service_request_bit": "0",
                "reserved_bits": "000",
                "brdcst_received_bit": "0",
                "busy_bit": "0",
                "subsystem_flag_bit": "0",
                "dynamic_bus_control_accpt_bit": "0",
                "terminal_flag_bit": "1",
                "parity_bit": "1",
                "fake": false
            }
        ],
        [
            35934,
            {
                "py/object": "odf.components.Command",
                "address": 6,
                "tr": 0,
                "sub_address": 2,
                "dword_count": 28,
                "parity": 0,
                "fake": false
            }
        ],
        [
            35946,
            {
                "py/object": "odf.components.Command",
                "address": 5,
                "tr": 1,
                "sub_address": 2,
                "dword_count": 28,
                "parity": 0,
                "fake": false
            }
        ],
        [
            38009,
            {
                "py/object": "odf.components.Status",
                "address": 5,
                "message_error_bit": "0",
                "instrumentation_bit": "0",
                "service_request_bit": "0",
                "reserved_bits": "000",
                "brdcst_received_bit": "0",
                "busy_bit": "0",
                "subsystem_flag_bit": "0",
                "dynamic_bus_control_accpt_bit": "0",
                "terminal_flag_bit": "1",
                "parity_bit": "1",
                "fake": false
            }
        ],
        [
            38081,
            {
                "py/object": "odf.components.Data",
                "data": {
                    "py/b64": "AdU="
                },
                "fake": false
            }
        ],
        [
            38150,
            {
                "py/object": "odf.components.Data",
                "data": {
                    "py/b64": "dUM="
                },
                "fake": false
            }
        ],
        [
            38222,
            {
                "py/object": "odf.components.Data",
                "data": {
                    "py/b64": "L6s="
                },
                "fake": false
            }
        ],
        [
            38295,
            {
                "py/object": "odf.components.Data",
                "data": {
                    "py/b64": "z0M="
                },
                "fake": false
            }
        ],
        [
            38366,
            {
                "py/object": "odf.components.Data",
                "data": {
                    "py/b64": "ieI="
                },
                "fake": false
            }
        ],
        [
            38437,
            {
                "py/object": "odf.components.Data",
                "data": {
                    "py/b64": "zcM="
                },
                "fake": false
            }
        ],
        [
            38509,
            {
                "py/object": "odf.components.Data",
                "data": {
                    "py/b64": "yLU="
                },
                "fake": false
            }
        ],
        [
            38581,
            {
                "py/object": "odf.components.Data",
                "data": {
                    "py/b64": "ikE="
                },
                "fake": false
            }
        ],
        [
            38655,
            {
                "py/object": "odf.components.Data",
                "data": {
                    "py/b64": "rBY="
                },
                "fake": false
            }
        ],
        [
            38725,
            {
                "py/object": "odf.components.Data",
                "data": {
                    "py/b64": "T8I="
                },
                "fake": false
            }
        ],
        [
            38798,
            {
                "py/object": "odf.components.Data",
                "data": {
                    "py/b64": "bsM="
                },
                "fake": false
            }
        ],
        [
            38861,
            {
                "py/object": "odf.components.Data",
                "data": {
                    "py/b64": "vb8="
                },
                "fake": false
            }
        ],
        [
            38934,
            {
                "py/object": "odf.components.Data",
                "data": {
                    "py/b64": "bEk="
                },
                "fake": false
            }
        ],
        [
            39004,
            {
                "py/object": "odf.components.Data",
                "data": {
                    "py/b64": "hr4="
                },
                "fake": false
            }
        ],
        [
            39075,
            {
                "py/object": "odf.components.Data",
                "data": {
                    "py/b64": "vk8="
                },
                "fake": false
            }
        ],
        [
            39141,
            {
                "py/object": "odf.components.Data",
                "data": {
                    "py/b64": "yD8="
                },
                "fake": false
            }
        ],
        [
            39220,
            {
                "py/object": "odf.components.Data",
                "data": {
                    "py/b64": "9jM="
                },
                "fake": false
            }
        ],
        [
            39292,
            {
                "py/object": "odf.components.Data",
                "data": {
                    "py/b64": "078="
                },
                "fake": false
            }
        ],
        [
            39361,
            {
                "py/object": "odf.components.Data",
                "data": {
                    "py/b64": "B8k="
                },
                "fake": false
            }
        ],
        [
            39432,
            {
                "py/object": "odf.components.Data",
                "data": {
                    "py/b64": "LcE="
                },
                "fake": false
            }
        ],
        [
            39505,
            {
                "py/object": "odf.components.Data",
                "data": {
                    "py/b64": "19k="
                },
                "fake": false
            }
        ],
        [
            39577,
            {
                "py/object": "odf.components.Data",
                "data": {
                    "py/b64": "z0M="
                },
                "fake": false
            }
        ],
        [
            39649,
            {
                "py/object": "odf.components.Data",
                "data": {
                    "py/b64": "slA="
                },
                "fake": false
            }
        ],
        [
            39723,
            {
                "py/object": "odf.components.Data",
                "data": {
                    "py/b64": "Vr8="
                },
                "fake": false
            }
        ],
        [
            39786,
            {
                "py/object": "odf.components.Data",
                "data": {
                    "py/b64": "9Po="
                },
                "fake": false
            }
        ],
        [
            39848,
            {
                "py/object": "odf.components.Data",
                "data": {
                    "py/b64": "nL4="
                },
                "fake": false
            }
        ],
        [
            39908,
            {
                "py/object": "odf.components.Data",
                "data": {
                    "py/b64": "VeY="
                },
                "fake": false
            }
        ],
        [
            39987,
            {
                "py/object": "odf.components.Data",
                "data": {
                    "py/b64": "gD8="
                },
                "fake": false
            }
        ],
        [
            42086,
            {
                "py/object": "odf.components.Status",
                "address": 6,
                "message_error_bit": "0",
                "instrumentation_bit": "0",
                "service_request_bit": "0",
                "reserved_bits": "000",
                "brdcst_received_bit": "0",
                "busy_bit": "0",
                "subsystem_flag_bit": "0",
                "dynamic_bus_control_accpt_bit": "0",
                "terminal_flag_bit": "1",
                "parity_bit": "1",
                "fake": false
            }
        ],
        [
            42161,
            {
                "py/object": "odf.components.Command",
                "address": 8,
                "tr": 0,
                "sub_address": 2,
                "dword_count": 8,
                "parity": 0,
                "fake": false
            }
        ],
        [
            42174,
            {
                "py/object": "odf.components.Command",
                "address": 7,
                "tr": 1,
                "sub_address": 2,
                "dword_count": 8,
                "parity": 0,
                "fake": false
            }
        ],
        [
            44242,
            {
                "py/object": "odf.components.Status",
                "address": 7,
                "message_error_bit": "0",
                "instrumentation_bit": "0",
                "service_request_bit": "0",
                "reserved_bits": "000",
                "brdcst_received_bit": "0",
                "busy_bit": "0",
                "subsystem_flag_bit": "0",
                "dynamic_bus_control_accpt_bit": "0",
                "terminal_flag_bit": "1",
                "parity_bit": "1",
                "fake": false
            }
        ],
        [
            44317,
            {
                "py/object": "odf.components.Data",
                "data": {
                    "py/b64": "fiU="
                },
                "fake": false
            }
        ],
        [
            44389,
            {
                "py/object": "odf.components.Data",
                "data": {
                    "py/b64": "h70="
                },
                "fake": false
            }
        ],
        [
            44463,
            {
                "py/object": "odf.components.Data",
                "data": {
                    "py/b64": "x4U="
                },
                "fake": false
            }
        ],
        [
            44534,
            {
                "py/object": "odf.components.Data",
                "data": {
                    "py/b64": "jbs="
                },
                "fake": false
            }
        ],
        [
            44607,
            {
                "py/object": "odf.components.Data",
                "data": {
                    "py/b64": "DeA="
                },
                "fake": false
            }
        ],
        [
            44679,
            {
                "py/object": "odf.components.Data",
                "data": {
                    "py/b64": "0Tw="
                },
                "fake": false
            }
        ],
        [
            44751,
            {
                "py/object": "odf.components.Data",
                "data": {
                    "py/b64": "ZDQ="
                },
                "fake": false
            }
        ],
        [
            44829,
            {
                "py/object": "odf.components.Data",
                "data": {
                    "py/b64": "Vbo="
                },
                "fake": false
            }
        ],
        [
            46926,
            {
                "py/object": "odf.components.Status",
                "address": 8,
                "message_error_bit": "0",
                "instrumentation_bit": "0",
                "service_request_bit": "0",
                "reserved_bits": "000",
                "brdcst_received_bit": "0",
                "busy_bit": "0",
                "subsystem_flag_bit": "0",
                "dynamic_bus_control_accpt_bit": "0",
                "terminal_flag_bit": "1",
                "parity_bit": "1",
                "fake": false
            }
        ],
        [
            47011,
            {
                "py/object": "odf.components.Command",
                "address": 10,
                "tr": 0,
                "sub_address": 2,
                "dword_count": 12,
                "parity": 0,
                "fake": false
            }
        ],
        [
            47022,
            {
                "py/object": "odf.components.Command",
                "address": 9,
                "tr": 1,
                "sub_address": 2,
                "dword_count": 12,
                "parity": 0,
                "fake": false
            }
        ],
        [
            49089,
            {
                "py/object": "odf.components.Status",
                "address": 9,
                "message_error_bit": "0",
                "instrumentation_bit": "0",
                "service_request_bit": "0",
                "reserved_bits": "000",
                "brdcst_received_bit": "0",
                "busy_bit": "0",
                "subsystem_flag_bit": "0",
                "dynamic_bus_control_accpt_bit": "0",
                "terminal_flag_bit": "1",
                "parity_bit": "1",
                "fake": false
            }
        ],
        [
            49159,
            {
                "py/object": "odf.components.Data",
                "data": {
                    "py/b64": "T70="
                },
                "fake": false
            }
        ],
        [
            49232,
            {
                "py/object": "odf.components.Data",
                "data": {
                    "py/b64": "B0I="
                },
                "fake": false
            }
        ],
        [
            49303,
            {
                "py/object": "odf.components.Data",
                "data": {
                    "py/b64": "Sds="
                },
                "fake": false
            }
        ],
        [
            49377,
            {
                "py/object": "odf.components.Data",
                "data": {
                    "py/b64": "7MI="
                },
                "fake": false
            }
        ],
        [
            49448,
            {
                "py/object": "odf.components.Data",
                "data": {
                    "py/b64": "m+o="
                },
                "fake": false
            }
        ],
        [
            49520,
            {
                "py/object": "odf.components.Data",
                "data": {
                    "py/b64": "aEM="
                },
                "fake": false
            }
        ],
        [
            49595,
            {
                "py/object": "odf.components.Data",
                "data": {
                    "py/b64": "Sr0="
                },
                "fake": false
            }
        ],
        [
            49667,
            {
                "py/object": "odf.components.Data",
                "data": {
                    "py/b64": "B0I="
                },
                "fake": false
            }
        ],
        [
            49736,
            {
                "py/object": "odf.components.Data",
                "data": {
                    "py/b64": "Yts="
                },
                "fake": false
            }
        ],
        [
            49805,
            {
                "py/object": "odf.components.Data",
                "data": {
                    "py/b64": "7MI="
                },
                "fake": false
            }
        ],
        [
            49874,
            {
                "py/object": "odf.components.Data",
                "data": {
                    "py/b64": "Ugk="
                },
                "fake": false
            }
        ],
        [
            49949,
            {
                "py/object": "odf.components.Data",
                "data": {
                    "py/b64": "QEQ="
                },
                "fake": false
            }
        ],
        [
            52090,
            {
                "py/object": "odf.components.Status",
                "address": 10,
                "message_error_bit": "0",
                "instrumentation_bit": "0",
                "service_request_bit": "0",
                "reserved_bits": "000",
                "brdcst_received_bit": "0",
                "busy_bit": "0",
                "subsystem_flag_bit": "0",
                "dynamic_bus_control_accpt_bit": "0",
                "terminal_flag_bit": "1",
                "parity_bit": "1",
                "fake": false
            }
        ],
        [
            52145,
            {
                "py/object": "odf.components.Command",
                "address": 12,
                "tr": 0,
                "sub_address": 2,
                "dword_count": 16,
                "parity": 0,
                "fake": false
            }
        ],
        [
            52159,
            {
                "py/object": "odf.components.Command",
                "address": 11,
                "tr": 1,
                "sub_address": 2,
                "dword_count": 16,
                "parity": 0,
                "fake": false
            }
        ],
        [
            54212,
            {
                "py/object": "odf.components.Status",
                "address": 11,
                "message_error_bit": "0",
                "instrumentation_bit": "0",
                "service_request_bit": "0",
                "reserved_bits": "000",
                "brdcst_received_bit": "0",
                "busy_bit": "0",
                "subsystem_flag_bit": "0",
                "dynamic_bus_control_accpt_bit": "0",
                "terminal_flag_bit": "1",
                "parity_bit": "1",
                "fake": false
            }
        ],
        [
            54285,
            {
                "py/object": "odf.components.Data",
                "data": {
                    "py/b64": "i5E="
                },
                "fake": false
            }
        ],
        [
            54360,
            {
                "py/object": "odf.components.Data",
                "data": {
                    "py/b64": "Fzs="
                },
                "fake": false
            }
        ],
        [
            54435,
            {
                "py/object": "odf.components.Data",
                "data": {
                    "py/b64": "AIU="
                },
                "fake": false
            }
        ],
        [
            54508,
            {
                "py/object": "odf.components.Data",
                "data": {
                    "py/b64": "UkE="
                },
                "fake": false
            }
        ],
        [
            54581,
            {
                "py/object": "odf.components.Data",
                "data": {
                    "py/b64": "UW8="
                },
                "fake": false
            }
        ],
        [
            54653,
            {
                "py/object": "odf.components.Data",
                "data": {
                    "py/b64": "50E="
                },
                "fake": false
            }
        ],
        [
            54729,
            {
                "py/object": "odf.components.Data",
                "data": {
                    "py/b64": "7gw="
                },
                "fake": false
            }
        ],
        [
            54800,
            {
                "py/object": "odf.components.Data",
                "data": {
                    "py/b64": "t0A="
                },
                "fake": false
            }
        ],
        [
            54875,
            {
                "py/object": "odf.components.Data",
                "data": {
                    "py/b64": "kE0="
                },
                "fake": false
            }
        ],
        [
            54947,
            {
                "py/object": "odf.components.Data",
                "data": {
                    "py/b64": "PEA="
                },
                "fake": false
            }
        ],
        [
            55021,
            {
                "py/object": "odf.components.Data",
                "data": {
                    "py/b64": "ksE="
                },
                "fake": false
            }
        ],
        [
            55095,
            {
                "py/object": "odf.components.Data",
                "data": {
                    "py/b64": "6T0="
                },
                "fake": false
            }
        ],
        [
            55166,
            {
                "py/object": "odf.components.Data",
                "data": {
                    "py/b64": "XXo="
                },
                "fake": false
            }
        ],
        [
            55240,
            {
                "py/object": "odf.components.Data",
                "data": {
                    "py/b64": "ZD4="
                },
                "fake": false
            }
        ],
        [
            55314,
            {
                "py/object": "odf.components.Data",
                "data": {
                    "py/b64": "Ykg="
                },
                "fake": false
            }
        ],
        [
            55389,
            {
                "py/object": "odf.components.Data",
                "data": {
                    "py/b64": "q0E="
                },
                "fake": false
            }
        ],
        [
            57529,
            {
                "py/object": "odf.components.Status",
                "address": 12,
                "message_error_bit": "0",
                "instrumentation_bit": "0",
                "service_request_bit": "0",
                "reserved_bits": "000",
                "brdcst_received_bit": "0",
                "busy_bit": "0",
                "subsystem_flag_bit": "0",
                "dynamic_bus_control_accpt_bit": "0",
                "terminal_flag_bit": "1",
                "parity_bit": "1",
                "fake": false
            }
        ],
        [
            57713,
            {
                "py/object": "odf.components.Command",
                "address": 1,
                "tr": 0,
                "sub_address": 2,
                "dword_count": 4,
                "parity": 0,
                "fake": false
            }
        ],
        [
            57767,
            {
                "py/object": "odf.components.Data",
                "data": {
                    "py/b64": "AAA="
                },
                "fake": false
            }
        ],
        [
            57774,
            {
                "py/object": "odf.components.Data",
                "data": {
                    "py/b64": "AAA="
                },
                "fake": false
            }
        ],
        [
            57784,
            {
                "py/object": "odf.components.Data",
                "data": {
                    "py/b64": "AAA="
                },
                "fake": false
            }
        ],
        [
            57828,
            {
                "py/object": "odf.components.Data",
                "data": {
                    "py/b64": "AAA="
                },
                "fake": false
            }
        ],
        [
            59843,
            {
                "py/object": "odf.components.Status",
                "address": 1,
                "message_error_bit": "0",
                "instrumentation_bit": "0",
                "service_request_bit": "0",
                "reserved_bits": "000",
                "brdcst_received_bit": "0",
                "busy_bit": "0",
                "subsystem_flag_bit": "0",
                "dynamic_bus_control_accpt_bit": "0",
                "terminal_flag_bit": "1",
                "parity_bit": "1",
                "fake": false
            }
        ],
        [
            60032,
            {
                "py/object": "odf.components.Command",
                "address": 31,
                "tr": 0,
                "sub_address": 2,
                "dword_count": 1,
                "parity": 0,
                "fake": false
            }
        ],
        [
            60133,
            {
                "py/object": "odf.components.Data",
                "data": {
                    "py/b64": "//8="
                },
                "fake": false
            }
        ],
        [
            60148,
            {
                "py/object": "odf.components.Command",
                "address": 4,
                "tr": 0,
                "sub_address": 2,
                "dword_count": 18,
                "parity": 0,
                "fake": false
            }
        ],
        [
            60159,
            {
                "py/object": "odf.components.Command",
                "address": 3,
                "tr": 1,
                "sub_address": 2,
                "dword_count": 18,
                "parity": 0,
                "fake": false
            }
        ],
        [
            62203,
            {
                "py/object": "odf.components.Status",
                "address": 3,
                "message_error_bit": "0",
                "instrumentation_bit": "0",
                "service_request_bit": "0",
                "reserved_bits": "000",
                "brdcst_received_bit": "0",
                "busy_bit": "0",
                "subsystem_flag_bit": "0",
                "dynamic_bus_control_accpt_bit": "0",
                "terminal_flag_bit": "1",
                "parity_bit": "1",
                "fake": false
            }
        ],
        [
            62284,
            {
                "py/object": "odf.components.Data",
                "data": {
                    "py/b64": "kuU="
                },
                "fake": false
            }
        ],
        [
            62352,
            {
                "py/object": "odf.components.Data",
                "data": {
                    "py/b64": "eUM="
                },
                "fake": false
            }
        ],
        [
            62427,
            {
                "py/object": "odf.components.Data",
                "data": {
                    "py/b64": "r2I="
                },
                "fake": false
            }
        ],
        [
            62502,
            {
                "py/object": "odf.components.Data",
                "data": {
                    "py/b64": "AEU="
                },
                "fake": false
            }
        ],
        [
            62581,
            {
                "py/object": "odf.components.Data",
                "data": {
                    "py/b64": "rWM="
                },
                "fake": false
            }
        ],
        [
            62659,
            {
                "py/object": "odf.components.Data",
                "data": {
                    "py/b64": "kEQ="
                },
                "fake": false
            }
        ],
        [
            62735,
            {
                "py/object": "odf.components.Data",
                "data": {
                    "py/b64": "DzY="
                },
                "fake": false
            }
        ],
        [
            62809,
            {
                "py/object": "odf.components.Data",
                "data": {
                    "py/b64": "WkM="
                },
                "fake": false
            }
        ],
        [
            62878,
            {
                "py/object": "odf.components.Data",
                "data": {
                    "py/b64": "D1o="
                },
                "fake": false
            }
        ],
        [
            62958,
            {
                "py/object": "odf.components.Data",
                "data": {
                    "py/b64": "gUA="
                },
                "fake": false
            }
        ],
        [
            63036,
            {
                "py/object": "odf.components.Data",
                "data": {
                    "py/b64": "nk0="
                },
                "fake": false
            }
        ],
        [
            63116,
            {
                "py/object": "odf.components.Data",
                "data": {
                    "py/b64": "gUA="
                },
                "fake": false
            }
        ],
        [
            63193,
            {
                "py/object": "odf.components.Data",
                "data": {
                    "py/b64": "rfk="
                },
                "fake": false
            }
        ],
        [
            63272,
            {
                "py/object": "odf.components.Data",
                "data": {
                    "py/b64": "QkA="
                },
                "fake": false
            }
        ],
        [
            63348,
            {
                "py/object": "odf.components.Data",
                "data": {
                    "py/b64": "Kk4="
                },
                "fake": false
            }
        ],
        [
            63425,
            {
                "py/object": "odf.components.Data",
                "data": {
                    "py/b64": "1UM="
                },
                "fake": false
            }
        ],
        [
            63501,
            {
                "py/object": "odf.components.Data",
                "data": {
                    "py/b64": "tww="
                },
                "fake": false
            }
        ],
        [
            63584,
            {
                "py/object": "odf.components.Data",
                "data": {
                    "py/b64": "OkQ="
                },
                "fake": false
            }
        ],
        [
            65675,
            {
                "py/object": "odf.components.Status",
                "address": 4,
                "message_error_bit": "0",
                "instrumentation_bit": "0",
                "service_request_bit": "0",
                "reserved_bits": "000",
                "brdcst_received_bit": "0",
                "busy_bit": "0",
                "subsystem_flag_bit": "0",
                "dynamic_bus_control_accpt_bit": "0",
                "terminal_flag_bit": "1",
                "parity_bit": "1",
                "fake": false
            }
        ],
        [
            65764,
            {
                "py/object": "odf.components.Command",
                "address": 6,
                "tr": 0,
                "sub_address": 2,
                "dword_count": 28,
                "parity": 0,
                "fake": false
            }
        ],
        [
            65788,
            {
                "py/object": "odf.components.Command",
                "address": 5,
                "tr": 1,
                "sub_address": 2,
                "dword_count": 28,
                "parity": 0,
                "fake": false
            }
        ],
        [
            65866,
            {
                "py/object": "odf.components.Status",
                "address": 5,
                "message_error_bit": "0",
                "instrumentation_bit": "0",
                "service_request_bit": "0",
                "reserved_bits": "000",
                "brdcst_received_bit": "0",
                "busy_bit": "0",
                "subsystem_flag_bit": "0",
                "dynamic_bus_control_accpt_bit": "0",
                "terminal_flag_bit": "1",
                "parity_bit": "0",
                "fake": true
            }
        ],
        [
            76287,
            {
                "py/object": "odf.components.Command",
                "address": 8,
                "tr": 0,
                "sub_address": 2,
                "dword_count": 8,
                "parity": 0,
                "fake": false
            }
        ],
        [
            76318,
            {
                "py/object": "odf.components.Command",
                "address": 7,
                "tr": 1,
                "sub_address": 2,
                "dword_count": 8,
                "parity": 0,
                "fake": false
            }
        ],
        [
            76404,
            {
                "py/object": "odf.components.Status",
                "address": 7,
                "message_error_bit": "0",
                "instrumentation_bit": "0",
                "service_request_bit": "0",
                "reserved_bits": "000",
                "brdcst_received_bit": "0",
                "busy_bit": "0",
                "subsystem_flag_bit": "0",
                "dynamic_bus_control_accpt_bit": "0",
                "terminal_flag_bit": "1",
                "parity_bit": "0",
                "fake": true
            }
        ],
        [
            86832,
            {
                "py/object": "odf.components.Command",
                "address": 10,
                "tr": 0,
                "sub_address": 2,
                "dword_count": 12,
                "parity": 0,
                "fake": false
            }
        ],
        [
            86859,
            {
                "py/object": "odf.components.Command",
                "address": 9,
                "tr": 1,
                "sub_address": 2,
                "dword_count": 12,
                "parity": 0,
                "fake": false
            }
        ],
        [
            86948,
            {
                "py/object": "odf.components.Status",
                "address": 9,
                "message_error_bit": "0",
                "instrumentation_bit": "0",
                "service_request_bit": "0",
                "reserved_bits": "000",
                "brdcst_received_bit": "0",
                "busy_bit": "0",
                "subsystem_flag_bit": "0",
                "dynamic_bus_control_accpt_bit": "0",
                "terminal_flag_bit": "1",
                "parity_bit": "0",
                "fake": true
            }
        ],
        [
            97371,
            {
                "py/object": "odf.components.Command",
                "address": 12,
                "tr": 0,
                "sub_address": 2,
                "dword_count": 16,
                "parity": 0,
                "fake": false
            }
        ],
        [
            97400,
            {
                "py/object": "odf.components.Command",
                "address": 11,
                "tr": 1,
                "sub_address": 2,
                "dword_count": 16,
                "parity": 0,
                "fake": false
            }
        ],
        [
            97487,
            {
                "py/object": "odf.components.Status",
                "address": 11,
                "message_error_bit": "0",
                "instrumentation_bit": "0",
                "service_request_bit": "0",
                "reserved_bits": "000",
                "brdcst_received_bit": "0",
                "busy_bit": "0",
                "subsystem_flag_bit": "0",
                "dynamic_bus_control_accpt_bit": "0",
                "terminal_flag_bit": "1",
                "parity_bit": "0",
                "fake": true
            }
        ],
        [
            107949,
            {
                "py/object": "odf.components.Command",
                "address": 1,
                "tr": 0,
                "sub_address": 2,
                "dword_count": 4,
                "parity": 0,
                "fake": false
            }
        ],
        [
            108110,
            {
                "py/object": "odf.components.Data",
                "data": {
                    "py/b64": "AAA="
                },
                "fake": false
            }
        ],
        [
            108272,
            {
                "py/object": "odf.components.Data",
                "data": {
                    "py/b64": "AAA="
                },
                "fake": false
            }
        ],
        [
            108422,
            {
                "py/object": "odf.components.Data",
                "data": {
                    "py/b64": "AAA="
                },
                "fake": false
            }
        ],
        [
            108460,
            {
                "py/object": "odf.components.Data",
                "data": {
                    "py/b64": "gEA="
                },
                "fake": false
            }
        ],
        [
            108484,
            {
                "py/object": "odf.components.Command",
                "address": 31,
                "tr": 0,
                "sub_address": 2,
                "dword_count": 1,
                "parity": 0,
                "fake": false
            }
        ],
        [
            108557,
            {
                "py/object": "odf.components.Data",
                "data": {
                    "py/b64": "//8="
                },
                "fake": false
            }
        ],
        [
            108572,
            {
                "py/object": "odf.components.Command",
                "address": 4,
                "tr": 0,
                "sub_address": 2,
                "dword_count": 18,
                "parity": 0,
                "fake": false
            }
        ],
        [
            108586,
            {
                "py/object": "odf.components.Command",
                "address": 3,
                "tr": 1,
                "sub_address": 2,
                "dword_count": 18,
                "parity": 0,
                "fake": false
            }
        ],
        [
            108599,
            {
                "py/object": "odf.components.Status",
                "address": 3,
                "message_error_bit": "0",
                "instrumentation_bit": "0",
                "service_request_bit": "0",
                "reserved_bits": "000",
                "brdcst_received_bit": "0",
                "busy_bit": "0",
                "subsystem_flag_bit": "0",
                "dynamic_bus_control_accpt_bit": "0",
                "terminal_flag_bit": "1",
                "parity_bit": "0",
                "fake": true
            }
        ],
        [
            110199,
            {
                "py/object": "odf.components.Status",
                "address": 1,
                "message_error_bit": "0",
                "instrumentation_bit": "0",
                "service_request_bit": "0",
                "reserved_bits": "000",
                "brdcst_received_bit": "0",
                "busy_bit": "0",
                "subsystem_flag_bit": "0",
                "dynamic_bus_control_accpt_bit": "0",
                "terminal_flag_bit": "1",
                "parity_bit": "1",
                "fake": false
            }
        ],
        [
            110289,
            {
                "py/object": "odf.components.Command",
                "address": 6,
                "tr": 0,
                "sub_address": 2,
                "dword_count": 28,
                "parity": 0,
                "fake": false
            }
        ],
        [
            110313,
            {
                "py/object": "odf.components.Command",
                "address": 5,
                "tr": 1,
                "sub_address": 2,
                "dword_count": 28,
                "parity": 0,
                "fake": false
            }
        ],
        [
            110393,
            {
                "py/object": "odf.components.Status",
                "address": 5,
                "message_error_bit": "0",
                "instrumentation_bit": "0",
                "service_request_bit": "0",
                "reserved_bits": "000",
                "brdcst_received_bit": "0",
                "busy_bit": "0",
                "subsystem_flag_bit": "0",
                "dynamic_bus_control_accpt_bit": "0",
                "terminal_flag_bit": "1",
                "parity_bit": "0",
                "fake": true
            }
        ]
    ],
    "attack_times": [
        [
            65784,
            76322,
            86863,
            97399,
            108459,
            110305
        ]
    ],
    "attack_types": [
        "Fake_Status_trcmd"
    ],
    "attack_outcome": [
        true
    ]
}