{"data": [[384, {"py/object": "odf.components.Command", "address": 31, "tr": 0, "sub_address": 2, "dword_count": 1, "parity": 0, "fake": false}], [492, {"py/object": "odf.components.Data", "data": {"py/b64": "//8="}, "fake": false}], [540, {"py/object": "odf.components.Command", "address": 4, "tr": 0, "sub_address": 2, "dword_count": 18, "parity": 0, "fake": false}], [558, {"py/object": "odf.components.Command", "address": 3, "tr": 1, "sub_address": 2, "dword_count": 18, "parity": 0, "fake": false}], [2633, {"py/object": "odf.components.Status", "address": 3, "message_error_bit": "0", "instrumentation_bit": "0", "service_request_bit": "0", "reserved_bits": "000", "brdcst_received_bit": "0", "busy_bit": "0", "subsystem_flag_bit": "0", "dynamic_bus_control_accpt_bit": "0", "terminal_flag_bit": "1", "parity_bit": "1", "fake": false}], [2705, {"py/object": "odf.components.Data", "data": {"py/b64": "iKs="}, "fake": false}], [2770, {"py/object": "odf.components.Data", "data": {"py/b64": "JUI="}, "fake": false}], [2842, {"py/object": "odf.components.Data", "data": {"py/b64": "yLM="}, "fake": false}], [2912, {"py/object": "odf.components.Data", "data": {"py/b64": "fb0="}, "fake": false}], [2984, {"py/object": "odf.components.Data", "data": {"py/b64": "RYY="}, "fake": false}], [3055, {"py/object": "odf.components.Data", "data": {"py/b64": "7kI="}, "fake": false}], [3128, {"py/object": "odf.components.Data", "data": {"py/b64": "q80="}, "fake": false}], [3200, {"py/object": "odf.components.Data", "data": {"py/b64": "iEM="}, "fake": false}], [3272, {"py/object": "odf.components.Data", "data": {"py/b64": "768="}, "fake": false}], [3342, {"py/object": "odf.components.Data", "data": {"py/b64": "i0A="}, "fake": false}], [3414, {"py/object": "odf.components.Data", "data": {"py/b64": "ALA="}, "fake": false}], [3488, {"py/object": "odf.components.Data", "data": {"py/b64": "i0A="}, "fake": false}], [3553, {"py/object": "odf.components.Data", "data": {"py/b64": "2w8="}, "fake": false}], [3624, {"py/object": "odf.components.Data", "data": {"py/b64": "SUA="}, "fake": false}], [3696, {"py/object": "odf.components.Data", "data": {"py/b64": "pKM="}, "fake": false}], [3768, {"py/object": "odf.components.Data", "data": {"py/b64": "1kM="}, "fake": false}], [3841, {"py/object": "odf.components.Data", "data": {"py/b64": "tww="}, "fake": false}], [3916, {"py/object": "odf.components.Data", "data": {"py/b64": "OkQ="}, "fake": false}], [6004, {"py/object": "odf.components.Status", "address": 4, "message_error_bit": "0", "instrumentation_bit": "0", "service_request_bit": "0", "reserved_bits": "000", "brdcst_received_bit": "0", "busy_bit": "0", "subsystem_flag_bit": "0", "dynamic_bus_control_accpt_bit": "0", "terminal_flag_bit": "1", "parity_bit": "1", "fake": false}], [6077, {"py/object": "odf.components.Command", "address": 6, "tr": 0, "sub_address": 2, "dword_count": 28, "parity": 0, "fake": false}], [6095, {"py/object": "odf.components.Command", "address": 5, "tr": 1, "sub_address": 2, "dword_count": 28, "parity": 0, "fake": false}], [8168, {"py/object": "odf.components.Status", "address": 5, "message_error_bit": "0", "instrumentation_bit": "0", "service_request_bit": "0", "reserved_bits": "000", "brdcst_received_bit": "0", "busy_bit": "0", "subsystem_flag_bit": "0", "dynamic_bus_control_accpt_bit": "0", "terminal_flag_bit": "1", "parity_bit": "1", "fake": false}], [8236, {"py/object": "odf.components.Data", "data": {"py/b64": "wpE="}, "fake": false}], [8308, {"py/object": "odf.components.Data", "data": {"py/b64": "rEI="}, "fake": false}], [8380, {"py/object": "odf.components.Data", "data": {"py/b64": "SSg="}, "fake": false}], [8448, {"py/object": "odf.components.Data", "data": {"py/b64": "EkM="}, "fake": false}], [8518, {"py/object": "odf.components.Data", "data": {"py/b64": "z7A="}, "fake": false}], [8590, {"py/object": "odf.components.Data", "data": {"py/b64": "EcM="}, "fake": false}], [8661, {"py/object": "odf.components.Data", "data": {"py/b64": "ahU="}, "fake": false}], [8732, {"py/object": "odf.components.Data", "data": {"py/b64": "Tzw="}, "fake": false}], [8804, {"py/object": "odf.components.Data", "data": {"py/b64": "3ig="}, "fake": false}], [8875, {"py/object": "odf.components.Data", "data": {"py/b64": "kcE="}, "fake": false}], [8948, {"py/object": "odf.components.Data", "data": {"py/b64": "N+8="}, "fake": false}], [9020, {"py/object": "odf.components.Data", "data": {"py/b64": "UsE="}, "fake": false}], [9079, {"py/object": "odf.components.Data", "data": {"py/b64": "Jeg="}, "fake": false}], [9149, {"py/object": "odf.components.Data", "data": {"py/b64": "bL8="}, "fake": false}], [9220, {"py/object": "odf.components.Data", "data": {"py/b64": "KRk="}, "fake": false}], [9293, {"py/object": "odf.components.Data", "data": {"py/b64": "BMA="}, "fake": false}], [9363, {"py/object": "odf.components.Data", "data": {"py/b64": "0GE="}, "fake": false}], [9434, {"py/object": "odf.components.Data", "data": {"py/b64": "Bbw="}, "fake": false}], [9504, {"py/object": "odf.components.Data", "data": {"py/b64": "I64="}, "fake": false}], [9580, {"py/object": "odf.components.Data", "data": {"py/b64": "bkA="}, "fake": false}], [9650, {"py/object": "odf.components.Data", "data": {"py/b64": "rHU="}, "fake": false}], [9721, {"py/object": "odf.components.Data", "data": {"py/b64": "F0M="}, "fake": false}], [9793, {"py/object": "odf.components.Data", "data": {"py/b64": "dbY="}, "fake": false}], [9861, {"py/object": "odf.components.Data", "data": {"py/b64": "Db4="}, "fake": false}], [9933, {"py/object": "odf.components.Data", "data": {"py/b64": "TfE="}, "fake": false}], [10005, {"py/object": "odf.components.Data", "data": {"py/b64": "FsA="}, "fake": false}], [10075, {"py/object": "odf.components.Data", "data": {"py/b64": "cHg="}, "fake": false}], [10152, {"py/object": "odf.components.Data", "data": {"py/b64": "UEE="}, "fake": false}], [12273, {"py/object": "odf.components.Status", "address": 6, "message_error_bit": "0", "instrumentation_bit": "0", "service_request_bit": "0", "reserved_bits": "000", "brdcst_received_bit": "0", "busy_bit": "0", "subsystem_flag_bit": "0", "dynamic_bus_control_accpt_bit": "0", "terminal_flag_bit": "1", "parity_bit": "1", "fake": false}], [12319, {"py/object": "odf.components.Command", "address": 8, "tr": 0, "sub_address": 2, "dword_count": 8, "parity": 0, "fake": false}], [12336, {"py/object": "odf.components.Command", "address": 7, "tr": 1, "sub_address": 2, "dword_count": 8, "parity": 0, "fake": false}], [14407, {"py/object": "odf.components.Status", "address": 7, "message_error_bit": "0", "instrumentation_bit": "0", "service_request_bit": "0", "reserved_bits": "000", "brdcst_received_bit": "0", "busy_bit": "0", "subsystem_flag_bit": "0", "dynamic_bus_control_accpt_bit": "0", "terminal_flag_bit": "1", "parity_bit": "1", "fake": false}], [14479, {"py/object": "odf.components.Data", "data": {"py/b64": "xJ4="}, "fake": false}], [14550, {"py/object": "odf.components.Data", "data": {"py/b64": "YL0="}, "fake": false}], [14624, {"py/object": "odf.components.Data", "data": {"py/b64": "xsM="}, "fake": false}], [14695, {"py/object": "odf.components.Data", "data": {"py/b64": "FTo="}, "fake": false}], [14767, {"py/object": "odf.components.Data", "data": {"py/b64": "lOM="}, "fake": false}], [14840, {"py/object": "odf.components.Data", "data": {"py/b64": "Jz0="}, "fake": false}], [14919, {"py/object": "odf.components.Data", "data": {"py/b64": "z3E="}, "fake": false}], [14994, {"py/object": "odf.components.Data", "data": {"py/b64": "lDk="}, "fake": false}], [17106, {"py/object": "odf.components.Status", "address": 8, "message_error_bit": "0", "instrumentation_bit": "0", "service_request_bit": "0", "reserved_bits": "000", "brdcst_received_bit": "0", "busy_bit": "0", "subsystem_flag_bit": "0", "dynamic_bus_control_accpt_bit": "0", "terminal_flag_bit": "1", "parity_bit": "1", "fake": false}], [17184, {"py/object": "odf.components.Command", "address": 10, "tr": 0, "sub_address": 2, "dword_count": 12, "parity": 0, "fake": false}], [17202, {"py/object": "odf.components.Command", "address": 9, "tr": 1, "sub_address": 2, "dword_count": 12, "parity": 0, "fake": false}], [19276, {"py/object": "odf.components.Status", "address": 9, "message_error_bit": "0", "instrumentation_bit": "0", "service_request_bit": "0", "reserved_bits": "000", "brdcst_received_bit": "0", "busy_bit": "0", "subsystem_flag_bit": "0", "dynamic_bus_control_accpt_bit": "0", "terminal_flag_bit": "1", "parity_bit": "1", "fake": false}], [19348, {"py/object": "odf.components.Data", "data": {"py/b64": "L8E="}, "fake": false}], [19422, {"py/object": "odf.components.Data", "data": {"py/b64": "B0I="}, "fake": false}], [19494, {"py/object": "odf.components.Data", "data": {"py/b64": "ocg="}, "fake": false}], [19567, {"py/object": "odf.components.Data", "data": {"py/b64": "7MI="}, "fake": false}], [19638, {"py/object": "odf.components.Data", "data": {"py/b64": "vNY="}, "fake": false}], [19712, {"py/object": "odf.components.Data", "data": {"py/b64": "MUI="}, "fake": false}], [19784, {"py/object": "odf.components.Data", "data": {"py/b64": "K8E="}, "fake": false}], [19858, {"py/object": "odf.components.Data", "data": {"py/b64": "B0I="}, "fake": false}], [19930, {"py/object": "odf.components.Data", "data": {"py/b64": "tMg="}, "fake": false}], [20001, {"py/object": "odf.components.Data", "data": {"py/b64": "7MI="}, "fake": false}], [20074, {"py/object": "odf.components.Data", "data": {"py/b64": "ivU="}, "fake": false}], [20150, {"py/object": "odf.components.Data", "data": {"py/b64": "FEM="}, "fake": false}], [22238, {"py/object": "odf.components.Status", "address": 10, "message_error_bit": "0", "instrumentation_bit": "0", "service_request_bit": "0", "reserved_bits": "000", "brdcst_received_bit": "0", "busy_bit": "0", "subsystem_flag_bit": "0", "dynamic_bus_control_accpt_bit": "0", "terminal_flag_bit": "1", "parity_bit": "1", "fake": false}], [22337, {"py/object": "odf.components.Command", "address": 12, "tr": 0, "sub_address": 2, "dword_count": 16, "parity": 0, "fake": false}], [22357, {"py/object": "odf.components.Command", "address": 11, "tr": 1, "sub_address": 2, "dword_count": 16, "parity": 0, "fake": false}], [24433, {"py/object": "odf.components.Status", "address": 11, "message_error_bit": "0", "instrumentation_bit": "0", "service_request_bit": "0", "reserved_bits": "000", "brdcst_received_bit": "0", "busy_bit": "0", "subsystem_flag_bit": "0", "dynamic_bus_control_accpt_bit": "0", "terminal_flag_bit": "1", "parity_bit": "1", "fake": false}], [24505, {"py/object": "odf.components.Data", "data": {"py/b64": "d2Y="}, "fake": false}], [24578, {"py/object": "odf.components.Data", "data": {"py/b64": "Gjs="}, "fake": false}], [24650, {"py/object": "odf.components.Data", "data": {"py/b64": "AIo="}, "fake": false}], [24721, {"py/object": "odf.components.Data", "data": {"py/b64": "ZUE="}, "fake": false}], [24796, {"py/object": "odf.components.Data", "data": {"py/b64": "roc="}, "fake": false}], [24869, {"py/object": "odf.components.Data", "data": {"py/b64": "7EE="}, "fake": false}], [24941, {"py/object": "odf.components.Data", "data": {"py/b64": "sAg="}, "fake": false}], [25011, {"py/object": "odf.components.Data", "data": {"py/b64": "YEA="}, "fake": false}], [25086, {"py/object": "odf.components.Data", "data": {"py/b64": "Ac0="}, "fake": false}], [25155, {"py/object": "odf.components.Data", "data": {"py/b64": "5T8="}, "fake": false}], [25227, {"py/object": "odf.components.Data", "data": {"py/b64": "868="}, "fake": false}], [25295, {"py/object": "odf.components.Data", "data": {"py/b64": "Aj4="}, "fake": false}], [25367, {"py/object": "odf.components.Data", "data": {"py/b64": "TQU="}, "fake": false}], [25442, {"py/object": "odf.components.Data", "data": {"py/b64": "9z4="}, "fake": false}], [25493, {"py/object": "odf.components.Data", "data": {"py/b64": "LU0="}, "fake": false}], [25566, {"py/object": "odf.components.Data", "data": {"py/b64": "nEE="}, "fake": false}], [27660, {"py/object": "odf.components.Status", "address": 12, "message_error_bit": "0", "instrumentation_bit": "0", "service_request_bit": "0", "reserved_bits": "000", "brdcst_received_bit": "0", "busy_bit": "0", "subsystem_flag_bit": "0", "dynamic_bus_control_accpt_bit": "0", "terminal_flag_bit": "1", "parity_bit": "1", "fake": false}], [27846, {"py/object": "odf.components.Command", "address": 1, "tr": 0, "sub_address": 2, "dword_count": 4, "parity": 0, "fake": false}], [27927, {"py/object": "odf.components.Data", "data": {"py/b64": "AAA="}, "fake": false}], [27940, {"py/object": "odf.components.Data", "data": {"py/b64": "AAA="}, "fake": false}], [27952, {"py/object": "odf.components.Data", "data": {"py/b64": "AAA="}, "fake": false}], [27963, {"py/object": "odf.components.Data", "data": {"py/b64": "AAA="}, "fake": false}], [30048, {"py/object": "odf.components.Status", "address": 1, "message_error_bit": "0", "instrumentation_bit": "0", "service_request_bit": "0", "reserved_bits": "000", "brdcst_received_bit": "0", "busy_bit": "0", "subsystem_flag_bit": "0", "dynamic_bus_control_accpt_bit": "0", "terminal_flag_bit": "1", "parity_bit": "1", "fake": false}], [30211, {"py/object": "odf.components.Command", "address": 31, "tr": 0, "sub_address": 2, "dword_count": 1, "parity": 0, "fake": false}], [30276, {"py/object": "odf.components.Data", "data": {"py/b64": "//8="}, "fake": false}], [30290, {"py/object": "odf.components.Command", "address": 4, "tr": 0, "sub_address": 2, "dword_count": 18, "parity": 0, "fake": false}], [30303, {"py/object": "odf.components.Command", "address": 3, "tr": 1, "sub_address": 2, "dword_count": 18, "parity": 0, "fake": false}], [32359, {"py/object": "odf.components.Status", "address": 3, "message_error_bit": "0", "instrumentation_bit": "0", "service_request_bit": "0", "reserved_bits": "000", "brdcst_received_bit": "0", "busy_bit": "0", "subsystem_flag_bit": "0", "dynamic_bus_control_accpt_bit": "0", "terminal_flag_bit": "1", "parity_bit": "1", "fake": false}], [32432, {"py/object": "odf.components.Data", "data": {"py/b64": "Z7o="}, "fake": false}], [32501, {"py/object": "odf.components.Data", "data": {"py/b64": "a0M="}, "fake": false}], [32573, {"py/object": "odf.components.Data", "data": {"py/b64": "VEk="}, "fake": false}], [32646, {"py/object": "odf.components.Data", "data": {"py/b64": "lUQ="}, "fake": false}], [32719, {"py/object": "odf.components.Data", "data": {"py/b64": "6so="}, "fake": false}], [32793, {"py/object": "odf.components.Data", "data": {"py/b64": "3EM="}, "fake": false}], [32864, {"py/object": "odf.components.Data", "data": {"py/b64": "t6g="}, "fake": false}], [32934, {"py/object": "odf.components.Data", "data": {"py/b64": "hEM="}, "fake": false}], [33007, {"py/object": "odf.components.Data", "data": {"py/b64": "bs0="}, "fake": false}], [33079, {"py/object": "odf.components.Data", "data": {"py/b64": "i0A="}, "fake": false}], [33151, {"py/object": "odf.components.Data", "data": {"py/b64": "Bs8="}, "fake": false}], [33224, {"py/object": "odf.components.Data", "data": {"py/b64": "i0A="}, "fake": false}], [33296, {"py/object": "odf.components.Data", "data": {"py/b64": "9OA="}, "fake": false}], [33368, {"py/object": "odf.components.Data", "data": {"py/b64": "QkA="}, "fake": false}], [33441, {"py/object": "odf.components.Data", "data": {"py/b64": "Osk="}, "fake": false}], [33512, {"py/object": "odf.components.Data", "data": {"py/b64": "1UM="}, "fake": false}], [33584, {"py/object": "odf.components.Data", "data": {"py/b64": "tww="}, "fake": false}], [33663, {"py/object": "odf.components.Data", "data": {"py/b64": "OkQ="}, "fake": false}], [35725, {"py/object": "odf.components.Status", "address": 4, "message_error_bit": "0", "instrumentation_bit": "0", "service_request_bit": "0", "reserved_bits": "000", "brdcst_received_bit": "0", "busy_bit": "0", "subsystem_flag_bit": "0", "dynamic_bus_control_accpt_bit": "0", "terminal_flag_bit": "1", "parity_bit": "1", "fake": false}], [35820, {"py/object": "odf.components.Command", "address": 6, "tr": 0, "sub_address": 2, "dword_count": 28, "parity": 0, "fake": false}], [35838, {"py/object": "odf.components.Command", "address": 5, "tr": 1, "sub_address": 2, "dword_count": 28, "parity": 0, "fake": false}], [37906, {"py/object": "odf.components.Status", "address": 5, "message_error_bit": "0", "instrumentation_bit": "0", "service_request_bit": "0", "reserved_bits": "000", "brdcst_received_bit": "0", "busy_bit": "0", "subsystem_flag_bit": "0", "dynamic_bus_control_accpt_bit": "0", "terminal_flag_bit": "1", "parity_bit": "1", "fake": false}], [37978, {"py/object": "odf.components.Data", "data": {"py/b64": "AdU="}, "fake": false}], [38050, {"py/object": "odf.components.Data", "data": {"py/b64": "dUM="}, "fake": false}], [38124, {"py/object": "odf.components.Data", "data": {"py/b64": "L6s="}, "fake": false}], [38195, {"py/object": "odf.components.Data", "data": {"py/b64": "z0M="}, "fake": false}], [38269, {"py/object": "odf.components.Data", "data": {"py/b64": "ieI="}, "fake": false}], [38326, {"py/object": "odf.components.Data", "data": {"py/b64": "zcM="}, "fake": false}], [38397, {"py/object": "odf.components.Data", "data": {"py/b64": "yLU="}, "fake": false}], [38472, {"py/object": "odf.components.Data", "data": {"py/b64": "ikE="}, "fake": false}], [38543, {"py/object": "odf.components.Data", "data": {"py/b64": "rBY="}, "fake": false}], [38615, {"py/object": "odf.components.Data", "data": {"py/b64": "T8I="}, "fake": false}], [38684, {"py/object": "odf.components.Data", "data": {"py/b64": "bsM="}, "fake": false}], [38757, {"py/object": "odf.components.Data", "data": {"py/b64": "vb8="}, "fake": false}], [38829, {"py/object": "odf.components.Data", "data": {"py/b64": "bEk="}, "fake": false}], [38901, {"py/object": "odf.components.Data", "data": {"py/b64": "hr4="}, "fake": false}], [38975, {"py/object": "odf.components.Data", "data": {"py/b64": "vk8="}, "fake": false}], [39049, {"py/object": "odf.components.Data", "data": {"py/b64": "yD8="}, "fake": false}], [39122, {"py/object": "odf.components.Data", "data": {"py/b64": "9jM="}, "fake": false}], [39194, {"py/object": "odf.components.Data", "data": {"py/b64": "078="}, "fake": false}], [39263, {"py/object": "odf.components.Data", "data": {"py/b64": "B8k="}, "fake": false}], [39337, {"py/object": "odf.components.Data", "data": {"py/b64": "LcE="}, "fake": false}], [39409, {"py/object": "odf.components.Data", "data": {"py/b64": "19k="}, "fake": false}], [39480, {"py/object": "odf.components.Data", "data": {"py/b64": "z0M="}, "fake": false}], [39552, {"py/object": "odf.components.Data", "data": {"py/b64": "slA="}, "fake": false}], [39628, {"py/object": "odf.components.Data", "data": {"py/b64": "Vr8="}, "fake": false}], [39695, {"py/object": "odf.components.Data", "data": {"py/b64": "9Po="}, "fake": false}], [39769, {"py/object": "odf.components.Data", "data": {"py/b64": "nL4="}, "fake": false}], [39841, {"py/object": "odf.components.Data", "data": {"py/b64": "VeY="}, "fake": false}], [39920, {"py/object": "odf.components.Data", "data": {"py/b64": "gD8="}, "fake": false}], [42012, {"py/object": "odf.components.Status", "address": 6, "message_error_bit": "0", "instrumentation_bit": "0", "service_request_bit": "0", "reserved_bits": "000", "brdcst_received_bit": "0", "busy_bit": "0", "subsystem_flag_bit": "0", "dynamic_bus_control_accpt_bit": "0", "terminal_flag_bit": "1", "parity_bit": "1", "fake": false}], [42091, {"py/object": "odf.components.Command", "address": 8, "tr": 0, "sub_address": 2, "dword_count": 8, "parity": 0, "fake": false}], [42099, {"py/object": "odf.components.Command", "address": 7, "tr": 1, "sub_address": 2, "dword_count": 8, "parity": 0, "fake": false}], [44169, {"py/object": "odf.components.Status", "address": 7, "message_error_bit": "0", "instrumentation_bit": "0", "service_request_bit": "0", "reserved_bits": "000", "brdcst_received_bit": "0", "busy_bit": "0", "subsystem_flag_bit": "0", "dynamic_bus_control_accpt_bit": "0", "terminal_flag_bit": "1", "parity_bit": "1", "fake": false}], [44239, {"py/object": "odf.components.Data", "data": {"py/b64": "fiU="}, "fake": false}], [44312, {"py/object": "odf.components.Data", "data": {"py/b64": "h70="}, "fake": false}], [44385, {"py/object": "odf.components.Data", "data": {"py/b64": "x4U="}, "fake": false}], [44458, {"py/object": "odf.components.Data", "data": {"py/b64": "jbs="}, "fake": false}], [44521, {"py/object": "odf.components.Data", "data": {"py/b64": "DeA="}, "fake": false}], [44594, {"py/object": "odf.components.Data", "data": {"py/b64": "0Tw="}, "fake": false}], [44668, {"py/object": "odf.components.Data", "data": {"py/b64": "ZDQ="}, "fake": false}], [44744, {"py/object": "odf.components.Data", "data": {"py/b64": "Vbo="}, "fake": false}], [46868, {"py/object": "odf.components.Status", "address": 8, "message_error_bit": "0", "instrumentation_bit": "0", "service_request_bit": "0", "reserved_bits": "000", "brdcst_received_bit": "0", "busy_bit": "0", "subsystem_flag_bit": "0", "dynamic_bus_control_accpt_bit": "0", "terminal_flag_bit": "1", "parity_bit": "1", "fake": false}], [46934, {"py/object": "odf.components.Command", "address": 10, "tr": 0, "sub_address": 2, "dword_count": 12, "parity": 0, "fake": false}], [46947, {"py/object": "odf.components.Command", "address": 9, "tr": 1, "sub_address": 2, "dword_count": 12, "parity": 0, "fake": false}], [49014, {"py/object": "odf.components.Status", "address": 9, "message_error_bit": "0", "instrumentation_bit": "0", "service_request_bit": "0", "reserved_bits": "000", "brdcst_received_bit": "0", "busy_bit": "0", "subsystem_flag_bit": "0", "dynamic_bus_control_accpt_bit": "0", "terminal_flag_bit": "1", "parity_bit": "1", "fake": false}], [49085, {"py/object": "odf.components.Data", "data": {"py/b64": "T70="}, "fake": false}], [49159, {"py/object": "odf.components.Data", "data": {"py/b64": "B0I="}, "fake": false}], [49233, {"py/object": "odf.components.Data", "data": {"py/b64": "Sds="}, "fake": false}], [49308, {"py/object": "odf.components.Data", "data": {"py/b64": "7MI="}, "fake": false}], [49379, {"py/object": "odf.components.Data", "data": {"py/b64": "m+o="}, "fake": false}], [49453, {"py/object": "odf.components.Data", "data": {"py/b64": "aEM="}, "fake": false}], [49526, {"py/object": "odf.components.Data", "data": {"py/b64": "Sr0="}, "fake": false}], [49598, {"py/object": "odf.components.Data", "data": {"py/b64": "B0I="}, "fake": false}], [49673, {"py/object": "odf.components.Data", "data": {"py/b64": "Yts="}, "fake": false}], [49744, {"py/object": "odf.components.Data", "data": {"py/b64": "7MI="}, "fake": false}], [49817, {"py/object": "odf.components.Data", "data": {"py/b64": "Ugk="}, "fake": false}], [49893, {"py/object": "odf.components.Data", "data": {"py/b64": "QEQ="}, "fake": false}], [51991, {"py/object": "odf.components.Status", "address": 10, "message_error_bit": "0", "instrumentation_bit": "0", "service_request_bit": "0", "reserved_bits": "000", "brdcst_received_bit": "0", "busy_bit": "0", "subsystem_flag_bit": "0", "dynamic_bus_control_accpt_bit": "0", "terminal_flag_bit": "1", "parity_bit": "1", "fake": false}], [52081, {"py/object": "odf.components.Command", "address": 12, "tr": 0, "sub_address": 2, "dword_count": 16, "parity": 0, "fake": false}], [52098, {"py/object": "odf.components.Command", "address": 11, "tr": 1, "sub_address": 2, "dword_count": 16, "parity": 0, "fake": false}], [54163, {"py/object": "odf.components.Status", "address": 11, "message_error_bit": "0", "instrumentation_bit": "0", "service_request_bit": "0", "reserved_bits": "000", "brdcst_received_bit": "0", "busy_bit": "0", "subsystem_flag_bit": "0", "dynamic_bus_control_accpt_bit": "0", "terminal_flag_bit": "1", "parity_bit": "1", "fake": false}], [54235, {"py/object": "odf.components.Data", "data": {"py/b64": "i5E="}, "fake": false}], [54309, {"py/object": "odf.components.Data", "data": {"py/b64": "Fzs="}, "fake": false}], [54382, {"py/object": "odf.components.Data", "data": {"py/b64": "AIU="}, "fake": false}], [54456, {"py/object": "odf.components.Data", "data": {"py/b64": "UkE="}, "fake": false}], [54529, {"py/object": "odf.components.Data", "data": {"py/b64": "UW8="}, "fake": false}], [54599, {"py/object": "odf.components.Data", "data": {"py/b64": "50E="}, "fake": false}], [54671, {"py/object": "odf.components.Data", "data": {"py/b64": "7gw="}, "fake": false}], [54738, {"py/object": "odf.components.Data", "data": {"py/b64": "t0A="}, "fake": false}], [54812, {"py/object": "odf.components.Data", "data": {"py/b64": "kE0="}, "fake": false}], [54881, {"py/object": "odf.components.Data", "data": {"py/b64": "PEA="}, "fake": false}], [54953, {"py/object": "odf.components.Data", "data": {"py/b64": "ksE="}, "fake": false}], [55024, {"py/object": "odf.components.Data", "data": {"py/b64": "6T0="}, "fake": false}], [55097, {"py/object": "odf.components.Data", "data": {"py/b64": "XXo="}, "fake": false}], [55168, {"py/object": "odf.components.Data", "data": {"py/b64": "ZD4="}, "fake": false}], [55242, {"py/object": "odf.components.Data", "data": {"py/b64": "Ykg="}, "fake": false}], [55315, {"py/object": "odf.components.Data", "data": {"py/b64": "q0E="}, "fake": false}], [57434, {"py/object": "odf.components.Status", "address": 12, "message_error_bit": "0", "instrumentation_bit": "0", "service_request_bit": "0", "reserved_bits": "000", "brdcst_received_bit": "0", "busy_bit": "0", "subsystem_flag_bit": "0", "dynamic_bus_control_accpt_bit": "0", "terminal_flag_bit": "1", "parity_bit": "1", "fake": false}], [57570, {"py/object": "odf.components.Command", "address": 1, "tr": 0, "sub_address": 2, "dword_count": 4, "parity": 0, "fake": false}], [57649, {"py/object": "odf.components.Data", "data": {"py/b64": "AAA="}, "fake": false}], [57662, {"py/object": "odf.components.Data", "data": {"py/b64": "AAA="}, "fake": false}], [57674, {"py/object": "odf.components.Data", "data": {"py/b64": "AAA="}, "fake": false}], [57687, {"py/object": "odf.components.Data", "data": {"py/b64": "AAA="}, "fake": false}], [59718, {"py/object": "odf.components.Status", "address": 1, "message_error_bit": "0", "instrumentation_bit": "0", "service_request_bit": "0", "reserved_bits": "000", "brdcst_received_bit": "0", "busy_bit": "0", "subsystem_flag_bit": "0", "dynamic_bus_control_accpt_bit": "0", "terminal_flag_bit": "1", "parity_bit": "1", "fake": false}], [59881, {"py/object": "odf.components.Command", "address": 31, "tr": 0, "sub_address": 2, "dword_count": 1, "parity": 0, "fake": false}], [59988, {"py/object": "odf.components.Data", "data": {"py/b64": "//8="}, "fake": false}], [60007, {"py/object": "odf.components.Command", "address": 4, "tr": 0, "sub_address": 2, "dword_count": 18, "parity": 0, "fake": false}], [60019, {"py/object": "odf.components.Command", "address": 3, "tr": 1, "sub_address": 2, "dword_count": 18, "parity": 0, "fake": false}], [62074, {"py/object": "odf.components.Status", "address": 3, "message_error_bit": "0", "instrumentation_bit": "0", "service_request_bit": "0", "reserved_bits": "000", "brdcst_received_bit": "0", "busy_bit": "0", "subsystem_flag_bit": "0", "dynamic_bus_control_accpt_bit": "0", "terminal_flag_bit": "1", "parity_bit": "1", "fake": false}], [62156, {"py/object": "odf.components.Data", "data": {"py/b64": "kuU="}, "fake": false}], [62232, {"py/object": "odf.components.Data", "data": {"py/b64": "eUM="}, "fake": false}], [62311, {"py/object": "odf.components.Data", "data": {"py/b64": "r2I="}, "fake": false}], [62388, {"py/object": "odf.components.Data", "data": {"py/b64": "AEU="}, "fake": false}], [62470, {"py/object": "odf.components.Data", "data": {"py/b64": "rWM="}, "fake": false}], [62550, {"py/object": "odf.components.Data", "data": {"py/b64": "kEQ="}, "fake": false}], [62630, {"py/object": "odf.components.Data", "data": {"py/b64": "DzY="}, "fake": false}], [62707, {"py/object": "odf.components.Data", "data": {"py/b64": "WkM="}, "fake": false}], [62790, {"py/object": "odf.components.Data", "data": {"py/b64": "D1o="}, "fake": false}], [62869, {"py/object": "odf.components.Data", "data": {"py/b64": "gUA="}, "fake": false}], [62949, {"py/object": "odf.components.Data", "data": {"py/b64": "nk0="}, "fake": false}], [63027, {"py/object": "odf.components.Data", "data": {"py/b64": "gUA="}, "fake": false}], [63104, {"py/object": "odf.components.Data", "data": {"py/b64": "rfk="}, "fake": false}], [63182, {"py/object": "odf.components.Data", "data": {"py/b64": "QkA="}, "fake": false}], [63260, {"py/object": "odf.components.Data", "data": {"py/b64": "Kk4="}, "fake": false}], [63337, {"py/object": "odf.components.Data", "data": {"py/b64": "1UM="}, "fake": false}], [63414, {"py/object": "odf.components.Data", "data": {"py/b64": "tww="}, "fake": false}], [63500, {"py/object": "odf.components.Data", "data": {"py/b64": "OkQ="}, "fake": false}], [65563, {"py/object": "odf.components.Status", "address": 4, "message_error_bit": "0", "instrumentation_bit": "0", "service_request_bit": "0", "reserved_bits": "000", "brdcst_received_bit": "0", "busy_bit": "0", "subsystem_flag_bit": "0", "dynamic_bus_control_accpt_bit": "0", "terminal_flag_bit": "1", "parity_bit": "1", "fake": false}], [65660, {"py/object": "odf.components.Command", "address": 6, "tr": 0, "sub_address": 2, "dword_count": 28, "parity": 0, "fake": false}], [65674, {"py/object": "odf.components.Command", "address": 5, "tr": 1, "sub_address": 2, "dword_count": 28, "parity": 0, "fake": false}], [67743, {"py/object": "odf.components.Status", "address": 5, "message_error_bit": "0", "instrumentation_bit": "0", "service_request_bit": "0", "reserved_bits": "000", "brdcst_received_bit": "0", "busy_bit": "0", "subsystem_flag_bit": "0", "dynamic_bus_control_accpt_bit": "0", "terminal_flag_bit": "1", "parity_bit": "1", "fake": false}], [67822, {"py/object": "odf.components.Data", "data": {"py/b64": "Ey4="}, "fake": false}], [67904, {"py/object": "odf.components.Data", "data": {"py/b64": "dkM="}, "fake": false}], [67982, {"py/object": "odf.components.Data", "data": {"py/b64": "sXc="}, "fake": false}], [68065, {"py/object": "odf.components.Data", "data": {"py/b64": "0EM="}, "fake": false}], [68144, {"py/object": "odf.components.Data", "data": {"py/b64": "xLw="}, "fake": false}], [68223, {"py/object": "odf.components.Data", "data": {"py/b64": "ocM="}, "fake": false}], [68302, {"py/object": "odf.components.Data", "data": {"py/b64": "s28="}, "fake": false}], [68386, {"py/object": "odf.components.Data", "data": {"py/b64": "CUI="}, "fake": false}], [68446, {"py/object": "odf.components.Data", "data": {"py/b64": "LeI="}, "fake": false}], [68522, {"py/object": "odf.components.Data", "data": {"py/b64": "gsM="}, "fake": false}], [68588, {"py/object": "odf.components.Data", "data": {"py/b64": "Idw="}, "fake": false}], [68668, {"py/object": "odf.components.Data", "data": {"py/b64": "EEE="}, "fake": false}], [68728, {"py/object": "odf.components.Data", "data": {"py/b64": "DDE="}, "fake": false}], [68801, {"py/object": "odf.components.Data", "data": {"py/b64": "tb8="}, "fake": false}], [68881, {"py/object": "odf.components.Data", "data": {"py/b64": "TDM="}, "fake": false}], [68959, {"py/object": "odf.components.Data", "data": {"py/b64": "P8E="}, "fake": false}], [69041, {"py/object": "odf.components.Data", "data": {"py/b64": "BHI="}, "fake": false}], [69124, {"py/object": "odf.components.Data", "data": {"py/b64": "o8A="}, "fake": false}], [69189, {"py/object": "odf.components.Data", "data": {"py/b64": "7ec="}, "fake": false}], [69267, {"py/object": "odf.components.Data", "data": {"py/b64": "CcE="}, "fake": false}], [69347, {"py/object": "odf.components.Data", "data": {"py/b64": "4XY="}, "fake": false}], [69425, {"py/object": "odf.components.Data", "data": {"py/b64": "0EM="}, "fake": false}], [69501, {"py/object": "odf.components.Data", "data": {"py/b64": "FBA="}, "fake": false}], [69580, {"py/object": "odf.components.Data", "data": {"py/b64": "YcE="}, "fake": false}], [69658, {"py/object": "odf.components.Data", "data": {"py/b64": "AfI="}, "fake": false}], [69735, {"py/object": "odf.components.Data", "data": {"py/b64": "uEA="}, "fake": false}], [69815, {"py/object": "odf.components.Data", "data": {"py/b64": "v9Y="}, "fake": false}], [69905, {"py/object": "odf.components.Data", "data": {"py/b64": "oz4="}, "fake": false}], [72009, {"py/object": "odf.components.Status", "address": 6, "message_error_bit": "0", "instrumentation_bit": "0", "service_request_bit": "0", "reserved_bits": "000", "brdcst_received_bit": "0", "busy_bit": "0", "subsystem_flag_bit": "0", "dynamic_bus_control_accpt_bit": "0", "terminal_flag_bit": "1", "parity_bit": "1", "fake": false}], [72089, {"py/object": "odf.components.Command", "address": 8, "tr": 0, "sub_address": 2, "dword_count": 8, "parity": 0, "fake": false}], [72103, {"py/object": "odf.components.Command", "address": 7, "tr": 1, "sub_address": 2, "dword_count": 8, "parity": 0, "fake": false}], [74153, {"py/object": "odf.components.Status", "address": 7, "message_error_bit": "0", "instrumentation_bit": "0", "service_request_bit": "0", "reserved_bits": "000", "brdcst_received_bit": "0", "busy_bit": "0", "subsystem_flag_bit": "0", "dynamic_bus_control_accpt_bit": "0", "terminal_flag_bit": "1", "parity_bit": "1", "fake": false}], [74227, {"py/object": "odf.components.Data", "data": {"py/b64": "BwQ="}, "fake": false}], [74305, {"py/object": "odf.components.Data", "data": {"py/b64": "2L0="}, "fake": false}], [74387, {"py/object": "odf.components.Data", "data": {"py/b64": "/3Q="}, "fake": false}], [74468, {"py/object": "odf.components.Data", "data": {"py/b64": "5z4="}, "fake": false}], [74547, {"py/object": "odf.components.Data", "data": {"py/b64": "khE="}, "fake": false}], [74625, {"py/object": "odf.components.Data", "data": {"py/b64": "5zw="}, "fake": false}], [74705, {"py/object": "odf.components.Data", "data": {"py/b64": "CvU="}, "fake": false}], [74786, {"py/object": "odf.components.Data", "data": {"py/b64": "1bk="}, "fake": false}], [76892, {"py/object": "odf.components.Status", "address": 8, "message_error_bit": "0", "instrumentation_bit": "0", "service_request_bit": "0", "reserved_bits": "000", "brdcst_received_bit": "0", "busy_bit": "0", "subsystem_flag_bit": "0", "dynamic_bus_control_accpt_bit": "0", "terminal_flag_bit": "1", "parity_bit": "1", "fake": false}], [76989, {"py/object": "odf.components.Command", "address": 10, "tr": 0, "sub_address": 2, "dword_count": 12, "parity": 0, "fake": false}], [77014, {"py/object": "odf.components.Command", "address": 9, "tr": 1, "sub_address": 2, "dword_count": 12, "parity": 0, "fake": false}], [77094, {"py/object": "odf.components.Command", "address": 9, "tr": 0, "sub_address": 1, "dword_count": 31, "parity": 0, "fake": true}], [87516, {"py/object": "odf.components.Command", "address": 12, "tr": 0, "sub_address": 2, "dword_count": 16, "parity": 0, "fake": false}], [87532, {"py/object": "odf.components.Command", "address": 11, "tr": 1, "sub_address": 2, "dword_count": 16, "parity": 0, "fake": false}], [89605, {"py/object": "odf.components.Status", "address": 11, "message_error_bit": "0", "instrumentation_bit": "0", "service_request_bit": "0", "reserved_bits": "000", "brdcst_received_bit": "0", "busy_bit": "0", "subsystem_flag_bit": "0", "dynamic_bus_control_accpt_bit": "0", "terminal_flag_bit": "1", "parity_bit": "1", "fake": false}], [89687, {"py/object": "odf.components.Data", "data": {"py/b64": "2kg="}, "fake": false}], [89763, {"py/object": "odf.components.Data", "data": {"py/b64": "Ejs="}, "fake": false}], [89846, {"py/object": "odf.components.Data", "data": {"py/b64": "AHs="}, "fake": false}], [89926, {"py/object": "odf.components.Data", "data": {"py/b64": "LEE="}, "fake": false}], [90007, {"py/object": "odf.components.Data", "data": {"py/b64": "WW0="}, "fake": false}], [90088, {"py/object": "odf.components.Data", "data": {"py/b64": "3UE="}, "fake": false}], [90170, {"py/object": "odf.components.Data", "data": {"py/b64": "bAk="}, "fake": false}], [90235, {"py/object": "odf.components.Data", "data": {"py/b64": "n0A="}, "fake": false}], [90317, {"py/object": "odf.components.Data", "data": {"py/b64": "2LQ="}, "fake": false}], [90396, {"py/object": "odf.components.Data", "data": {"py/b64": "JUA="}, "fake": false}], [90478, {"py/object": "odf.components.Data", "data": {"py/b64": "PtM="}, "fake": false}], [90564, {"py/object": "odf.components.Data", "data": {"py/b64": "WD0="}, "fake": false}], [90645, {"py/object": "odf.components.Data", "data": {"py/b64": "01I="}, "fake": false}], [90725, {"py/object": "odf.components.Data", "data": {"py/b64": "Yb0="}, "fake": false}], [90807, {"py/object": "odf.components.Data", "data": {"py/b64": "VBU="}, "fake": false}], [90889, {"py/object": "odf.components.Data", "data": {"py/b64": "mkE="}, "fake": false}], [92690, {"py/object": "odf.components.Status", "address": 10, "message_error_bit": "0", "instrumentation_bit": "0", "service_request_bit": "0", "reserved_bits": "000", "brdcst_received_bit": "0", "busy_bit": "0", "subsystem_flag_bit": "0", "dynamic_bus_control_accpt_bit": "0", "terminal_flag_bit": "1", "parity_bit": "1", "fake": false}], [92865, {"py/object": "odf.components.Command", "address": 1, "tr": 0, "sub_address": 2, "dword_count": 4, "parity": 0, "fake": false}], [92941, {"py/object": "odf.components.Data", "data": {"py/b64": "AAA="}, "fake": false}], [92988, {"py/object": "odf.components.Data", "data": {"py/b64": "AAA="}, "fake": false}], [93146, {"py/object": "odf.components.Data", "data": {"py/b64": "AAA="}, "fake": false}], [93308, {"py/object": "odf.components.Data", "data": {"py/b64": "gD8="}, "fake": false}], [93353, {"py/object": "odf.components.Status", "address": 12, "message_error_bit": "0", "instrumentation_bit": "0", "service_request_bit": "0", "reserved_bits": "000", "brdcst_received_bit": "0", "busy_bit": "0", "subsystem_flag_bit": "0", "dynamic_bus_control_accpt_bit": "0", "terminal_flag_bit": "1", "parity_bit": "1", "fake": false}], [93365, {"py/object": "odf.components.Command", "address": 31, "tr": 0, "sub_address": 2, "dword_count": 1, "parity": 0, "fake": false}], [93378, {"py/object": "odf.components.Data", "data": {"py/b64": "//8="}, "fake": false}], [93391, {"py/object": "odf.components.Command", "address": 4, "tr": 0, "sub_address": 2, "dword_count": 18, "parity": 0, "fake": false}], [93405, {"py/object": "odf.components.Command", "address": 3, "tr": 1, "sub_address": 2, "dword_count": 18, "parity": 0, "fake": false}], [94974, {"py/object": "odf.components.Status", "address": 1, "message_error_bit": "0", "instrumentation_bit": "0", "service_request_bit": "0", "reserved_bits": "000", "brdcst_received_bit": "0", "busy_bit": "0", "subsystem_flag_bit": "0", "dynamic_bus_control_accpt_bit": "0", "terminal_flag_bit": "1", "parity_bit": "1", "fake": false}], [95490, {"py/object": "odf.components.Status", "address": 3, "message_error_bit": "0", "instrumentation_bit": "0", "service_request_bit": "0", "reserved_bits": "000", "brdcst_received_bit": "0", "busy_bit": "0", "subsystem_flag_bit": "0", "dynamic_bus_control_accpt_bit": "0", "terminal_flag_bit": "1", "parity_bit": "1", "fake": false}], [95573, {"py/object": "odf.components.Command", "address": 6, "tr": 0, "sub_address": 2, "dword_count": 28, "parity": 0, "fake": false}], [95622, {"py/object": "odf.components.Command", "address": 5, "tr": 1, "sub_address": 2, "dword_count": 28, "parity": 0, "fake": false}], [95662, {"py/object": "odf.components.Data", "data": {"py/b64": "vN0="}, "fake": false}], [95736, {"py/object": "odf.components.Data", "data": {"py/b64": "eUM="}, "fake": false}], [95817, {"py/object": "odf.components.Data", "data": {"py/b64": "FUE="}, "fake": false}], [95898, {"py/object": "odf.components.Data", "data": {"py/b64": "/0Q="}, "fake": false}], [95964, {"py/object": "odf.components.Data", "data": {"py/b64": "Nsw="}, "fake": false}], [96043, {"py/object": "odf.components.Data", "data": {"py/b64": "D0U="}, "fake": false}], [96126, {"py/object": "odf.components.Data", "data": {"py/b64": "ZTE="}, "fake": false}], [96204, {"py/object": "odf.components.Data", "data": {"py/b64": "A0M="}, "fake": false}], [96286, {"py/object": "odf.components.Data", "data": {"py/b64": "lg4="}, "fake": false}], [96367, {"py/object": "odf.components.Data", "data": {"py/b64": "NUA="}, "fake": false}], [96444, {"py/object": "odf.components.Data", "data": {"py/b64": "1/w="}, "fake": false}], [96524, {"py/object": "odf.components.Data", "data": {"py/b64": "NEA="}, "fake": false}], [96606, {"py/object": "odf.components.Data", "data": {"py/b64": "Fps="}, "fake": false}], [96688, {"py/object": "odf.components.Data", "data": {"py/b64": "QkA="}, "fake": false}], [96771, {"py/object": "odf.components.Data", "data": {"py/b64": "o8E="}, "fake": false}], [96854, {"py/object": "odf.components.Data", "data": {"py/b64": "1EM="}, "fake": false}], [96934, {"py/object": "odf.components.Data", "data": {"py/b64": "tww="}, "fake": false}], [97021, {"py/object": "odf.components.Data", "data": {"py/b64": "OkQ="}, "fake": false}], [97655, {"py/object": "odf.components.Status", "address": 5, "message_error_bit": "0", "instrumentation_bit": "0", "service_request_bit": "0", "reserved_bits": "000", "brdcst_received_bit": "0", "busy_bit": "0", "subsystem_flag_bit": "0", "dynamic_bus_control_accpt_bit": "0", "terminal_flag_bit": "1", "parity_bit": "1", "fake": false}], [97733, {"py/object": "odf.components.Data", "data": {"py/b64": "uW0="}, "fake": false}], [97813, {"py/object": "odf.components.Data", "data": {"py/b64": "fkM="}, "fake": false}], [97890, {"py/object": "odf.components.Data", "data": {"py/b64": "lWY="}, "fake": false}], [97971, {"py/object": "odf.components.Data", "data": {"py/b64": "10M="}, "fake": false}], [98044, {"py/object": "odf.components.Data", "data": {"py/b64": "/mo="}, "fake": false}], [98122, {"py/object": "odf.components.Data", "data": {"py/b64": "lUI="}, "fake": false}], [98201, {"py/object": "odf.components.Data", "data": {"py/b64": "YCI="}, "fake": false}], [98278, {"py/object": "odf.components.Data", "data": {"py/b64": "CUI="}, "fake": false}], [98357, {"py/object": "odf.components.Data", "data": {"py/b64": "bWE="}, "fake": false}], [98435, {"py/object": "odf.components.Data", "data": {"py/b64": "08M="}, "fake": false}], [98513, {"py/object": "odf.components.Data", "data": {"py/b64": "llI="}, "fake": false}], [98590, {"py/object": "odf.components.Data", "data": {"py/b64": "bUE="}, "fake": false}], [98672, {"py/object": "odf.components.Data", "data": {"py/b64": "W9I="}, "fake": false}], [98750, {"py/object": "odf.components.Data", "data": {"py/b64": "xD4="}, "fake": false}], [98827, {"py/object": "odf.components.Data", "data": {"py/b64": "2jM="}, "fake": false}], [98905, {"py/object": "odf.components.Data", "data": {"py/b64": "D0A="}, "fake": false}], [98983, {"py/object": "odf.components.Data", "data": {"py/b64": "kE0="}, "fake": false}], [99173, {"py/object": "odf.components.Data", "data": {"py/b64": "7cA="}, "fake": false}], [99265, {"py/object": "odf.components.Status", "address": 4, "message_error_bit": "0", "instrumentation_bit": "0", "service_request_bit": "0", "reserved_bits": "000", "brdcst_received_bit": "0", "busy_bit": "0", "subsystem_flag_bit": "0", "dynamic_bus_control_accpt_bit": "0", "terminal_flag_bit": "1", "parity_bit": "1", "fake": false}], [99306, {"py/object": "odf.components.Command", "address": 8, "tr": 0, "sub_address": 2, "dword_count": 8, "parity": 0, "fake": false}], [99354, {"py/object": "odf.components.Command", "address": 7, "tr": 1, "sub_address": 2, "dword_count": 8, "parity": 0, "fake": false}], [99377, {"py/object": "odf.components.Data", "data": {"py/b64": "rDs="}, "fake": false}], [99439, {"py/object": "odf.components.Data", "data": {"py/b64": "BME="}, "fake": false}], [99517, {"py/object": "odf.components.Data", "data": {"py/b64": "12c="}, "fake": false}], [99597, {"py/object": "odf.components.Data", "data": {"py/b64": "10M="}, "fake": false}], [99677, {"py/object": "odf.components.Data", "data": {"py/b64": "hJg="}, "fake": false}], [99742, {"py/object": "odf.components.Data", "data": {"py/b64": "WcE="}, "fake": false}], [99809, {"py/object": "odf.components.Data", "data": {"py/b64": "BpA="}, "fake": false}], [99888, {"py/object": "odf.components.Data", "data": {"py/b64": "2kA="}, "fake": false}], [99955, {"py/object": "odf.components.Data", "data": {"py/b64": "C0Q="}, "fake": false}], [100034, {"py/object": "odf.components.Data", "data": {"py/b64": "1T4="}, "fake": false}], [100486, {"py/object": "odf.components.Status", "address": 6, "message_error_bit": "0", "instrumentation_bit": "0", "service_request_bit": "0", "reserved_bits": "000", "brdcst_received_bit": "0", "busy_bit": "0", "subsystem_flag_bit": "0", "dynamic_bus_control_accpt_bit": "0", "terminal_flag_bit": "1", "parity_bit": "1", "fake": false}], [101442, {"py/object": "odf.components.Status", "address": 7, "message_error_bit": "0", "instrumentation_bit": "0", "service_request_bit": "0", "reserved_bits": "000", "brdcst_received_bit": "0", "busy_bit": "0", "subsystem_flag_bit": "0", "dynamic_bus_control_accpt_bit": "0", "terminal_flag_bit": "1", "parity_bit": "1", "fake": false}], [101502, {"py/object": "odf.components.Command", "address": 10, "tr": 0, "sub_address": 2, "dword_count": 12, "parity": 0, "fake": false}], [101553, {"py/object": "odf.components.Command", "address": 9, "tr": 1, "sub_address": 2, "dword_count": 12, "parity": 0, "fake": false}], [101588, {"py/object": "odf.components.Data", "data": {"py/b64": "19Q="}, "fake": false}], [101660, {"py/object": "odf.components.Data", "data": {"py/b64": "1b0="}, "fake": false}], [101741, {"py/object": "odf.components.Data", "data": {"py/b64": "CV4="}, "fake": false}], [101820, {"py/object": "odf.components.Data", "data": {"py/b64": "4j4="}, "fake": false}], [101905, {"py/object": "odf.components.Data", "data": {"py/b64": "xIE="}, "fake": false}], [101998, {"py/object": "odf.components.Status", "address": 8, "message_error_bit": "0", "instrumentation_bit": "0", "service_request_bit": "0", "reserved_bits": "000", "brdcst_received_bit": "0", "busy_bit": "0", "subsystem_flag_bit": "0", "dynamic_bus_control_accpt_bit": "0", "terminal_flag_bit": "1", "parity_bit": "1", "fake": false}], [102064, {"py/object": "odf.components.Data", "data": {"py/b64": "5Dw="}, "fake": false}], [102140, {"py/object": "odf.components.Data", "data": {"py/b64": "AdE="}, "fake": false}], [102221, {"py/object": "odf.components.Data", "data": {"py/b64": "Yjk="}, "fake": false}], [103631, {"py/object": "odf.components.Status", "address": 9, "message_error_bit": "0", "instrumentation_bit": "0", "service_request_bit": "0", "reserved_bits": "000", "brdcst_received_bit": "0", "busy_bit": "0", "subsystem_flag_bit": "0", "dynamic_bus_control_accpt_bit": "0", "terminal_flag_bit": "1", "parity_bit": "1", "fake": false}], [103725, {"py/object": "odf.components.Command", "address": 12, "tr": 0, "sub_address": 2, "dword_count": 16, "parity": 0, "fake": false}], [103776, {"py/object": "odf.components.Command", "address": 11, "tr": 1, "sub_address": 2, "dword_count": 16, "parity": 0, "fake": false}], [103816, {"py/object": "odf.components.Data", "data": {"py/b64": "WI8="}, "fake": false}], [103890, {"py/object": "odf.components.Data", "data": {"py/b64": "B0I="}, "fake": false}], [103969, {"py/object": "odf.components.Data", "data": {"py/b64": "bOw="}, "fake": false}], [104056, {"py/object": "odf.components.Data", "data": {"py/b64": "7MI="}, "fake": false}], [104137, {"py/object": "odf.components.Data", "data": {"py/b64": "oLs="}, "fake": false}], [104268, {"py/object": "odf.components.Data", "data": {"py/b64": "RkQ="}, "fake": false}], [104289, {"py/object": "odf.components.Data", "data": {"py/b64": "MY8="}, "fake": false}], [104358, {"py/object": "odf.components.Data", "data": {"py/b64": "B0I="}, "fake": false}], [104427, {"py/object": "odf.components.Data", "data": {"py/b64": "ZOw="}, "fake": false}], [104499, {"py/object": "odf.components.Data", "data": {"py/b64": "7MI="}, "fake": false}], [104570, {"py/object": "odf.components.Data", "data": {"py/b64": "CzM="}, "fake": false}], [104651, {"py/object": "odf.components.Data", "data": {"py/b64": "I0U="}, "fake": false}], [105810, {"py/object": "odf.components.Status", "address": 11, "message_error_bit": "0", "instrumentation_bit": "0", "service_request_bit": "0", "reserved_bits": "000", "brdcst_received_bit": "0", "busy_bit": "0", "subsystem_flag_bit": "0", "dynamic_bus_control_accpt_bit": "0", "terminal_flag_bit": "1", "parity_bit": "1", "fake": false}], [105888, {"py/object": "odf.components.Data", "data": {"py/b64": "1eA="}, "fake": false}], [105971, {"py/object": "odf.components.Data", "data": {"py/b64": "Dzs="}, "fake": false}], [106053, {"py/object": "odf.components.Data", "data": {"py/b64": "AM8="}, "fake": false}], [106203, {"py/object": "odf.components.Status", "address": 10, "message_error_bit": "0", "instrumentation_bit": "0", "service_request_bit": "0", "reserved_bits": "000", "brdcst_received_bit": "0", "busy_bit": "0", "subsystem_flag_bit": "0", "dynamic_bus_control_accpt_bit": "0", "terminal_flag_bit": "1", "parity_bit": "1", "fake": false}], [106417, {"py/object": "odf.components.Data", "data": {"py/b64": "GkE="}, "fake": false}], [106536, {"py/object": "odf.components.Command", "address": 1, "tr": 0, "sub_address": 2, "dword_count": 4, "parity": 0, "fake": false}], [106610, {"py/object": "odf.components.Data", "data": {"py/b64": "AAA="}, "fake": false}], [106634, {"py/object": "odf.components.Data", "data": {"py/b64": "AAA="}, "fake": false}], [106664, {"py/object": "odf.components.Data", "data": {"py/b64": "AAA="}, "fake": false}], [106721, {"py/object": "odf.components.Data", "data": {"py/b64": "gD8="}, "fake": false}], [106742, {"py/object": "odf.components.Data", "data": {"py/b64": "Yus="}, "fake": false}], [106799, {"py/object": "odf.components.Data", "data": {"py/b64": "2EE="}, "fake": false}], [106815, {"py/object": "odf.components.Data", "data": {"py/b64": "Fx8="}, "fake": false}], [106879, {"py/object": "odf.components.Data", "data": {"py/b64": "nUA="}, "fake": false}], [106956, {"py/object": "odf.components.Data", "data": {"py/b64": "FP8="}, "fake": false}], [107033, {"py/object": "odf.components.Data", "data": {"py/b64": "HkA="}, "fake": false}], [107113, {"py/object": "odf.components.Data", "data": {"py/b64": "KVY="}, "fake": false}], [107193, {"py/object": "odf.components.Data", "data": {"py/b64": "wj0="}, "fake": false}], [107274, {"py/object": "odf.components.Data", "data": {"py/b64": "V38="}, "fake": false}], [107353, {"py/object": "odf.components.Data", "data": {"py/b64": "Fr0="}, "fake": false}], [107423, {"py/object": "odf.components.Data", "data": {"py/b64": "tBw="}, "fake": false}], [107482, {"py/object": "odf.components.Data", "data": {"py/b64": "kkE="}, "fake": false}], [108406, {"py/object": "odf.components.Status", "address": 12, "message_error_bit": "0", "instrumentation_bit": "0", "service_request_bit": "0", "reserved_bits": "000", "brdcst_received_bit": "0", "busy_bit": "0", "subsystem_flag_bit": "0", "dynamic_bus_control_accpt_bit": "0", "terminal_flag_bit": "1", "parity_bit": "1", "fake": false}], [108595, {"py/object": "odf.components.Command", "address": 31, "tr": 0, "sub_address": 2, "dword_count": 1, "parity": 0, "fake": false}], [108673, {"py/object": "odf.components.Data", "data": {"py/b64": "//8="}, "fake": false}], [108736, {"py/object": "odf.components.Command", "address": 4, "tr": 0, "sub_address": 2, "dword_count": 18, "parity": 0, "fake": false}], [108752, {"py/object": "odf.components.Command", "address": 3, "tr": 1, "sub_address": 2, "dword_count": 18, "parity": 0, "fake": false}], [108763, {"py/object": "odf.components.Status", "address": 1, "message_error_bit": "0", "instrumentation_bit": "0", "service_request_bit": "0", "reserved_bits": "000", "brdcst_received_bit": "0", "busy_bit": "0", "subsystem_flag_bit": "0", "dynamic_bus_control_accpt_bit": "0", "terminal_flag_bit": "1", "parity_bit": "1", "fake": false}], [110840, {"py/object": "odf.components.Status", "address": 3, "message_error_bit": "0", "instrumentation_bit": "0", "service_request_bit": "0", "reserved_bits": "000", "brdcst_received_bit": "0", "busy_bit": "0", "subsystem_flag_bit": "0", "dynamic_bus_control_accpt_bit": "0", "terminal_flag_bit": "1", "parity_bit": "1", "fake": false}], [110912, {"py/object": "odf.components.Command", "address": 6, "tr": 0, "sub_address": 2, "dword_count": 28, "parity": 0, "fake": false}], [110967, {"py/object": "odf.components.Command", "address": 5, "tr": 1, "sub_address": 2, "dword_count": 28, "parity": 0, "fake": false}], [110999, {"py/object": "odf.components.Data", "data": {"py/b64": "mZE="}, "fake": false}], [111071, {"py/object": "odf.components.Data", "data": {"py/b64": "eUM="}, "fake": false}], [111154, {"py/object": "odf.components.Data", "data": {"py/b64": "RJ4="}, "fake": false}], [111233, {"py/object": "odf.components.Data", "data": {"py/b64": "AEU="}, "fake": false}], [111315, {"py/object": "odf.components.Data", "data": {"py/b64": "bmA="}, "fake": false}], [111399, {"py/object": "odf.components.Data", "data": {"py/b64": "LkU="}, "fake": false}], [111479, {"py/object": "odf.components.Data", "data": {"py/b64": "iVk="}, "fake": false}], [111563, {"py/object": "odf.components.Data", "data": {"py/b64": "10I="}, "fake": false}], [111644, {"py/object": "odf.components.Data", "data": {"py/b64": "gCU="}, "fake": false}], [111724, {"py/object": "odf.components.Data", "data": {"py/b64": "FUA="}, "fake": false}], [111804, {"py/object": "odf.components.Data", "data": {"py/b64": "yg4="}, "fake": false}], [111886, {"py/object": "odf.components.Data", "data": {"py/b64": "FUA="}, "fake": false}], [111968, {"py/object": "odf.components.Data", "data": {"py/b64": "7dM="}, "fake": false}], [112048, {"py/object": "odf.components.Data", "data": {"py/b64": "QkA="}, "fake": false}], [112128, {"py/object": "odf.components.Data", "data": {"py/b64": "koU="}, "fake": false}], [112211, {"py/object": "odf.components.Data", "data": {"py/b64": "1EM="}, "fake": false}], [112291, {"py/object": "odf.components.Data", "data": {"py/b64": "tww="}, "fake": false}], [112378, {"py/object": "odf.components.Data", "data": {"py/b64": "OkQ="}, "fake": false}], [112992, {"py/object": "odf.components.Status", "address": 5, "message_error_bit": "0", "instrumentation_bit": "0", "service_request_bit": "0", "reserved_bits": "000", "brdcst_received_bit": "0", "busy_bit": "0", "subsystem_flag_bit": "0", "dynamic_bus_control_accpt_bit": "0", "terminal_flag_bit": "1", "parity_bit": "1", "fake": false}], [113071, {"py/object": "odf.components.Data", "data": {"py/b64": "pyI="}, "fake": false}], [113148, {"py/object": "odf.components.Data", "data": {"py/b64": "gUM="}, "fake": false}], [113229, {"py/object": "odf.components.Data", "data": {"py/b64": "BKA="}, "fake": false}], [113306, {"py/object": "odf.components.Data", "data": {"py/b64": "2kM="}, "fake": false}], [113387, {"py/object": "odf.components.Data", "data": {"py/b64": "cfI="}, "fake": false}], [113467, {"py/object": "odf.components.Data", "data": {"py/b64": "hkM="}, "fake": false}], [113547, {"py/object": "odf.components.Data", "data": {"py/b64": "q4M="}, "fake": false}], [113614, {"py/object": "odf.components.Data", "data": {"py/b64": "CEI="}, "fake": false}], [113694, {"py/object": "odf.components.Data", "data": {"py/b64": "2dg="}, "fake": false}], [113781, {"py/object": "odf.components.Data", "data": {"py/b64": "qsM="}, "fake": false}], [113861, {"py/object": "odf.components.Data", "data": {"py/b64": "PKE="}, "fake": false}], [113940, {"py/object": "odf.components.Data", "data": {"py/b64": "QkE="}, "fake": false}], [114019, {"py/object": "odf.components.Data", "data": {"py/b64": "DsA="}, "fake": false}], [114097, {"py/object": "odf.components.Data", "data": {"py/b64": "7j4="}, "fake": false}], [114176, {"py/object": "odf.components.Data", "data": {"py/b64": "KLE="}, "fake": false}], [114255, {"py/object": "odf.components.Data", "data": {"py/b64": "EkE="}, "fake": false}], [114336, {"py/object": "odf.components.Data", "data": {"py/b64": "jTI="}, "fake": false}], [114529, {"py/object": "odf.components.Data", "data": {"py/b64": "wcA="}, "fake": false}], [114627, {"py/object": "odf.components.Status", "address": 4, "message_error_bit": "0", "instrumentation_bit": "0", "service_request_bit": "0", "reserved_bits": "000", "brdcst_received_bit": "0", "busy_bit": "0", "subsystem_flag_bit": "0", "dynamic_bus_control_accpt_bit": "0", "terminal_flag_bit": "1", "parity_bit": "1", "fake": false}], [114688, {"py/object": "odf.components.Command", "address": 8, "tr": 0, "sub_address": 2, "dword_count": 8, "parity": 0, "fake": false}], [114716, {"py/object": "odf.components.Command", "address": 7, "tr": 1, "sub_address": 2, "dword_count": 8, "parity": 0, "fake": false}], [114746, {"py/object": "odf.components.Data", "data": {"py/b64": "X+Y="}, "fake": false}], [114801, {"py/object": "odf.components.Data", "data": {"py/b64": "GcE="}, "fake": false}], [114882, {"py/object": "odf.components.Data", "data": {"py/b64": "550="}, "fake": false}], [114959, {"py/object": "odf.components.Data", "data": {"py/b64": "2kM="}, "fake": false}], [115040, {"py/object": "odf.components.Data", "data": {"py/b64": "Fs4="}, "fake": false}], [115120, {"py/object": "odf.components.Data", "data": {"py/b64": "W8E="}, "fake": false}], [115199, {"py/object": "odf.components.Data", "data": {"py/b64": "mPI="}, "fake": false}], [115285, {"py/object": "odf.components.Data", "data": {"py/b64": "wkA="}, "fake": false}], [115366, {"py/object": "odf.components.Data", "data": {"py/b64": "F10="}, "fake": false}], [115442, {"py/object": "odf.components.Data", "data": {"py/b64": "qT4="}, "fake": false}], [115826, {"py/object": "odf.components.Status", "address": 6, "message_error_bit": "0", "instrumentation_bit": "0", "service_request_bit": "0", "reserved_bits": "000", "brdcst_received_bit": "0", "busy_bit": "0", "subsystem_flag_bit": "0", "dynamic_bus_control_accpt_bit": "0", "terminal_flag_bit": "1", "parity_bit": "1", "fake": false}], [116764, {"py/object": "odf.components.Status", "address": 7, "message_error_bit": "0", "instrumentation_bit": "0", "service_request_bit": "0", "reserved_bits": "000", "brdcst_received_bit": "0", "busy_bit": "0", "subsystem_flag_bit": "0", "dynamic_bus_control_accpt_bit": "0", "terminal_flag_bit": "1", "parity_bit": "1", "fake": false}], [116854, {"py/object": "odf.components.Command", "address": 10, "tr": 0, "sub_address": 2, "dword_count": 12, "parity": 0, "fake": false}], [116897, {"py/object": "odf.components.Command", "address": 9, "tr": 1, "sub_address": 2, "dword_count": 12, "parity": 0, "fake": false}], [116941, {"py/object": "odf.components.Data", "data": {"py/b64": "DvM="}, "fake": false}], [117018, {"py/object": "odf.components.Data", "data": {"py/b64": "070="}, "fake": false}], [117103, {"py/object": "odf.components.Data", "data": {"py/b64": "yWM="}, "fake": false}], [117180, {"py/object": "odf.components.Data", "data": {"py/b64": "4D4="}, "fake": false}], [117262, {"py/object": "odf.components.Data", "data": {"py/b64": "6BU="}, "fake": false}], [117399, {"py/object": "odf.components.Status", "address": 8, "message_error_bit": "0", "instrumentation_bit": "0", "service_request_bit": "0", "reserved_bits": "000", "brdcst_received_bit": "0", "busy_bit": "0", "subsystem_flag_bit": "0", "dynamic_bus_control_accpt_bit": "0", "terminal_flag_bit": "1", "parity_bit": "1", "fake": false}], [117433, {"py/object": "odf.components.Data", "data": {"py/b64": "2Dw="}, "fake": false}], [117488, {"py/object": "odf.components.Data", "data": {"py/b64": "QZI="}, "fake": false}], [117572, {"py/object": "odf.components.Data", "data": {"py/b64": "Xzk="}, "fake": false}], [118987, {"py/object": "odf.components.Status", "address": 9, "message_error_bit": "0", "instrumentation_bit": "0", "service_request_bit": "0", "reserved_bits": "000", "brdcst_received_bit": "0", "busy_bit": "0", "subsystem_flag_bit": "0", "dynamic_bus_control_accpt_bit": "0", "terminal_flag_bit": "1", "parity_bit": "1", "fake": false}], [119084, {"py/object": "odf.components.Command", "address": 12, "tr": 0, "sub_address": 2, "dword_count": 16, "parity": 0, "fake": false}], [119151, {"py/object": "odf.components.Command", "address": 11, "tr": 1, "sub_address": 2, "dword_count": 16, "parity": 0, "fake": false}], [119178, {"py/object": "odf.components.Data", "data": {"py/b64": "MoA="}, "fake": false}], [119249, {"py/object": "odf.components.Data", "data": {"py/b64": "B0I="}, "fake": false}], [119330, {"py/object": "odf.components.Data", "data": {"py/b64": "IOU="}, "fake": false}], [119413, {"py/object": "odf.components.Data", "data": {"py/b64": "7MI="}, "fake": false}], [119494, {"py/object": "odf.components.Data", "data": {"py/b64": "/30="}, "fake": false}], [119576, {"py/object": "odf.components.Data", "data": {"py/b64": "cEQ="}, "fake": false}], [119655, {"py/object": "odf.components.Data", "data": {"py/b64": "IIA="}, "fake": false}], [119734, {"py/object": "odf.components.Data", "data": {"py/b64": "B0I="}, "fake": false}], [119814, {"py/object": "odf.components.Data", "data": {"py/b64": "DeU="}, "fake": false}], [119894, {"py/object": "odf.components.Data", "data": {"py/b64": "7MI="}, "fake": false}], [119974, {"py/object": "odf.components.Data", "data": {"py/b64": "snQ="}, "fake": false}], [120053, {"py/object": "odf.components.Data", "data": {"py/b64": "RUU="}, "fake": false}]], "attack_times": [[77016]], "attack_types": ["Command_Invalidation_Attack"], "attack_outcome": [true]}