{"data": [[382, {"py/object": "odf.components.Command", "address": 31, "tr": 0, "sub_address": 2, "dword_count": 1, "parity": 0, "fake": false}], [475, {"py/object": "odf.components.Data", "data": {"py/b64": "//8="}, "fake": false}], [524, {"py/object": "odf.components.Command", "address": 4, "tr": 0, "sub_address": 2, "dword_count": 18, "parity": 0, "fake": false}], [538, {"py/object": "odf.components.Command", "address": 3, "tr": 1, "sub_address": 2, "dword_count": 18, "parity": 0, "fake": false}], [2606, {"py/object": "odf.components.Status", "address": 3, "message_error_bit": "0", "instrumentation_bit": "0", "service_request_bit": "0", "reserved_bits": "000", "brdcst_received_bit": "0", "busy_bit": "0", "subsystem_flag_bit": "0", "dynamic_bus_control_accpt_bit": "0", "terminal_flag_bit": "1", "parity_bit": "1", "fake": false}], [2674, {"py/object": "odf.components.Data", "data": {"py/b64": "iKs="}, "fake": false}], [2742, {"py/object": "odf.components.Data", "data": {"py/b64": "JUI="}, "fake": false}], [2807, {"py/object": "odf.components.Data", "data": {"py/b64": "yLM="}, "fake": false}], [2879, {"py/object": "odf.components.Data", "data": {"py/b64": "fb0="}, "fake": false}], [2949, {"py/object": "odf.components.Data", "data": {"py/b64": "RYY="}, "fake": false}], [3018, {"py/object": "odf.components.Data", "data": {"py/b64": "7kI="}, "fake": false}], [3086, {"py/object": "odf.components.Data", "data": {"py/b64": "q80="}, "fake": false}], [3157, {"py/object": "odf.components.Data", "data": {"py/b64": "iEM="}, "fake": false}], [3232, {"py/object": "odf.components.Data", "data": {"py/b64": "768="}, "fake": false}], [3299, {"py/object": "odf.components.Data", "data": {"py/b64": "i0A="}, "fake": false}], [3369, {"py/object": "odf.components.Data", "data": {"py/b64": "ALA="}, "fake": false}], [3441, {"py/object": "odf.components.Data", "data": {"py/b64": "i0A="}, "fake": false}], [3509, {"py/object": "odf.components.Data", "data": {"py/b64": "2w8="}, "fake": false}], [3578, {"py/object": "odf.components.Data", "data": {"py/b64": "SUA="}, "fake": false}], [3642, {"py/object": "odf.components.Data", "data": {"py/b64": "pKM="}, "fake": false}], [3711, {"py/object": "odf.components.Data", "data": {"py/b64": "1kM="}, "fake": false}], [3776, {"py/object": "odf.components.Data", "data": {"py/b64": "tww="}, "fake": false}], [3846, {"py/object": "odf.components.Data", "data": {"py/b64": "OkQ="}, "fake": false}], [5908, {"py/object": "odf.components.Status", "address": 4, "message_error_bit": "0", "instrumentation_bit": "0", "service_request_bit": "0", "reserved_bits": "000", "brdcst_received_bit": "0", "busy_bit": "0", "subsystem_flag_bit": "0", "dynamic_bus_control_accpt_bit": "0", "terminal_flag_bit": "1", "parity_bit": "1", "fake": false}], [5980, {"py/object": "odf.components.Command", "address": 6, "tr": 0, "sub_address": 2, "dword_count": 28, "parity": 0, "fake": false}], [5996, {"py/object": "odf.components.Command", "address": 5, "tr": 1, "sub_address": 2, "dword_count": 28, "parity": 0, "fake": false}], [8067, {"py/object": "odf.components.Status", "address": 5, "message_error_bit": "0", "instrumentation_bit": "0", "service_request_bit": "0", "reserved_bits": "000", "brdcst_received_bit": "0", "busy_bit": "0", "subsystem_flag_bit": "0", "dynamic_bus_control_accpt_bit": "0", "terminal_flag_bit": "1", "parity_bit": "1", "fake": false}], [8130, {"py/object": "odf.components.Data", "data": {"py/b64": "wpE="}, "fake": false}], [8201, {"py/object": "odf.components.Data", "data": {"py/b64": "rEI="}, "fake": false}], [8276, {"py/object": "odf.components.Data", "data": {"py/b64": "SSg="}, "fake": false}], [8347, {"py/object": "odf.components.Data", "data": {"py/b64": "EkM="}, "fake": false}], [8417, {"py/object": "odf.components.Data", "data": {"py/b64": "z7A="}, "fake": false}], [8493, {"py/object": "odf.components.Data", "data": {"py/b64": "EcM="}, "fake": false}], [8561, {"py/object": "odf.components.Data", "data": {"py/b64": "ahU="}, "fake": false}], [8632, {"py/object": "odf.components.Data", "data": {"py/b64": "Tzw="}, "fake": false}], [8704, {"py/object": "odf.components.Data", "data": {"py/b64": "3ig="}, "fake": false}], [8778, {"py/object": "odf.components.Data", "data": {"py/b64": "kcE="}, "fake": false}], [8847, {"py/object": "odf.components.Data", "data": {"py/b64": "N+8="}, "fake": false}], [8916, {"py/object": "odf.components.Data", "data": {"py/b64": "UsE="}, "fake": false}], [8972, {"py/object": "odf.components.Data", "data": {"py/b64": "Jeg="}, "fake": false}], [9040, {"py/object": "odf.components.Data", "data": {"py/b64": "bL8="}, "fake": false}], [9112, {"py/object": "odf.components.Data", "data": {"py/b64": "KRk="}, "fake": false}], [9177, {"py/object": "odf.components.Data", "data": {"py/b64": "BMA="}, "fake": false}], [9238, {"py/object": "odf.components.Data", "data": {"py/b64": "0GE="}, "fake": false}], [9297, {"py/object": "odf.components.Data", "data": {"py/b64": "Bbw="}, "fake": false}], [9350, {"py/object": "odf.components.Data", "data": {"py/b64": "I64="}, "fake": false}], [9409, {"py/object": "odf.components.Data", "data": {"py/b64": "bkA="}, "fake": false}], [9475, {"py/object": "odf.components.Data", "data": {"py/b64": "rHU="}, "fake": false}], [9539, {"py/object": "odf.components.Data", "data": {"py/b64": "F0M="}, "fake": false}], [9598, {"py/object": "odf.components.Data", "data": {"py/b64": "dbY="}, "fake": false}], [9656, {"py/object": "odf.components.Data", "data": {"py/b64": "Db4="}, "fake": false}], [9718, {"py/object": "odf.components.Data", "data": {"py/b64": "TfE="}, "fake": false}], [9783, {"py/object": "odf.components.Data", "data": {"py/b64": "FsA="}, "fake": false}], [9845, {"py/object": "odf.components.Data", "data": {"py/b64": "cHg="}, "fake": false}], [9909, {"py/object": "odf.components.Data", "data": {"py/b64": "UEE="}, "fake": false}], [12026, {"py/object": "odf.components.Status", "address": 6, "message_error_bit": "0", "instrumentation_bit": "0", "service_request_bit": "0", "reserved_bits": "000", "brdcst_received_bit": "0", "busy_bit": "0", "subsystem_flag_bit": "0", "dynamic_bus_control_accpt_bit": "0", "terminal_flag_bit": "1", "parity_bit": "1", "fake": false}], [12076, {"py/object": "odf.components.Command", "address": 8, "tr": 0, "sub_address": 2, "dword_count": 8, "parity": 0, "fake": false}], [12090, {"py/object": "odf.components.Command", "address": 7, "tr": 1, "sub_address": 2, "dword_count": 8, "parity": 0, "fake": false}], [14149, {"py/object": "odf.components.Status", "address": 7, "message_error_bit": "0", "instrumentation_bit": "0", "service_request_bit": "0", "reserved_bits": "000", "brdcst_received_bit": "0", "busy_bit": "0", "subsystem_flag_bit": "0", "dynamic_bus_control_accpt_bit": "0", "terminal_flag_bit": "1", "parity_bit": "1", "fake": false}], [14214, {"py/object": "odf.components.Data", "data": {"py/b64": "xJ4="}, "fake": false}], [14281, {"py/object": "odf.components.Data", "data": {"py/b64": "YL0="}, "fake": false}], [14348, {"py/object": "odf.components.Data", "data": {"py/b64": "xsM="}, "fake": false}], [14418, {"py/object": "odf.components.Data", "data": {"py/b64": "FTo="}, "fake": false}], [14488, {"py/object": "odf.components.Data", "data": {"py/b64": "lOM="}, "fake": false}], [14552, {"py/object": "odf.components.Data", "data": {"py/b64": "Jz0="}, "fake": false}], [14622, {"py/object": "odf.components.Data", "data": {"py/b64": "z3E="}, "fake": false}], [14692, {"py/object": "odf.components.Data", "data": {"py/b64": "lDk="}, "fake": false}], [16803, {"py/object": "odf.components.Status", "address": 8, "message_error_bit": "0", "instrumentation_bit": "0", "service_request_bit": "0", "reserved_bits": "000", "brdcst_received_bit": "0", "busy_bit": "0", "subsystem_flag_bit": "0", "dynamic_bus_control_accpt_bit": "0", "terminal_flag_bit": "1", "parity_bit": "1", "fake": false}], [16868, {"py/object": "odf.components.Command", "address": 10, "tr": 0, "sub_address": 2, "dword_count": 12, "parity": 0, "fake": false}], [16886, {"py/object": "odf.components.Command", "address": 9, "tr": 1, "sub_address": 2, "dword_count": 12, "parity": 0, "fake": false}], [18948, {"py/object": "odf.components.Status", "address": 9, "message_error_bit": "0", "instrumentation_bit": "0", "service_request_bit": "0", "reserved_bits": "000", "brdcst_received_bit": "0", "busy_bit": "0", "subsystem_flag_bit": "0", "dynamic_bus_control_accpt_bit": "0", "terminal_flag_bit": "1", "parity_bit": "1", "fake": false}], [19009, {"py/object": "odf.components.Data", "data": {"py/b64": "L8E="}, "fake": false}], [19072, {"py/object": "odf.components.Data", "data": {"py/b64": "B0I="}, "fake": false}], [19134, {"py/object": "odf.components.Data", "data": {"py/b64": "ocg="}, "fake": false}], [19204, {"py/object": "odf.components.Data", "data": {"py/b64": "7MI="}, "fake": false}], [19272, {"py/object": "odf.components.Data", "data": {"py/b64": "vNY="}, "fake": false}], [19340, {"py/object": "odf.components.Data", "data": {"py/b64": "MUI="}, "fake": false}], [19411, {"py/object": "odf.components.Data", "data": {"py/b64": "K8E="}, "fake": false}], [19473, {"py/object": "odf.components.Data", "data": {"py/b64": "B0I="}, "fake": false}], [19545, {"py/object": "odf.components.Data", "data": {"py/b64": "tMg="}, "fake": false}], [19608, {"py/object": "odf.components.Data", "data": {"py/b64": "7MI="}, "fake": false}], [19674, {"py/object": "odf.components.Data", "data": {"py/b64": "ivU="}, "fake": false}], [19735, {"py/object": "odf.components.Data", "data": {"py/b64": "FEM="}, "fake": false}], [21825, {"py/object": "odf.components.Status", "address": 10, "message_error_bit": "0", "instrumentation_bit": "0", "service_request_bit": "0", "reserved_bits": "000", "brdcst_received_bit": "0", "busy_bit": "0", "subsystem_flag_bit": "0", "dynamic_bus_control_accpt_bit": "0", "terminal_flag_bit": "1", "parity_bit": "1", "fake": false}], [21894, {"py/object": "odf.components.Command", "address": 12, "tr": 0, "sub_address": 2, "dword_count": 16, "parity": 0, "fake": false}], [21909, {"py/object": "odf.components.Command", "address": 11, "tr": 1, "sub_address": 2, "dword_count": 16, "parity": 0, "fake": false}], [23973, {"py/object": "odf.components.Status", "address": 11, "message_error_bit": "0", "instrumentation_bit": "0", "service_request_bit": "0", "reserved_bits": "000", "brdcst_received_bit": "0", "busy_bit": "0", "subsystem_flag_bit": "0", "dynamic_bus_control_accpt_bit": "0", "terminal_flag_bit": "1", "parity_bit": "1", "fake": false}], [24037, {"py/object": "odf.components.Data", "data": {"py/b64": "d2Y="}, "fake": false}], [24099, {"py/object": "odf.components.Data", "data": {"py/b64": "Gjs="}, "fake": false}], [24164, {"py/object": "odf.components.Data", "data": {"py/b64": "AIo="}, "fake": false}], [24219, {"py/object": "odf.components.Data", "data": {"py/b64": "ZUE="}, "fake": false}], [24286, {"py/object": "odf.components.Data", "data": {"py/b64": "roc="}, "fake": false}], [24348, {"py/object": "odf.components.Data", "data": {"py/b64": "7EE="}, "fake": false}], [24406, {"py/object": "odf.components.Data", "data": {"py/b64": "sAg="}, "fake": false}], [24461, {"py/object": "odf.components.Data", "data": {"py/b64": "YEA="}, "fake": false}], [24516, {"py/object": "odf.components.Data", "data": {"py/b64": "Ac0="}, "fake": false}], [24575, {"py/object": "odf.components.Data", "data": {"py/b64": "5T8="}, "fake": false}], [24632, {"py/object": "odf.components.Data", "data": {"py/b64": "868="}, "fake": false}], [24693, {"py/object": "odf.components.Data", "data": {"py/b64": "Aj4="}, "fake": false}], [24753, {"py/object": "odf.components.Data", "data": {"py/b64": "TQU="}, "fake": false}], [24811, {"py/object": "odf.components.Data", "data": {"py/b64": "9z4="}, "fake": false}], [24870, {"py/object": "odf.components.Data", "data": {"py/b64": "LU0="}, "fake": false}], [24926, {"py/object": "odf.components.Data", "data": {"py/b64": "nEE="}, "fake": false}], [27059, {"py/object": "odf.components.Status", "address": 12, "message_error_bit": "0", "instrumentation_bit": "0", "service_request_bit": "0", "reserved_bits": "000", "brdcst_received_bit": "0", "busy_bit": "0", "subsystem_flag_bit": "0", "dynamic_bus_control_accpt_bit": "0", "terminal_flag_bit": "1", "parity_bit": "1", "fake": false}], [27200, {"py/object": "odf.components.Command", "address": 1, "tr": 0, "sub_address": 2, "dword_count": 4, "parity": 0, "fake": false}], [27239, {"py/object": "odf.components.Data", "data": {"py/b64": "AAA="}, "fake": false}], [27250, {"py/object": "odf.components.Data", "data": {"py/b64": "AAA="}, "fake": false}], [27260, {"py/object": "odf.components.Data", "data": {"py/b64": "AAA="}, "fake": false}], [27270, {"py/object": "odf.components.Data", "data": {"py/b64": "AAA="}, "fake": false}], [29301, {"py/object": "odf.components.Status", "address": 1, "message_error_bit": "0", "instrumentation_bit": "0", "service_request_bit": "0", "reserved_bits": "000", "brdcst_received_bit": "0", "busy_bit": "0", "subsystem_flag_bit": "0", "dynamic_bus_control_accpt_bit": "0", "terminal_flag_bit": "1", "parity_bit": "1", "fake": false}], [29453, {"py/object": "odf.components.Command", "address": 31, "tr": 0, "sub_address": 2, "dword_count": 1, "parity": 0, "fake": false}], [29556, {"py/object": "odf.components.Data", "data": {"py/b64": "//8="}, "fake": false}], [29570, {"py/object": "odf.components.Command", "address": 4, "tr": 0, "sub_address": 2, "dword_count": 18, "parity": 0, "fake": false}], [29582, {"py/object": "odf.components.Command", "address": 3, "tr": 1, "sub_address": 2, "dword_count": 18, "parity": 0, "fake": false}], [31629, {"py/object": "odf.components.Status", "address": 3, "message_error_bit": "0", "instrumentation_bit": "0", "service_request_bit": "0", "reserved_bits": "000", "brdcst_received_bit": "0", "busy_bit": "0", "subsystem_flag_bit": "0", "dynamic_bus_control_accpt_bit": "0", "terminal_flag_bit": "1", "parity_bit": "1", "fake": false}], [31696, {"py/object": "odf.components.Data", "data": {"py/b64": "7Q0="}, "fake": false}], [31766, {"py/object": "odf.components.Data", "data": {"py/b64": "WkM="}, "fake": false}], [31838, {"py/object": "odf.components.Data", "data": {"py/b64": "VFU="}, "fake": false}], [31910, {"py/object": "odf.components.Data", "data": {"py/b64": "h0Q="}, "fake": false}], [31978, {"py/object": "odf.components.Data", "data": {"py/b64": "zB4="}, "fake": false}], [32043, {"py/object": "odf.components.Data", "data": {"py/b64": "wkM="}, "fake": false}], [32107, {"py/object": "odf.components.Data", "data": {"py/b64": "tFI="}, "fake": false}], [32170, {"py/object": "odf.components.Data", "data": {"py/b64": "hUM="}, "fake": false}], [32240, {"py/object": "odf.components.Data", "data": {"py/b64": "qcw="}, "fake": false}], [32308, {"py/object": "odf.components.Data", "data": {"py/b64": "i0A="}, "fake": false}], [32379, {"py/object": "odf.components.Data", "data": {"py/b64": "yr8="}, "fake": false}], [32448, {"py/object": "odf.components.Data", "data": {"py/b64": "i0A="}, "fake": false}], [32517, {"py/object": "odf.components.Data", "data": {"py/b64": "Tfo="}, "fake": false}], [32590, {"py/object": "odf.components.Data", "data": {"py/b64": "QEA="}, "fake": false}], [32661, {"py/object": "odf.components.Data", "data": {"py/b64": "89c="}, "fake": false}], [32729, {"py/object": "odf.components.Data", "data": {"py/b64": "1UM="}, "fake": false}], [32793, {"py/object": "odf.components.Data", "data": {"py/b64": "tww="}, "fake": false}], [32871, {"py/object": "odf.components.Data", "data": {"py/b64": "OkQ="}, "fake": false}], [34945, {"py/object": "odf.components.Status", "address": 4, "message_error_bit": "0", "instrumentation_bit": "0", "service_request_bit": "0", "reserved_bits": "000", "brdcst_received_bit": "0", "busy_bit": "0", "subsystem_flag_bit": "0", "dynamic_bus_control_accpt_bit": "0", "terminal_flag_bit": "1", "parity_bit": "1", "fake": false}], [35005, {"py/object": "odf.components.Command", "address": 6, "tr": 0, "sub_address": 2, "dword_count": 28, "parity": 0, "fake": false}], [35017, {"py/object": "odf.components.Command", "address": 5, "tr": 1, "sub_address": 2, "dword_count": 28, "parity": 0, "fake": false}], [37077, {"py/object": "odf.components.Status", "address": 5, "message_error_bit": "0", "instrumentation_bit": "0", "service_request_bit": "0", "reserved_bits": "000", "brdcst_received_bit": "0", "busy_bit": "0", "subsystem_flag_bit": "0", "dynamic_bus_control_accpt_bit": "0", "terminal_flag_bit": "1", "parity_bit": "1", "fake": false}], [37147, {"py/object": "odf.components.Data", "data": {"py/b64": "qro="}, "fake": false}], [37217, {"py/object": "odf.components.Data", "data": {"py/b64": "cUM="}, "fake": false}], [37281, {"py/object": "odf.components.Data", "data": {"py/b64": "uEI="}, "fake": false}], [37353, {"py/object": "odf.components.Data", "data": {"py/b64": "zEM="}, "fake": false}], [37417, {"py/object": "odf.components.Data", "data": {"py/b64": "1p4="}, "fake": false}], [37473, {"py/object": "odf.components.Data", "data": {"py/b64": "ysM="}, "fake": false}], [37538, {"py/object": "odf.components.Data", "data": {"py/b64": "904="}, "fake": false}], [37609, {"py/object": "odf.components.Data", "data": {"py/b64": "i0E="}, "fake": false}], [37682, {"py/object": "odf.components.Data", "data": {"py/b64": "W+I="}, "fake": false}], [37748, {"py/object": "odf.components.Data", "data": {"py/b64": "ScI="}, "fake": false}], [37818, {"py/object": "odf.components.Data", "data": {"py/b64": "qsg="}, "fake": false}], [37889, {"py/object": "odf.components.Data", "data": {"py/b64": "ZcA="}, "fake": false}], [37947, {"py/object": "odf.components.Data", "data": {"py/b64": "MI0="}, "fake": false}], [38002, {"py/object": "odf.components.Data", "data": {"py/b64": "R0A="}, "fake": false}], [38057, {"py/object": "odf.components.Data", "data": {"py/b64": "hAI="}, "fake": false}], [38116, {"py/object": "odf.components.Data", "data": {"py/b64": "Tb8="}, "fake": false}], [38179, {"py/object": "odf.components.Data", "data": {"py/b64": "Q5Q="}, "fake": false}], [38240, {"py/object": "odf.components.Data", "data": {"py/b64": "kb8="}, "fake": false}], [38298, {"py/object": "odf.components.Data", "data": {"py/b64": "UZE="}, "fake": false}], [38361, {"py/object": "odf.components.Data", "data": {"py/b64": "IcE="}, "fake": false}], [38425, {"py/object": "odf.components.Data", "data": {"py/b64": "cfg="}, "fake": false}], [38491, {"py/object": "odf.components.Data", "data": {"py/b64": "zEM="}, "fake": false}], [38555, {"py/object": "odf.components.Data", "data": {"py/b64": "0bU="}, "fake": false}], [38623, {"py/object": "odf.components.Data", "data": {"py/b64": "E78="}, "fake": false}], [38695, {"py/object": "odf.components.Data", "data": {"py/b64": "Zis="}, "fake": false}], [38761, {"py/object": "odf.components.Data", "data": {"py/b64": "vT8="}, "fake": false}], [38826, {"py/object": "odf.components.Data", "data": {"py/b64": "GDg="}, "fake": false}], [38890, {"py/object": "odf.components.Data", "data": {"py/b64": "WUA="}, "fake": false}], [40986, {"py/object": "odf.components.Status", "address": 6, "message_error_bit": "0", "instrumentation_bit": "0", "service_request_bit": "0", "reserved_bits": "000", "brdcst_received_bit": "0", "busy_bit": "0", "subsystem_flag_bit": "0", "dynamic_bus_control_accpt_bit": "0", "terminal_flag_bit": "1", "parity_bit": "1", "fake": false}], [41060, {"py/object": "odf.components.Command", "address": 8, "tr": 0, "sub_address": 2, "dword_count": 8, "parity": 0, "fake": false}], [41073, {"py/object": "odf.components.Command", "address": 7, "tr": 1, "sub_address": 2, "dword_count": 8, "parity": 0, "fake": false}], [43133, {"py/object": "odf.components.Status", "address": 7, "message_error_bit": "0", "instrumentation_bit": "0", "service_request_bit": "0", "reserved_bits": "000", "brdcst_received_bit": "0", "busy_bit": "0", "subsystem_flag_bit": "0", "dynamic_bus_control_accpt_bit": "0", "terminal_flag_bit": "1", "parity_bit": "1", "fake": false}], [43199, {"py/object": "odf.components.Data", "data": {"py/b64": "fiU="}, "fake": false}], [43274, {"py/object": "odf.components.Data", "data": {"py/b64": "h70="}, "fake": false}], [43339, {"py/object": "odf.components.Data", "data": {"py/b64": "x4U="}, "fake": false}], [43398, {"py/object": "odf.components.Data", "data": {"py/b64": "jbs="}, "fake": false}], [43464, {"py/object": "odf.components.Data", "data": {"py/b64": "DeA="}, "fake": false}], [43527, {"py/object": "odf.components.Data", "data": {"py/b64": "0Tw="}, "fake": false}], [43594, {"py/object": "odf.components.Data", "data": {"py/b64": "ZDQ="}, "fake": false}], [43657, {"py/object": "odf.components.Data", "data": {"py/b64": "Vbo="}, "fake": false}], [45735, {"py/object": "odf.components.Status", "address": 8, "message_error_bit": "0", "instrumentation_bit": "0", "service_request_bit": "0", "reserved_bits": "000", "brdcst_received_bit": "0", "busy_bit": "0", "subsystem_flag_bit": "0", "dynamic_bus_control_accpt_bit": "0", "terminal_flag_bit": "1", "parity_bit": "1", "fake": false}], [45808, {"py/object": "odf.components.Command", "address": 10, "tr": 0, "sub_address": 2, "dword_count": 12, "parity": 0, "fake": false}], [45816, {"py/object": "odf.components.Command", "address": 9, "tr": 1, "sub_address": 2, "dword_count": 12, "parity": 0, "fake": false}], [47872, {"py/object": "odf.components.Status", "address": 9, "message_error_bit": "0", "instrumentation_bit": "0", "service_request_bit": "0", "reserved_bits": "000", "brdcst_received_bit": "0", "busy_bit": "0", "subsystem_flag_bit": "0", "dynamic_bus_control_accpt_bit": "0", "terminal_flag_bit": "1", "parity_bit": "1", "fake": false}], [47935, {"py/object": "odf.components.Data", "data": {"py/b64": "T70="}, "fake": false}], [48004, {"py/object": "odf.components.Data", "data": {"py/b64": "B0I="}, "fake": false}], [48072, {"py/object": "odf.components.Data", "data": {"py/b64": "Sds="}, "fake": false}], [48146, {"py/object": "odf.components.Data", "data": {"py/b64": "7MI="}, "fake": false}], [48216, {"py/object": "odf.components.Data", "data": {"py/b64": "m+o="}, "fake": false}], [48279, {"py/object": "odf.components.Data", "data": {"py/b64": "aEM="}, "fake": false}], [48342, {"py/object": "odf.components.Data", "data": {"py/b64": "Sr0="}, "fake": false}], [48407, {"py/object": "odf.components.Data", "data": {"py/b64": "B0I="}, "fake": false}], [48472, {"py/object": "odf.components.Data", "data": {"py/b64": "Yts="}, "fake": false}], [48528, {"py/object": "odf.components.Data", "data": {"py/b64": "7MI="}, "fake": false}], [48594, {"py/object": "odf.components.Data", "data": {"py/b64": "Ugk="}, "fake": false}], [48667, {"py/object": "odf.components.Data", "data": {"py/b64": "QEQ="}, "fake": false}], [50765, {"py/object": "odf.components.Status", "address": 10, "message_error_bit": "0", "instrumentation_bit": "0", "service_request_bit": "0", "reserved_bits": "000", "brdcst_received_bit": "0", "busy_bit": "0", "subsystem_flag_bit": "0", "dynamic_bus_control_accpt_bit": "0", "terminal_flag_bit": "1", "parity_bit": "1", "fake": false}], [50848, {"py/object": "odf.components.Command", "address": 12, "tr": 0, "sub_address": 2, "dword_count": 16, "parity": 0, "fake": false}], [50862, {"py/object": "odf.components.Command", "address": 11, "tr": 1, "sub_address": 2, "dword_count": 16, "parity": 0, "fake": false}], [52925, {"py/object": "odf.components.Status", "address": 11, "message_error_bit": "0", "instrumentation_bit": "0", "service_request_bit": "0", "reserved_bits": "000", "brdcst_received_bit": "0", "busy_bit": "0", "subsystem_flag_bit": "0", "dynamic_bus_control_accpt_bit": "0", "terminal_flag_bit": "1", "parity_bit": "1", "fake": false}], [52995, {"py/object": "odf.components.Data", "data": {"py/b64": "i5E="}, "fake": false}], [53062, {"py/object": "odf.components.Data", "data": {"py/b64": "Fzs="}, "fake": false}], [53121, {"py/object": "odf.components.Data", "data": {"py/b64": "AIU="}, "fake": false}], [53185, {"py/object": "odf.components.Data", "data": {"py/b64": "UkE="}, "fake": false}], [53257, {"py/object": "odf.components.Data", "data": {"py/b64": "UW8="}, "fake": false}], [53319, {"py/object": "odf.components.Data", "data": {"py/b64": "50E="}, "fake": false}], [53381, {"py/object": "odf.components.Data", "data": {"py/b64": "7gw="}, "fake": false}], [53450, {"py/object": "odf.components.Data", "data": {"py/b64": "t0A="}, "fake": false}], [53516, {"py/object": "odf.components.Data", "data": {"py/b64": "kE0="}, "fake": false}], [53582, {"py/object": "odf.components.Data", "data": {"py/b64": "PEA="}, "fake": false}], [53648, {"py/object": "odf.components.Data", "data": {"py/b64": "ksE="}, "fake": false}], [53710, {"py/object": "odf.components.Data", "data": {"py/b64": "6T0="}, "fake": false}], [53771, {"py/object": "odf.components.Data", "data": {"py/b64": "XXo="}, "fake": false}], [53838, {"py/object": "odf.components.Data", "data": {"py/b64": "ZD4="}, "fake": false}], [53898, {"py/object": "odf.components.Data", "data": {"py/b64": "Ykg="}, "fake": false}], [53963, {"py/object": "odf.components.Data", "data": {"py/b64": "q0E="}, "fake": false}], [56065, {"py/object": "odf.components.Status", "address": 12, "message_error_bit": "0", "instrumentation_bit": "0", "service_request_bit": "0", "reserved_bits": "000", "brdcst_received_bit": "0", "busy_bit": "0", "subsystem_flag_bit": "0", "dynamic_bus_control_accpt_bit": "0", "terminal_flag_bit": "1", "parity_bit": "1", "fake": false}], [56256, {"py/object": "odf.components.Command", "address": 1, "tr": 0, "sub_address": 2, "dword_count": 4, "parity": 0, "fake": false}], [56334, {"py/object": "odf.components.Data", "data": {"py/b64": "AAA="}, "fake": false}], [56350, {"py/object": "odf.components.Data", "data": {"py/b64": "AAA="}, "fake": false}], [56360, {"py/object": "odf.components.Data", "data": {"py/b64": "AAA="}, "fake": false}], [56371, {"py/object": "odf.components.Data", "data": {"py/b64": "AAA="}, "fake": false}], [58424, {"py/object": "odf.components.Status", "address": 1, "message_error_bit": "0", "instrumentation_bit": "0", "service_request_bit": "0", "reserved_bits": "000", "brdcst_received_bit": "0", "busy_bit": "0", "subsystem_flag_bit": "0", "dynamic_bus_control_accpt_bit": "0", "terminal_flag_bit": "1", "parity_bit": "1", "fake": false}], [58575, {"py/object": "odf.components.Command", "address": 31, "tr": 0, "sub_address": 2, "dword_count": 1, "parity": 0, "fake": false}], [58668, {"py/object": "odf.components.Data", "data": {"py/b64": "//8="}, "fake": false}], [58683, {"py/object": "odf.components.Command", "address": 4, "tr": 0, "sub_address": 2, "dword_count": 18, "parity": 0, "fake": false}], [58695, {"py/object": "odf.components.Command", "address": 3, "tr": 1, "sub_address": 2, "dword_count": 18, "parity": 0, "fake": false}], [60549, {"py/object": "odf.components.Status", "address": 1, "message_error_bit": "0", "instrumentation_bit": "0", "service_request_bit": "0", "reserved_bits": "000", "brdcst_received_bit": "0", "busy_bit": "0", "subsystem_flag_bit": "0", "dynamic_bus_control_accpt_bit": "0", "terminal_flag_bit": "1", "parity_bit": "1", "fake": false}], [60797, {"py/object": "odf.components.Status", "address": 3, "message_error_bit": "0", "instrumentation_bit": "0", "service_request_bit": "0", "reserved_bits": "000", "brdcst_received_bit": "0", "busy_bit": "0", "subsystem_flag_bit": "0", "dynamic_bus_control_accpt_bit": "0", "terminal_flag_bit": "1", "parity_bit": "1", "fake": false}], [60889, {"py/object": "odf.components.Command", "address": 6, "tr": 0, "sub_address": 2, "dword_count": 28, "parity": 0, "fake": false}], [60951, {"py/object": "odf.components.Command", "address": 5, "tr": 1, "sub_address": 2, "dword_count": 28, "parity": 0, "fake": false}], [60982, {"py/object": "odf.components.Data", "data": {"py/b64": "DB4="}, "fake": false}], [61053, {"py/object": "odf.components.Data", "data": {"py/b64": "ekM="}, "fake": false}], [61131, {"py/object": "odf.components.Data", "data": {"py/b64": "CEI="}, "fake": false}], [61204, {"py/object": "odf.components.Data", "data": {"py/b64": "AEU="}, "fake": false}], [61281, {"py/object": "odf.components.Data", "data": {"py/b64": "aLc="}, "fake": false}], [61354, {"py/object": "odf.components.Data", "data": {"py/b64": "h0Q="}, "fake": false}], [61425, {"py/object": "odf.components.Data", "data": {"py/b64": "U9E="}, "fake": false}], [61500, {"py/object": "odf.components.Data", "data": {"py/b64": "YEM="}, "fake": false}], [61581, {"py/object": "odf.components.Data", "data": {"py/b64": "VMw="}, "fake": false}], [61655, {"py/object": "odf.components.Data", "data": {"py/b64": "g0A="}, "fake": false}], [61731, {"py/object": "odf.components.Data", "data": {"py/b64": "sMI="}, "fake": false}], [61813, {"py/object": "odf.components.Data", "data": {"py/b64": "g0A="}, "fake": false}], [61893, {"py/object": "odf.components.Data", "data": {"py/b64": "daY="}, "fake": false}], [61967, {"py/object": "odf.components.Data", "data": {"py/b64": "QkA="}, "fake": false}], [62042, {"py/object": "odf.components.Data", "data": {"py/b64": "oVY="}, "fake": false}], [62115, {"py/object": "odf.components.Data", "data": {"py/b64": "1UM="}, "fake": false}], [62183, {"py/object": "odf.components.Data", "data": {"py/b64": "tww="}, "fake": false}], [62258, {"py/object": "odf.components.Data", "data": {"py/b64": "OkQ="}, "fake": false}], [62969, {"py/object": "odf.components.Status", "address": 5, "message_error_bit": "0", "instrumentation_bit": "0", "service_request_bit": "0", "reserved_bits": "000", "brdcst_received_bit": "0", "busy_bit": "0", "subsystem_flag_bit": "0", "dynamic_bus_control_accpt_bit": "0", "terminal_flag_bit": "1", "parity_bit": "1", "fake": false}], [63043, {"py/object": "odf.components.Data", "data": {"py/b64": "o9Q="}, "fake": false}], [63113, {"py/object": "odf.components.Data", "data": {"py/b64": "dEM="}, "fake": false}], [63183, {"py/object": "odf.components.Data", "data": {"py/b64": "01I="}, "fake": false}], [63253, {"py/object": "odf.components.Data", "data": {"py/b64": "z0M="}, "fake": false}], [63328, {"py/object": "odf.components.Data", "data": {"py/b64": "F8U="}, "fake": false}], [63404, {"py/object": "odf.components.Data", "data": {"py/b64": "ucM="}, "fake": false}], [63470, {"py/object": "odf.components.Data", "data": {"py/b64": "kd4="}, "fake": false}], [63547, {"py/object": "odf.components.Data", "data": {"py/b64": "CEI="}, "fake": false}], [63622, {"py/object": "odf.components.Data", "data": {"py/b64": "9ec="}, "fake": false}], [63700, {"py/object": "odf.components.Data", "data": {"py/b64": "NcM="}, "fake": false}], [63813, {"py/object": "odf.components.Data", "data": {"py/b64": "EnA="}, "fake": false}], [63971, {"py/object": "odf.components.Status", "address": 6, "message_error_bit": "0", "instrumentation_bit": "0", "service_request_bit": "0", "reserved_bits": "000", "brdcst_received_bit": "0", "busy_bit": "0", "subsystem_flag_bit": "0", "dynamic_bus_control_accpt_bit": "0", "terminal_flag_bit": "1", "parity_bit": "0", "fake": true}], [64023, {"py/object": "odf.components.Command", "address": 8, "tr": 0, "sub_address": 2, "dword_count": 8, "parity": 0, "fake": false}], [64082, {"py/object": "odf.components.Command", "address": 7, "tr": 1, "sub_address": 2, "dword_count": 8, "parity": 0, "fake": false}], [64113, {"py/object": "odf.components.Data", "data": {"py/b64": "00A="}, "fake": false}], [64176, {"py/object": "odf.components.Data", "data": {"py/b64": "srs="}, "fake": false}], [64261, {"py/object": "odf.components.Data", "data": {"py/b64": "+74="}, "fake": false}], [64347, {"py/object": "odf.components.Status", "address": 4, "message_error_bit": "0", "instrumentation_bit": "0", "service_request_bit": "0", "reserved_bits": "000", "brdcst_received_bit": "0", "busy_bit": "0", "subsystem_flag_bit": "0", "dynamic_bus_control_accpt_bit": "0", "terminal_flag_bit": "1", "parity_bit": "1", "fake": false}], [64402, {"py/object": "odf.components.Data", "data": {"py/b64": "eHY="}, "fake": false}], [64474, {"py/object": "odf.components.Data", "data": {"py/b64": "ZcE="}, "fake": false}], [64549, {"py/object": "odf.components.Data", "data": {"py/b64": "uQQ="}, "fake": false}], [64617, {"py/object": "odf.components.Data", "data": {"py/b64": "VMA="}, "fake": false}], [64691, {"py/object": "odf.components.Data", "data": {"py/b64": "Ljk="}, "fake": false}], [64760, {"py/object": "odf.components.Data", "data": {"py/b64": "FsE="}, "fake": false}], [64917, {"py/object": "odf.components.Status", "address": 8, "message_error_bit": "0", "instrumentation_bit": "0", "service_request_bit": "0", "reserved_bits": "000", "brdcst_received_bit": "0", "busy_bit": "0", "subsystem_flag_bit": "0", "dynamic_bus_control_accpt_bit": "0", "terminal_flag_bit": "1", "parity_bit": "0", "fake": true}], [65006, {"py/object": "odf.components.Command", "address": 10, "tr": 0, "sub_address": 2, "dword_count": 12, "parity": 0, "fake": false}], [65043, {"py/object": "odf.components.Command", "address": 9, "tr": 1, "sub_address": 2, "dword_count": 12, "parity": 0, "fake": false}], [65077, {"py/object": "odf.components.Data", "data": {"py/b64": "hFU="}, "fake": false}], [65132, {"py/object": "odf.components.Data", "data": {"py/b64": "z0M="}, "fake": false}], [65205, {"py/object": "odf.components.Data", "data": {"py/b64": "S8A="}, "fake": false}], [65273, {"py/object": "odf.components.Data", "data": {"py/b64": "ZsE="}, "fake": false}], [65346, {"py/object": "odf.components.Data", "data": {"py/b64": "EKk="}, "fake": false}], [65418, {"py/object": "odf.components.Data", "data": {"py/b64": "30A="}, "fake": false}], [65490, {"py/object": "odf.components.Data", "data": {"py/b64": "/jY="}, "fake": false}], [65560, {"py/object": "odf.components.Data", "data": {"py/b64": "yz4="}, "fake": false}], [66081, {"py/object": "odf.components.Status", "address": 7, "message_error_bit": "0", "instrumentation_bit": "0", "service_request_bit": "0", "reserved_bits": "000", "brdcst_received_bit": "0", "busy_bit": "0", "subsystem_flag_bit": "0", "dynamic_bus_control_accpt_bit": "0", "terminal_flag_bit": "1", "parity_bit": "1", "fake": false}], [66156, {"py/object": "odf.components.Data", "data": {"py/b64": "9Ho="}, "fake": false}], [66226, {"py/object": "odf.components.Data", "data": {"py/b64": "2r0="}, "fake": false}], [66297, {"py/object": "odf.components.Data", "data": {"py/b64": "AAY="}, "fake": false}], [66378, {"py/object": "odf.components.Data", "data": {"py/b64": "6z4="}, "fake": false}], [66479, {"py/object": "odf.components.Data", "data": {"py/b64": "7OQ="}, "fake": false}], [66616, {"py/object": "odf.components.Status", "address": 10, "message_error_bit": "0", "instrumentation_bit": "0", "service_request_bit": "0", "reserved_bits": "000", "brdcst_received_bit": "0", "busy_bit": "0", "subsystem_flag_bit": "0", "dynamic_bus_control_accpt_bit": "0", "terminal_flag_bit": "1", "parity_bit": "0", "fake": true}], [66672, {"py/object": "odf.components.Command", "address": 12, "tr": 0, "sub_address": 2, "dword_count": 16, "parity": 0, "fake": false}], [66718, {"py/object": "odf.components.Command", "address": 11, "tr": 1, "sub_address": 2, "dword_count": 16, "parity": 0, "fake": false}], [66743, {"py/object": "odf.components.Data", "data": {"py/b64": "3zw="}, "fake": false}], [66808, {"py/object": "odf.components.Data", "data": {"py/b64": "GTw="}, "fake": false}], [66873, {"py/object": "odf.components.Data", "data": {"py/b64": "gbs="}, "fake": false}], [67088, {"py/object": "odf.components.Status", "address": 9, "message_error_bit": "0", "instrumentation_bit": "0", "service_request_bit": "0", "reserved_bits": "000", "brdcst_received_bit": "0", "busy_bit": "0", "subsystem_flag_bit": "0", "dynamic_bus_control_accpt_bit": "0", "terminal_flag_bit": "1", "parity_bit": "1", "fake": false}], [67166, {"py/object": "odf.components.Data", "data": {"py/b64": "OLc="}, "fake": false}], [67247, {"py/object": "odf.components.Data", "data": {"py/b64": "B0I="}, "fake": false}], [67304, {"py/object": "odf.components.Data", "data": {"py/b64": "FuY="}, "fake": false}], [67381, {"py/object": "odf.components.Data", "data": {"py/b64": "7MI="}, "fake": false}], [67445, {"py/object": "odf.components.Data", "data": {"py/b64": "agM="}, "fake": false}], [67506, {"py/object": "odf.components.Data", "data": {"py/b64": "ykM="}, "fake": false}], [67576, {"py/object": "odf.components.Data", "data": {"py/b64": "Ibc="}, "fake": false}], [67649, {"py/object": "odf.components.Data", "data": {"py/b64": "B0I="}, "fake": false}], [67721, {"py/object": "odf.components.Data", "data": {"py/b64": "JOY="}, "fake": false}], [67793, {"py/object": "odf.components.Data", "data": {"py/b64": "7MI="}, "fake": false}], [67877, {"py/object": "odf.components.Data", "data": {"py/b64": "Y0U="}, "fake": false}], [67949, {"py/object": "odf.components.Data", "data": {"py/b64": "pkQ="}, "fake": false}], [68821, {"py/object": "odf.components.Status", "address": 11, "message_error_bit": "0", "instrumentation_bit": "0", "service_request_bit": "0", "reserved_bits": "000", "brdcst_received_bit": "0", "busy_bit": "0", "subsystem_flag_bit": "0", "dynamic_bus_control_accpt_bit": "0", "terminal_flag_bit": "1", "parity_bit": "1", "fake": false}], [68989, {"py/object": "odf.components.Command", "address": 1, "tr": 0, "sub_address": 2, "dword_count": 4, "parity": 0, "fake": false}], [69061, {"py/object": "odf.components.Data", "data": {"py/b64": "AAA="}, "fake": false}], [69105, {"py/object": "odf.components.Data", "data": {"py/b64": "AAA="}, "fake": false}], [69132, {"py/object": "odf.components.Data", "data": {"py/b64": "AAA="}, "fake": false}], [69193, {"py/object": "odf.components.Data", "data": {"py/b64": "AAA="}, "fake": false}], [69218, {"py/object": "odf.components.Data", "data": {"py/b64": "DXA="}, "fake": false}], [69277, {"py/object": "odf.components.Data", "data": {"py/b64": "FTs="}, "fake": false}], [69447, {"py/object": "odf.components.Status", "address": 1, "message_error_bit": "0", "instrumentation_bit": "0", "service_request_bit": "0", "reserved_bits": "000", "brdcst_received_bit": "0", "busy_bit": "0", "subsystem_flag_bit": "0", "dynamic_bus_control_accpt_bit": "0", "terminal_flag_bit": "1", "parity_bit": "0", "fake": true}], [69568, {"py/object": "odf.components.Data", "data": {"py/b64": "AJo="}, "fake": false}], [69644, {"py/object": "odf.components.Command", "address": 31, "tr": 0, "sub_address": 2, "dword_count": 1, "parity": 0, "fake": false}], [69677, {"py/object": "odf.components.Data", "data": {"py/b64": "//8="}, "fake": false}], [69705, {"py/object": "odf.components.Command", "address": 4, "tr": 0, "sub_address": 2, "dword_count": 18, "parity": 0, "fake": false}], [69756, {"py/object": "odf.components.Command", "address": 3, "tr": 1, "sub_address": 2, "dword_count": 18, "parity": 0, "fake": false}], [69774, {"py/object": "odf.components.Data", "data": {"py/b64": "Q0E="}, "fake": false}], [69824, {"py/object": "odf.components.Data", "data": {"py/b64": "L4A="}, "fake": false}], [69845, {"py/object": "odf.components.Data", "data": {"py/b64": "40E="}, "fake": false}], [69907, {"py/object": "odf.components.Data", "data": {"py/b64": "0cU="}, "fake": false}], [69977, {"py/object": "odf.components.Data", "data": {"py/b64": "nEA="}, "fake": false}], [70042, {"py/object": "odf.components.Data", "data": {"py/b64": "duM="}, "fake": false}], [70113, {"py/object": "odf.components.Data", "data": {"py/b64": "IEA="}, "fake": false}], [70186, {"py/object": "odf.components.Data", "data": {"py/b64": "rRU="}, "fake": false}], [70248, {"py/object": "odf.components.Data", "data": {"py/b64": "zbw="}, "fake": false}], [70307, {"py/object": "odf.components.Data", "data": {"py/b64": "8uI="}, "fake": false}], [70369, {"py/object": "odf.components.Data", "data": {"py/b64": "nD0="}, "fake": false}], [70435, {"py/object": "odf.components.Data", "data": {"py/b64": "KUg="}, "fake": false}], [70501, {"py/object": "odf.components.Data", "data": {"py/b64": "pEE="}, "fake": false}], [70955, {"py/object": "odf.components.Status", "address": 12, "message_error_bit": "0", "instrumentation_bit": "0", "service_request_bit": "0", "reserved_bits": "000", "brdcst_received_bit": "0", "busy_bit": "0", "subsystem_flag_bit": "0", "dynamic_bus_control_accpt_bit": "0", "terminal_flag_bit": "1", "parity_bit": "1", "fake": false}], [71109, {"py/object": "odf.components.Status", "address": 1, "message_error_bit": "0", "instrumentation_bit": "0", "service_request_bit": "0", "reserved_bits": "000", "brdcst_received_bit": "0", "busy_bit": "0", "subsystem_flag_bit": "0", "dynamic_bus_control_accpt_bit": "0", "terminal_flag_bit": "1", "parity_bit": "1", "fake": false}], [71201, {"py/object": "odf.components.Command", "address": 6, "tr": 0, "sub_address": 2, "dword_count": 28, "parity": 0, "fake": false}], [71254, {"py/object": "odf.components.Command", "address": 5, "tr": 1, "sub_address": 2, "dword_count": 28, "parity": 0, "fake": false}], [71725, {"py/object": "odf.components.Status", "address": 3, "message_error_bit": "0", "instrumentation_bit": "0", "service_request_bit": "0", "reserved_bits": "000", "brdcst_received_bit": "0", "busy_bit": "0", "subsystem_flag_bit": "0", "dynamic_bus_control_accpt_bit": "0", "terminal_flag_bit": "1", "parity_bit": "1", "fake": false}], [71808, {"py/object": "odf.components.Data", "data": {"py/b64": "w+o="}, "fake": false}], [71882, {"py/object": "odf.components.Data", "data": {"py/b64": "eUM="}, "fake": false}], [71946, {"py/object": "odf.components.Data", "data": {"py/b64": "8vk="}, "fake": false}], [72016, {"py/object": "odf.components.Data", "data": {"py/b64": "/UQ="}, "fake": false}], [72087, {"py/object": "odf.components.Data", "data": {"py/b64": "Rpk="}, "fake": false}], [72156, {"py/object": "odf.components.Data", "data": {"py/b64": "ukQ="}, "fake": false}], [72229, {"py/object": "odf.components.Data", "data": {"py/b64": "nww="}, "fake": false}], [72298, {"py/object": "odf.components.Data", "data": {"py/b64": "PEM="}, "fake": false}], [72375, {"py/object": "odf.components.Data", "data": {"py/b64": "wjY="}, "fake": false}], [72449, {"py/object": "odf.components.Data", "data": {"py/b64": "a0A="}, "fake": false}], [72522, {"py/object": "odf.components.Data", "data": {"py/b64": "eSU="}, "fake": false}], [72598, {"py/object": "odf.components.Data", "data": {"py/b64": "a0A="}, "fake": false}], [72675, {"py/object": "odf.components.Data", "data": {"py/b64": "ras="}, "fake": false}], [72747, {"py/object": "odf.components.Data", "data": {"py/b64": "QkA="}, "fake": false}], [72816, {"py/object": "odf.components.Data", "data": {"py/b64": "ASg="}, "fake": false}], [72879, {"py/object": "odf.components.Data", "data": {"py/b64": "1UM="}, "fake": false}], [72949, {"py/object": "odf.components.Data", "data": {"py/b64": "tww="}, "fake": false}], [73018, {"py/object": "odf.components.Data", "data": {"py/b64": "OkQ="}, "fake": false}], [73333, {"py/object": "odf.components.Status", "address": 5, "message_error_bit": "0", "instrumentation_bit": "0", "service_request_bit": "0", "reserved_bits": "000", "brdcst_received_bit": "0", "busy_bit": "0", "subsystem_flag_bit": "0", "dynamic_bus_control_accpt_bit": "0", "terminal_flag_bit": "1", "parity_bit": "1", "fake": false}], [73399, {"py/object": "odf.components.Command", "address": 8, "tr": 0, "sub_address": 2, "dword_count": 8, "parity": 0, "fake": false}], [73452, {"py/object": "odf.components.Command", "address": 7, "tr": 1, "sub_address": 2, "dword_count": 8, "parity": 0, "fake": false}], [73486, {"py/object": "odf.components.Data", "data": {"py/b64": "4qM="}, "fake": false}], [73559, {"py/object": "odf.components.Data", "data": {"py/b64": "d0M="}, "fake": false}], [73626, {"py/object": "odf.components.Data", "data": {"py/b64": "6bI="}, "fake": false}], [73694, {"py/object": "odf.components.Data", "data": {"py/b64": "0UM="}, "fake": false}], [73757, {"py/object": "odf.components.Data", "data": {"py/b64": "7iw="}, "fake": false}], [73823, {"py/object": "odf.components.Data", "data": {"py/b64": "gsM="}, "fake": false}], [73887, {"py/object": "odf.components.Data", "data": {"py/b64": "8N0="}, "fake": false}], [73971, {"py/object": "odf.components.Data", "data": {"py/b64": "CUI="}, "fake": false}], [74066, {"py/object": "odf.components.Data", "data": {"py/b64": "f9w="}, "fake": false}], [74151, {"py/object": "odf.components.Status", "address": 8, "message_error_bit": "0", "instrumentation_bit": "0", "service_request_bit": "0", "reserved_bits": "000", "brdcst_received_bit": "0", "busy_bit": "0", "subsystem_flag_bit": "0", "dynamic_bus_control_accpt_bit": "0", "terminal_flag_bit": "1", "parity_bit": "0", "fake": true}], [74314, {"py/object": "odf.components.Status", "address": 4, "message_error_bit": "0", "instrumentation_bit": "0", "service_request_bit": "0", "reserved_bits": "000", "brdcst_received_bit": "0", "busy_bit": "0", "subsystem_flag_bit": "0", "dynamic_bus_control_accpt_bit": "0", "terminal_flag_bit": "1", "parity_bit": "1", "fake": false}], [74407, {"py/object": "odf.components.Data", "data": {"py/b64": "o8M="}, "fake": false}], [74445, {"py/object": "odf.components.Command", "address": 10, "tr": 0, "sub_address": 2, "dword_count": 12, "parity": 0, "fake": false}], [74503, {"py/object": "odf.components.Command", "address": 9, "tr": 1, "sub_address": 2, "dword_count": 12, "parity": 0, "fake": false}], [74522, {"py/object": "odf.components.Data", "data": {"py/b64": "lpc="}, "fake": false}], [74575, {"py/object": "odf.components.Data", "data": {"py/b64": "OEE="}, "fake": false}], [74642, {"py/object": "odf.components.Data", "data": {"py/b64": "+o8="}, "fake": false}], [74712, {"py/object": "odf.components.Data", "data": {"py/b64": "kj4="}, "fake": false}], [74770, {"py/object": "odf.components.Data", "data": {"py/b64": "p4s="}, "fake": false}], [74834, {"py/object": "odf.components.Data", "data": {"py/b64": "HME="}, "fake": false}], [74901, {"py/object": "odf.components.Data", "data": {"py/b64": "JKY="}, "fake": false}], [74974, {"py/object": "odf.components.Data", "data": {"py/b64": "t8A="}, "fake": false}], [75047, {"py/object": "odf.components.Data", "data": {"py/b64": "R0M="}, "fake": false}], [75113, {"py/object": "odf.components.Data", "data": {"py/b64": "AcE="}, "fake": false}], [75182, {"py/object": "odf.components.Data", "data": {"py/b64": "hrQ="}, "fake": false}], [75262, {"py/object": "odf.components.Data", "data": {"py/b64": "0UM="}, "fake": false}], [75349, {"py/object": "odf.components.Data", "data": {"py/b64": "eAo="}, "fake": false}], [75420, {"py/object": "odf.components.Status", "address": 10, "message_error_bit": "0", "instrumentation_bit": "0", "service_request_bit": "0", "reserved_bits": "000", "brdcst_received_bit": "0", "busy_bit": "0", "subsystem_flag_bit": "0", "dynamic_bus_control_accpt_bit": "0", "terminal_flag_bit": "1", "parity_bit": "0", "fake": true}], [75508, {"py/object": "odf.components.Data", "data": {"py/b64": "XsE="}, "fake": false}], [75630, {"py/object": "odf.components.Status", "address": 7, "message_error_bit": "0", "instrumentation_bit": "0", "service_request_bit": "0", "reserved_bits": "000", "brdcst_received_bit": "0", "busy_bit": "0", "subsystem_flag_bit": "0", "dynamic_bus_control_accpt_bit": "0", "terminal_flag_bit": "1", "parity_bit": "1", "fake": false}], [75696, {"py/object": "odf.components.Command", "address": 12, "tr": 0, "sub_address": 2, "dword_count": 16, "parity": 0, "fake": false}], [75787, {"py/object": "odf.components.Command", "address": 11, "tr": 1, "sub_address": 2, "dword_count": 16, "parity": 0, "fake": false}], [75821, {"py/object": "odf.components.Data", "data": {"py/b64": "f/U="}, "fake": false}], [75897, {"py/object": "odf.components.Data", "data": {"py/b64": "OIk="}, "fake": false}], [75938, {"py/object": "odf.components.Data", "data": {"py/b64": "4UA="}, "fake": false}], [75970, {"py/object": "odf.components.Data", "data": {"py/b64": "170="}, "fake": false}], [76057, {"py/object": "odf.components.Data", "data": {"py/b64": "NnY="}, "fake": false}], [76085, {"py/object": "odf.components.Data", "data": {"py/b64": "QLE="}, "fake": false}], [76181, {"py/object": "odf.components.Data", "data": {"py/b64": "5j4="}, "fake": false}], [76209, {"py/object": "odf.components.Data", "data": {"py/b64": "1T4="}, "fake": false}], [76266, {"py/object": "odf.components.Data", "data": {"py/b64": "wBs="}, "fake": false}], [76358, {"py/object": "odf.components.Status", "address": 6, "message_error_bit": "0", "instrumentation_bit": "0", "service_request_bit": "0", "reserved_bits": "000", "brdcst_received_bit": "0", "busy_bit": "0", "subsystem_flag_bit": "0", "dynamic_bus_control_accpt_bit": "0", "terminal_flag_bit": "1", "parity_bit": "1", "fake": false}], [76402, {"py/object": "odf.components.Data", "data": {"py/b64": "2Dw="}, "fake": false}], [76475, {"py/object": "odf.components.Data", "data": {"py/b64": "KhI="}, "fake": false}], [76623, {"py/object": "odf.components.Status", "address": 9, "message_error_bit": "0", "instrumentation_bit": "0", "service_request_bit": "0", "reserved_bits": "000", "brdcst_received_bit": "0", "busy_bit": "0", "subsystem_flag_bit": "0", "dynamic_bus_control_accpt_bit": "0", "terminal_flag_bit": "1", "parity_bit": "1", "fake": false}], [76800, {"py/object": "odf.components.Command", "address": 1, "tr": 0, "sub_address": 2, "dword_count": 4, "parity": 0, "fake": false}], [76883, {"py/object": "odf.components.Data", "data": {"py/b64": "AAA="}, "fake": false}], [76925, {"py/object": "odf.components.Data", "data": {"py/b64": "mTk="}, "fake": false}], [76956, {"py/object": "odf.components.Data", "data": {"py/b64": "AAA="}, "fake": false}], [77017, {"py/object": "odf.components.Data", "data": {"py/b64": "AAA="}, "fake": false}], [77049, {"py/object": "odf.components.Data", "data": {"py/b64": "AAA="}, "fake": false}], [77159, {"py/object": "odf.components.Data", "data": {"py/b64": "464="}, "fake": false}], [77342, {"py/object": "odf.components.Data", "data": {"py/b64": "B0I="}, "fake": false}], [77429, {"py/object": "odf.components.Status", "address": 1, "message_error_bit": "0", "instrumentation_bit": "0", "service_request_bit": "0", "reserved_bits": "000", "brdcst_received_bit": "0", "busy_bit": "0", "subsystem_flag_bit": "0", "dynamic_bus_control_accpt_bit": "0", "terminal_flag_bit": "1", "parity_bit": "0", "fake": true}], [77506, {"py/object": "odf.components.Data", "data": {"py/b64": "1uo="}, "fake": false}], [77534, {"py/object": "odf.components.Command", "address": 31, "tr": 0, "sub_address": 2, "dword_count": 1, "parity": 0, "fake": false}], [77600, {"py/object": "odf.components.Data", "data": {"py/b64": "//8="}, "fake": false}], [77628, {"py/object": "odf.components.Command", "address": 4, "tr": 0, "sub_address": 2, "dword_count": 18, "parity": 0, "fake": false}], [77655, {"py/object": "odf.components.Command", "address": 3, "tr": 1, "sub_address": 2, "dword_count": 18, "parity": 0, "fake": false}], [77717, {"py/object": "odf.components.Data", "data": {"py/b64": "7MI="}, "fake": false}], [77778, {"py/object": "odf.components.Data", "data": {"py/b64": "Npo="}, "fake": false}], [77857, {"py/object": "odf.components.Data", "data": {"py/b64": "/UM="}, "fake": false}], [77891, {"py/object": "odf.components.Status", "address": 11, "message_error_bit": "0", "instrumentation_bit": "0", "service_request_bit": "0", "reserved_bits": "000", "brdcst_received_bit": "0", "busy_bit": "0", "subsystem_flag_bit": "0", "dynamic_bus_control_accpt_bit": "0", "terminal_flag_bit": "1", "parity_bit": "1", "fake": false}], [77956, {"py/object": "odf.components.Data", "data": {"py/b64": "xq4="}, "fake": false}], [78001, {"py/object": "odf.components.Data", "data": {"py/b64": "dvw="}, "fake": false}], [78062, {"py/object": "odf.components.Data", "data": {"py/b64": "B0I="}, "fake": false}], [78122, {"py/object": "odf.components.Data", "data": {"py/b64": "Ezs="}, "fake": false}], [78156, {"py/object": "odf.components.Data", "data": {"py/b64": "5Oo="}, "fake": false}], [78226, {"py/object": "odf.components.Data", "data": {"py/b64": "4Nc="}, "fake": false}], [78274, {"py/object": "odf.components.Data", "data": {"py/b64": "7MI="}, "fake": false}], [78395, {"py/object": "odf.components.Data", "data": {"py/b64": "OEE="}, "fake": false}], [78428, {"py/object": "odf.components.Data", "data": {"py/b64": "nnM="}, "fake": false}], [78542, {"py/object": "odf.components.Data", "data": {"py/b64": "mrI="}, "fake": false}], [78574, {"py/object": "odf.components.Data", "data": {"py/b64": "0EQ="}, "fake": false}], [78647, {"py/object": "odf.components.Data", "data": {"py/b64": "4EE="}, "fake": false}], [78727, {"py/object": "odf.components.Data", "data": {"py/b64": "Pfc="}, "fake": false}], [78795, {"py/object": "odf.components.Data", "data": {"py/b64": "okA="}, "fake": false}], [78995, {"py/object": "odf.components.Status", "address": 1, "message_error_bit": "0", "instrumentation_bit": "0", "service_request_bit": "0", "reserved_bits": "000", "brdcst_received_bit": "0", "busy_bit": "0", "subsystem_flag_bit": "0", "dynamic_bus_control_accpt_bit": "0", "terminal_flag_bit": "1", "parity_bit": "1", "fake": false}], [79123, {"py/object": "odf.components.Data", "data": {"py/b64": "cJE="}, "fake": false}], [79175, {"py/object": "odf.components.Command", "address": 6, "tr": 0, "sub_address": 2, "dword_count": 28, "parity": 0, "fake": false}], [79244, {"py/object": "odf.components.Command", "address": 5, "tr": 1, "sub_address": 2, "dword_count": 28, "parity": 0, "fake": false}], [79276, {"py/object": "odf.components.Status", "address": 12, "message_error_bit": "0", "instrumentation_bit": "0", "service_request_bit": "0", "reserved_bits": "000", "brdcst_received_bit": "0", "busy_bit": "0", "subsystem_flag_bit": "0", "dynamic_bus_control_accpt_bit": "0", "terminal_flag_bit": "1", "parity_bit": "1", "fake": false}], [79338, {"py/object": "odf.components.Data", "data": {"py/b64": "J0A="}, "fake": false}], [79361, {"py/object": "odf.components.Data", "data": {"py/b64": "/b8="}, "fake": false}], [79428, {"py/object": "odf.components.Data", "data": {"py/b64": "sz0="}, "fake": false}], [79507, {"py/object": "odf.components.Data", "data": {"py/b64": "RbU="}, "fake": false}], [79670, {"py/object": "odf.components.Status", "address": 3, "message_error_bit": "0", "instrumentation_bit": "0", "service_request_bit": "0", "reserved_bits": "000", "brdcst_received_bit": "0", "busy_bit": "0", "subsystem_flag_bit": "0", "dynamic_bus_control_accpt_bit": "0", "terminal_flag_bit": "1", "parity_bit": "1", "fake": false}], [79761, {"py/object": "odf.components.Command", "address": 8, "tr": 0, "sub_address": 2, "dword_count": 8, "parity": 0, "fake": false}], [79821, {"py/object": "odf.components.Data", "data": {"py/b64": "zz0="}, "fake": false}], [79920, {"py/object": "odf.components.Command", "address": 7, "tr": 1, "sub_address": 2, "dword_count": 8, "parity": 0, "fake": false}], [79956, {"py/object": "odf.components.Data", "data": {"py/b64": "kgk="}, "fake": false}], [80051, {"py/object": "odf.components.Data", "data": {"py/b64": "IqM="}, "fake": false}], [80093, {"py/object": "odf.components.Data", "data": {"py/b64": "ekM="}, "fake": false}], [80129, {"py/object": "odf.components.Data", "data": {"py/b64": "n0E="}, "fake": false}], [80167, {"py/object": "odf.components.Data", "data": {"py/b64": "4SI="}, "fake": false}], [80232, {"py/object": "odf.components.Data", "data": {"py/b64": "AEU="}, "fake": false}], [80305, {"py/object": "odf.components.Data", "data": {"py/b64": "pXc="}, "fake": false}], [80392, {"py/object": "odf.components.Data", "data": {"py/b64": "3EQ="}, "fake": false}], [80467, {"py/object": "odf.components.Status", "address": 8, "message_error_bit": "0", "instrumentation_bit": "0", "service_request_bit": "0", "reserved_bits": "000", "brdcst_received_bit": "0", "busy_bit": "0", "subsystem_flag_bit": "0", "dynamic_bus_control_accpt_bit": "0", "terminal_flag_bit": "1", "parity_bit": "0", "fake": true}], [80527, {"py/object": "odf.components.Data", "data": {"py/b64": "3Hg="}, "fake": false}], [80599, {"py/object": "odf.components.Data", "data": {"py/b64": "JkM="}, "fake": false}], [80675, {"py/object": "odf.components.Data", "data": {"py/b64": "trU="}, "fake": false}], [80750, {"py/object": "odf.components.Data", "data": {"py/b64": "WEA="}, "fake": false}], [80833, {"py/object": "odf.components.Data", "data": {"py/b64": "UKQ="}, "fake": false}], [80912, {"py/object": "odf.components.Data", "data": {"py/b64": "WEA="}, "fake": false}], [80999, {"py/object": "odf.components.Data", "data": {"py/b64": "WsI="}, "fake": false}], [81189, {"py/object": "odf.components.Status", "address": 4, "message_error_bit": "0", "instrumentation_bit": "0", "service_request_bit": "0", "reserved_bits": "000", "brdcst_received_bit": "0", "busy_bit": "0", "subsystem_flag_bit": "0", "dynamic_bus_control_accpt_bit": "0", "terminal_flag_bit": "1", "parity_bit": "1", "fake": false}], [81292, {"py/object": "odf.components.Command", "address": 10, "tr": 0, "sub_address": 2, "dword_count": 12, "parity": 0, "fake": false}], [81380, {"py/object": "odf.components.Command", "address": 9, "tr": 1, "sub_address": 2, "dword_count": 12, "parity": 0, "fake": false}], [81457, {"py/object": "odf.components.Data", "data": {"py/b64": "QkA="}, "fake": false}], [81538, {"py/object": "odf.components.Status", "address": 5, "message_error_bit": "0", "instrumentation_bit": "0", "service_request_bit": "0", "reserved_bits": "000", "brdcst_received_bit": "0", "busy_bit": "0", "subsystem_flag_bit": "0", "dynamic_bus_control_accpt_bit": "0", "terminal_flag_bit": "1", "parity_bit": "1", "fake": false}], [81598, {"py/object": "odf.components.Data", "data": {"py/b64": "+QU="}, "fake": false}], [81648, {"py/object": "odf.components.Data", "data": {"py/b64": "WMs="}, "fake": false}], [81711, {"py/object": "odf.components.Data", "data": {"py/b64": "1UM="}, "fake": false}], [81787, {"py/object": "odf.components.Data", "data": {"py/b64": "eUM="}, "fake": false}], [81872, {"py/object": "odf.components.Data", "data": {"py/b64": "tww="}, "fake": false}], [82017, {"py/object": "odf.components.Data", "data": {"py/b64": "xII="}, "fake": false}], [82168, {"py/object": "odf.components.Status", "address": 7, "message_error_bit": "0", "instrumentation_bit": "0", "service_request_bit": "0", "reserved_bits": "000", "brdcst_received_bit": "0", "busy_bit": "0", "subsystem_flag_bit": "0", "dynamic_bus_control_accpt_bit": "0", "terminal_flag_bit": "1", "parity_bit": "1", "fake": false}], [82246, {"py/object": "odf.components.Data", "data": {"py/b64": "OkQ="}, "fake": false}], [82324, {"py/object": "odf.components.Command", "address": 12, "tr": 0, "sub_address": 2, "dword_count": 16, "parity": 0, "fake": false}], [82401, {"py/object": "odf.components.Command", "address": 11, "tr": 1, "sub_address": 2, "dword_count": 16, "parity": 0, "fake": false}], [82476, {"py/object": "odf.components.Data", "data": {"py/b64": "00M="}, "fake": false}], [82547, {"py/object": "odf.components.Data", "data": {"py/b64": "aAw="}, "fake": false}], [82598, {"py/object": "odf.components.Data", "data": {"py/b64": "Ecg="}, "fake": false}], [82667, {"py/object": "odf.components.Data", "data": {"py/b64": "170="}, "fake": false}], [82740, {"py/object": "odf.components.Data", "data": {"py/b64": "HcM="}, "fake": false}], [82811, {"py/object": "odf.components.Data", "data": {"py/b64": "Kco="}, "fake": false}], [82894, {"py/object": "odf.components.Data", "data": {"py/b64": "tK8="}, "fake": false}], [82970, {"py/object": "odf.components.Data", "data": {"py/b64": "5D4="}, "fake": false}], [83032, {"py/object": "odf.components.Data", "data": {"py/b64": "CUI="}, "fake": false}], [83093, {"py/object": "odf.components.Data", "data": {"py/b64": "6eo="}, "fake": false}], [83147, {"py/object": "odf.components.Data", "data": {"py/b64": "/rA="}, "fake": false}], [83218, {"py/object": "odf.components.Data", "data": {"py/b64": "1zw="}, "fake": false}], [83286, {"py/object": "odf.components.Data", "data": {"py/b64": "w8M="}, "fake": false}], [83344, {"py/object": "odf.components.Data", "data": {"py/b64": "CHs="}, "fake": false}], [83449, {"py/object": "odf.components.Data", "data": {"py/b64": "yww="}, "fake": false}], [83521, {"py/object": "odf.components.Status", "address": 9, "message_error_bit": "0", "instrumentation_bit": "0", "service_request_bit": "0", "reserved_bits": "000", "brdcst_received_bit": "0", "busy_bit": "0", "subsystem_flag_bit": "0", "dynamic_bus_control_accpt_bit": "0", "terminal_flag_bit": "1", "parity_bit": "1", "fake": false}], [83614, {"py/object": "odf.components.Data", "data": {"py/b64": "Tzg="}, "fake": false}], [83669, {"py/object": "odf.components.Data", "data": {"py/b64": "XEE="}, "fake": false}], [83728, {"py/object": "odf.components.Data", "data": {"py/b64": "caY="}, "fake": false}], [83932, {"py/object": "odf.components.Status", "address": 12, "message_error_bit": "0", "instrumentation_bit": "0", "service_request_bit": "0", "reserved_bits": "000", "brdcst_received_bit": "0", "busy_bit": "0", "subsystem_flag_bit": "0", "dynamic_bus_control_accpt_bit": "0", "terminal_flag_bit": "1", "parity_bit": "0", "fake": true}], [84120, {"py/object": "odf.components.Data", "data": {"py/b64": "k0M="}, "fake": false}], [84320, {"py/object": "odf.components.Data", "data": {"py/b64": "B0I="}, "fake": false}], [84537, {"py/object": "odf.components.Command", "address": 1, "tr": 0, "sub_address": 2, "dword_count": 4, "parity": 0, "fake": false}], [84685, {"py/object": "odf.components.Data", "data": {"py/b64": "AAA="}, "fake": false}], [84887, {"py/object": "odf.components.Data", "data": {"py/b64": "AAA="}, "fake": false}], [85027, {"py/object": "odf.components.Data", "data": {"py/b64": "AAA="}, "fake": false}], [85145, {"py/object": "odf.components.Data", "data": {"py/b64": "AAA="}, "fake": false}], [85268, {"py/object": "odf.components.Status", "address": 6, "message_error_bit": "0", "instrumentation_bit": "0", "service_request_bit": "0", "reserved_bits": "000", "brdcst_received_bit": "0", "busy_bit": "0", "subsystem_flag_bit": "0", "dynamic_bus_control_accpt_bit": "0", "terminal_flag_bit": "1", "parity_bit": "1", "fake": false}], [85357, {"py/object": "odf.components.Data", "data": {"py/b64": "ML8="}, "fake": false}], [85461, {"py/object": "odf.components.Command", "address": 31, "tr": 0, "sub_address": 2, "dword_count": 1, "parity": 0, "fake": false}], [85549, {"py/object": "odf.components.Data", "data": {"py/b64": "N+0="}, "fake": false}], [85697, {"py/object": "odf.components.Data", "data": {"py/b64": "//8="}, "fake": false}], [85883, {"py/object": "odf.components.Command", "address": 4, "tr": 0, "sub_address": 2, "dword_count": 18, "parity": 0, "fake": false}], [85968, {"py/object": "odf.components.Command", "address": 3, "tr": 1, "sub_address": 2, "dword_count": 18, "parity": 0, "fake": false}], [86087, {"py/object": "odf.components.Status", "address": 11, "message_error_bit": "0", "instrumentation_bit": "0", "service_request_bit": "0", "reserved_bits": "000", "brdcst_received_bit": "0", "busy_bit": "0", "subsystem_flag_bit": "0", "dynamic_bus_control_accpt_bit": "0", "terminal_flag_bit": "1", "parity_bit": "1", "fake": false}], [86177, {"py/object": "odf.components.Data", "data": {"py/b64": "2+w="}, "fake": false}], [86296, {"py/object": "odf.components.Data", "data": {"py/b64": "7MI="}, "fake": false}], [86440, {"py/object": "odf.components.Status", "address": 10, "message_error_bit": "0", "instrumentation_bit": "0", "service_request_bit": "0", "reserved_bits": "000", "brdcst_received_bit": "0", "busy_bit": "0", "subsystem_flag_bit": "0", "dynamic_bus_control_accpt_bit": "0", "terminal_flag_bit": "1", "parity_bit": "1", "fake": false}], [86507, {"py/object": "odf.components.Command", "address": 6, "tr": 0, "sub_address": 2, "dword_count": 28, "parity": 0, "fake": false}], [86628, {"py/object": "odf.components.Command", "address": 5, "tr": 1, "sub_address": 2, "dword_count": 28, "parity": 0, "fake": false}], [86705, {"py/object": "odf.components.Data", "data": {"py/b64": "jh4="}, "fake": false}], [86799, {"py/object": "odf.components.Data", "data": {"py/b64": "00g="}, "fake": false}], [86893, {"py/object": "odf.components.Data", "data": {"py/b64": "vcA="}, "fake": false}], [86959, {"py/object": "odf.components.Status", "address": 1, "message_error_bit": "0", "instrumentation_bit": "0", "service_request_bit": "0", "reserved_bits": "000", "brdcst_received_bit": "0", "busy_bit": "0", "subsystem_flag_bit": "0", "dynamic_bus_control_accpt_bit": "0", "terminal_flag_bit": "1", "parity_bit": "0", "fake": true}], [87072, {"py/object": "odf.components.Data", "data": {"py/b64": "Ezs="}, "fake": false}], [87269, {"py/object": "odf.components.Data", "data": {"py/b64": "F14="}, "fake": false}], [87404, {"py/object": "odf.components.Data", "data": {"py/b64": "E0Q="}, "fake": false}], [87529, {"py/object": "odf.components.Data", "data": {"py/b64": "oIY="}, "fake": false}], [87642, {"py/object": "odf.components.Data", "data": {"py/b64": "VaY="}, "fake": false}], [87714, {"py/object": "odf.components.Data", "data": {"py/b64": "4MA="}, "fake": false}], [87903, {"py/object": "odf.components.Status", "address": 12, "message_error_bit": "0", "instrumentation_bit": "0", "service_request_bit": "0", "reserved_bits": "000", "brdcst_received_bit": "0", "busy_bit": "0", "subsystem_flag_bit": "0", "dynamic_bus_control_accpt_bit": "0", "terminal_flag_bit": "1", "parity_bit": "1", "fake": false}], [88026, {"py/object": "odf.components.Command", "address": 8, "tr": 0, "sub_address": 2, "dword_count": 8, "parity": 0, "fake": false}], [88152, {"py/object": "odf.components.Command", "address": 7, "tr": 1, "sub_address": 2, "dword_count": 8, "parity": 0, "fake": false}], [88380, {"py/object": "odf.components.Data", "data": {"py/b64": "MkE="}, "fake": false}], [88513, {"py/object": "odf.components.Data", "data": {"py/b64": "B0I="}, "fake": false}], [88742, {"py/object": "odf.components.Data", "data": {"py/b64": "PEo="}, "fake": false}], [88884, {"py/object": "odf.components.Data", "data": {"py/b64": "jBA="}, "fake": false}], [89000, {"py/object": "odf.components.Data", "data": {"py/b64": "+8A="}, "fake": false}], [89130, {"py/object": "odf.components.Data", "data": {"py/b64": "PO0="}, "fake": false}], [89185, {"py/object": "odf.components.Status", "address": 1, "message_error_bit": "0", "instrumentation_bit": "0", "service_request_bit": "0", "reserved_bits": "000", "brdcst_received_bit": "0", "busy_bit": "0", "subsystem_flag_bit": "0", "dynamic_bus_control_accpt_bit": "0", "terminal_flag_bit": "1", "parity_bit": "1", "fake": false}], [89348, {"py/object": "odf.components.Data", "data": {"py/b64": "30E="}, "fake": false}], [89438, {"py/object": "odf.components.Data", "data": {"py/b64": "44M="}, "fake": false}], [89577, {"py/object": "odf.components.Data", "data": {"py/b64": "7MI="}, "fake": false}], [89757, {"py/object": "odf.components.Data", "data": {"py/b64": "6Nw="}, "fake": false}], [90009, {"py/object": "odf.components.Data", "data": {"py/b64": "00M="}, "fake": false}], [90268, {"py/object": "odf.components.Data", "data": {"py/b64": "pSY="}, "fake": false}], [90469, {"py/object": "odf.components.Data", "data": {"py/b64": "oEA="}, "fake": false}], [90688, {"py/object": "odf.components.Data", "data": {"py/b64": "8kQ="}, "fake": false}], [90918, {"py/object": "odf.components.Data", "data": {"py/b64": "tnw="}, "fake": false}], [91116, {"py/object": "odf.components.Data", "data": {"py/b64": "vdY="}, "fake": false}], [91307, {"py/object": "odf.components.Status", "address": 3, "message_error_bit": "0", "instrumentation_bit": "0", "service_request_bit": "0", "reserved_bits": "000", "brdcst_received_bit": "0", "busy_bit": "0", "subsystem_flag_bit": "0", "dynamic_bus_control_accpt_bit": "0", "terminal_flag_bit": "1", "parity_bit": "1", "fake": false}], [91437, {"py/object": "odf.components.Status", "address": 5, "message_error_bit": "0", "instrumentation_bit": "0", "service_request_bit": "0", "reserved_bits": "000", "brdcst_received_bit": "0", "busy_bit": "0", "subsystem_flag_bit": "0", "dynamic_bus_control_accpt_bit": "0", "terminal_flag_bit": "1", "parity_bit": "1", "fake": false}], [91617, {"py/object": "odf.components.Command", "address": 10, "tr": 0, "sub_address": 2, "dword_count": 12, "parity": 0, "fake": false}], [91784, {"py/object": "odf.components.Command", "address": 9, "tr": 1, "sub_address": 2, "dword_count": 12, "parity": 0, "fake": false}], [91930, {"py/object": "odf.components.Data", "data": {"py/b64": "YME="}, "fake": false}], [92102, {"py/object": "odf.components.Data", "data": {"py/b64": "IUA="}, "fake": false}], [92186, {"py/object": "odf.components.Data", "data": {"py/b64": "w5w="}, "fake": false}], [92321, {"py/object": "odf.components.Data", "data": {"py/b64": "wYQ="}, "fake": false}], [92543, {"py/object": "odf.components.Data", "data": {"py/b64": "eTI="}, "fake": false}], [92714, {"py/object": "odf.components.Data", "data": {"py/b64": "oWc="}, "fake": false}], [92858, {"py/object": "odf.components.Data", "data": {"py/b64": "eUM="}, "fake": false}], [92985, {"py/object": "odf.components.Data", "data": {"py/b64": "e0M="}, "fake": false}], [93125, {"py/object": "odf.components.Status", "address": 8, "message_error_bit": "0", "instrumentation_bit": "0", "service_request_bit": "0", "reserved_bits": "000", "brdcst_received_bit": "0", "busy_bit": "0", "subsystem_flag_bit": "0", "dynamic_bus_control_accpt_bit": "0", "terminal_flag_bit": "1", "parity_bit": "0", "fake": true}], [93326, {"py/object": "odf.components.Data", "data": {"py/b64": "xkA="}, "fake": false}], [93510, {"py/object": "odf.components.Data", "data": {"py/b64": "4fc="}, "fake": false}], [93711, {"py/object": "odf.components.Data", "data": {"py/b64": "ULs="}, "fake": false}], [93907, {"py/object": "odf.components.Data", "data": {"py/b64": "w/Y="}, "fake": false}], [94131, {"py/object": "odf.components.Status", "address": 7, "message_error_bit": "0", "instrumentation_bit": "0", "service_request_bit": "0", "reserved_bits": "000", "brdcst_received_bit": "0", "busy_bit": "0", "subsystem_flag_bit": "0", "dynamic_bus_control_accpt_bit": "0", "terminal_flag_bit": "1", "parity_bit": "1", "fake": false}], [94334, {"py/object": "odf.components.Command", "address": 12, "tr": 0, "sub_address": 2, "dword_count": 16, "parity": 0, "fake": false}], [94523, {"py/object": "odf.components.Command", "address": 11, "tr": 1, "sub_address": 2, "dword_count": 16, "parity": 0, "fake": false}], [94673, {"py/object": "odf.components.Data", "data": {"py/b64": "rrM="}, "fake": false}], [94765, {"py/object": "odf.components.Data", "data": {"py/b64": "x/I="}, "fake": false}], [94969, {"py/object": "odf.components.Data", "data": {"py/b64": "bw8="}, "fake": false}], [95200, {"py/object": "odf.components.Data", "data": {"py/b64": "/0Q="}, "fake": false}], [95389, {"py/object": "odf.components.Data", "data": {"py/b64": "1EM="}, "fake": false}], [95610, {"py/object": "odf.components.Status", "address": 4, "message_error_bit": "0", "instrumentation_bit": "0", "service_request_bit": "0", "reserved_bits": "000", "brdcst_received_bit": "0", "busy_bit": "0", "subsystem_flag_bit": "0", "dynamic_bus_control_accpt_bit": "0", "terminal_flag_bit": "1", "parity_bit": "1", "fake": false}], [95860, {"py/object": "odf.components.Data", "data": {"py/b64": "sj4="}, "fake": false}], [96073, {"py/object": "odf.components.Data", "data": {"py/b64": "y7o="}, "fake": false}], [96261, {"py/object": "odf.components.Data", "data": {"py/b64": "170="}, "fake": false}], [96501, {"py/object": "odf.components.Data", "data": {"py/b64": "ED0="}, "fake": false}], [96752, {"py/object": "odf.components.Data", "data": {"py/b64": "PKk="}, "fake": false}], [97001, {"py/object": "odf.components.Data", "data": {"py/b64": "ksI="}, "fake": false}], [97243, {"py/object": "odf.components.Data", "data": {"py/b64": "5rU="}, "fake": false}], [97463, {"py/object": "odf.components.Data", "data": {"py/b64": "Eg4="}, "fake": false}], [97695, {"py/object": "odf.components.Data", "data": {"py/b64": "9UQ="}, "fake": false}], [97947, {"py/object": "odf.components.Data", "data": {"py/b64": "nEE="}, "fake": false}], [98203, {"py/object": "odf.components.Data", "data": {"py/b64": "s5M="}, "fake": false}], [98398, {"py/object": "odf.components.Data", "data": {"py/b64": "5D4="}, "fake": false}], [98602, {"py/object": "odf.components.Data", "data": {"py/b64": "nQ4="}, "fake": false}], [98828, {"py/object": "odf.components.Status", "address": 9, "message_error_bit": "0", "instrumentation_bit": "0", "service_request_bit": "0", "reserved_bits": "000", "brdcst_received_bit": "0", "busy_bit": "0", "subsystem_flag_bit": "0", "dynamic_bus_control_accpt_bit": "0", "terminal_flag_bit": "1", "parity_bit": "1", "fake": false}], [99058, {"py/object": "odf.components.Command", "address": 1, "tr": 0, "sub_address": 2, "dword_count": 4, "parity": 0, "fake": false}], [99296, {"py/object": "odf.components.Status", "address": 6, "message_error_bit": "0", "instrumentation_bit": "0", "service_request_bit": "0", "reserved_bits": "000", "brdcst_received_bit": "0", "busy_bit": "0", "subsystem_flag_bit": "0", "dynamic_bus_control_accpt_bit": "0", "terminal_flag_bit": "1", "parity_bit": "1", "fake": false}], [99527, {"py/object": "odf.components.Data", "data": {"py/b64": "AAA="}, "fake": false}], [99753, {"py/object": "odf.components.Data", "data": {"py/b64": "AAA="}, "fake": false}], [100051, {"py/object": "odf.components.Data", "data": {"py/b64": "AAA="}, "fake": false}], [100277, {"py/object": "odf.components.Data", "data": {"py/b64": "AAA="}, "fake": false}], [100515, {"py/object": "odf.components.Data", "data": {"py/b64": "GEM="}, "fake": false}], [100733, {"py/object": "odf.components.Data", "data": {"py/b64": "ckI="}, "fake": false}], [100988, {"py/object": "odf.components.Data", "data": {"py/b64": "CUI="}, "fake": false}], [101249, {"py/object": "odf.components.Command", "address": 31, "tr": 0, "sub_address": 2, "dword_count": 1, "parity": 0, "fake": false}], [101492, {"py/object": "odf.components.Data", "data": {"py/b64": "//8="}, "fake": false}], [101735, {"py/object": "odf.components.Status", "address": 10, "message_error_bit": "0", "instrumentation_bit": "0", "service_request_bit": "0", "reserved_bits": "000", "brdcst_received_bit": "0", "busy_bit": "0", "subsystem_flag_bit": "0", "dynamic_bus_control_accpt_bit": "0", "terminal_flag_bit": "1", "parity_bit": "0", "fake": true}], [101993, {"py/object": "odf.components.Command", "address": 4, "tr": 0, "sub_address": 2, "dword_count": 18, "parity": 0, "fake": false}], [102248, {"py/object": "odf.components.Data", "data": {"py/b64": "p58="}, "fake": false}], [102536, {"py/object": "odf.components.Command", "address": 3, "tr": 1, "sub_address": 2, "dword_count": 18, "parity": 0, "fake": false}], [102835, {"py/object": "odf.components.Data", "data": {"py/b64": "YjM="}, "fake": false}], [103130, {"py/object": "odf.components.Data", "data": {"py/b64": "4Dw="}, "fake": false}], [103386, {"py/object": "odf.components.Data", "data": {"py/b64": "0jA="}, "fake": false}], [103642, {"py/object": "odf.components.Status", "address": 10, "message_error_bit": "0", "instrumentation_bit": "0", "service_request_bit": "0", "reserved_bits": "000", "brdcst_received_bit": "0", "busy_bit": "0", "subsystem_flag_bit": "0", "dynamic_bus_control_accpt_bit": "0", "terminal_flag_bit": "1", "parity_bit": "1", "fake": false}], [103865, {"py/object": "odf.components.Data", "data": {"py/b64": "B0I="}, "fake": false}], [104110, {"py/object": "odf.components.Status", "address": 11, "message_error_bit": "0", "instrumentation_bit": "0", "service_request_bit": "0", "reserved_bits": "000", "brdcst_received_bit": "0", "busy_bit": "0", "subsystem_flag_bit": "0", "dynamic_bus_control_accpt_bit": "0", "terminal_flag_bit": "1", "parity_bit": "1", "fake": false}], [104378, {"py/object": "odf.components.Command", "address": 6, "tr": 0, "sub_address": 2, "dword_count": 28, "parity": 0, "fake": false}], [104676, {"py/object": "odf.components.Command", "address": 5, "tr": 1, "sub_address": 2, "dword_count": 28, "parity": 0, "fake": false}], [104948, {"py/object": "odf.components.Data", "data": {"py/b64": "S0A="}, "fake": false}], [105172, {"py/object": "odf.components.Data", "data": {"py/b64": "0cM="}, "fake": false}], [105403, {"py/object": "odf.components.Data", "data": {"py/b64": "RVo="}, "fake": false}], [105617, {"py/object": "odf.components.Data", "data": {"py/b64": "/u0="}, "fake": false}], [105824, {"py/object": "odf.components.Data", "data": {"py/b64": "2kg="}, "fake": false}], [106025, {"py/object": "odf.components.Data", "data": {"py/b64": "koQ="}, "fake": false}], [106270, {"py/object": "odf.components.Data", "data": {"py/b64": "Pxg="}, "fake": false}], [106520, {"py/object": "odf.components.Data", "data": {"py/b64": "0bo="}, "fake": false}], [106733, {"py/object": "odf.components.Data", "data": {"py/b64": "7MI="}, "fake": false}], [106961, {"py/object": "odf.components.Data", "data": {"py/b64": "Ejs="}, "fake": false}], [107183, {"py/object": "odf.components.Status", "address": 12, "message_error_bit": "0", "instrumentation_bit": "0", "service_request_bit": "0", "reserved_bits": "000", "brdcst_received_bit": "0", "busy_bit": "0", "subsystem_flag_bit": "0", "dynamic_bus_control_accpt_bit": "0", "terminal_flag_bit": "1", "parity_bit": "1", "fake": false}], [107389, {"py/object": "odf.components.Data", "data": {"py/b64": "eEE="}, "fake": false}], [107625, {"py/object": "odf.components.Data", "data": {"py/b64": "S0A="}, "fake": false}], [107918, {"py/object": "odf.components.Data", "data": {"py/b64": "5Y4="}, "fake": false}], [108153, {"py/object": "odf.components.Data", "data": {"py/b64": "AHs="}, "fake": false}], [108370, {"py/object": "odf.components.Data", "data": {"py/b64": "sa4="}, "fake": false}], [108611, {"py/object": "odf.components.Data", "data": {"py/b64": "drY="}, "fake": false}], [108824, {"py/object": "odf.components.Data", "data": {"py/b64": "IkQ="}, "fake": false}], [109057, {"py/object": "odf.components.Data", "data": {"py/b64": "LEE="}, "fake": false}], [109277, {"py/object": "odf.components.Status", "address": 1, "message_error_bit": "0", "instrumentation_bit": "0", "service_request_bit": "0", "reserved_bits": "000", "brdcst_received_bit": "0", "busy_bit": "0", "subsystem_flag_bit": "0", "dynamic_bus_control_accpt_bit": "0", "terminal_flag_bit": "1", "parity_bit": "1", "fake": false}], [109480, {"py/object": "odf.components.Command", "address": 8, "tr": 0, "sub_address": 2, "dword_count": 8, "parity": 0, "fake": false}], [109682, {"py/object": "odf.components.Command", "address": 7, "tr": 1, "sub_address": 2, "dword_count": 8, "parity": 0, "fake": false}], [109911, {"py/object": "odf.components.Status", "address": 12, "message_error_bit": "0", "instrumentation_bit": "0", "service_request_bit": "0", "reserved_bits": "000", "brdcst_received_bit": "0", "busy_bit": "0", "subsystem_flag_bit": "0", "dynamic_bus_control_accpt_bit": "0", "terminal_flag_bit": "1", "parity_bit": "0", "fake": true}], [110139, {"py/object": "odf.components.Data", "data": {"py/b64": "nb4="}, "fake": false}], [110343, {"py/object": "odf.components.Data", "data": {"py/b64": "QkA="}, "fake": false}], [110561, {"py/object": "odf.components.Data", "data": {"py/b64": "i58="}, "fake": false}], [110758, {"py/object": "odf.components.Data", "data": {"py/b64": "WW0="}, "fake": false}], [110986, {"py/object": "odf.components.Data", "data": {"py/b64": "YOw="}, "fake": false}], [111144, {"py/object": "odf.components.Data", "data": {"py/b64": "OBc="}, "fake": false}], [111383, {"py/object": "odf.components.Data", "data": {"py/b64": "B0I="}, "fake": false}], [111587, {"py/object": "odf.components.Data", "data": {"py/b64": "3UE="}, "fake": false}], [111845, {"py/object": "odf.components.Status", "address": 3, "message_error_bit": "0", "instrumentation_bit": "0", "service_request_bit": "0", "reserved_bits": "000", "brdcst_received_bit": "0", "busy_bit": "0", "subsystem_flag_bit": "0", "dynamic_bus_control_accpt_bit": "0", "terminal_flag_bit": "1", "parity_bit": "1", "fake": false}], [112122, {"py/object": "odf.components.Command", "address": 10, "tr": 0, "sub_address": 2, "dword_count": 12, "parity": 0, "fake": false}], [112333, {"py/object": "odf.components.Command", "address": 9, "tr": 1, "sub_address": 2, "dword_count": 12, "parity": 0, "fake": false}], [112565, {"py/object": "odf.components.Data", "data": {"py/b64": "1EM="}, "fake": false}], [112741, {"py/object": "odf.components.Data", "data": {"py/b64": "RsA="}, "fake": false}], [112973, {"py/object": "odf.components.Data", "data": {"py/b64": "AO4="}, "fake": false}], [113178, {"py/object": "odf.components.Data", "data": {"py/b64": "bAk="}, "fake": false}], [113415, {"py/object": "odf.components.Status", "address": 5, "message_error_bit": "0", "instrumentation_bit": "0", "service_request_bit": "0", "reserved_bits": "000", "brdcst_received_bit": "0", "busy_bit": "0", "subsystem_flag_bit": "0", "dynamic_bus_control_accpt_bit": "0", "terminal_flag_bit": "1", "parity_bit": "1", "fake": false}], [113654, {"py/object": "odf.components.Data", "data": {"py/b64": "zwc="}, "fake": false}], [113823, {"py/object": "odf.components.Data", "data": {"py/b64": "tww="}, "fake": false}], [114032, {"py/object": "odf.components.Data", "data": {"py/b64": "91E="}, "fake": false}], [114142, {"py/object": "odf.components.Status", "address": 1, "message_error_bit": "0", "instrumentation_bit": "0", "service_request_bit": "0", "reserved_bits": "000", "brdcst_received_bit": "0", "busy_bit": "0", "subsystem_flag_bit": "0", "dynamic_bus_control_accpt_bit": "0", "terminal_flag_bit": "1", "parity_bit": "0", "fake": true}], [114345, {"py/object": "odf.components.Command", "address": 12, "tr": 0, "sub_address": 2, "dword_count": 16, "parity": 0, "fake": false}], [114588, {"py/object": "odf.components.Command", "address": 11, "tr": 1, "sub_address": 2, "dword_count": 16, "parity": 0, "fake": false}], [114766, {"py/object": "odf.components.Data", "data": {"py/b64": "7MI="}, "fake": false}], [114936, {"py/object": "odf.components.Data", "data": {"py/b64": "n0A="}, "fake": false}], [115055, {"py/object": "odf.components.Data", "data": {"py/b64": "dEU="}, "fake": false}], [115246, {"py/object": "odf.components.Data", "data": {"py/b64": "ekM="}, "fake": false}], [115353, {"py/object": "odf.components.Data", "data": {"py/b64": "OkQ="}, "fake": false}], [115507, {"py/object": "odf.components.Data", "data": {"py/b64": "3cA="}, "fake": false}], [115665, {"py/object": "odf.components.Status", "address": 4, "message_error_bit": "0", "instrumentation_bit": "0", "service_request_bit": "0", "reserved_bits": "000", "brdcst_received_bit": "0", "busy_bit": "0", "subsystem_flag_bit": "0", "dynamic_bus_control_accpt_bit": "0", "terminal_flag_bit": "1", "parity_bit": "1", "fake": false}], [115906, {"py/object": "odf.components.Data", "data": {"py/b64": "p4w="}, "fake": false}], [116145, {"py/object": "odf.components.Data", "data": {"py/b64": "2LQ="}, "fake": false}], [116385, {"py/object": "odf.components.Data", "data": {"py/b64": "fUM="}, "fake": false}], [116599, {"py/object": "odf.components.Data", "data": {"py/b64": "sAM="}, "fake": false}], [116807, {"py/object": "odf.components.Data", "data": {"py/b64": "ajY="}, "fake": false}], [117021, {"py/object": "odf.components.Data", "data": {"py/b64": "BUU="}, "fake": false}], [117277, {"py/object": "odf.components.Data", "data": {"py/b64": "JUA="}, "fake": false}], [117476, {"py/object": "odf.components.Data", "data": {"py/b64": "rWs="}, "fake": false}], [117702, {"py/object": "odf.components.Data", "data": {"py/b64": "AEU="}, "fake": false}], [117878, {"py/object": "odf.components.Status", "address": 7, "message_error_bit": "0", "instrumentation_bit": "0", "service_request_bit": "0", "reserved_bits": "000", "brdcst_received_bit": "0", "busy_bit": "0", "subsystem_flag_bit": "0", "dynamic_bus_control_accpt_bit": "0", "terminal_flag_bit": "1", "parity_bit": "1", "fake": false}], [118074, {"py/object": "odf.components.Data", "data": {"py/b64": "AME="}, "fake": false}], [118229, {"py/object": "odf.components.Command", "address": 1, "tr": 0, "sub_address": 2, "dword_count": 4, "parity": 0, "fake": false}], [118393, {"py/object": "odf.components.Data", "data": {"py/b64": "AAA="}, "fake": false}], [118586, {"py/object": "odf.components.Data", "data": {"py/b64": "AAA="}, "fake": false}], [118719, {"py/object": "odf.components.Data", "data": {"py/b64": "AAA="}, "fake": false}], [118936, {"py/object": "odf.components.Data", "data": {"py/b64": "AAA="}, "fake": false}], [119145, {"py/object": "odf.components.Data", "data": {"py/b64": "1kM="}, "fake": false}], [119339, {"py/object": "odf.components.Data", "data": {"py/b64": "PtM="}, "fake": false}], [119556, {"py/object": "odf.components.Data", "data": {"py/b64": "GY0="}, "fake": false}], [119704, {"py/object": "odf.components.Status", "address": 8, "message_error_bit": "0", "instrumentation_bit": "0", "service_request_bit": "0", "reserved_bits": "000", "brdcst_received_bit": "0", "busy_bit": "0", "subsystem_flag_bit": "0", "dynamic_bus_control_accpt_bit": "0", "terminal_flag_bit": "1", "parity_bit": "1", "fake": false}], [119938, {"py/object": "odf.components.Command", "address": 31, "tr": 0, "sub_address": 2, "dword_count": 1, "parity": 0, "fake": false}], [120150, {"py/object": "odf.components.Data", "data": {"py/b64": "re0="}, "fake": false}], [120364, {"py/object": "odf.components.Data", "data": {"py/b64": "o/g="}, "fake": false}]], "attack_times": [[63723, 64715, 66406, 69194, 73994, 75286, 77016, 80328, 83634, 84990, 87663, 89791, 92197, 93530, 99465, 104424, 105877, 111050, 114064, 117378]], "attack_types": ["Fake_Status_reccmd"], "attack_outcome": [true]}