{"data": [[367, {"py/object": "odf.components.Command", "address": 31, "tr": 0, "sub_address": 2, "dword_count": 1, "parity": 0, "fake": false}], [462, {"py/object": "odf.components.Data", "data": {"py/b64": "//8="}, "fake": false}], [507, {"py/object": "odf.components.Command", "address": 4, "tr": 0, "sub_address": 2, "dword_count": 18, "parity": 0, "fake": false}], [525, {"py/object": "odf.components.Command", "address": 3, "tr": 1, "sub_address": 2, "dword_count": 18, "parity": 0, "fake": false}], [2599, {"py/object": "odf.components.Status", "address": 3, "message_error_bit": "0", "instrumentation_bit": "0", "service_request_bit": "0", "reserved_bits": "000", "brdcst_received_bit": "0", "busy_bit": "0", "subsystem_flag_bit": "0", "dynamic_bus_control_accpt_bit": "0", "terminal_flag_bit": "1", "parity_bit": "1", "fake": false}], [2668, {"py/object": "odf.components.Data", "data": {"py/b64": "iKs="}, "fake": false}], [2739, {"py/object": "odf.components.Data", "data": {"py/b64": "JUI="}, "fake": false}], [2809, {"py/object": "odf.components.Data", "data": {"py/b64": "yLM="}, "fake": false}], [2881, {"py/object": "odf.components.Data", "data": {"py/b64": "fb0="}, "fake": false}], [2951, {"py/object": "odf.components.Data", "data": {"py/b64": "RYY="}, "fake": false}], [3005, {"py/object": "odf.components.Data", "data": {"py/b64": "7kI="}, "fake": false}], [3077, {"py/object": "odf.components.Data", "data": {"py/b64": "q80="}, "fake": false}], [3150, {"py/object": "odf.components.Data", "data": {"py/b64": "iEM="}, "fake": false}], [3219, {"py/object": "odf.components.Data", "data": {"py/b64": "768="}, "fake": false}], [3293, {"py/object": "odf.components.Data", "data": {"py/b64": "i0A="}, "fake": false}], [3361, {"py/object": "odf.components.Data", "data": {"py/b64": "ALA="}, "fake": false}], [3434, {"py/object": "odf.components.Data", "data": {"py/b64": "i0A="}, "fake": false}], [3504, {"py/object": "odf.components.Data", "data": {"py/b64": "2w8="}, "fake": false}], [3574, {"py/object": "odf.components.Data", "data": {"py/b64": "SUA="}, "fake": false}], [3641, {"py/object": "odf.components.Data", "data": {"py/b64": "pKM="}, "fake": false}], [3714, {"py/object": "odf.components.Data", "data": {"py/b64": "1kM="}, "fake": false}], [3784, {"py/object": "odf.components.Data", "data": {"py/b64": "tww="}, "fake": false}], [3857, {"py/object": "odf.components.Data", "data": {"py/b64": "OkQ="}, "fake": false}], [5933, {"py/object": "odf.components.Status", "address": 4, "message_error_bit": "0", "instrumentation_bit": "0", "service_request_bit": "0", "reserved_bits": "000", "brdcst_received_bit": "0", "busy_bit": "0", "subsystem_flag_bit": "0", "dynamic_bus_control_accpt_bit": "0", "terminal_flag_bit": "1", "parity_bit": "1", "fake": false}], [6026, {"py/object": "odf.components.Command", "address": 6, "tr": 0, "sub_address": 2, "dword_count": 28, "parity": 0, "fake": false}], [6043, {"py/object": "odf.components.Command", "address": 5, "tr": 1, "sub_address": 2, "dword_count": 28, "parity": 0, "fake": false}], [8117, {"py/object": "odf.components.Status", "address": 5, "message_error_bit": "0", "instrumentation_bit": "0", "service_request_bit": "0", "reserved_bits": "000", "brdcst_received_bit": "0", "busy_bit": "0", "subsystem_flag_bit": "0", "dynamic_bus_control_accpt_bit": "0", "terminal_flag_bit": "1", "parity_bit": "1", "fake": false}], [8188, {"py/object": "odf.components.Data", "data": {"py/b64": "wpE="}, "fake": false}], [8258, {"py/object": "odf.components.Data", "data": {"py/b64": "rEI="}, "fake": false}], [8329, {"py/object": "odf.components.Data", "data": {"py/b64": "SSg="}, "fake": false}], [8398, {"py/object": "odf.components.Data", "data": {"py/b64": "EkM="}, "fake": false}], [8471, {"py/object": "odf.components.Data", "data": {"py/b64": "z7A="}, "fake": false}], [8530, {"py/object": "odf.components.Data", "data": {"py/b64": "EcM="}, "fake": false}], [8597, {"py/object": "odf.components.Data", "data": {"py/b64": "ahU="}, "fake": false}], [8657, {"py/object": "odf.components.Data", "data": {"py/b64": "Tzw="}, "fake": false}], [8713, {"py/object": "odf.components.Data", "data": {"py/b64": "3ig="}, "fake": false}], [8785, {"py/object": "odf.components.Data", "data": {"py/b64": "kcE="}, "fake": false}], [8860, {"py/object": "odf.components.Data", "data": {"py/b64": "N+8="}, "fake": false}], [8931, {"py/object": "odf.components.Data", "data": {"py/b64": "UsE="}, "fake": false}], [9001, {"py/object": "odf.components.Data", "data": {"py/b64": "Jeg="}, "fake": false}], [9071, {"py/object": "odf.components.Data", "data": {"py/b64": "bL8="}, "fake": false}], [9141, {"py/object": "odf.components.Data", "data": {"py/b64": "KRk="}, "fake": false}], [9214, {"py/object": "odf.components.Data", "data": {"py/b64": "BMA="}, "fake": false}], [9283, {"py/object": "odf.components.Data", "data": {"py/b64": "0GE="}, "fake": false}], [9357, {"py/object": "odf.components.Data", "data": {"py/b64": "Bbw="}, "fake": false}], [9433, {"py/object": "odf.components.Data", "data": {"py/b64": "I64="}, "fake": false}], [9503, {"py/object": "odf.components.Data", "data": {"py/b64": "bkA="}, "fake": false}], [9574, {"py/object": "odf.components.Data", "data": {"py/b64": "rHU="}, "fake": false}], [9644, {"py/object": "odf.components.Data", "data": {"py/b64": "F0M="}, "fake": false}], [9717, {"py/object": "odf.components.Data", "data": {"py/b64": "dbY="}, "fake": false}], [9790, {"py/object": "odf.components.Data", "data": {"py/b64": "Db4="}, "fake": false}], [9860, {"py/object": "odf.components.Data", "data": {"py/b64": "TfE="}, "fake": false}], [9931, {"py/object": "odf.components.Data", "data": {"py/b64": "FsA="}, "fake": false}], [10004, {"py/object": "odf.components.Data", "data": {"py/b64": "cHg="}, "fake": false}], [10080, {"py/object": "odf.components.Data", "data": {"py/b64": "UEE="}, "fake": false}], [12169, {"py/object": "odf.components.Status", "address": 6, "message_error_bit": "0", "instrumentation_bit": "0", "service_request_bit": "0", "reserved_bits": "000", "brdcst_received_bit": "0", "busy_bit": "0", "subsystem_flag_bit": "0", "dynamic_bus_control_accpt_bit": "0", "terminal_flag_bit": "1", "parity_bit": "1", "fake": false}], [12249, {"py/object": "odf.components.Command", "address": 8, "tr": 0, "sub_address": 2, "dword_count": 8, "parity": 0, "fake": false}], [12266, {"py/object": "odf.components.Command", "address": 7, "tr": 1, "sub_address": 2, "dword_count": 8, "parity": 0, "fake": false}], [14338, {"py/object": "odf.components.Status", "address": 7, "message_error_bit": "0", "instrumentation_bit": "0", "service_request_bit": "0", "reserved_bits": "000", "brdcst_received_bit": "0", "busy_bit": "0", "subsystem_flag_bit": "0", "dynamic_bus_control_accpt_bit": "0", "terminal_flag_bit": "1", "parity_bit": "1", "fake": false}], [14409, {"py/object": "odf.components.Data", "data": {"py/b64": "xJ4="}, "fake": false}], [14483, {"py/object": "odf.components.Data", "data": {"py/b64": "YL0="}, "fake": false}], [14556, {"py/object": "odf.components.Data", "data": {"py/b64": "xsM="}, "fake": false}], [14628, {"py/object": "odf.components.Data", "data": {"py/b64": "FTo="}, "fake": false}], [14698, {"py/object": "odf.components.Data", "data": {"py/b64": "lOM="}, "fake": false}], [14767, {"py/object": "odf.components.Data", "data": {"py/b64": "Jz0="}, "fake": false}], [14841, {"py/object": "odf.components.Data", "data": {"py/b64": "z3E="}, "fake": false}], [14920, {"py/object": "odf.components.Data", "data": {"py/b64": "lDk="}, "fake": false}], [17021, {"py/object": "odf.components.Status", "address": 8, "message_error_bit": "0", "instrumentation_bit": "0", "service_request_bit": "0", "reserved_bits": "000", "brdcst_received_bit": "0", "busy_bit": "0", "subsystem_flag_bit": "0", "dynamic_bus_control_accpt_bit": "0", "terminal_flag_bit": "1", "parity_bit": "1", "fake": false}], [17105, {"py/object": "odf.components.Command", "address": 10, "tr": 0, "sub_address": 2, "dword_count": 12, "parity": 0, "fake": false}], [17125, {"py/object": "odf.components.Command", "address": 9, "tr": 1, "sub_address": 2, "dword_count": 12, "parity": 0, "fake": false}], [19196, {"py/object": "odf.components.Status", "address": 9, "message_error_bit": "0", "instrumentation_bit": "0", "service_request_bit": "0", "reserved_bits": "000", "brdcst_received_bit": "0", "busy_bit": "0", "subsystem_flag_bit": "0", "dynamic_bus_control_accpt_bit": "0", "terminal_flag_bit": "1", "parity_bit": "1", "fake": false}], [19264, {"py/object": "odf.components.Data", "data": {"py/b64": "L8E="}, "fake": false}], [19336, {"py/object": "odf.components.Data", "data": {"py/b64": "B0I="}, "fake": false}], [19408, {"py/object": "odf.components.Data", "data": {"py/b64": "ocg="}, "fake": false}], [19477, {"py/object": "odf.components.Data", "data": {"py/b64": "7MI="}, "fake": false}], [19548, {"py/object": "odf.components.Data", "data": {"py/b64": "vNY="}, "fake": false}], [19620, {"py/object": "odf.components.Data", "data": {"py/b64": "MUI="}, "fake": false}], [19692, {"py/object": "odf.components.Data", "data": {"py/b64": "K8E="}, "fake": false}], [19763, {"py/object": "odf.components.Data", "data": {"py/b64": "B0I="}, "fake": false}], [19835, {"py/object": "odf.components.Data", "data": {"py/b64": "tMg="}, "fake": false}], [19905, {"py/object": "odf.components.Data", "data": {"py/b64": "7MI="}, "fake": false}], [19978, {"py/object": "odf.components.Data", "data": {"py/b64": "ivU="}, "fake": false}], [20053, {"py/object": "odf.components.Data", "data": {"py/b64": "FEM="}, "fake": false}], [22169, {"py/object": "odf.components.Status", "address": 10, "message_error_bit": "0", "instrumentation_bit": "0", "service_request_bit": "0", "reserved_bits": "000", "brdcst_received_bit": "0", "busy_bit": "0", "subsystem_flag_bit": "0", "dynamic_bus_control_accpt_bit": "0", "terminal_flag_bit": "1", "parity_bit": "1", "fake": false}], [22242, {"py/object": "odf.components.Command", "address": 12, "tr": 0, "sub_address": 2, "dword_count": 16, "parity": 0, "fake": false}], [22262, {"py/object": "odf.components.Command", "address": 11, "tr": 1, "sub_address": 2, "dword_count": 16, "parity": 0, "fake": false}], [24338, {"py/object": "odf.components.Status", "address": 11, "message_error_bit": "0", "instrumentation_bit": "0", "service_request_bit": "0", "reserved_bits": "000", "brdcst_received_bit": "0", "busy_bit": "0", "subsystem_flag_bit": "0", "dynamic_bus_control_accpt_bit": "0", "terminal_flag_bit": "1", "parity_bit": "1", "fake": false}], [24410, {"py/object": "odf.components.Data", "data": {"py/b64": "d2Y="}, "fake": false}], [24484, {"py/object": "odf.components.Data", "data": {"py/b64": "Gjs="}, "fake": false}], [24554, {"py/object": "odf.components.Data", "data": {"py/b64": "AIo="}, "fake": false}], [24630, {"py/object": "odf.components.Data", "data": {"py/b64": "ZUE="}, "fake": false}], [24701, {"py/object": "odf.components.Data", "data": {"py/b64": "roc="}, "fake": false}], [24773, {"py/object": "odf.components.Data", "data": {"py/b64": "7EE="}, "fake": false}], [24848, {"py/object": "odf.components.Data", "data": {"py/b64": "sAg="}, "fake": false}], [24916, {"py/object": "odf.components.Data", "data": {"py/b64": "YEA="}, "fake": false}], [24989, {"py/object": "odf.components.Data", "data": {"py/b64": "Ac0="}, "fake": false}], [25057, {"py/object": "odf.components.Data", "data": {"py/b64": "5T8="}, "fake": false}], [25124, {"py/object": "odf.components.Data", "data": {"py/b64": "868="}, "fake": false}], [25194, {"py/object": "odf.components.Data", "data": {"py/b64": "Aj4="}, "fake": false}], [25264, {"py/object": "odf.components.Data", "data": {"py/b64": "TQU="}, "fake": false}], [25334, {"py/object": "odf.components.Data", "data": {"py/b64": "9z4="}, "fake": false}], [25406, {"py/object": "odf.components.Data", "data": {"py/b64": "LU0="}, "fake": false}], [25478, {"py/object": "odf.components.Data", "data": {"py/b64": "nEE="}, "fake": false}], [27599, {"py/object": "odf.components.Status", "address": 12, "message_error_bit": "0", "instrumentation_bit": "0", "service_request_bit": "0", "reserved_bits": "000", "brdcst_received_bit": "0", "busy_bit": "0", "subsystem_flag_bit": "0", "dynamic_bus_control_accpt_bit": "0", "terminal_flag_bit": "1", "parity_bit": "1", "fake": false}], [27781, {"py/object": "odf.components.Command", "address": 1, "tr": 0, "sub_address": 2, "dword_count": 4, "parity": 0, "fake": false}], [27841, {"py/object": "odf.components.Data", "data": {"py/b64": "AAA="}, "fake": false}], [27853, {"py/object": "odf.components.Data", "data": {"py/b64": "AAA="}, "fake": false}], [27864, {"py/object": "odf.components.Data", "data": {"py/b64": "AAA="}, "fake": false}], [27874, {"py/object": "odf.components.Data", "data": {"py/b64": "AAA="}, "fake": false}], [29931, {"py/object": "odf.components.Status", "address": 1, "message_error_bit": "0", "instrumentation_bit": "0", "service_request_bit": "0", "reserved_bits": "000", "brdcst_received_bit": "0", "busy_bit": "0", "subsystem_flag_bit": "0", "dynamic_bus_control_accpt_bit": "0", "terminal_flag_bit": "1", "parity_bit": "1", "fake": false}], [30101, {"py/object": "odf.components.Command", "address": 31, "tr": 0, "sub_address": 2, "dword_count": 1, "parity": 0, "fake": false}], [30169, {"py/object": "odf.components.Data", "data": {"py/b64": "//8="}, "fake": false}], [30183, {"py/object": "odf.components.Command", "address": 4, "tr": 0, "sub_address": 2, "dword_count": 18, "parity": 0, "fake": false}], [30195, {"py/object": "odf.components.Command", "address": 3, "tr": 1, "sub_address": 2, "dword_count": 18, "parity": 0, "fake": false}], [32247, {"py/object": "odf.components.Status", "address": 3, "message_error_bit": "0", "instrumentation_bit": "0", "service_request_bit": "0", "reserved_bits": "000", "brdcst_received_bit": "0", "busy_bit": "0", "subsystem_flag_bit": "0", "dynamic_bus_control_accpt_bit": "0", "terminal_flag_bit": "1", "parity_bit": "1", "fake": false}], [32317, {"py/object": "odf.components.Data", "data": {"py/b64": "Z7o="}, "fake": false}], [32388, {"py/object": "odf.components.Data", "data": {"py/b64": "a0M="}, "fake": false}], [32461, {"py/object": "odf.components.Data", "data": {"py/b64": "VEk="}, "fake": false}], [32531, {"py/object": "odf.components.Data", "data": {"py/b64": "lUQ="}, "fake": false}], [32606, {"py/object": "odf.components.Data", "data": {"py/b64": "6so="}, "fake": false}], [32677, {"py/object": "odf.components.Data", "data": {"py/b64": "3EM="}, "fake": false}], [32746, {"py/object": "odf.components.Data", "data": {"py/b64": "t6g="}, "fake": false}], [32819, {"py/object": "odf.components.Data", "data": {"py/b64": "hEM="}, "fake": false}], [32891, {"py/object": "odf.components.Data", "data": {"py/b64": "bs0="}, "fake": false}], [32959, {"py/object": "odf.components.Data", "data": {"py/b64": "i0A="}, "fake": false}], [33031, {"py/object": "odf.components.Data", "data": {"py/b64": "Bs8="}, "fake": false}], [33103, {"py/object": "odf.components.Data", "data": {"py/b64": "i0A="}, "fake": false}], [33173, {"py/object": "odf.components.Data", "data": {"py/b64": "9OA="}, "fake": false}], [33246, {"py/object": "odf.components.Data", "data": {"py/b64": "QkA="}, "fake": false}], [33316, {"py/object": "odf.components.Data", "data": {"py/b64": "Osk="}, "fake": false}], [33388, {"py/object": "odf.components.Data", "data": {"py/b64": "1UM="}, "fake": false}], [33458, {"py/object": "odf.components.Data", "data": {"py/b64": "tww="}, "fake": false}], [33537, {"py/object": "odf.components.Data", "data": {"py/b64": "OkQ="}, "fake": false}], [35653, {"py/object": "odf.components.Status", "address": 4, "message_error_bit": "0", "instrumentation_bit": "0", "service_request_bit": "0", "reserved_bits": "000", "brdcst_received_bit": "0", "busy_bit": "0", "subsystem_flag_bit": "0", "dynamic_bus_control_accpt_bit": "0", "terminal_flag_bit": "1", "parity_bit": "1", "fake": false}], [35704, {"py/object": "odf.components.Command", "address": 6, "tr": 0, "sub_address": 2, "dword_count": 28, "parity": 0, "fake": false}], [35716, {"py/object": "odf.components.Command", "address": 5, "tr": 1, "sub_address": 2, "dword_count": 28, "parity": 0, "fake": false}], [37780, {"py/object": "odf.components.Status", "address": 5, "message_error_bit": "0", "instrumentation_bit": "0", "service_request_bit": "0", "reserved_bits": "000", "brdcst_received_bit": "0", "busy_bit": "0", "subsystem_flag_bit": "0", "dynamic_bus_control_accpt_bit": "0", "terminal_flag_bit": "1", "parity_bit": "1", "fake": false}], [37850, {"py/object": "odf.components.Data", "data": {"py/b64": "AdU="}, "fake": false}], [37922, {"py/object": "odf.components.Data", "data": {"py/b64": "dUM="}, "fake": false}], [37994, {"py/object": "odf.components.Data", "data": {"py/b64": "L6s="}, "fake": false}], [38063, {"py/object": "odf.components.Data", "data": {"py/b64": "z0M="}, "fake": false}], [38137, {"py/object": "odf.components.Data", "data": {"py/b64": "ieI="}, "fake": false}], [38207, {"py/object": "odf.components.Data", "data": {"py/b64": "zcM="}, "fake": false}], [38280, {"py/object": "odf.components.Data", "data": {"py/b64": "yLU="}, "fake": false}], [38349, {"py/object": "odf.components.Data", "data": {"py/b64": "ikE="}, "fake": false}], [38421, {"py/object": "odf.components.Data", "data": {"py/b64": "rBY="}, "fake": false}], [38493, {"py/object": "odf.components.Data", "data": {"py/b64": "T8I="}, "fake": false}], [38564, {"py/object": "odf.components.Data", "data": {"py/b64": "bsM="}, "fake": false}], [38635, {"py/object": "odf.components.Data", "data": {"py/b64": "vb8="}, "fake": false}], [38707, {"py/object": "odf.components.Data", "data": {"py/b64": "bEk="}, "fake": false}], [38776, {"py/object": "odf.components.Data", "data": {"py/b64": "hr4="}, "fake": false}], [38848, {"py/object": "odf.components.Data", "data": {"py/b64": "vk8="}, "fake": false}], [38919, {"py/object": "odf.components.Data", "data": {"py/b64": "yD8="}, "fake": false}], [38993, {"py/object": "odf.components.Data", "data": {"py/b64": "9jM="}, "fake": false}], [39065, {"py/object": "odf.components.Data", "data": {"py/b64": "078="}, "fake": false}], [39137, {"py/object": "odf.components.Data", "data": {"py/b64": "B8k="}, "fake": false}], [39208, {"py/object": "odf.components.Data", "data": {"py/b64": "LcE="}, "fake": false}], [39286, {"py/object": "odf.components.Data", "data": {"py/b64": "19k="}, "fake": false}], [39356, {"py/object": "odf.components.Data", "data": {"py/b64": "z0M="}, "fake": false}], [39425, {"py/object": "odf.components.Data", "data": {"py/b64": "slA="}, "fake": false}], [39495, {"py/object": "odf.components.Data", "data": {"py/b64": "Vr8="}, "fake": false}], [39565, {"py/object": "odf.components.Data", "data": {"py/b64": "9Po="}, "fake": false}], [39638, {"py/object": "odf.components.Data", "data": {"py/b64": "nL4="}, "fake": false}], [39709, {"py/object": "odf.components.Data", "data": {"py/b64": "VeY="}, "fake": false}], [39783, {"py/object": "odf.components.Data", "data": {"py/b64": "gD8="}, "fake": false}], [41916, {"py/object": "odf.components.Status", "address": 6, "message_error_bit": "0", "instrumentation_bit": "0", "service_request_bit": "0", "reserved_bits": "000", "brdcst_received_bit": "0", "busy_bit": "0", "subsystem_flag_bit": "0", "dynamic_bus_control_accpt_bit": "0", "terminal_flag_bit": "1", "parity_bit": "1", "fake": false}], [41963, {"py/object": "odf.components.Command", "address": 8, "tr": 0, "sub_address": 2, "dword_count": 8, "parity": 0, "fake": false}], [41975, {"py/object": "odf.components.Command", "address": 7, "tr": 1, "sub_address": 2, "dword_count": 8, "parity": 0, "fake": false}], [44034, {"py/object": "odf.components.Status", "address": 7, "message_error_bit": "0", "instrumentation_bit": "0", "service_request_bit": "0", "reserved_bits": "000", "brdcst_received_bit": "0", "busy_bit": "0", "subsystem_flag_bit": "0", "dynamic_bus_control_accpt_bit": "0", "terminal_flag_bit": "1", "parity_bit": "1", "fake": false}], [44088, {"py/object": "odf.components.Data", "data": {"py/b64": "fiU="}, "fake": false}], [44159, {"py/object": "odf.components.Data", "data": {"py/b64": "h70="}, "fake": false}], [44231, {"py/object": "odf.components.Data", "data": {"py/b64": "x4U="}, "fake": false}], [44303, {"py/object": "odf.components.Data", "data": {"py/b64": "jbs="}, "fake": false}], [44372, {"py/object": "odf.components.Data", "data": {"py/b64": "DeA="}, "fake": false}], [44446, {"py/object": "odf.components.Data", "data": {"py/b64": "0Tw="}, "fake": false}], [44517, {"py/object": "odf.components.Data", "data": {"py/b64": "ZDQ="}, "fake": false}], [44596, {"py/object": "odf.components.Data", "data": {"py/b64": "Vbo="}, "fake": false}], [46699, {"py/object": "odf.components.Status", "address": 8, "message_error_bit": "0", "instrumentation_bit": "0", "service_request_bit": "0", "reserved_bits": "000", "brdcst_received_bit": "0", "busy_bit": "0", "subsystem_flag_bit": "0", "dynamic_bus_control_accpt_bit": "0", "terminal_flag_bit": "1", "parity_bit": "1", "fake": false}], [46779, {"py/object": "odf.components.Command", "address": 10, "tr": 0, "sub_address": 2, "dword_count": 12, "parity": 0, "fake": false}], [46794, {"py/object": "odf.components.Command", "address": 9, "tr": 1, "sub_address": 2, "dword_count": 12, "parity": 0, "fake": false}], [48857, {"py/object": "odf.components.Status", "address": 9, "message_error_bit": "0", "instrumentation_bit": "0", "service_request_bit": "0", "reserved_bits": "000", "brdcst_received_bit": "0", "busy_bit": "0", "subsystem_flag_bit": "0", "dynamic_bus_control_accpt_bit": "0", "terminal_flag_bit": "1", "parity_bit": "1", "fake": false}], [48931, {"py/object": "odf.components.Data", "data": {"py/b64": "T70="}, "fake": false}], [49003, {"py/object": "odf.components.Data", "data": {"py/b64": "B0I="}, "fake": false}], [49075, {"py/object": "odf.components.Data", "data": {"py/b64": "Sds="}, "fake": false}], [49150, {"py/object": "odf.components.Data", "data": {"py/b64": "7MI="}, "fake": false}], [49221, {"py/object": "odf.components.Data", "data": {"py/b64": "m+o="}, "fake": false}], [49294, {"py/object": "odf.components.Data", "data": {"py/b64": "aEM="}, "fake": false}], [49363, {"py/object": "odf.components.Data", "data": {"py/b64": "Sr0="}, "fake": false}], [49434, {"py/object": "odf.components.Data", "data": {"py/b64": "B0I="}, "fake": false}], [49500, {"py/object": "odf.components.Data", "data": {"py/b64": "Yts="}, "fake": false}], [49566, {"py/object": "odf.components.Data", "data": {"py/b64": "7MI="}, "fake": false}], [49639, {"py/object": "odf.components.Data", "data": {"py/b64": "Ugk="}, "fake": false}], [49713, {"py/object": "odf.components.Data", "data": {"py/b64": "QEQ="}, "fake": false}], [51814, {"py/object": "odf.components.Status", "address": 10, "message_error_bit": "0", "instrumentation_bit": "0", "service_request_bit": "0", "reserved_bits": "000", "brdcst_received_bit": "0", "busy_bit": "0", "subsystem_flag_bit": "0", "dynamic_bus_control_accpt_bit": "0", "terminal_flag_bit": "1", "parity_bit": "1", "fake": false}], [51894, {"py/object": "odf.components.Command", "address": 12, "tr": 0, "sub_address": 2, "dword_count": 16, "parity": 0, "fake": false}], [51909, {"py/object": "odf.components.Command", "address": 11, "tr": 1, "sub_address": 2, "dword_count": 16, "parity": 0, "fake": false}], [53975, {"py/object": "odf.components.Status", "address": 11, "message_error_bit": "0", "instrumentation_bit": "0", "service_request_bit": "0", "reserved_bits": "000", "brdcst_received_bit": "0", "busy_bit": "0", "subsystem_flag_bit": "0", "dynamic_bus_control_accpt_bit": "0", "terminal_flag_bit": "1", "parity_bit": "1", "fake": false}], [54047, {"py/object": "odf.components.Data", "data": {"py/b64": "i5E="}, "fake": false}], [54123, {"py/object": "odf.components.Data", "data": {"py/b64": "Fzs="}, "fake": false}], [54195, {"py/object": "odf.components.Data", "data": {"py/b64": "AIU="}, "fake": false}], [54266, {"py/object": "odf.components.Data", "data": {"py/b64": "UkE="}, "fake": false}], [54337, {"py/object": "odf.components.Data", "data": {"py/b64": "UW8="}, "fake": false}], [54408, {"py/object": "odf.components.Data", "data": {"py/b64": "50E="}, "fake": false}], [54480, {"py/object": "odf.components.Data", "data": {"py/b64": "7gw="}, "fake": false}], [54553, {"py/object": "odf.components.Data", "data": {"py/b64": "t0A="}, "fake": false}], [54625, {"py/object": "odf.components.Data", "data": {"py/b64": "kE0="}, "fake": false}], [54699, {"py/object": "odf.components.Data", "data": {"py/b64": "PEA="}, "fake": false}], [54769, {"py/object": "odf.components.Data", "data": {"py/b64": "ksE="}, "fake": false}], [54841, {"py/object": "odf.components.Data", "data": {"py/b64": "6T0="}, "fake": false}], [54910, {"py/object": "odf.components.Data", "data": {"py/b64": "XXo="}, "fake": false}], [54978, {"py/object": "odf.components.Data", "data": {"py/b64": "ZD4="}, "fake": false}], [55052, {"py/object": "odf.components.Data", "data": {"py/b64": "Ykg="}, "fake": false}], [55125, {"py/object": "odf.components.Data", "data": {"py/b64": "q0E="}, "fake": false}], [57261, {"py/object": "odf.components.Status", "address": 12, "message_error_bit": "0", "instrumentation_bit": "0", "service_request_bit": "0", "reserved_bits": "000", "brdcst_received_bit": "0", "busy_bit": "0", "subsystem_flag_bit": "0", "dynamic_bus_control_accpt_bit": "0", "terminal_flag_bit": "1", "parity_bit": "1", "fake": false}], [57437, {"py/object": "odf.components.Command", "address": 1, "tr": 0, "sub_address": 2, "dword_count": 4, "parity": 0, "fake": false}], [57491, {"py/object": "odf.components.Data", "data": {"py/b64": "AAA="}, "fake": false}], [57504, {"py/object": "odf.components.Data", "data": {"py/b64": "AAA="}, "fake": false}], [57516, {"py/object": "odf.components.Data", "data": {"py/b64": "AAA="}, "fake": false}], [57528, {"py/object": "odf.components.Data", "data": {"py/b64": "AAA="}, "fake": false}], [59596, {"py/object": "odf.components.Status", "address": 1, "message_error_bit": "0", "instrumentation_bit": "0", "service_request_bit": "0", "reserved_bits": "000", "brdcst_received_bit": "0", "busy_bit": "0", "subsystem_flag_bit": "0", "dynamic_bus_control_accpt_bit": "0", "terminal_flag_bit": "1", "parity_bit": "1", "fake": false}], [59763, {"py/object": "odf.components.Command", "address": 31, "tr": 0, "sub_address": 2, "dword_count": 1, "parity": 0, "fake": false}], [59828, {"py/object": "odf.components.Data", "data": {"py/b64": "//8="}, "fake": false}], [59844, {"py/object": "odf.components.Command", "address": 4, "tr": 0, "sub_address": 2, "dword_count": 18, "parity": 0, "fake": false}], [59856, {"py/object": "odf.components.Command", "address": 3, "tr": 1, "sub_address": 2, "dword_count": 18, "parity": 0, "fake": false}], [61917, {"py/object": "odf.components.Status", "address": 3, "message_error_bit": "0", "instrumentation_bit": "0", "service_request_bit": "0", "reserved_bits": "000", "brdcst_received_bit": "0", "busy_bit": "0", "subsystem_flag_bit": "0", "dynamic_bus_control_accpt_bit": "0", "terminal_flag_bit": "1", "parity_bit": "1", "fake": false}], [61996, {"py/object": "odf.components.Data", "data": {"py/b64": "kuU="}, "fake": false}], [62067, {"py/object": "odf.components.Data", "data": {"py/b64": "eUM="}, "fake": false}], [62152, {"py/object": "odf.components.Data", "data": {"py/b64": "r2I="}, "fake": false}], [62230, {"py/object": "odf.components.Data", "data": {"py/b64": "AEU="}, "fake": false}], [62305, {"py/object": "odf.components.Data", "data": {"py/b64": "rWM="}, "fake": false}], [62364, {"py/object": "odf.components.Data", "data": {"py/b64": "kEQ="}, "fake": false}], [62429, {"py/object": "odf.components.Data", "data": {"py/b64": "DzY="}, "fake": false}], [62499, {"py/object": "odf.components.Data", "data": {"py/b64": "WkM="}, "fake": false}], [62575, {"py/object": "odf.components.Data", "data": {"py/b64": "D1o="}, "fake": false}], [62633, {"py/object": "odf.components.Data", "data": {"py/b64": "gUA="}, "fake": false}], [62708, {"py/object": "odf.components.Data", "data": {"py/b64": "nk0="}, "fake": false}], [62785, {"py/object": "odf.components.Data", "data": {"py/b64": "gUA="}, "fake": false}], [62860, {"py/object": "odf.components.Data", "data": {"py/b64": "rfk="}, "fake": false}], [62938, {"py/object": "odf.components.Data", "data": {"py/b64": "QkA="}, "fake": false}], [63013, {"py/object": "odf.components.Data", "data": {"py/b64": "Kk4="}, "fake": false}], [63093, {"py/object": "odf.components.Data", "data": {"py/b64": "1UM="}, "fake": false}], [63171, {"py/object": "odf.components.Data", "data": {"py/b64": "tww="}, "fake": false}], [63248, {"py/object": "odf.components.Data", "data": {"py/b64": "OkQ="}, "fake": false}], [65372, {"py/object": "odf.components.Status", "address": 4, "message_error_bit": "0", "instrumentation_bit": "0", "service_request_bit": "0", "reserved_bits": "000", "brdcst_received_bit": "0", "busy_bit": "0", "subsystem_flag_bit": "0", "dynamic_bus_control_accpt_bit": "0", "terminal_flag_bit": "1", "parity_bit": "1", "fake": false}], [65435, {"py/object": "odf.components.Command", "address": 6, "tr": 0, "sub_address": 2, "dword_count": 28, "parity": 0, "fake": false}], [65457, {"py/object": "odf.components.Command", "address": 5, "tr": 1, "sub_address": 2, "dword_count": 28, "parity": 0, "fake": false}], [65534, {"py/object": "odf.components.Status", "address": 5, "message_error_bit": "0", "instrumentation_bit": "0", "service_request_bit": "0", "reserved_bits": "000", "brdcst_received_bit": "0", "busy_bit": "0", "subsystem_flag_bit": "0", "dynamic_bus_control_accpt_bit": "0", "terminal_flag_bit": "1", "parity_bit": "0", "fake": true}], [75956, {"py/object": "odf.components.Command", "address": 8, "tr": 0, "sub_address": 2, "dword_count": 8, "parity": 0, "fake": false}], [75984, {"py/object": "odf.components.Command", "address": 7, "tr": 1, "sub_address": 2, "dword_count": 8, "parity": 0, "fake": false}], [76068, {"py/object": "odf.components.Status", "address": 7, "message_error_bit": "0", "instrumentation_bit": "0", "service_request_bit": "0", "reserved_bits": "000", "brdcst_received_bit": "0", "busy_bit": "0", "subsystem_flag_bit": "0", "dynamic_bus_control_accpt_bit": "0", "terminal_flag_bit": "1", "parity_bit": "0", "fake": true}], [86519, {"py/object": "odf.components.Command", "address": 10, "tr": 0, "sub_address": 2, "dword_count": 12, "parity": 0, "fake": false}], [86546, {"py/object": "odf.components.Command", "address": 9, "tr": 1, "sub_address": 2, "dword_count": 12, "parity": 0, "fake": false}], [86629, {"py/object": "odf.components.Status", "address": 9, "message_error_bit": "0", "instrumentation_bit": "0", "service_request_bit": "0", "reserved_bits": "000", "brdcst_received_bit": "0", "busy_bit": "0", "subsystem_flag_bit": "0", "dynamic_bus_control_accpt_bit": "0", "terminal_flag_bit": "1", "parity_bit": "0", "fake": true}], [97075, {"py/object": "odf.components.Command", "address": 12, "tr": 0, "sub_address": 2, "dword_count": 16, "parity": 0, "fake": false}], [97104, {"py/object": "odf.components.Command", "address": 11, "tr": 1, "sub_address": 2, "dword_count": 16, "parity": 0, "fake": false}], [97191, {"py/object": "odf.components.Status", "address": 11, "message_error_bit": "0", "instrumentation_bit": "0", "service_request_bit": "0", "reserved_bits": "000", "brdcst_received_bit": "0", "busy_bit": "0", "subsystem_flag_bit": "0", "dynamic_bus_control_accpt_bit": "0", "terminal_flag_bit": "1", "parity_bit": "0", "fake": true}], [107666, {"py/object": "odf.components.Command", "address": 1, "tr": 0, "sub_address": 2, "dword_count": 4, "parity": 0, "fake": false}], [107825, {"py/object": "odf.components.Data", "data": {"py/b64": "AAA="}, "fake": false}], [107997, {"py/object": "odf.components.Data", "data": {"py/b64": "AAA="}, "fake": false}], [108141, {"py/object": "odf.components.Data", "data": {"py/b64": "AAA="}, "fake": false}], [108178, {"py/object": "odf.components.Data", "data": {"py/b64": "gEA="}, "fake": false}], [108199, {"py/object": "odf.components.Command", "address": 31, "tr": 0, "sub_address": 2, "dword_count": 1, "parity": 0, "fake": false}], [108271, {"py/object": "odf.components.Data", "data": {"py/b64": "//8="}, "fake": false}], [108287, {"py/object": "odf.components.Command", "address": 4, "tr": 0, "sub_address": 2, "dword_count": 18, "parity": 0, "fake": false}], [108299, {"py/object": "odf.components.Command", "address": 3, "tr": 1, "sub_address": 2, "dword_count": 18, "parity": 0, "fake": false}], [108312, {"py/object": "odf.components.Status", "address": 3, "message_error_bit": "0", "instrumentation_bit": "0", "service_request_bit": "0", "reserved_bits": "000", "brdcst_received_bit": "0", "busy_bit": "0", "subsystem_flag_bit": "0", "dynamic_bus_control_accpt_bit": "0", "terminal_flag_bit": "1", "parity_bit": "0", "fake": true}], [109946, {"py/object": "odf.components.Status", "address": 1, "message_error_bit": "0", "instrumentation_bit": "0", "service_request_bit": "0", "reserved_bits": "000", "brdcst_received_bit": "0", "busy_bit": "0", "subsystem_flag_bit": "0", "dynamic_bus_control_accpt_bit": "0", "terminal_flag_bit": "1", "parity_bit": "1", "fake": false}], [110013, {"py/object": "odf.components.Command", "address": 6, "tr": 0, "sub_address": 2, "dword_count": 28, "parity": 0, "fake": false}], [110034, {"py/object": "odf.components.Command", "address": 5, "tr": 1, "sub_address": 2, "dword_count": 28, "parity": 0, "fake": false}], [110115, {"py/object": "odf.components.Status", "address": 5, "message_error_bit": "0", "instrumentation_bit": "0", "service_request_bit": "0", "reserved_bits": "000", "brdcst_received_bit": "0", "busy_bit": "0", "subsystem_flag_bit": "0", "dynamic_bus_control_accpt_bit": "0", "terminal_flag_bit": "1", "parity_bit": "0", "fake": true}]], "attack_times": [[65453, 75987, 86548, 97106, 108178, 110029]], "attack_types": ["Fake_Status_trcmd"], "attack_outcome": [true]}