{"data": [[372, {"py/object": "odf.components.Command", "address": 31, "tr": 0, "sub_address": 2, "dword_count": 1, "parity": 0, "fake": false}], [485, {"py/object": "odf.components.Data", "data": {"py/b64": "//8="}, "fake": false}], [533, {"py/object": "odf.components.Command", "address": 4, "tr": 0, "sub_address": 2, "dword_count": 18, "parity": 0, "fake": false}], [552, {"py/object": "odf.components.Command", "address": 3, "tr": 1, "sub_address": 2, "dword_count": 18, "parity": 0, "fake": false}], [2620, {"py/object": "odf.components.Status", "address": 3, "message_error_bit": "0", "instrumentation_bit": "0", "service_request_bit": "0", "reserved_bits": "000", "brdcst_received_bit": "0", "busy_bit": "0", "subsystem_flag_bit": "0", "dynamic_bus_control_accpt_bit": "0", "terminal_flag_bit": "1", "parity_bit": "1", "fake": false}], [2690, {"py/object": "odf.components.Data", "data": {"py/b64": "iKs="}, "fake": false}], [2762, {"py/object": "odf.components.Data", "data": {"py/b64": "JUI="}, "fake": false}], [2833, {"py/object": "odf.components.Data", "data": {"py/b64": "yLM="}, "fake": false}], [2902, {"py/object": "odf.components.Data", "data": {"py/b64": "fb0="}, "fake": false}], [2975, {"py/object": "odf.components.Data", "data": {"py/b64": "RYY="}, "fake": false}], [3047, {"py/object": "odf.components.Data", "data": {"py/b64": "7kI="}, "fake": false}], [3119, {"py/object": "odf.components.Data", "data": {"py/b64": "q80="}, "fake": false}], [3191, {"py/object": "odf.components.Data", "data": {"py/b64": "iEM="}, "fake": false}], [3263, {"py/object": "odf.components.Data", "data": {"py/b64": "768="}, "fake": false}], [3338, {"py/object": "odf.components.Data", "data": {"py/b64": "i0A="}, "fake": false}], [3396, {"py/object": "odf.components.Data", "data": {"py/b64": "ALA="}, "fake": false}], [3467, {"py/object": "odf.components.Data", "data": {"py/b64": "i0A="}, "fake": false}], [3542, {"py/object": "odf.components.Data", "data": {"py/b64": "2w8="}, "fake": false}], [3613, {"py/object": "odf.components.Data", "data": {"py/b64": "SUA="}, "fake": false}], [3684, {"py/object": "odf.components.Data", "data": {"py/b64": "pKM="}, "fake": false}], [3757, {"py/object": "odf.components.Data", "data": {"py/b64": "1kM="}, "fake": false}], [3824, {"py/object": "odf.components.Data", "data": {"py/b64": "tww="}, "fake": false}], [3902, {"py/object": "odf.components.Data", "data": {"py/b64": "OkQ="}, "fake": false}], [5979, {"py/object": "odf.components.Status", "address": 4, "message_error_bit": "0", "instrumentation_bit": "0", "service_request_bit": "0", "reserved_bits": "000", "brdcst_received_bit": "0", "busy_bit": "0", "subsystem_flag_bit": "0", "dynamic_bus_control_accpt_bit": "0", "terminal_flag_bit": "1", "parity_bit": "1", "fake": false}], [6068, {"py/object": "odf.components.Command", "address": 6, "tr": 0, "sub_address": 2, "dword_count": 28, "parity": 0, "fake": false}], [6088, {"py/object": "odf.components.Command", "address": 5, "tr": 1, "sub_address": 2, "dword_count": 28, "parity": 0, "fake": false}], [8165, {"py/object": "odf.components.Status", "address": 5, "message_error_bit": "0", "instrumentation_bit": "0", "service_request_bit": "0", "reserved_bits": "000", "brdcst_received_bit": "0", "busy_bit": "0", "subsystem_flag_bit": "0", "dynamic_bus_control_accpt_bit": "0", "terminal_flag_bit": "1", "parity_bit": "1", "fake": false}], [8239, {"py/object": "odf.components.Data", "data": {"py/b64": "wpE="}, "fake": false}], [8312, {"py/object": "odf.components.Data", "data": {"py/b64": "rEI="}, "fake": false}], [8383, {"py/object": "odf.components.Data", "data": {"py/b64": "SSg="}, "fake": false}], [8454, {"py/object": "odf.components.Data", "data": {"py/b64": "EkM="}, "fake": false}], [8527, {"py/object": "odf.components.Data", "data": {"py/b64": "z7A="}, "fake": false}], [8598, {"py/object": "odf.components.Data", "data": {"py/b64": "EcM="}, "fake": false}], [8667, {"py/object": "odf.components.Data", "data": {"py/b64": "ahU="}, "fake": false}], [8735, {"py/object": "odf.components.Data", "data": {"py/b64": "Tzw="}, "fake": false}], [8808, {"py/object": "odf.components.Data", "data": {"py/b64": "3ig="}, "fake": false}], [8872, {"py/object": "odf.components.Data", "data": {"py/b64": "kcE="}, "fake": false}], [8934, {"py/object": "odf.components.Data", "data": {"py/b64": "N+8="}, "fake": false}], [9006, {"py/object": "odf.components.Data", "data": {"py/b64": "UsE="}, "fake": false}], [9077, {"py/object": "odf.components.Data", "data": {"py/b64": "Jeg="}, "fake": false}], [9134, {"py/object": "odf.components.Data", "data": {"py/b64": "bL8="}, "fake": false}], [9199, {"py/object": "odf.components.Data", "data": {"py/b64": "KRk="}, "fake": false}], [9269, {"py/object": "odf.components.Data", "data": {"py/b64": "BMA="}, "fake": false}], [9341, {"py/object": "odf.components.Data", "data": {"py/b64": "0GE="}, "fake": false}], [9414, {"py/object": "odf.components.Data", "data": {"py/b64": "Bbw="}, "fake": false}], [9484, {"py/object": "odf.components.Data", "data": {"py/b64": "I64="}, "fake": false}], [9556, {"py/object": "odf.components.Data", "data": {"py/b64": "bkA="}, "fake": false}], [9625, {"py/object": "odf.components.Data", "data": {"py/b64": "rHU="}, "fake": false}], [9695, {"py/object": "odf.components.Data", "data": {"py/b64": "F0M="}, "fake": false}], [9767, {"py/object": "odf.components.Data", "data": {"py/b64": "dbY="}, "fake": false}], [9838, {"py/object": "odf.components.Data", "data": {"py/b64": "Db4="}, "fake": false}], [9910, {"py/object": "odf.components.Data", "data": {"py/b64": "TfE="}, "fake": false}], [9981, {"py/object": "odf.components.Data", "data": {"py/b64": "FsA="}, "fake": false}], [10051, {"py/object": "odf.components.Data", "data": {"py/b64": "cHg="}, "fake": false}], [10126, {"py/object": "odf.components.Data", "data": {"py/b64": "UEE="}, "fake": false}], [12244, {"py/object": "odf.components.Status", "address": 6, "message_error_bit": "0", "instrumentation_bit": "0", "service_request_bit": "0", "reserved_bits": "000", "brdcst_received_bit": "0", "busy_bit": "0", "subsystem_flag_bit": "0", "dynamic_bus_control_accpt_bit": "0", "terminal_flag_bit": "1", "parity_bit": "1", "fake": false}], [12303, {"py/object": "odf.components.Command", "address": 8, "tr": 0, "sub_address": 2, "dword_count": 8, "parity": 0, "fake": false}], [12321, {"py/object": "odf.components.Command", "address": 7, "tr": 1, "sub_address": 2, "dword_count": 8, "parity": 0, "fake": false}], [14394, {"py/object": "odf.components.Status", "address": 7, "message_error_bit": "0", "instrumentation_bit": "0", "service_request_bit": "0", "reserved_bits": "000", "brdcst_received_bit": "0", "busy_bit": "0", "subsystem_flag_bit": "0", "dynamic_bus_control_accpt_bit": "0", "terminal_flag_bit": "1", "parity_bit": "1", "fake": false}], [14467, {"py/object": "odf.components.Data", "data": {"py/b64": "xJ4="}, "fake": false}], [14539, {"py/object": "odf.components.Data", "data": {"py/b64": "YL0="}, "fake": false}], [14611, {"py/object": "odf.components.Data", "data": {"py/b64": "xsM="}, "fake": false}], [14682, {"py/object": "odf.components.Data", "data": {"py/b64": "FTo="}, "fake": false}], [14756, {"py/object": "odf.components.Data", "data": {"py/b64": "lOM="}, "fake": false}], [14829, {"py/object": "odf.components.Data", "data": {"py/b64": "Jz0="}, "fake": false}], [14908, {"py/object": "odf.components.Data", "data": {"py/b64": "z3E="}, "fake": false}], [14989, {"py/object": "odf.components.Data", "data": {"py/b64": "lDk="}, "fake": false}], [17064, {"py/object": "odf.components.Status", "address": 8, "message_error_bit": "0", "instrumentation_bit": "0", "service_request_bit": "0", "reserved_bits": "000", "brdcst_received_bit": "0", "busy_bit": "0", "subsystem_flag_bit": "0", "dynamic_bus_control_accpt_bit": "0", "terminal_flag_bit": "1", "parity_bit": "1", "fake": false}], [17132, {"py/object": "odf.components.Command", "address": 10, "tr": 0, "sub_address": 2, "dword_count": 12, "parity": 0, "fake": false}], [17151, {"py/object": "odf.components.Command", "address": 9, "tr": 1, "sub_address": 2, "dword_count": 12, "parity": 0, "fake": false}], [19227, {"py/object": "odf.components.Status", "address": 9, "message_error_bit": "0", "instrumentation_bit": "0", "service_request_bit": "0", "reserved_bits": "000", "brdcst_received_bit": "0", "busy_bit": "0", "subsystem_flag_bit": "0", "dynamic_bus_control_accpt_bit": "0", "terminal_flag_bit": "1", "parity_bit": "1", "fake": false}], [19302, {"py/object": "odf.components.Data", "data": {"py/b64": "L8E="}, "fake": false}], [19374, {"py/object": "odf.components.Data", "data": {"py/b64": "B0I="}, "fake": false}], [19447, {"py/object": "odf.components.Data", "data": {"py/b64": "ocg="}, "fake": false}], [19513, {"py/object": "odf.components.Data", "data": {"py/b64": "7MI="}, "fake": false}], [19574, {"py/object": "odf.components.Data", "data": {"py/b64": "vNY="}, "fake": false}], [19647, {"py/object": "odf.components.Data", "data": {"py/b64": "MUI="}, "fake": false}], [19718, {"py/object": "odf.components.Data", "data": {"py/b64": "K8E="}, "fake": false}], [19791, {"py/object": "odf.components.Data", "data": {"py/b64": "B0I="}, "fake": false}], [19864, {"py/object": "odf.components.Data", "data": {"py/b64": "tMg="}, "fake": false}], [19937, {"py/object": "odf.components.Data", "data": {"py/b64": "7MI="}, "fake": false}], [20005, {"py/object": "odf.components.Data", "data": {"py/b64": "ivU="}, "fake": false}], [20079, {"py/object": "odf.components.Data", "data": {"py/b64": "FEM="}, "fake": false}], [22201, {"py/object": "odf.components.Status", "address": 10, "message_error_bit": "0", "instrumentation_bit": "0", "service_request_bit": "0", "reserved_bits": "000", "brdcst_received_bit": "0", "busy_bit": "0", "subsystem_flag_bit": "0", "dynamic_bus_control_accpt_bit": "0", "terminal_flag_bit": "1", "parity_bit": "1", "fake": false}], [22262, {"py/object": "odf.components.Command", "address": 12, "tr": 0, "sub_address": 2, "dword_count": 16, "parity": 0, "fake": false}], [22277, {"py/object": "odf.components.Command", "address": 11, "tr": 1, "sub_address": 2, "dword_count": 16, "parity": 0, "fake": false}], [24353, {"py/object": "odf.components.Status", "address": 11, "message_error_bit": "0", "instrumentation_bit": "0", "service_request_bit": "0", "reserved_bits": "000", "brdcst_received_bit": "0", "busy_bit": "0", "subsystem_flag_bit": "0", "dynamic_bus_control_accpt_bit": "0", "terminal_flag_bit": "1", "parity_bit": "1", "fake": false}], [24423, {"py/object": "odf.components.Data", "data": {"py/b64": "d2Y="}, "fake": false}], [24495, {"py/object": "odf.components.Data", "data": {"py/b64": "Gjs="}, "fake": false}], [24568, {"py/object": "odf.components.Data", "data": {"py/b64": "AIo="}, "fake": false}], [24639, {"py/object": "odf.components.Data", "data": {"py/b64": "ZUE="}, "fake": false}], [24712, {"py/object": "odf.components.Data", "data": {"py/b64": "roc="}, "fake": false}], [24782, {"py/object": "odf.components.Data", "data": {"py/b64": "7EE="}, "fake": false}], [24856, {"py/object": "odf.components.Data", "data": {"py/b64": "sAg="}, "fake": false}], [24926, {"py/object": "odf.components.Data", "data": {"py/b64": "YEA="}, "fake": false}], [24999, {"py/object": "odf.components.Data", "data": {"py/b64": "Ac0="}, "fake": false}], [25072, {"py/object": "odf.components.Data", "data": {"py/b64": "5T8="}, "fake": false}], [25141, {"py/object": "odf.components.Data", "data": {"py/b64": "868="}, "fake": false}], [25213, {"py/object": "odf.components.Data", "data": {"py/b64": "Aj4="}, "fake": false}], [25285, {"py/object": "odf.components.Data", "data": {"py/b64": "TQU="}, "fake": false}], [25346, {"py/object": "odf.components.Data", "data": {"py/b64": "9z4="}, "fake": false}], [25415, {"py/object": "odf.components.Data", "data": {"py/b64": "LU0="}, "fake": false}], [25491, {"py/object": "odf.components.Data", "data": {"py/b64": "nEE="}, "fake": false}], [27606, {"py/object": "odf.components.Status", "address": 12, "message_error_bit": "0", "instrumentation_bit": "0", "service_request_bit": "0", "reserved_bits": "000", "brdcst_received_bit": "0", "busy_bit": "0", "subsystem_flag_bit": "0", "dynamic_bus_control_accpt_bit": "0", "terminal_flag_bit": "1", "parity_bit": "1", "fake": false}], [27759, {"py/object": "odf.components.Command", "address": 1, "tr": 0, "sub_address": 2, "dword_count": 4, "parity": 0, "fake": false}], [27810, {"py/object": "odf.components.Data", "data": {"py/b64": "AAA="}, "fake": false}], [27821, {"py/object": "odf.components.Data", "data": {"py/b64": "AAA="}, "fake": false}], [27831, {"py/object": "odf.components.Data", "data": {"py/b64": "AAA="}, "fake": false}], [27840, {"py/object": "odf.components.Data", "data": {"py/b64": "AAA="}, "fake": false}], [29901, {"py/object": "odf.components.Status", "address": 1, "message_error_bit": "0", "instrumentation_bit": "0", "service_request_bit": "0", "reserved_bits": "000", "brdcst_received_bit": "0", "busy_bit": "0", "subsystem_flag_bit": "0", "dynamic_bus_control_accpt_bit": "0", "terminal_flag_bit": "1", "parity_bit": "1", "fake": false}], [30081, {"py/object": "odf.components.Command", "address": 31, "tr": 0, "sub_address": 2, "dword_count": 1, "parity": 0, "fake": false}], [30154, {"py/object": "odf.components.Data", "data": {"py/b64": "//8="}, "fake": false}], [30168, {"py/object": "odf.components.Command", "address": 4, "tr": 0, "sub_address": 2, "dword_count": 18, "parity": 0, "fake": false}], [30179, {"py/object": "odf.components.Command", "address": 3, "tr": 1, "sub_address": 2, "dword_count": 18, "parity": 0, "fake": false}], [32232, {"py/object": "odf.components.Status", "address": 3, "message_error_bit": "0", "instrumentation_bit": "0", "service_request_bit": "0", "reserved_bits": "000", "brdcst_received_bit": "0", "busy_bit": "0", "subsystem_flag_bit": "0", "dynamic_bus_control_accpt_bit": "0", "terminal_flag_bit": "1", "parity_bit": "1", "fake": false}], [32300, {"py/object": "odf.components.Data", "data": {"py/b64": "Z7o="}, "fake": false}], [32363, {"py/object": "odf.components.Data", "data": {"py/b64": "a0M="}, "fake": false}], [32428, {"py/object": "odf.components.Data", "data": {"py/b64": "VEk="}, "fake": false}], [32483, {"py/object": "odf.components.Data", "data": {"py/b64": "lUQ="}, "fake": false}], [32552, {"py/object": "odf.components.Data", "data": {"py/b64": "6so="}, "fake": false}], [32611, {"py/object": "odf.components.Data", "data": {"py/b64": "3EM="}, "fake": false}], [32683, {"py/object": "odf.components.Data", "data": {"py/b64": "t6g="}, "fake": false}], [32756, {"py/object": "odf.components.Data", "data": {"py/b64": "hEM="}, "fake": false}], [32827, {"py/object": "odf.components.Data", "data": {"py/b64": "bs0="}, "fake": false}], [32899, {"py/object": "odf.components.Data", "data": {"py/b64": "i0A="}, "fake": false}], [32971, {"py/object": "odf.components.Data", "data": {"py/b64": "Bs8="}, "fake": false}], [33043, {"py/object": "odf.components.Data", "data": {"py/b64": "i0A="}, "fake": false}], [33113, {"py/object": "odf.components.Data", "data": {"py/b64": "9OA="}, "fake": false}], [33185, {"py/object": "odf.components.Data", "data": {"py/b64": "QkA="}, "fake": false}], [33256, {"py/object": "odf.components.Data", "data": {"py/b64": "Osk="}, "fake": false}], [33329, {"py/object": "odf.components.Data", "data": {"py/b64": "1UM="}, "fake": false}], [33400, {"py/object": "odf.components.Data", "data": {"py/b64": "tww="}, "fake": false}], [33479, {"py/object": "odf.components.Data", "data": {"py/b64": "OkQ="}, "fake": false}], [35565, {"py/object": "odf.components.Status", "address": 4, "message_error_bit": "0", "instrumentation_bit": "0", "service_request_bit": "0", "reserved_bits": "000", "brdcst_received_bit": "0", "busy_bit": "0", "subsystem_flag_bit": "0", "dynamic_bus_control_accpt_bit": "0", "terminal_flag_bit": "1", "parity_bit": "1", "fake": false}], [35653, {"py/object": "odf.components.Command", "address": 6, "tr": 0, "sub_address": 2, "dword_count": 28, "parity": 0, "fake": false}], [35668, {"py/object": "odf.components.Command", "address": 5, "tr": 1, "sub_address": 2, "dword_count": 28, "parity": 0, "fake": false}], [37734, {"py/object": "odf.components.Status", "address": 5, "message_error_bit": "0", "instrumentation_bit": "0", "service_request_bit": "0", "reserved_bits": "000", "brdcst_received_bit": "0", "busy_bit": "0", "subsystem_flag_bit": "0", "dynamic_bus_control_accpt_bit": "0", "terminal_flag_bit": "1", "parity_bit": "1", "fake": false}], [37804, {"py/object": "odf.components.Data", "data": {"py/b64": "AdU="}, "fake": false}], [37875, {"py/object": "odf.components.Data", "data": {"py/b64": "dUM="}, "fake": false}], [37946, {"py/object": "odf.components.Data", "data": {"py/b64": "L6s="}, "fake": false}], [37999, {"py/object": "odf.components.Data", "data": {"py/b64": "z0M="}, "fake": false}], [38065, {"py/object": "odf.components.Data", "data": {"py/b64": "ieI="}, "fake": false}], [38129, {"py/object": "odf.components.Data", "data": {"py/b64": "zcM="}, "fake": false}], [38197, {"py/object": "odf.components.Data", "data": {"py/b64": "yLU="}, "fake": false}], [38261, {"py/object": "odf.components.Data", "data": {"py/b64": "ikE="}, "fake": false}], [38332, {"py/object": "odf.components.Data", "data": {"py/b64": "rBY="}, "fake": false}], [38403, {"py/object": "odf.components.Data", "data": {"py/b64": "T8I="}, "fake": false}], [38476, {"py/object": "odf.components.Data", "data": {"py/b64": "bsM="}, "fake": false}], [38548, {"py/object": "odf.components.Data", "data": {"py/b64": "vb8="}, "fake": false}], [38618, {"py/object": "odf.components.Data", "data": {"py/b64": "bEk="}, "fake": false}], [38690, {"py/object": "odf.components.Data", "data": {"py/b64": "hr4="}, "fake": false}], [38752, {"py/object": "odf.components.Data", "data": {"py/b64": "vk8="}, "fake": false}], [38822, {"py/object": "odf.components.Data", "data": {"py/b64": "yD8="}, "fake": false}], [38894, {"py/object": "odf.components.Data", "data": {"py/b64": "9jM="}, "fake": false}], [38966, {"py/object": "odf.components.Data", "data": {"py/b64": "078="}, "fake": false}], [39037, {"py/object": "odf.components.Data", "data": {"py/b64": "B8k="}, "fake": false}], [39109, {"py/object": "odf.components.Data", "data": {"py/b64": "LcE="}, "fake": false}], [39180, {"py/object": "odf.components.Data", "data": {"py/b64": "19k="}, "fake": false}], [39252, {"py/object": "odf.components.Data", "data": {"py/b64": "z0M="}, "fake": false}], [39327, {"py/object": "odf.components.Data", "data": {"py/b64": "slA="}, "fake": false}], [39401, {"py/object": "odf.components.Data", "data": {"py/b64": "Vr8="}, "fake": false}], [39474, {"py/object": "odf.components.Data", "data": {"py/b64": "9Po="}, "fake": false}], [39548, {"py/object": "odf.components.Data", "data": {"py/b64": "nL4="}, "fake": false}], [39620, {"py/object": "odf.components.Data", "data": {"py/b64": "VeY="}, "fake": false}], [39695, {"py/object": "odf.components.Data", "data": {"py/b64": "gD8="}, "fake": false}], [41824, {"py/object": "odf.components.Status", "address": 6, "message_error_bit": "0", "instrumentation_bit": "0", "service_request_bit": "0", "reserved_bits": "000", "brdcst_received_bit": "0", "busy_bit": "0", "subsystem_flag_bit": "0", "dynamic_bus_control_accpt_bit": "0", "terminal_flag_bit": "1", "parity_bit": "1", "fake": false}], [41875, {"py/object": "odf.components.Command", "address": 8, "tr": 0, "sub_address": 2, "dword_count": 8, "parity": 0, "fake": false}], [41886, {"py/object": "odf.components.Command", "address": 7, "tr": 1, "sub_address": 2, "dword_count": 8, "parity": 0, "fake": false}], [43949, {"py/object": "odf.components.Status", "address": 7, "message_error_bit": "0", "instrumentation_bit": "0", "service_request_bit": "0", "reserved_bits": "000", "brdcst_received_bit": "0", "busy_bit": "0", "subsystem_flag_bit": "0", "dynamic_bus_control_accpt_bit": "0", "terminal_flag_bit": "1", "parity_bit": "1", "fake": false}], [44020, {"py/object": "odf.components.Data", "data": {"py/b64": "fiU="}, "fake": false}], [44092, {"py/object": "odf.components.Data", "data": {"py/b64": "h70="}, "fake": false}], [44165, {"py/object": "odf.components.Data", "data": {"py/b64": "x4U="}, "fake": false}], [44239, {"py/object": "odf.components.Data", "data": {"py/b64": "jbs="}, "fake": false}], [44310, {"py/object": "odf.components.Data", "data": {"py/b64": "DeA="}, "fake": false}], [44385, {"py/object": "odf.components.Data", "data": {"py/b64": "0Tw="}, "fake": false}], [44459, {"py/object": "odf.components.Data", "data": {"py/b64": "ZDQ="}, "fake": false}], [44534, {"py/object": "odf.components.Data", "data": {"py/b64": "Vbo="}, "fake": false}], [46628, {"py/object": "odf.components.Status", "address": 8, "message_error_bit": "0", "instrumentation_bit": "0", "service_request_bit": "0", "reserved_bits": "000", "brdcst_received_bit": "0", "busy_bit": "0", "subsystem_flag_bit": "0", "dynamic_bus_control_accpt_bit": "0", "terminal_flag_bit": "1", "parity_bit": "1", "fake": false}], [46718, {"py/object": "odf.components.Command", "address": 10, "tr": 0, "sub_address": 2, "dword_count": 12, "parity": 0, "fake": false}], [46732, {"py/object": "odf.components.Command", "address": 9, "tr": 1, "sub_address": 2, "dword_count": 12, "parity": 0, "fake": false}], [48785, {"py/object": "odf.components.Status", "address": 9, "message_error_bit": "0", "instrumentation_bit": "0", "service_request_bit": "0", "reserved_bits": "000", "brdcst_received_bit": "0", "busy_bit": "0", "subsystem_flag_bit": "0", "dynamic_bus_control_accpt_bit": "0", "terminal_flag_bit": "1", "parity_bit": "1", "fake": false}], [48856, {"py/object": "odf.components.Data", "data": {"py/b64": "T70="}, "fake": false}], [48928, {"py/object": "odf.components.Data", "data": {"py/b64": "B0I="}, "fake": false}], [48999, {"py/object": "odf.components.Data", "data": {"py/b64": "Sds="}, "fake": false}], [49074, {"py/object": "odf.components.Data", "data": {"py/b64": "7MI="}, "fake": false}], [49147, {"py/object": "odf.components.Data", "data": {"py/b64": "m+o="}, "fake": false}], [49221, {"py/object": "odf.components.Data", "data": {"py/b64": "aEM="}, "fake": false}], [49293, {"py/object": "odf.components.Data", "data": {"py/b64": "Sr0="}, "fake": false}], [49368, {"py/object": "odf.components.Data", "data": {"py/b64": "B0I="}, "fake": false}], [49440, {"py/object": "odf.components.Data", "data": {"py/b64": "Yts="}, "fake": false}], [49513, {"py/object": "odf.components.Data", "data": {"py/b64": "7MI="}, "fake": false}], [49587, {"py/object": "odf.components.Data", "data": {"py/b64": "Ugk="}, "fake": false}], [49659, {"py/object": "odf.components.Data", "data": {"py/b64": "QEQ="}, "fake": false}], [51799, {"py/object": "odf.components.Status", "address": 10, "message_error_bit": "0", "instrumentation_bit": "0", "service_request_bit": "0", "reserved_bits": "000", "brdcst_received_bit": "0", "busy_bit": "0", "subsystem_flag_bit": "0", "dynamic_bus_control_accpt_bit": "0", "terminal_flag_bit": "1", "parity_bit": "1", "fake": false}], [51849, {"py/object": "odf.components.Command", "address": 12, "tr": 0, "sub_address": 2, "dword_count": 16, "parity": 0, "fake": false}], [51863, {"py/object": "odf.components.Command", "address": 11, "tr": 1, "sub_address": 2, "dword_count": 16, "parity": 0, "fake": false}], [53927, {"py/object": "odf.components.Status", "address": 11, "message_error_bit": "0", "instrumentation_bit": "0", "service_request_bit": "0", "reserved_bits": "000", "brdcst_received_bit": "0", "busy_bit": "0", "subsystem_flag_bit": "0", "dynamic_bus_control_accpt_bit": "0", "terminal_flag_bit": "1", "parity_bit": "1", "fake": false}], [53995, {"py/object": "odf.components.Data", "data": {"py/b64": "i5E="}, "fake": false}], [54066, {"py/object": "odf.components.Data", "data": {"py/b64": "Fzs="}, "fake": false}], [54142, {"py/object": "odf.components.Data", "data": {"py/b64": "AIU="}, "fake": false}], [54213, {"py/object": "odf.components.Data", "data": {"py/b64": "UkE="}, "fake": false}], [54285, {"py/object": "odf.components.Data", "data": {"py/b64": "UW8="}, "fake": false}], [54358, {"py/object": "odf.components.Data", "data": {"py/b64": "50E="}, "fake": false}], [54430, {"py/object": "odf.components.Data", "data": {"py/b64": "7gw="}, "fake": false}], [54504, {"py/object": "odf.components.Data", "data": {"py/b64": "t0A="}, "fake": false}], [54577, {"py/object": "odf.components.Data", "data": {"py/b64": "kE0="}, "fake": false}], [54650, {"py/object": "odf.components.Data", "data": {"py/b64": "PEA="}, "fake": false}], [54724, {"py/object": "odf.components.Data", "data": {"py/b64": "ksE="}, "fake": false}], [54797, {"py/object": "odf.components.Data", "data": {"py/b64": "6T0="}, "fake": false}], [54869, {"py/object": "odf.components.Data", "data": {"py/b64": "XXo="}, "fake": false}], [54943, {"py/object": "odf.components.Data", "data": {"py/b64": "ZD4="}, "fake": false}], [55015, {"py/object": "odf.components.Data", "data": {"py/b64": "Ykg="}, "fake": false}], [55091, {"py/object": "odf.components.Data", "data": {"py/b64": "q0E="}, "fake": false}], [57221, {"py/object": "odf.components.Status", "address": 12, "message_error_bit": "0", "instrumentation_bit": "0", "service_request_bit": "0", "reserved_bits": "000", "brdcst_received_bit": "0", "busy_bit": "0", "subsystem_flag_bit": "0", "dynamic_bus_control_accpt_bit": "0", "terminal_flag_bit": "1", "parity_bit": "1", "fake": false}], [57392, {"py/object": "odf.components.Command", "address": 1, "tr": 0, "sub_address": 2, "dword_count": 4, "parity": 0, "fake": false}], [57452, {"py/object": "odf.components.Data", "data": {"py/b64": "AAA="}, "fake": false}], [57464, {"py/object": "odf.components.Data", "data": {"py/b64": "AAA="}, "fake": false}], [57476, {"py/object": "odf.components.Data", "data": {"py/b64": "AAA="}, "fake": false}], [57488, {"py/object": "odf.components.Data", "data": {"py/b64": "AAA="}, "fake": false}], [59565, {"py/object": "odf.components.Status", "address": 1, "message_error_bit": "0", "instrumentation_bit": "0", "service_request_bit": "0", "reserved_bits": "000", "brdcst_received_bit": "0", "busy_bit": "0", "subsystem_flag_bit": "0", "dynamic_bus_control_accpt_bit": "0", "terminal_flag_bit": "1", "parity_bit": "1", "fake": false}], [59731, {"py/object": "odf.components.Command", "address": 31, "tr": 0, "sub_address": 2, "dword_count": 1, "parity": 0, "fake": false}], [59783, {"py/object": "odf.components.Data", "data": {"py/b64": "//8="}, "fake": false}], [59797, {"py/object": "odf.components.Command", "address": 4, "tr": 0, "sub_address": 2, "dword_count": 18, "parity": 0, "fake": false}], [59809, {"py/object": "odf.components.Command", "address": 3, "tr": 1, "sub_address": 2, "dword_count": 18, "parity": 0, "fake": false}], [61866, {"py/object": "odf.components.Status", "address": 3, "message_error_bit": "0", "instrumentation_bit": "0", "service_request_bit": "0", "reserved_bits": "000", "brdcst_received_bit": "0", "busy_bit": "0", "subsystem_flag_bit": "0", "dynamic_bus_control_accpt_bit": "0", "terminal_flag_bit": "1", "parity_bit": "1", "fake": false}], [61943, {"py/object": "odf.components.Data", "data": {"py/b64": "kuU="}, "fake": false}], [62022, {"py/object": "odf.components.Data", "data": {"py/b64": "eUM="}, "fake": false}], [62100, {"py/object": "odf.components.Data", "data": {"py/b64": "r2I="}, "fake": false}], [62176, {"py/object": "odf.components.Data", "data": {"py/b64": "AEU="}, "fake": false}], [62255, {"py/object": "odf.components.Data", "data": {"py/b64": "rWM="}, "fake": false}], [62327, {"py/object": "odf.components.Data", "data": {"py/b64": "kEQ="}, "fake": false}], [62386, {"py/object": "odf.components.Data", "data": {"py/b64": "DzY="}, "fake": false}], [62448, {"py/object": "odf.components.Data", "data": {"py/b64": "WkM="}, "fake": false}], [62508, {"py/object": "odf.components.Data", "data": {"py/b64": "D1o="}, "fake": false}], [62582, {"py/object": "odf.components.Data", "data": {"py/b64": "gUA="}, "fake": false}], [62662, {"py/object": "odf.components.Data", "data": {"py/b64": "nk0="}, "fake": false}], [62738, {"py/object": "odf.components.Data", "data": {"py/b64": "gUA="}, "fake": false}], [62814, {"py/object": "odf.components.Data", "data": {"py/b64": "rfk="}, "fake": false}], [62891, {"py/object": "odf.components.Data", "data": {"py/b64": "QkA="}, "fake": false}], [62967, {"py/object": "odf.components.Data", "data": {"py/b64": "Kk4="}, "fake": false}], [63046, {"py/object": "odf.components.Data", "data": {"py/b64": "1UM="}, "fake": false}], [63123, {"py/object": "odf.components.Data", "data": {"py/b64": "tww="}, "fake": false}], [63205, {"py/object": "odf.components.Data", "data": {"py/b64": "OkQ="}, "fake": false}], [65343, {"py/object": "odf.components.Status", "address": 4, "message_error_bit": "0", "instrumentation_bit": "0", "service_request_bit": "0", "reserved_bits": "000", "brdcst_received_bit": "0", "busy_bit": "0", "subsystem_flag_bit": "0", "dynamic_bus_control_accpt_bit": "0", "terminal_flag_bit": "1", "parity_bit": "1", "fake": false}], [65406, {"py/object": "odf.components.Command", "address": 6, "tr": 0, "sub_address": 2, "dword_count": 28, "parity": 0, "fake": false}], [65426, {"py/object": "odf.components.Command", "address": 5, "tr": 1, "sub_address": 2, "dword_count": 28, "parity": 0, "fake": false}], [65503, {"py/object": "odf.components.Status", "address": 5, "message_error_bit": "0", "instrumentation_bit": "0", "service_request_bit": "0", "reserved_bits": "000", "brdcst_received_bit": "0", "busy_bit": "0", "subsystem_flag_bit": "0", "dynamic_bus_control_accpt_bit": "0", "terminal_flag_bit": "1", "parity_bit": "0", "fake": true}], [75928, {"py/object": "odf.components.Command", "address": 8, "tr": 0, "sub_address": 2, "dword_count": 8, "parity": 0, "fake": false}], [75955, {"py/object": "odf.components.Command", "address": 7, "tr": 1, "sub_address": 2, "dword_count": 8, "parity": 0, "fake": false}], [76041, {"py/object": "odf.components.Status", "address": 7, "message_error_bit": "0", "instrumentation_bit": "0", "service_request_bit": "0", "reserved_bits": "000", "brdcst_received_bit": "0", "busy_bit": "0", "subsystem_flag_bit": "0", "dynamic_bus_control_accpt_bit": "0", "terminal_flag_bit": "1", "parity_bit": "0", "fake": true}], [86492, {"py/object": "odf.components.Command", "address": 10, "tr": 0, "sub_address": 2, "dword_count": 12, "parity": 0, "fake": false}], [86520, {"py/object": "odf.components.Command", "address": 9, "tr": 1, "sub_address": 2, "dword_count": 12, "parity": 0, "fake": false}], [86607, {"py/object": "odf.components.Status", "address": 9, "message_error_bit": "0", "instrumentation_bit": "0", "service_request_bit": "0", "reserved_bits": "000", "brdcst_received_bit": "0", "busy_bit": "0", "subsystem_flag_bit": "0", "dynamic_bus_control_accpt_bit": "0", "terminal_flag_bit": "1", "parity_bit": "0", "fake": true}], [97052, {"py/object": "odf.components.Command", "address": 12, "tr": 0, "sub_address": 2, "dword_count": 16, "parity": 0, "fake": false}], [97078, {"py/object": "odf.components.Command", "address": 11, "tr": 1, "sub_address": 2, "dword_count": 16, "parity": 0, "fake": false}], [97163, {"py/object": "odf.components.Status", "address": 11, "message_error_bit": "0", "instrumentation_bit": "0", "service_request_bit": "0", "reserved_bits": "000", "brdcst_received_bit": "0", "busy_bit": "0", "subsystem_flag_bit": "0", "dynamic_bus_control_accpt_bit": "0", "terminal_flag_bit": "1", "parity_bit": "0", "fake": true}], [107665, {"py/object": "odf.components.Command", "address": 1, "tr": 0, "sub_address": 2, "dword_count": 4, "parity": 0, "fake": false}], [107831, {"py/object": "odf.components.Data", "data": {"py/b64": "AAA="}, "fake": false}], [108013, {"py/object": "odf.components.Data", "data": {"py/b64": "AAA="}, "fake": false}], [108135, {"py/object": "odf.components.Data", "data": {"py/b64": "AAA="}, "fake": false}], [108161, {"py/object": "odf.components.Data", "data": {"py/b64": "gEA="}, "fake": false}], [108182, {"py/object": "odf.components.Command", "address": 31, "tr": 0, "sub_address": 2, "dword_count": 1, "parity": 0, "fake": false}], [108250, {"py/object": "odf.components.Data", "data": {"py/b64": "//8="}, "fake": false}], [108266, {"py/object": "odf.components.Command", "address": 4, "tr": 0, "sub_address": 2, "dword_count": 18, "parity": 0, "fake": false}], [108279, {"py/object": "odf.components.Command", "address": 3, "tr": 1, "sub_address": 2, "dword_count": 18, "parity": 0, "fake": false}], [108293, {"py/object": "odf.components.Status", "address": 3, "message_error_bit": "0", "instrumentation_bit": "0", "service_request_bit": "0", "reserved_bits": "000", "brdcst_received_bit": "0", "busy_bit": "0", "subsystem_flag_bit": "0", "dynamic_bus_control_accpt_bit": "0", "terminal_flag_bit": "1", "parity_bit": "0", "fake": true}], [109903, {"py/object": "odf.components.Status", "address": 1, "message_error_bit": "0", "instrumentation_bit": "0", "service_request_bit": "0", "reserved_bits": "000", "brdcst_received_bit": "0", "busy_bit": "0", "subsystem_flag_bit": "0", "dynamic_bus_control_accpt_bit": "0", "terminal_flag_bit": "1", "parity_bit": "1", "fake": false}], [109991, {"py/object": "odf.components.Command", "address": 6, "tr": 0, "sub_address": 2, "dword_count": 28, "parity": 0, "fake": false}], [110012, {"py/object": "odf.components.Command", "address": 5, "tr": 1, "sub_address": 2, "dword_count": 28, "parity": 0, "fake": false}], [110094, {"py/object": "odf.components.Status", "address": 5, "message_error_bit": "0", "instrumentation_bit": "0", "service_request_bit": "0", "reserved_bits": "000", "brdcst_received_bit": "0", "busy_bit": "0", "subsystem_flag_bit": "0", "dynamic_bus_control_accpt_bit": "0", "terminal_flag_bit": "1", "parity_bit": "0", "fake": true}]], "attack_times": [[65422, 75959, 86522, 97079, 108157, 110007]], "attack_types": ["Fake_Status_trcmd"], "attack_outcome": [true]}