{"data": [[376, {"py/object": "odf.components.Command", "address": 31, "tr": 0, "sub_address": 2, "dword_count": 1, "parity": 0, "fake": false}], [493, {"py/object": "odf.components.Data", "data": {"py/b64": "//8="}, "fake": false}], [540, {"py/object": "odf.components.Command", "address": 4, "tr": 0, "sub_address": 2, "dword_count": 18, "parity": 0, "fake": false}], [554, {"py/object": "odf.components.Command", "address": 3, "tr": 1, "sub_address": 2, "dword_count": 18, "parity": 0, "fake": false}], [2626, {"py/object": "odf.components.Status", "address": 3, "message_error_bit": "0", "instrumentation_bit": "0", "service_request_bit": "0", "reserved_bits": "000", "brdcst_received_bit": "0", "busy_bit": "0", "subsystem_flag_bit": "0", "dynamic_bus_control_accpt_bit": "0", "terminal_flag_bit": "1", "parity_bit": "1", "fake": false}], [2694, {"py/object": "odf.components.Data", "data": {"py/b64": "iKs="}, "fake": false}], [2767, {"py/object": "odf.components.Data", "data": {"py/b64": "JUI="}, "fake": false}], [2841, {"py/object": "odf.components.Data", "data": {"py/b64": "yLM="}, "fake": false}], [2913, {"py/object": "odf.components.Data", "data": {"py/b64": "fb0="}, "fake": false}], [2987, {"py/object": "odf.components.Data", "data": {"py/b64": "RYY="}, "fake": false}], [3060, {"py/object": "odf.components.Data", "data": {"py/b64": "7kI="}, "fake": false}], [3129, {"py/object": "odf.components.Data", "data": {"py/b64": "q80="}, "fake": false}], [3202, {"py/object": "odf.components.Data", "data": {"py/b64": "iEM="}, "fake": false}], [3276, {"py/object": "odf.components.Data", "data": {"py/b64": "768="}, "fake": false}], [3349, {"py/object": "odf.components.Data", "data": {"py/b64": "i0A="}, "fake": false}], [3418, {"py/object": "odf.components.Data", "data": {"py/b64": "ALA="}, "fake": false}], [3480, {"py/object": "odf.components.Data", "data": {"py/b64": "i0A="}, "fake": false}], [3547, {"py/object": "odf.components.Data", "data": {"py/b64": "2w8="}, "fake": false}], [3605, {"py/object": "odf.components.Data", "data": {"py/b64": "SUA="}, "fake": false}], [3669, {"py/object": "odf.components.Data", "data": {"py/b64": "pKM="}, "fake": false}], [3737, {"py/object": "odf.components.Data", "data": {"py/b64": "1kM="}, "fake": false}], [3796, {"py/object": "odf.components.Data", "data": {"py/b64": "tww="}, "fake": false}], [3869, {"py/object": "odf.components.Data", "data": {"py/b64": "OkQ="}, "fake": false}], [5952, {"py/object": "odf.components.Status", "address": 4, "message_error_bit": "0", "instrumentation_bit": "0", "service_request_bit": "0", "reserved_bits": "000", "brdcst_received_bit": "0", "busy_bit": "0", "subsystem_flag_bit": "0", "dynamic_bus_control_accpt_bit": "0", "terminal_flag_bit": "1", "parity_bit": "1", "fake": false}], [6035, {"py/object": "odf.components.Command", "address": 6, "tr": 0, "sub_address": 2, "dword_count": 28, "parity": 0, "fake": false}], [6053, {"py/object": "odf.components.Command", "address": 5, "tr": 1, "sub_address": 2, "dword_count": 28, "parity": 0, "fake": false}], [8129, {"py/object": "odf.components.Status", "address": 5, "message_error_bit": "0", "instrumentation_bit": "0", "service_request_bit": "0", "reserved_bits": "000", "brdcst_received_bit": "0", "busy_bit": "0", "subsystem_flag_bit": "0", "dynamic_bus_control_accpt_bit": "0", "terminal_flag_bit": "1", "parity_bit": "1", "fake": false}], [8198, {"py/object": "odf.components.Data", "data": {"py/b64": "wpE="}, "fake": false}], [8270, {"py/object": "odf.components.Data", "data": {"py/b64": "rEI="}, "fake": false}], [8341, {"py/object": "odf.components.Data", "data": {"py/b64": "SSg="}, "fake": false}], [8415, {"py/object": "odf.components.Data", "data": {"py/b64": "EkM="}, "fake": false}], [8485, {"py/object": "odf.components.Data", "data": {"py/b64": "z7A="}, "fake": false}], [8559, {"py/object": "odf.components.Data", "data": {"py/b64": "EcM="}, "fake": false}], [8632, {"py/object": "odf.components.Data", "data": {"py/b64": "ahU="}, "fake": false}], [8703, {"py/object": "odf.components.Data", "data": {"py/b64": "Tzw="}, "fake": false}], [8772, {"py/object": "odf.components.Data", "data": {"py/b64": "3ig="}, "fake": false}], [8845, {"py/object": "odf.components.Data", "data": {"py/b64": "kcE="}, "fake": false}], [8912, {"py/object": "odf.components.Data", "data": {"py/b64": "N+8="}, "fake": false}], [8982, {"py/object": "odf.components.Data", "data": {"py/b64": "UsE="}, "fake": false}], [9046, {"py/object": "odf.components.Data", "data": {"py/b64": "Jeg="}, "fake": false}], [9111, {"py/object": "odf.components.Data", "data": {"py/b64": "bL8="}, "fake": false}], [9182, {"py/object": "odf.components.Data", "data": {"py/b64": "KRk="}, "fake": false}], [9251, {"py/object": "odf.components.Data", "data": {"py/b64": "BMA="}, "fake": false}], [9319, {"py/object": "odf.components.Data", "data": {"py/b64": "0GE="}, "fake": false}], [9385, {"py/object": "odf.components.Data", "data": {"py/b64": "Bbw="}, "fake": false}], [9456, {"py/object": "odf.components.Data", "data": {"py/b64": "I64="}, "fake": false}], [9519, {"py/object": "odf.components.Data", "data": {"py/b64": "bkA="}, "fake": false}], [9588, {"py/object": "odf.components.Data", "data": {"py/b64": "rHU="}, "fake": false}], [9659, {"py/object": "odf.components.Data", "data": {"py/b64": "F0M="}, "fake": false}], [9730, {"py/object": "odf.components.Data", "data": {"py/b64": "dbY="}, "fake": false}], [9803, {"py/object": "odf.components.Data", "data": {"py/b64": "Db4="}, "fake": false}], [9875, {"py/object": "odf.components.Data", "data": {"py/b64": "TfE="}, "fake": false}], [9947, {"py/object": "odf.components.Data", "data": {"py/b64": "FsA="}, "fake": false}], [10018, {"py/object": "odf.components.Data", "data": {"py/b64": "cHg="}, "fake": false}], [10095, {"py/object": "odf.components.Data", "data": {"py/b64": "UEE="}, "fake": false}], [12195, {"py/object": "odf.components.Status", "address": 6, "message_error_bit": "0", "instrumentation_bit": "0", "service_request_bit": "0", "reserved_bits": "000", "brdcst_received_bit": "0", "busy_bit": "0", "subsystem_flag_bit": "0", "dynamic_bus_control_accpt_bit": "0", "terminal_flag_bit": "1", "parity_bit": "1", "fake": false}], [12252, {"py/object": "odf.components.Command", "address": 8, "tr": 0, "sub_address": 2, "dword_count": 8, "parity": 0, "fake": false}], [12269, {"py/object": "odf.components.Command", "address": 7, "tr": 1, "sub_address": 2, "dword_count": 8, "parity": 0, "fake": false}], [14342, {"py/object": "odf.components.Status", "address": 7, "message_error_bit": "0", "instrumentation_bit": "0", "service_request_bit": "0", "reserved_bits": "000", "brdcst_received_bit": "0", "busy_bit": "0", "subsystem_flag_bit": "0", "dynamic_bus_control_accpt_bit": "0", "terminal_flag_bit": "1", "parity_bit": "1", "fake": false}], [14415, {"py/object": "odf.components.Data", "data": {"py/b64": "xJ4="}, "fake": false}], [14485, {"py/object": "odf.components.Data", "data": {"py/b64": "YL0="}, "fake": false}], [14556, {"py/object": "odf.components.Data", "data": {"py/b64": "xsM="}, "fake": false}], [14630, {"py/object": "odf.components.Data", "data": {"py/b64": "FTo="}, "fake": false}], [14687, {"py/object": "odf.components.Data", "data": {"py/b64": "lOM="}, "fake": false}], [14763, {"py/object": "odf.components.Data", "data": {"py/b64": "Jz0="}, "fake": false}], [14838, {"py/object": "odf.components.Data", "data": {"py/b64": "z3E="}, "fake": false}], [14918, {"py/object": "odf.components.Data", "data": {"py/b64": "lDk="}, "fake": false}], [17038, {"py/object": "odf.components.Status", "address": 8, "message_error_bit": "0", "instrumentation_bit": "0", "service_request_bit": "0", "reserved_bits": "000", "brdcst_received_bit": "0", "busy_bit": "0", "subsystem_flag_bit": "0", "dynamic_bus_control_accpt_bit": "0", "terminal_flag_bit": "1", "parity_bit": "1", "fake": false}], [17108, {"py/object": "odf.components.Command", "address": 10, "tr": 0, "sub_address": 2, "dword_count": 12, "parity": 0, "fake": false}], [17127, {"py/object": "odf.components.Command", "address": 9, "tr": 1, "sub_address": 2, "dword_count": 12, "parity": 0, "fake": false}], [19203, {"py/object": "odf.components.Status", "address": 9, "message_error_bit": "0", "instrumentation_bit": "0", "service_request_bit": "0", "reserved_bits": "000", "brdcst_received_bit": "0", "busy_bit": "0", "subsystem_flag_bit": "0", "dynamic_bus_control_accpt_bit": "0", "terminal_flag_bit": "1", "parity_bit": "1", "fake": false}], [19277, {"py/object": "odf.components.Data", "data": {"py/b64": "L8E="}, "fake": false}], [19352, {"py/object": "odf.components.Data", "data": {"py/b64": "B0I="}, "fake": false}], [19424, {"py/object": "odf.components.Data", "data": {"py/b64": "ocg="}, "fake": false}], [19496, {"py/object": "odf.components.Data", "data": {"py/b64": "7MI="}, "fake": false}], [19566, {"py/object": "odf.components.Data", "data": {"py/b64": "vNY="}, "fake": false}], [19637, {"py/object": "odf.components.Data", "data": {"py/b64": "MUI="}, "fake": false}], [19710, {"py/object": "odf.components.Data", "data": {"py/b64": "K8E="}, "fake": false}], [19782, {"py/object": "odf.components.Data", "data": {"py/b64": "B0I="}, "fake": false}], [19855, {"py/object": "odf.components.Data", "data": {"py/b64": "tMg="}, "fake": false}], [19929, {"py/object": "odf.components.Data", "data": {"py/b64": "7MI="}, "fake": false}], [20004, {"py/object": "odf.components.Data", "data": {"py/b64": "ivU="}, "fake": false}], [20079, {"py/object": "odf.components.Data", "data": {"py/b64": "FEM="}, "fake": false}], [22211, {"py/object": "odf.components.Status", "address": 10, "message_error_bit": "0", "instrumentation_bit": "0", "service_request_bit": "0", "reserved_bits": "000", "brdcst_received_bit": "0", "busy_bit": "0", "subsystem_flag_bit": "0", "dynamic_bus_control_accpt_bit": "0", "terminal_flag_bit": "1", "parity_bit": "1", "fake": false}], [22270, {"py/object": "odf.components.Command", "address": 12, "tr": 0, "sub_address": 2, "dword_count": 16, "parity": 0, "fake": false}], [22288, {"py/object": "odf.components.Command", "address": 11, "tr": 1, "sub_address": 2, "dword_count": 16, "parity": 0, "fake": false}], [24361, {"py/object": "odf.components.Status", "address": 11, "message_error_bit": "0", "instrumentation_bit": "0", "service_request_bit": "0", "reserved_bits": "000", "brdcst_received_bit": "0", "busy_bit": "0", "subsystem_flag_bit": "0", "dynamic_bus_control_accpt_bit": "0", "terminal_flag_bit": "1", "parity_bit": "1", "fake": false}], [24416, {"py/object": "odf.components.Data", "data": {"py/b64": "d2Y="}, "fake": false}], [24487, {"py/object": "odf.components.Data", "data": {"py/b64": "Gjs="}, "fake": false}], [24538, {"py/object": "odf.components.Data", "data": {"py/b64": "AIo="}, "fake": false}], [24608, {"py/object": "odf.components.Data", "data": {"py/b64": "ZUE="}, "fake": false}], [24678, {"py/object": "odf.components.Data", "data": {"py/b64": "roc="}, "fake": false}], [24749, {"py/object": "odf.components.Data", "data": {"py/b64": "7EE="}, "fake": false}], [24822, {"py/object": "odf.components.Data", "data": {"py/b64": "sAg="}, "fake": false}], [24895, {"py/object": "odf.components.Data", "data": {"py/b64": "YEA="}, "fake": false}], [24971, {"py/object": "odf.components.Data", "data": {"py/b64": "Ac0="}, "fake": false}], [25045, {"py/object": "odf.components.Data", "data": {"py/b64": "5T8="}, "fake": false}], [25116, {"py/object": "odf.components.Data", "data": {"py/b64": "868="}, "fake": false}], [25191, {"py/object": "odf.components.Data", "data": {"py/b64": "Aj4="}, "fake": false}], [25263, {"py/object": "odf.components.Data", "data": {"py/b64": "TQU="}, "fake": false}], [25333, {"py/object": "odf.components.Data", "data": {"py/b64": "9z4="}, "fake": false}], [25406, {"py/object": "odf.components.Data", "data": {"py/b64": "LU0="}, "fake": false}], [25479, {"py/object": "odf.components.Data", "data": {"py/b64": "nEE="}, "fake": false}], [27604, {"py/object": "odf.components.Status", "address": 12, "message_error_bit": "0", "instrumentation_bit": "0", "service_request_bit": "0", "reserved_bits": "000", "brdcst_received_bit": "0", "busy_bit": "0", "subsystem_flag_bit": "0", "dynamic_bus_control_accpt_bit": "0", "terminal_flag_bit": "1", "parity_bit": "1", "fake": false}], [27792, {"py/object": "odf.components.Command", "address": 1, "tr": 0, "sub_address": 2, "dword_count": 4, "parity": 0, "fake": false}], [27852, {"py/object": "odf.components.Data", "data": {"py/b64": "AAA="}, "fake": false}], [27865, {"py/object": "odf.components.Data", "data": {"py/b64": "AAA="}, "fake": false}], [27876, {"py/object": "odf.components.Data", "data": {"py/b64": "AAA="}, "fake": false}], [27886, {"py/object": "odf.components.Data", "data": {"py/b64": "AAA="}, "fake": false}], [29935, {"py/object": "odf.components.Status", "address": 1, "message_error_bit": "0", "instrumentation_bit": "0", "service_request_bit": "0", "reserved_bits": "000", "brdcst_received_bit": "0", "busy_bit": "0", "subsystem_flag_bit": "0", "dynamic_bus_control_accpt_bit": "0", "terminal_flag_bit": "1", "parity_bit": "1", "fake": false}], [30100, {"py/object": "odf.components.Command", "address": 31, "tr": 0, "sub_address": 2, "dword_count": 1, "parity": 0, "fake": false}], [30202, {"py/object": "odf.components.Data", "data": {"py/b64": "//8="}, "fake": false}], [30217, {"py/object": "odf.components.Command", "address": 4, "tr": 0, "sub_address": 2, "dword_count": 18, "parity": 0, "fake": false}], [30230, {"py/object": "odf.components.Command", "address": 3, "tr": 1, "sub_address": 2, "dword_count": 18, "parity": 0, "fake": false}], [32285, {"py/object": "odf.components.Status", "address": 3, "message_error_bit": "0", "instrumentation_bit": "0", "service_request_bit": "0", "reserved_bits": "000", "brdcst_received_bit": "0", "busy_bit": "0", "subsystem_flag_bit": "0", "dynamic_bus_control_accpt_bit": "0", "terminal_flag_bit": "1", "parity_bit": "1", "fake": false}], [32358, {"py/object": "odf.components.Data", "data": {"py/b64": "Z7o="}, "fake": false}], [32429, {"py/object": "odf.components.Data", "data": {"py/b64": "a0M="}, "fake": false}], [32498, {"py/object": "odf.components.Data", "data": {"py/b64": "VEk="}, "fake": false}], [32567, {"py/object": "odf.components.Data", "data": {"py/b64": "lUQ="}, "fake": false}], [32641, {"py/object": "odf.components.Data", "data": {"py/b64": "6so="}, "fake": false}], [32711, {"py/object": "odf.components.Data", "data": {"py/b64": "3EM="}, "fake": false}], [32782, {"py/object": "odf.components.Data", "data": {"py/b64": "t6g="}, "fake": false}], [32854, {"py/object": "odf.components.Data", "data": {"py/b64": "hEM="}, "fake": false}], [32926, {"py/object": "odf.components.Data", "data": {"py/b64": "bs0="}, "fake": false}], [32999, {"py/object": "odf.components.Data", "data": {"py/b64": "i0A="}, "fake": false}], [33071, {"py/object": "odf.components.Data", "data": {"py/b64": "Bs8="}, "fake": false}], [33144, {"py/object": "odf.components.Data", "data": {"py/b64": "i0A="}, "fake": false}], [33208, {"py/object": "odf.components.Data", "data": {"py/b64": "9OA="}, "fake": false}], [33275, {"py/object": "odf.components.Data", "data": {"py/b64": "QkA="}, "fake": false}], [33348, {"py/object": "odf.components.Data", "data": {"py/b64": "Osk="}, "fake": false}], [33421, {"py/object": "odf.components.Data", "data": {"py/b64": "1UM="}, "fake": false}], [33496, {"py/object": "odf.components.Data", "data": {"py/b64": "tww="}, "fake": false}], [33576, {"py/object": "odf.components.Data", "data": {"py/b64": "OkQ="}, "fake": false}], [35645, {"py/object": "odf.components.Status", "address": 4, "message_error_bit": "0", "instrumentation_bit": "0", "service_request_bit": "0", "reserved_bits": "000", "brdcst_received_bit": "0", "busy_bit": "0", "subsystem_flag_bit": "0", "dynamic_bus_control_accpt_bit": "0", "terminal_flag_bit": "1", "parity_bit": "1", "fake": false}], [35737, {"py/object": "odf.components.Command", "address": 6, "tr": 0, "sub_address": 2, "dword_count": 28, "parity": 0, "fake": false}], [35750, {"py/object": "odf.components.Command", "address": 5, "tr": 1, "sub_address": 2, "dword_count": 28, "parity": 0, "fake": false}], [37818, {"py/object": "odf.components.Status", "address": 5, "message_error_bit": "0", "instrumentation_bit": "0", "service_request_bit": "0", "reserved_bits": "000", "brdcst_received_bit": "0", "busy_bit": "0", "subsystem_flag_bit": "0", "dynamic_bus_control_accpt_bit": "0", "terminal_flag_bit": "1", "parity_bit": "1", "fake": false}], [37893, {"py/object": "odf.components.Data", "data": {"py/b64": "AdU="}, "fake": false}], [37964, {"py/object": "odf.components.Data", "data": {"py/b64": "dUM="}, "fake": false}], [38035, {"py/object": "odf.components.Data", "data": {"py/b64": "L6s="}, "fake": false}], [38108, {"py/object": "odf.components.Data", "data": {"py/b64": "z0M="}, "fake": false}], [38180, {"py/object": "odf.components.Data", "data": {"py/b64": "ieI="}, "fake": false}], [38251, {"py/object": "odf.components.Data", "data": {"py/b64": "zcM="}, "fake": false}], [38326, {"py/object": "odf.components.Data", "data": {"py/b64": "yLU="}, "fake": false}], [38396, {"py/object": "odf.components.Data", "data": {"py/b64": "ikE="}, "fake": false}], [38467, {"py/object": "odf.components.Data", "data": {"py/b64": "rBY="}, "fake": false}], [38539, {"py/object": "odf.components.Data", "data": {"py/b64": "T8I="}, "fake": false}], [38609, {"py/object": "odf.components.Data", "data": {"py/b64": "bsM="}, "fake": false}], [38682, {"py/object": "odf.components.Data", "data": {"py/b64": "vb8="}, "fake": false}], [38755, {"py/object": "odf.components.Data", "data": {"py/b64": "bEk="}, "fake": false}], [38828, {"py/object": "odf.components.Data", "data": {"py/b64": "hr4="}, "fake": false}], [38899, {"py/object": "odf.components.Data", "data": {"py/b64": "vk8="}, "fake": false}], [38971, {"py/object": "odf.components.Data", "data": {"py/b64": "yD8="}, "fake": false}], [39044, {"py/object": "odf.components.Data", "data": {"py/b64": "9jM="}, "fake": false}], [39115, {"py/object": "odf.components.Data", "data": {"py/b64": "078="}, "fake": false}], [39189, {"py/object": "odf.components.Data", "data": {"py/b64": "B8k="}, "fake": false}], [39262, {"py/object": "odf.components.Data", "data": {"py/b64": "LcE="}, "fake": false}], [39334, {"py/object": "odf.components.Data", "data": {"py/b64": "19k="}, "fake": false}], [39409, {"py/object": "odf.components.Data", "data": {"py/b64": "z0M="}, "fake": false}], [39485, {"py/object": "odf.components.Data", "data": {"py/b64": "slA="}, "fake": false}], [39555, {"py/object": "odf.components.Data", "data": {"py/b64": "Vr8="}, "fake": false}], [39623, {"py/object": "odf.components.Data", "data": {"py/b64": "9Po="}, "fake": false}], [39693, {"py/object": "odf.components.Data", "data": {"py/b64": "nL4="}, "fake": false}], [39765, {"py/object": "odf.components.Data", "data": {"py/b64": "VeY="}, "fake": false}], [39843, {"py/object": "odf.components.Data", "data": {"py/b64": "gD8="}, "fake": false}], [41944, {"py/object": "odf.components.Status", "address": 6, "message_error_bit": "0", "instrumentation_bit": "0", "service_request_bit": "0", "reserved_bits": "000", "brdcst_received_bit": "0", "busy_bit": "0", "subsystem_flag_bit": "0", "dynamic_bus_control_accpt_bit": "0", "terminal_flag_bit": "1", "parity_bit": "1", "fake": false}], [41987, {"py/object": "odf.components.Command", "address": 8, "tr": 0, "sub_address": 2, "dword_count": 8, "parity": 0, "fake": false}], [42000, {"py/object": "odf.components.Command", "address": 7, "tr": 1, "sub_address": 2, "dword_count": 8, "parity": 0, "fake": false}], [44065, {"py/object": "odf.components.Status", "address": 7, "message_error_bit": "0", "instrumentation_bit": "0", "service_request_bit": "0", "reserved_bits": "000", "brdcst_received_bit": "0", "busy_bit": "0", "subsystem_flag_bit": "0", "dynamic_bus_control_accpt_bit": "0", "terminal_flag_bit": "1", "parity_bit": "1", "fake": false}], [44138, {"py/object": "odf.components.Data", "data": {"py/b64": "fiU="}, "fake": false}], [44209, {"py/object": "odf.components.Data", "data": {"py/b64": "h70="}, "fake": false}], [44285, {"py/object": "odf.components.Data", "data": {"py/b64": "x4U="}, "fake": false}], [44357, {"py/object": "odf.components.Data", "data": {"py/b64": "jbs="}, "fake": false}], [44427, {"py/object": "odf.components.Data", "data": {"py/b64": "DeA="}, "fake": false}], [44503, {"py/object": "odf.components.Data", "data": {"py/b64": "0Tw="}, "fake": false}], [44563, {"py/object": "odf.components.Data", "data": {"py/b64": "ZDQ="}, "fake": false}], [44638, {"py/object": "odf.components.Data", "data": {"py/b64": "Vbo="}, "fake": false}], [46779, {"py/object": "odf.components.Status", "address": 8, "message_error_bit": "0", "instrumentation_bit": "0", "service_request_bit": "0", "reserved_bits": "000", "brdcst_received_bit": "0", "busy_bit": "0", "subsystem_flag_bit": "0", "dynamic_bus_control_accpt_bit": "0", "terminal_flag_bit": "1", "parity_bit": "1", "fake": false}], [46831, {"py/object": "odf.components.Command", "address": 10, "tr": 0, "sub_address": 2, "dword_count": 12, "parity": 0, "fake": false}], [46843, {"py/object": "odf.components.Command", "address": 9, "tr": 1, "sub_address": 2, "dword_count": 12, "parity": 0, "fake": false}], [48910, {"py/object": "odf.components.Status", "address": 9, "message_error_bit": "0", "instrumentation_bit": "0", "service_request_bit": "0", "reserved_bits": "000", "brdcst_received_bit": "0", "busy_bit": "0", "subsystem_flag_bit": "0", "dynamic_bus_control_accpt_bit": "0", "terminal_flag_bit": "1", "parity_bit": "1", "fake": false}], [48983, {"py/object": "odf.components.Data", "data": {"py/b64": "T70="}, "fake": false}], [49052, {"py/object": "odf.components.Data", "data": {"py/b64": "B0I="}, "fake": false}], [49123, {"py/object": "odf.components.Data", "data": {"py/b64": "Sds="}, "fake": false}], [49196, {"py/object": "odf.components.Data", "data": {"py/b64": "7MI="}, "fake": false}], [49269, {"py/object": "odf.components.Data", "data": {"py/b64": "m+o="}, "fake": false}], [49343, {"py/object": "odf.components.Data", "data": {"py/b64": "aEM="}, "fake": false}], [49414, {"py/object": "odf.components.Data", "data": {"py/b64": "Sr0="}, "fake": false}], [49487, {"py/object": "odf.components.Data", "data": {"py/b64": "B0I="}, "fake": false}], [49560, {"py/object": "odf.components.Data", "data": {"py/b64": "Yts="}, "fake": false}], [49632, {"py/object": "odf.components.Data", "data": {"py/b64": "7MI="}, "fake": false}], [49691, {"py/object": "odf.components.Data", "data": {"py/b64": "Ugk="}, "fake": false}], [49761, {"py/object": "odf.components.Data", "data": {"py/b64": "QEQ="}, "fake": false}], [51865, {"py/object": "odf.components.Status", "address": 10, "message_error_bit": "0", "instrumentation_bit": "0", "service_request_bit": "0", "reserved_bits": "000", "brdcst_received_bit": "0", "busy_bit": "0", "subsystem_flag_bit": "0", "dynamic_bus_control_accpt_bit": "0", "terminal_flag_bit": "1", "parity_bit": "1", "fake": false}], [51915, {"py/object": "odf.components.Command", "address": 12, "tr": 0, "sub_address": 2, "dword_count": 16, "parity": 0, "fake": false}], [51929, {"py/object": "odf.components.Command", "address": 11, "tr": 1, "sub_address": 2, "dword_count": 16, "parity": 0, "fake": false}], [53995, {"py/object": "odf.components.Status", "address": 11, "message_error_bit": "0", "instrumentation_bit": "0", "service_request_bit": "0", "reserved_bits": "000", "brdcst_received_bit": "0", "busy_bit": "0", "subsystem_flag_bit": "0", "dynamic_bus_control_accpt_bit": "0", "terminal_flag_bit": "1", "parity_bit": "1", "fake": false}], [54073, {"py/object": "odf.components.Data", "data": {"py/b64": "i5E="}, "fake": false}], [54147, {"py/object": "odf.components.Data", "data": {"py/b64": "Fzs="}, "fake": false}], [54220, {"py/object": "odf.components.Data", "data": {"py/b64": "AIU="}, "fake": false}], [54290, {"py/object": "odf.components.Data", "data": {"py/b64": "UkE="}, "fake": false}], [54364, {"py/object": "odf.components.Data", "data": {"py/b64": "UW8="}, "fake": false}], [54436, {"py/object": "odf.components.Data", "data": {"py/b64": "50E="}, "fake": false}], [54511, {"py/object": "odf.components.Data", "data": {"py/b64": "7gw="}, "fake": false}], [54561, {"py/object": "odf.components.Data", "data": {"py/b64": "t0A="}, "fake": false}], [54631, {"py/object": "odf.components.Data", "data": {"py/b64": "kE0="}, "fake": false}], [54705, {"py/object": "odf.components.Data", "data": {"py/b64": "PEA="}, "fake": false}], [54778, {"py/object": "odf.components.Data", "data": {"py/b64": "ksE="}, "fake": false}], [54846, {"py/object": "odf.components.Data", "data": {"py/b64": "6T0="}, "fake": false}], [54922, {"py/object": "odf.components.Data", "data": {"py/b64": "XXo="}, "fake": false}], [54993, {"py/object": "odf.components.Data", "data": {"py/b64": "ZD4="}, "fake": false}], [55068, {"py/object": "odf.components.Data", "data": {"py/b64": "Ykg="}, "fake": false}], [55141, {"py/object": "odf.components.Data", "data": {"py/b64": "q0E="}, "fake": false}], [57253, {"py/object": "odf.components.Status", "address": 12, "message_error_bit": "0", "instrumentation_bit": "0", "service_request_bit": "0", "reserved_bits": "000", "brdcst_received_bit": "0", "busy_bit": "0", "subsystem_flag_bit": "0", "dynamic_bus_control_accpt_bit": "0", "terminal_flag_bit": "1", "parity_bit": "1", "fake": false}], [57440, {"py/object": "odf.components.Command", "address": 1, "tr": 0, "sub_address": 2, "dword_count": 4, "parity": 0, "fake": false}], [57509, {"py/object": "odf.components.Data", "data": {"py/b64": "AAA="}, "fake": false}], [57521, {"py/object": "odf.components.Data", "data": {"py/b64": "AAA="}, "fake": false}], [57533, {"py/object": "odf.components.Data", "data": {"py/b64": "AAA="}, "fake": false}], [57545, {"py/object": "odf.components.Data", "data": {"py/b64": "AAA="}, "fake": false}], [59594, {"py/object": "odf.components.Status", "address": 1, "message_error_bit": "0", "instrumentation_bit": "0", "service_request_bit": "0", "reserved_bits": "000", "brdcst_received_bit": "0", "busy_bit": "0", "subsystem_flag_bit": "0", "dynamic_bus_control_accpt_bit": "0", "terminal_flag_bit": "1", "parity_bit": "1", "fake": false}], [59769, {"py/object": "odf.components.Command", "address": 31, "tr": 0, "sub_address": 2, "dword_count": 1, "parity": 0, "fake": false}], [59853, {"py/object": "odf.components.Data", "data": {"py/b64": "//8="}, "fake": false}], [59868, {"py/object": "odf.components.Command", "address": 4, "tr": 0, "sub_address": 2, "dword_count": 18, "parity": 0, "fake": false}], [59881, {"py/object": "odf.components.Command", "address": 3, "tr": 1, "sub_address": 2, "dword_count": 18, "parity": 0, "fake": false}], [61918, {"py/object": "odf.components.Status", "address": 3, "message_error_bit": "0", "instrumentation_bit": "0", "service_request_bit": "0", "reserved_bits": "000", "brdcst_received_bit": "0", "busy_bit": "0", "subsystem_flag_bit": "0", "dynamic_bus_control_accpt_bit": "0", "terminal_flag_bit": "1", "parity_bit": "1", "fake": false}], [61990, {"py/object": "odf.components.Data", "data": {"py/b64": "kuU="}, "fake": false}], [62071, {"py/object": "odf.components.Data", "data": {"py/b64": "eUM="}, "fake": false}], [62149, {"py/object": "odf.components.Data", "data": {"py/b64": "r2I="}, "fake": false}], [62228, {"py/object": "odf.components.Data", "data": {"py/b64": "AEU="}, "fake": false}], [62308, {"py/object": "odf.components.Data", "data": {"py/b64": "rWM="}, "fake": false}], [62388, {"py/object": "odf.components.Data", "data": {"py/b64": "kEQ="}, "fake": false}], [62469, {"py/object": "odf.components.Data", "data": {"py/b64": "DzY="}, "fake": false}], [62549, {"py/object": "odf.components.Data", "data": {"py/b64": "WkM="}, "fake": false}], [62627, {"py/object": "odf.components.Data", "data": {"py/b64": "D1o="}, "fake": false}], [62707, {"py/object": "odf.components.Data", "data": {"py/b64": "gUA="}, "fake": false}], [62787, {"py/object": "odf.components.Data", "data": {"py/b64": "nk0="}, "fake": false}], [62871, {"py/object": "odf.components.Data", "data": {"py/b64": "gUA="}, "fake": false}], [62952, {"py/object": "odf.components.Data", "data": {"py/b64": "rfk="}, "fake": false}], [63032, {"py/object": "odf.components.Data", "data": {"py/b64": "QkA="}, "fake": false}], [63114, {"py/object": "odf.components.Data", "data": {"py/b64": "Kk4="}, "fake": false}], [63194, {"py/object": "odf.components.Data", "data": {"py/b64": "1UM="}, "fake": false}], [63274, {"py/object": "odf.components.Data", "data": {"py/b64": "tww="}, "fake": false}], [63360, {"py/object": "odf.components.Data", "data": {"py/b64": "OkQ="}, "fake": false}], [65481, {"py/object": "odf.components.Status", "address": 4, "message_error_bit": "0", "instrumentation_bit": "0", "service_request_bit": "0", "reserved_bits": "000", "brdcst_received_bit": "0", "busy_bit": "0", "subsystem_flag_bit": "0", "dynamic_bus_control_accpt_bit": "0", "terminal_flag_bit": "1", "parity_bit": "1", "fake": false}], [65542, {"py/object": "odf.components.Command", "address": 6, "tr": 0, "sub_address": 2, "dword_count": 28, "parity": 0, "fake": false}], [65557, {"py/object": "odf.components.Command", "address": 5, "tr": 1, "sub_address": 2, "dword_count": 28, "parity": 0, "fake": false}], [67624, {"py/object": "odf.components.Status", "address": 5, "message_error_bit": "0", "instrumentation_bit": "0", "service_request_bit": "0", "reserved_bits": "000", "brdcst_received_bit": "0", "busy_bit": "0", "subsystem_flag_bit": "0", "dynamic_bus_control_accpt_bit": "0", "terminal_flag_bit": "1", "parity_bit": "1", "fake": false}], [67704, {"py/object": "odf.components.Data", "data": {"py/b64": "Ey4="}, "fake": false}], [67783, {"py/object": "odf.components.Data", "data": {"py/b64": "dkM="}, "fake": false}], [67863, {"py/object": "odf.components.Data", "data": {"py/b64": "sXc="}, "fake": false}], [67943, {"py/object": "odf.components.Data", "data": {"py/b64": "0EM="}, "fake": false}], [68019, {"py/object": "odf.components.Data", "data": {"py/b64": "xLw="}, "fake": false}], [68097, {"py/object": "odf.components.Data", "data": {"py/b64": "ocM="}, "fake": false}], [68181, {"py/object": "odf.components.Data", "data": {"py/b64": "s28="}, "fake": false}], [68237, {"py/object": "odf.components.Data", "data": {"py/b64": "CUI="}, "fake": false}], [68317, {"py/object": "odf.components.Data", "data": {"py/b64": "LeI="}, "fake": false}], [68395, {"py/object": "odf.components.Data", "data": {"py/b64": "gsM="}, "fake": false}], [68477, {"py/object": "odf.components.Data", "data": {"py/b64": "Idw="}, "fake": false}], [68556, {"py/object": "odf.components.Data", "data": {"py/b64": "EEE="}, "fake": false}], [68637, {"py/object": "odf.components.Data", "data": {"py/b64": "DDE="}, "fake": false}], [68717, {"py/object": "odf.components.Data", "data": {"py/b64": "tb8="}, "fake": false}], [68796, {"py/object": "odf.components.Data", "data": {"py/b64": "TDM="}, "fake": false}], [68879, {"py/object": "odf.components.Data", "data": {"py/b64": "P8E="}, "fake": false}], [68961, {"py/object": "odf.components.Data", "data": {"py/b64": "BHI="}, "fake": false}], [69040, {"py/object": "odf.components.Data", "data": {"py/b64": "o8A="}, "fake": false}], [69118, {"py/object": "odf.components.Data", "data": {"py/b64": "7ec="}, "fake": false}], [69196, {"py/object": "odf.components.Data", "data": {"py/b64": "CcE="}, "fake": false}], [69278, {"py/object": "odf.components.Data", "data": {"py/b64": "4XY="}, "fake": false}], [69359, {"py/object": "odf.components.Data", "data": {"py/b64": "0EM="}, "fake": false}], [69439, {"py/object": "odf.components.Data", "data": {"py/b64": "FBA="}, "fake": false}], [69519, {"py/object": "odf.components.Data", "data": {"py/b64": "YcE="}, "fake": false}], [69599, {"py/object": "odf.components.Data", "data": {"py/b64": "AfI="}, "fake": false}], [69678, {"py/object": "odf.components.Data", "data": {"py/b64": "uEA="}, "fake": false}], [69758, {"py/object": "odf.components.Data", "data": {"py/b64": "v9Y="}, "fake": false}], [69841, {"py/object": "odf.components.Data", "data": {"py/b64": "oz4="}, "fake": false}], [71943, {"py/object": "odf.components.Status", "address": 6, "message_error_bit": "0", "instrumentation_bit": "0", "service_request_bit": "0", "reserved_bits": "000", "brdcst_received_bit": "0", "busy_bit": "0", "subsystem_flag_bit": "0", "dynamic_bus_control_accpt_bit": "0", "terminal_flag_bit": "1", "parity_bit": "1", "fake": false}], [72033, {"py/object": "odf.components.Command", "address": 8, "tr": 0, "sub_address": 2, "dword_count": 8, "parity": 0, "fake": false}], [72047, {"py/object": "odf.components.Command", "address": 7, "tr": 1, "sub_address": 2, "dword_count": 8, "parity": 0, "fake": false}], [74119, {"py/object": "odf.components.Status", "address": 7, "message_error_bit": "0", "instrumentation_bit": "0", "service_request_bit": "0", "reserved_bits": "000", "brdcst_received_bit": "0", "busy_bit": "0", "subsystem_flag_bit": "0", "dynamic_bus_control_accpt_bit": "0", "terminal_flag_bit": "1", "parity_bit": "1", "fake": false}], [74200, {"py/object": "odf.components.Data", "data": {"py/b64": "BwQ="}, "fake": false}], [74280, {"py/object": "odf.components.Data", "data": {"py/b64": "2L0="}, "fake": false}], [74359, {"py/object": "odf.components.Data", "data": {"py/b64": "/3Q="}, "fake": false}], [74439, {"py/object": "odf.components.Data", "data": {"py/b64": "5z4="}, "fake": false}], [74519, {"py/object": "odf.components.Data", "data": {"py/b64": "khE="}, "fake": false}], [74596, {"py/object": "odf.components.Data", "data": {"py/b64": "5zw="}, "fake": false}], [74678, {"py/object": "odf.components.Data", "data": {"py/b64": "CvU="}, "fake": false}], [74762, {"py/object": "odf.components.Data", "data": {"py/b64": "1bk="}, "fake": false}], [76863, {"py/object": "odf.components.Status", "address": 8, "message_error_bit": "0", "instrumentation_bit": "0", "service_request_bit": "0", "reserved_bits": "000", "brdcst_received_bit": "0", "busy_bit": "0", "subsystem_flag_bit": "0", "dynamic_bus_control_accpt_bit": "0", "terminal_flag_bit": "1", "parity_bit": "1", "fake": false}], [76940, {"py/object": "odf.components.Command", "address": 10, "tr": 0, "sub_address": 2, "dword_count": 12, "parity": 0, "fake": false}], [76954, {"py/object": "odf.components.Command", "address": 9, "tr": 1, "sub_address": 2, "dword_count": 12, "parity": 0, "fake": false}], [79022, {"py/object": "odf.components.Status", "address": 9, "message_error_bit": "0", "instrumentation_bit": "0", "service_request_bit": "0", "reserved_bits": "000", "brdcst_received_bit": "0", "busy_bit": "0", "subsystem_flag_bit": "0", "dynamic_bus_control_accpt_bit": "0", "terminal_flag_bit": "1", "parity_bit": "1", "fake": false}], [79102, {"py/object": "odf.components.Data", "data": {"py/b64": "66w="}, "fake": false}], [79183, {"py/object": "odf.components.Data", "data": {"py/b64": "B0I="}, "fake": false}], [79263, {"py/object": "odf.components.Data", "data": {"py/b64": "k+s="}, "fake": false}], [79341, {"py/object": "odf.components.Data", "data": {"py/b64": "7MI="}, "fake": false}], [79420, {"py/object": "odf.components.Data", "data": {"py/b64": "Guk="}, "fake": false}], [79497, {"py/object": "odf.components.Data", "data": {"py/b64": "A0Q="}, "fake": false}], [79580, {"py/object": "odf.components.Data", "data": {"py/b64": "yKw="}, "fake": false}], [79659, {"py/object": "odf.components.Data", "data": {"py/b64": "B0I="}, "fake": false}], [79738, {"py/object": "odf.components.Data", "data": {"py/b64": "nOs="}, "fake": false}], [79817, {"py/object": "odf.components.Data", "data": {"py/b64": "7MI="}, "fake": false}], [79897, {"py/object": "odf.components.Data", "data": {"py/b64": "Ico="}, "fake": false}], [79979, {"py/object": "odf.components.Data", "data": {"py/b64": "2EQ="}, "fake": false}], [82113, {"py/object": "odf.components.Status", "address": 10, "message_error_bit": "0", "instrumentation_bit": "0", "service_request_bit": "0", "reserved_bits": "000", "brdcst_received_bit": "0", "busy_bit": "0", "subsystem_flag_bit": "0", "dynamic_bus_control_accpt_bit": "0", "terminal_flag_bit": "1", "parity_bit": "1", "fake": false}], [82177, {"py/object": "odf.components.Command", "address": 12, "tr": 0, "sub_address": 2, "dword_count": 16, "parity": 0, "fake": false}], [82191, {"py/object": "odf.components.Command", "address": 11, "tr": 1, "sub_address": 2, "dword_count": 16, "parity": 0, "fake": false}], [84262, {"py/object": "odf.components.Status", "address": 11, "message_error_bit": "0", "instrumentation_bit": "0", "service_request_bit": "0", "reserved_bits": "000", "brdcst_received_bit": "0", "busy_bit": "0", "subsystem_flag_bit": "0", "dynamic_bus_control_accpt_bit": "0", "terminal_flag_bit": "1", "parity_bit": "1", "fake": false}], [84340, {"py/object": "odf.components.Data", "data": {"py/b64": "jh4="}, "fake": false}], [84420, {"py/object": "odf.components.Data", "data": {"py/b64": "Ezs="}, "fake": false}], [84500, {"py/object": "odf.components.Data", "data": {"py/b64": "oIY="}, "fake": false}], [84579, {"py/object": "odf.components.Data", "data": {"py/b64": "MkE="}, "fake": false}], [84658, {"py/object": "odf.components.Data", "data": {"py/b64": "jBA="}, "fake": false}], [84739, {"py/object": "odf.components.Data", "data": {"py/b64": "30E="}, "fake": false}], [84818, {"py/object": "odf.components.Data", "data": {"py/b64": "6Nw="}, "fake": false}], [84896, {"py/object": "odf.components.Data", "data": {"py/b64": "oEA="}, "fake": false}], [84979, {"py/object": "odf.components.Data", "data": {"py/b64": "vdY="}, "fake": false}], [85059, {"py/object": "odf.components.Data", "data": {"py/b64": "IUA="}, "fake": false}], [85138, {"py/object": "odf.components.Data", "data": {"py/b64": "oWc="}, "fake": false}], [85221, {"py/object": "odf.components.Data", "data": {"py/b64": "ULs="}, "fake": false}], [85300, {"py/object": "odf.components.Data", "data": {"py/b64": "bw8="}, "fake": false}], [85378, {"py/object": "odf.components.Data", "data": {"py/b64": "ED0="}, "fake": false}], [85459, {"py/object": "odf.components.Data", "data": {"py/b64": "5rU="}, "fake": false}], [85540, {"py/object": "odf.components.Data", "data": {"py/b64": "nEE="}, "fake": false}], [87709, {"py/object": "odf.components.Status", "address": 12, "message_error_bit": "0", "instrumentation_bit": "0", "service_request_bit": "0", "reserved_bits": "000", "brdcst_received_bit": "0", "busy_bit": "0", "subsystem_flag_bit": "0", "dynamic_bus_control_accpt_bit": "0", "terminal_flag_bit": "1", "parity_bit": "1", "fake": false}], [87875, {"py/object": "odf.components.Command", "address": 1, "tr": 0, "sub_address": 2, "dword_count": 4, "parity": 0, "fake": false}], [87938, {"py/object": "odf.components.Data", "data": {"py/b64": "AAA="}, "fake": false}], [87954, {"py/object": "odf.components.Data", "data": {"py/b64": "AAA="}, "fake": false}], [87967, {"py/object": "odf.components.Data", "data": {"py/b64": "AAA="}, "fake": false}], [87980, {"py/object": "odf.components.Data", "data": {"py/b64": "AAA="}, "fake": false}], [90038, {"py/object": "odf.components.Status", "address": 1, "message_error_bit": "0", "instrumentation_bit": "0", "service_request_bit": "0", "reserved_bits": "000", "brdcst_received_bit": "0", "busy_bit": "0", "subsystem_flag_bit": "0", "dynamic_bus_control_accpt_bit": "0", "terminal_flag_bit": "1", "parity_bit": "1", "fake": false}], [90222, {"py/object": "odf.components.Command", "address": 31, "tr": 0, "sub_address": 2, "dword_count": 1, "parity": 0, "fake": false}], [90285, {"py/object": "odf.components.Data", "data": {"py/b64": "//8="}, "fake": false}], [90302, {"py/object": "odf.components.Command", "address": 4, "tr": 0, "sub_address": 2, "dword_count": 18, "parity": 0, "fake": false}], [90351, {"py/object": "odf.components.Command", "address": 3, "tr": 1, "sub_address": 2, "dword_count": 18, "parity": 0, "fake": false}], [92371, {"py/object": "odf.components.Status", "address": 3, "message_error_bit": "0", "instrumentation_bit": "0", "service_request_bit": "0", "reserved_bits": "000", "brdcst_received_bit": "0", "busy_bit": "0", "subsystem_flag_bit": "0", "dynamic_bus_control_accpt_bit": "0", "terminal_flag_bit": "1", "parity_bit": "1", "fake": false}], [92447, {"py/object": "odf.components.Data", "data": {"py/b64": "t+A="}, "fake": false}], [92526, {"py/object": "odf.components.Data", "data": {"py/b64": "eUM="}, "fake": false}], [92608, {"py/object": "odf.components.Data", "data": {"py/b64": "uvk="}, "fake": false}], [92685, {"py/object": "odf.components.Data", "data": {"py/b64": "AEU="}, "fake": false}], [92764, {"py/object": "odf.components.Data", "data": {"py/b64": "6FE="}, "fake": false}], [92845, {"py/object": "odf.components.Data", "data": {"py/b64": "B0U="}, "fake": false}], [92923, {"py/object": "odf.components.Data", "data": {"py/b64": "ImQ="}, "fake": false}], [93003, {"py/object": "odf.components.Data", "data": {"py/b64": "C0M="}, "fake": false}], [93083, {"py/object": "odf.components.Data", "data": {"py/b64": "jTA="}, "fake": false}], [93161, {"py/object": "odf.components.Data", "data": {"py/b64": "PkA="}, "fake": false}], [93243, {"py/object": "odf.components.Data", "data": {"py/b64": "ox0="}, "fake": false}], [93322, {"py/object": "odf.components.Data", "data": {"py/b64": "PkA="}, "fake": false}], [93404, {"py/object": "odf.components.Data", "data": {"py/b64": "NQQ="}, "fake": false}], [93480, {"py/object": "odf.components.Data", "data": {"py/b64": "Q0A="}, "fake": false}], [93561, {"py/object": "odf.components.Data", "data": {"py/b64": "wdI="}, "fake": false}], [93641, {"py/object": "odf.components.Data", "data": {"py/b64": "1EM="}, "fake": false}], [93722, {"py/object": "odf.components.Data", "data": {"py/b64": "tww="}, "fake": false}], [93807, {"py/object": "odf.components.Data", "data": {"py/b64": "OkQ="}, "fake": false}], [95903, {"py/object": "odf.components.Status", "address": 4, "message_error_bit": "0", "instrumentation_bit": "0", "service_request_bit": "0", "reserved_bits": "000", "brdcst_received_bit": "0", "busy_bit": "0", "subsystem_flag_bit": "0", "dynamic_bus_control_accpt_bit": "0", "terminal_flag_bit": "1", "parity_bit": "1", "fake": false}], [95992, {"py/object": "odf.components.Command", "address": 6, "tr": 0, "sub_address": 2, "dword_count": 28, "parity": 0, "fake": false}], [96005, {"py/object": "odf.components.Command", "address": 5, "tr": 1, "sub_address": 2, "dword_count": 28, "parity": 0, "fake": false}], [98079, {"py/object": "odf.components.Status", "address": 5, "message_error_bit": "0", "instrumentation_bit": "0", "service_request_bit": "0", "reserved_bits": "000", "brdcst_received_bit": "0", "busy_bit": "0", "subsystem_flag_bit": "0", "dynamic_bus_control_accpt_bit": "0", "terminal_flag_bit": "1", "parity_bit": "1", "fake": false}], [98154, {"py/object": "odf.components.Data", "data": {"py/b64": "uW0="}, "fake": false}], [98237, {"py/object": "odf.components.Data", "data": {"py/b64": "fkM="}, "fake": false}], [98318, {"py/object": "odf.components.Data", "data": {"py/b64": "lWY="}, "fake": false}], [98400, {"py/object": "odf.components.Data", "data": {"py/b64": "10M="}, "fake": false}], [98479, {"py/object": "odf.components.Data", "data": {"py/b64": "/mo="}, "fake": false}], [98554, {"py/object": "odf.components.Data", "data": {"py/b64": "lUI="}, "fake": false}], [98635, {"py/object": "odf.components.Data", "data": {"py/b64": "YCI="}, "fake": false}], [98716, {"py/object": "odf.components.Data", "data": {"py/b64": "CUI="}, "fake": false}], [98799, {"py/object": "odf.components.Data", "data": {"py/b64": "bWE="}, "fake": false}], [98877, {"py/object": "odf.components.Data", "data": {"py/b64": "08M="}, "fake": false}], [98955, {"py/object": "odf.components.Data", "data": {"py/b64": "llI="}, "fake": false}], [99034, {"py/object": "odf.components.Data", "data": {"py/b64": "bUE="}, "fake": false}], [99116, {"py/object": "odf.components.Data", "data": {"py/b64": "W9I="}, "fake": false}], [99200, {"py/object": "odf.components.Data", "data": {"py/b64": "xD4="}, "fake": false}], [99280, {"py/object": "odf.components.Data", "data": {"py/b64": "2jM="}, "fake": false}], [99362, {"py/object": "odf.components.Data", "data": {"py/b64": "D0A="}, "fake": false}], [99442, {"py/object": "odf.components.Data", "data": {"py/b64": "kE0="}, "fake": false}], [99524, {"py/object": "odf.components.Data", "data": {"py/b64": "7cA="}, "fake": false}], [99605, {"py/object": "odf.components.Data", "data": {"py/b64": "rDs="}, "fake": false}], [99686, {"py/object": "odf.components.Data", "data": {"py/b64": "BME="}, "fake": false}], [99766, {"py/object": "odf.components.Data", "data": {"py/b64": "12c="}, "fake": false}], [99847, {"py/object": "odf.components.Data", "data": {"py/b64": "10M="}, "fake": false}], [99926, {"py/object": "odf.components.Data", "data": {"py/b64": "hJg="}, "fake": false}], [100007, {"py/object": "odf.components.Data", "data": {"py/b64": "WcE="}, "fake": false}], [100084, {"py/object": "odf.components.Data", "data": {"py/b64": "BpA="}, "fake": false}], [100162, {"py/object": "odf.components.Data", "data": {"py/b64": "2kA="}, "fake": false}], [100228, {"py/object": "odf.components.Data", "data": {"py/b64": "C0Q="}, "fake": false}], [100314, {"py/object": "odf.components.Data", "data": {"py/b64": "1T4="}, "fake": false}], [102450, {"py/object": "odf.components.Status", "address": 6, "message_error_bit": "0", "instrumentation_bit": "0", "service_request_bit": "0", "reserved_bits": "000", "brdcst_received_bit": "0", "busy_bit": "0", "subsystem_flag_bit": "0", "dynamic_bus_control_accpt_bit": "0", "terminal_flag_bit": "1", "parity_bit": "1", "fake": false}], [102506, {"py/object": "odf.components.Command", "address": 8, "tr": 0, "sub_address": 2, "dword_count": 8, "parity": 0, "fake": false}], [102525, {"py/object": "odf.components.Command", "address": 7, "tr": 1, "sub_address": 2, "dword_count": 8, "parity": 0, "fake": false}], [104584, {"py/object": "odf.components.Status", "address": 7, "message_error_bit": "0", "instrumentation_bit": "0", "service_request_bit": "0", "reserved_bits": "000", "brdcst_received_bit": "0", "busy_bit": "0", "subsystem_flag_bit": "0", "dynamic_bus_control_accpt_bit": "0", "terminal_flag_bit": "1", "parity_bit": "1", "fake": false}], [104664, {"py/object": "odf.components.Data", "data": {"py/b64": "SoE="}, "fake": false}], [104747, {"py/object": "odf.components.Data", "data": {"py/b64": "1b0="}, "fake": false}], [104829, {"py/object": "odf.components.Data", "data": {"py/b64": "MwE="}, "fake": false}], [104909, {"py/object": "odf.components.Data", "data": {"py/b64": "4z4="}, "fake": false}], [104991, {"py/object": "odf.components.Data", "data": {"py/b64": "0h0="}, "fake": false}], [105070, {"py/object": "odf.components.Data", "data": {"py/b64": "4jw="}, "fake": false}], [105152, {"py/object": "odf.components.Data", "data": {"py/b64": "VoA="}, "fake": false}], [105239, {"py/object": "odf.components.Data", "data": {"py/b64": "Ezo="}, "fake": false}], [107358, {"py/object": "odf.components.Status", "address": 8, "message_error_bit": "0", "instrumentation_bit": "0", "service_request_bit": "0", "reserved_bits": "000", "brdcst_received_bit": "0", "busy_bit": "0", "subsystem_flag_bit": "0", "dynamic_bus_control_accpt_bit": "0", "terminal_flag_bit": "1", "parity_bit": "1", "fake": false}], [107442, {"py/object": "odf.components.Command", "address": 10, "tr": 0, "sub_address": 2, "dword_count": 12, "parity": 0, "fake": false}], [107458, {"py/object": "odf.components.Command", "address": 9, "tr": 1, "sub_address": 2, "dword_count": 12, "parity": 0, "fake": false}], [109529, {"py/object": "odf.components.Status", "address": 9, "message_error_bit": "0", "instrumentation_bit": "0", "service_request_bit": "0", "reserved_bits": "000", "brdcst_received_bit": "0", "busy_bit": "0", "subsystem_flag_bit": "0", "dynamic_bus_control_accpt_bit": "0", "terminal_flag_bit": "1", "parity_bit": "1", "fake": false}], [109608, {"py/object": "odf.components.Data", "data": {"py/b64": "n4g="}, "fake": false}], [109692, {"py/object": "odf.components.Data", "data": {"py/b64": "B0I="}, "fake": false}], [109771, {"py/object": "odf.components.Data", "data": {"py/b64": "Keo="}, "fake": false}], [109853, {"py/object": "odf.components.Data", "data": {"py/b64": "7MI="}, "fake": false}], [109933, {"py/object": "odf.components.Data", "data": {"py/b64": "pCE="}, "fake": false}], [110015, {"py/object": "odf.components.Data", "data": {"py/b64": "V0Q="}, "fake": false}], [110089, {"py/object": "odf.components.Data", "data": {"py/b64": "fog="}, "fake": false}], [110172, {"py/object": "odf.components.Data", "data": {"py/b64": "B0I="}, "fake": false}], [110251, {"py/object": "odf.components.Data", "data": {"py/b64": "Huo="}, "fake": false}], [110332, {"py/object": "odf.components.Data", "data": {"py/b64": "7MI="}, "fake": false}], [110415, {"py/object": "odf.components.Data", "data": {"py/b64": "ZLs="}, "fake": false}], [110498, {"py/object": "odf.components.Data", "data": {"py/b64": "MEU="}, "fake": false}], [112607, {"py/object": "odf.components.Status", "address": 10, "message_error_bit": "0", "instrumentation_bit": "0", "service_request_bit": "0", "reserved_bits": "000", "brdcst_received_bit": "0", "busy_bit": "0", "subsystem_flag_bit": "0", "dynamic_bus_control_accpt_bit": "0", "terminal_flag_bit": "1", "parity_bit": "1", "fake": false}], [112702, {"py/object": "odf.components.Command", "address": 12, "tr": 0, "sub_address": 2, "dword_count": 16, "parity": 0, "fake": false}], [112719, {"py/object": "odf.components.Command", "address": 11, "tr": 1, "sub_address": 2, "dword_count": 16, "parity": 0, "fake": false}], [114791, {"py/object": "odf.components.Status", "address": 11, "message_error_bit": "0", "instrumentation_bit": "0", "service_request_bit": "0", "reserved_bits": "000", "brdcst_received_bit": "0", "busy_bit": "0", "subsystem_flag_bit": "0", "dynamic_bus_control_accpt_bit": "0", "terminal_flag_bit": "1", "parity_bit": "1", "fake": false}], [114871, {"py/object": "odf.components.Data", "data": {"py/b64": "acw="}, "fake": false}], [114953, {"py/object": "odf.components.Data", "data": {"py/b64": "Djs="}, "fake": false}], [115031, {"py/object": "odf.components.Data", "data": {"py/b64": "4M0="}, "fake": false}], [115111, {"py/object": "odf.components.Data", "data": {"py/b64": "EkE="}, "fake": false}], [115188, {"py/object": "odf.components.Data", "data": {"py/b64": "agI="}, "fake": false}], [115268, {"py/object": "odf.components.Data", "data": {"py/b64": "10E="}, "fake": false}], [115349, {"py/object": "odf.components.Data", "data": {"py/b64": "gtw="}, "fake": false}], [115429, {"py/object": "odf.components.Data", "data": {"py/b64": "qUA="}, "fake": false}], [115510, {"py/object": "odf.components.Data", "data": {"py/b64": "kQM="}, "fake": false}], [115591, {"py/object": "odf.components.Data", "data": {"py/b64": "KkA="}, "fake": false}], [115661, {"py/object": "odf.components.Data", "data": {"py/b64": "wFo="}, "fake": false}], [115738, {"py/object": "odf.components.Data", "data": {"py/b64": "Mj0="}, "fake": false}], [115818, {"py/object": "odf.components.Data", "data": {"py/b64": "DQI="}, "fake": false}], [115898, {"py/object": "odf.components.Data", "data": {"py/b64": "lb0="}, "fake": false}], [115978, {"py/object": "odf.components.Data", "data": {"py/b64": "Zrw="}, "fake": false}], [116060, {"py/object": "odf.components.Data", "data": {"py/b64": "jkE="}, "fake": false}], [118206, {"py/object": "odf.components.Status", "address": 12, "message_error_bit": "0", "instrumentation_bit": "0", "service_request_bit": "0", "reserved_bits": "000", "brdcst_received_bit": "0", "busy_bit": "0", "subsystem_flag_bit": "0", "dynamic_bus_control_accpt_bit": "0", "terminal_flag_bit": "1", "parity_bit": "1", "fake": false}], [118362, {"py/object": "odf.components.Command", "address": 1, "tr": 0, "sub_address": 2, "dword_count": 4, "parity": 0, "fake": false}], [118411, {"py/object": "odf.components.Data", "data": {"py/b64": "AAA="}, "fake": false}], [118423, {"py/object": "odf.components.Data", "data": {"py/b64": "AAA="}, "fake": false}], [118436, {"py/object": "odf.components.Data", "data": {"py/b64": "AAA="}, "fake": false}], [118450, {"py/object": "odf.components.Data", "data": {"py/b64": "AAA="}, "fake": false}]], "attack_times": [[]], "attack_types": ["Data_Corruption_Attack"], "attack_outcome": [false]}