{"data": [[386, {"py/object": "odf.components.Command", "address": 31, "tr": 0, "sub_address": 2, "dword_count": 1, "parity": 0, "fake": false}], [490, {"py/object": "odf.components.Data", "data": {"py/b64": "//8="}, "fake": false}], [541, {"py/object": "odf.components.Command", "address": 4, "tr": 0, "sub_address": 2, "dword_count": 18, "parity": 0, "fake": false}], [558, {"py/object": "odf.components.Command", "address": 3, "tr": 1, "sub_address": 2, "dword_count": 18, "parity": 0, "fake": false}], [2628, {"py/object": "odf.components.Status", "address": 3, "message_error_bit": "0", "instrumentation_bit": "0", "service_request_bit": "0", "reserved_bits": "000", "brdcst_received_bit": "0", "busy_bit": "0", "subsystem_flag_bit": "0", "dynamic_bus_control_accpt_bit": "0", "terminal_flag_bit": "1", "parity_bit": "1", "fake": false}], [2689, {"py/object": "odf.components.Data", "data": {"py/b64": "iKs="}, "fake": false}], [2754, {"py/object": "odf.components.Data", "data": {"py/b64": "JUI="}, "fake": false}], [2818, {"py/object": "odf.components.Data", "data": {"py/b64": "yLM="}, "fake": false}], [2890, {"py/object": "odf.components.Data", "data": {"py/b64": "fb0="}, "fake": false}], [2957, {"py/object": "odf.components.Data", "data": {"py/b64": "RYY="}, "fake": false}], [3024, {"py/object": "odf.components.Data", "data": {"py/b64": "7kI="}, "fake": false}], [3091, {"py/object": "odf.components.Data", "data": {"py/b64": "q80="}, "fake": false}], [3162, {"py/object": "odf.components.Data", "data": {"py/b64": "iEM="}, "fake": false}], [3232, {"py/object": "odf.components.Data", "data": {"py/b64": "768="}, "fake": false}], [3302, {"py/object": "odf.components.Data", "data": {"py/b64": "i0A="}, "fake": false}], [3372, {"py/object": "odf.components.Data", "data": {"py/b64": "ALA="}, "fake": false}], [3442, {"py/object": "odf.components.Data", "data": {"py/b64": "i0A="}, "fake": false}], [3513, {"py/object": "odf.components.Data", "data": {"py/b64": "2w8="}, "fake": false}], [3583, {"py/object": "odf.components.Data", "data": {"py/b64": "SUA="}, "fake": false}], [3656, {"py/object": "odf.components.Data", "data": {"py/b64": "pKM="}, "fake": false}], [3727, {"py/object": "odf.components.Data", "data": {"py/b64": "1kM="}, "fake": false}], [3802, {"py/object": "odf.components.Data", "data": {"py/b64": "tww="}, "fake": false}], [3880, {"py/object": "odf.components.Data", "data": {"py/b64": "OkQ="}, "fake": false}], [5988, {"py/object": "odf.components.Status", "address": 4, "message_error_bit": "0", "instrumentation_bit": "0", "service_request_bit": "0", "reserved_bits": "000", "brdcst_received_bit": "0", "busy_bit": "0", "subsystem_flag_bit": "0", "dynamic_bus_control_accpt_bit": "0", "terminal_flag_bit": "1", "parity_bit": "1", "fake": false}], [6037, {"py/object": "odf.components.Command", "address": 6, "tr": 0, "sub_address": 2, "dword_count": 28, "parity": 0, "fake": false}], [6055, {"py/object": "odf.components.Command", "address": 5, "tr": 1, "sub_address": 2, "dword_count": 28, "parity": 0, "fake": false}], [8119, {"py/object": "odf.components.Status", "address": 5, "message_error_bit": "0", "instrumentation_bit": "0", "service_request_bit": "0", "reserved_bits": "000", "brdcst_received_bit": "0", "busy_bit": "0", "subsystem_flag_bit": "0", "dynamic_bus_control_accpt_bit": "0", "terminal_flag_bit": "1", "parity_bit": "1", "fake": false}], [8178, {"py/object": "odf.components.Data", "data": {"py/b64": "wpE="}, "fake": false}], [8235, {"py/object": "odf.components.Data", "data": {"py/b64": "rEI="}, "fake": false}], [8293, {"py/object": "odf.components.Data", "data": {"py/b64": "SSg="}, "fake": false}], [8352, {"py/object": "odf.components.Data", "data": {"py/b64": "EkM="}, "fake": false}], [8421, {"py/object": "odf.components.Data", "data": {"py/b64": "z7A="}, "fake": false}], [8489, {"py/object": "odf.components.Data", "data": {"py/b64": "EcM="}, "fake": false}], [8561, {"py/object": "odf.components.Data", "data": {"py/b64": "ahU="}, "fake": false}], [8629, {"py/object": "odf.components.Data", "data": {"py/b64": "Tzw="}, "fake": false}], [8684, {"py/object": "odf.components.Data", "data": {"py/b64": "3ig="}, "fake": false}], [8752, {"py/object": "odf.components.Data", "data": {"py/b64": "kcE="}, "fake": false}], [8818, {"py/object": "odf.components.Data", "data": {"py/b64": "N+8="}, "fake": false}], [8868, {"py/object": "odf.components.Data", "data": {"py/b64": "UsE="}, "fake": false}], [8935, {"py/object": "odf.components.Data", "data": {"py/b64": "Jeg="}, "fake": false}], [8996, {"py/object": "odf.components.Data", "data": {"py/b64": "bL8="}, "fake": false}], [9066, {"py/object": "odf.components.Data", "data": {"py/b64": "KRk="}, "fake": false}], [9136, {"py/object": "odf.components.Data", "data": {"py/b64": "BMA="}, "fake": false}], [9202, {"py/object": "odf.components.Data", "data": {"py/b64": "0GE="}, "fake": false}], [9270, {"py/object": "odf.components.Data", "data": {"py/b64": "Bbw="}, "fake": false}], [9338, {"py/object": "odf.components.Data", "data": {"py/b64": "I64="}, "fake": false}], [9408, {"py/object": "odf.components.Data", "data": {"py/b64": "bkA="}, "fake": false}], [9470, {"py/object": "odf.components.Data", "data": {"py/b64": "rHU="}, "fake": false}], [9539, {"py/object": "odf.components.Data", "data": {"py/b64": "F0M="}, "fake": false}], [9609, {"py/object": "odf.components.Data", "data": {"py/b64": "dbY="}, "fake": false}], [9675, {"py/object": "odf.components.Data", "data": {"py/b64": "Db4="}, "fake": false}], [9735, {"py/object": "odf.components.Data", "data": {"py/b64": "TfE="}, "fake": false}], [9799, {"py/object": "odf.components.Data", "data": {"py/b64": "FsA="}, "fake": false}], [9864, {"py/object": "odf.components.Data", "data": {"py/b64": "cHg="}, "fake": false}], [9933, {"py/object": "odf.components.Data", "data": {"py/b64": "UEE="}, "fake": false}], [11994, {"py/object": "odf.components.Status", "address": 6, "message_error_bit": "0", "instrumentation_bit": "0", "service_request_bit": "0", "reserved_bits": "000", "brdcst_received_bit": "0", "busy_bit": "0", "subsystem_flag_bit": "0", "dynamic_bus_control_accpt_bit": "0", "terminal_flag_bit": "1", "parity_bit": "1", "fake": false}], [12089, {"py/object": "odf.components.Command", "address": 8, "tr": 0, "sub_address": 2, "dword_count": 8, "parity": 0, "fake": false}], [12107, {"py/object": "odf.components.Command", "address": 7, "tr": 1, "sub_address": 2, "dword_count": 8, "parity": 0, "fake": false}], [14170, {"py/object": "odf.components.Status", "address": 7, "message_error_bit": "0", "instrumentation_bit": "0", "service_request_bit": "0", "reserved_bits": "000", "brdcst_received_bit": "0", "busy_bit": "0", "subsystem_flag_bit": "0", "dynamic_bus_control_accpt_bit": "0", "terminal_flag_bit": "1", "parity_bit": "1", "fake": false}], [14230, {"py/object": "odf.components.Data", "data": {"py/b64": "xJ4="}, "fake": false}], [14294, {"py/object": "odf.components.Data", "data": {"py/b64": "YL0="}, "fake": false}], [14353, {"py/object": "odf.components.Data", "data": {"py/b64": "xsM="}, "fake": false}], [14420, {"py/object": "odf.components.Data", "data": {"py/b64": "FTo="}, "fake": false}], [14484, {"py/object": "odf.components.Data", "data": {"py/b64": "lOM="}, "fake": false}], [14552, {"py/object": "odf.components.Data", "data": {"py/b64": "Jz0="}, "fake": false}], [14623, {"py/object": "odf.components.Data", "data": {"py/b64": "z3E="}, "fake": false}], [14695, {"py/object": "odf.components.Data", "data": {"py/b64": "lDk="}, "fake": false}], [16790, {"py/object": "odf.components.Status", "address": 8, "message_error_bit": "0", "instrumentation_bit": "0", "service_request_bit": "0", "reserved_bits": "000", "brdcst_received_bit": "0", "busy_bit": "0", "subsystem_flag_bit": "0", "dynamic_bus_control_accpt_bit": "0", "terminal_flag_bit": "1", "parity_bit": "1", "fake": false}], [16873, {"py/object": "odf.components.Command", "address": 10, "tr": 0, "sub_address": 2, "dword_count": 12, "parity": 0, "fake": false}], [16891, {"py/object": "odf.components.Command", "address": 9, "tr": 1, "sub_address": 2, "dword_count": 12, "parity": 0, "fake": false}], [18957, {"py/object": "odf.components.Status", "address": 9, "message_error_bit": "0", "instrumentation_bit": "0", "service_request_bit": "0", "reserved_bits": "000", "brdcst_received_bit": "0", "busy_bit": "0", "subsystem_flag_bit": "0", "dynamic_bus_control_accpt_bit": "0", "terminal_flag_bit": "1", "parity_bit": "1", "fake": false}], [19027, {"py/object": "odf.components.Data", "data": {"py/b64": "L8E="}, "fake": false}], [19087, {"py/object": "odf.components.Data", "data": {"py/b64": "B0I="}, "fake": false}], [19143, {"py/object": "odf.components.Data", "data": {"py/b64": "ocg="}, "fake": false}], [19198, {"py/object": "odf.components.Data", "data": {"py/b64": "7MI="}, "fake": false}], [19267, {"py/object": "odf.components.Data", "data": {"py/b64": "vNY="}, "fake": false}], [19327, {"py/object": "odf.components.Data", "data": {"py/b64": "MUI="}, "fake": false}], [19388, {"py/object": "odf.components.Data", "data": {"py/b64": "K8E="}, "fake": false}], [19449, {"py/object": "odf.components.Data", "data": {"py/b64": "B0I="}, "fake": false}], [19512, {"py/object": "odf.components.Data", "data": {"py/b64": "tMg="}, "fake": false}], [19572, {"py/object": "odf.components.Data", "data": {"py/b64": "7MI="}, "fake": false}], [19636, {"py/object": "odf.components.Data", "data": {"py/b64": "ivU="}, "fake": false}], [19699, {"py/object": "odf.components.Data", "data": {"py/b64": "FEM="}, "fake": false}], [21802, {"py/object": "odf.components.Status", "address": 10, "message_error_bit": "0", "instrumentation_bit": "0", "service_request_bit": "0", "reserved_bits": "000", "brdcst_received_bit": "0", "busy_bit": "0", "subsystem_flag_bit": "0", "dynamic_bus_control_accpt_bit": "0", "terminal_flag_bit": "1", "parity_bit": "1", "fake": false}], [21874, {"py/object": "odf.components.Command", "address": 12, "tr": 0, "sub_address": 2, "dword_count": 16, "parity": 0, "fake": false}], [21893, {"py/object": "odf.components.Command", "address": 11, "tr": 1, "sub_address": 2, "dword_count": 16, "parity": 0, "fake": false}], [23955, {"py/object": "odf.components.Status", "address": 11, "message_error_bit": "0", "instrumentation_bit": "0", "service_request_bit": "0", "reserved_bits": "000", "brdcst_received_bit": "0", "busy_bit": "0", "subsystem_flag_bit": "0", "dynamic_bus_control_accpt_bit": "0", "terminal_flag_bit": "1", "parity_bit": "1", "fake": false}], [24016, {"py/object": "odf.components.Data", "data": {"py/b64": "d2Y="}, "fake": false}], [24072, {"py/object": "odf.components.Data", "data": {"py/b64": "Gjs="}, "fake": false}], [24136, {"py/object": "odf.components.Data", "data": {"py/b64": "AIo="}, "fake": false}], [24195, {"py/object": "odf.components.Data", "data": {"py/b64": "ZUE="}, "fake": false}], [24257, {"py/object": "odf.components.Data", "data": {"py/b64": "roc="}, "fake": false}], [24314, {"py/object": "odf.components.Data", "data": {"py/b64": "7EE="}, "fake": false}], [24372, {"py/object": "odf.components.Data", "data": {"py/b64": "sAg="}, "fake": false}], [24437, {"py/object": "odf.components.Data", "data": {"py/b64": "YEA="}, "fake": false}], [24505, {"py/object": "odf.components.Data", "data": {"py/b64": "Ac0="}, "fake": false}], [24572, {"py/object": "odf.components.Data", "data": {"py/b64": "5T8="}, "fake": false}], [24638, {"py/object": "odf.components.Data", "data": {"py/b64": "868="}, "fake": false}], [24707, {"py/object": "odf.components.Data", "data": {"py/b64": "Aj4="}, "fake": false}], [24776, {"py/object": "odf.components.Data", "data": {"py/b64": "TQU="}, "fake": false}], [24836, {"py/object": "odf.components.Data", "data": {"py/b64": "9z4="}, "fake": false}], [24896, {"py/object": "odf.components.Data", "data": {"py/b64": "LU0="}, "fake": false}], [24960, {"py/object": "odf.components.Data", "data": {"py/b64": "nEE="}, "fake": false}], [27052, {"py/object": "odf.components.Status", "address": 12, "message_error_bit": "0", "instrumentation_bit": "0", "service_request_bit": "0", "reserved_bits": "000", "brdcst_received_bit": "0", "busy_bit": "0", "subsystem_flag_bit": "0", "dynamic_bus_control_accpt_bit": "0", "terminal_flag_bit": "1", "parity_bit": "1", "fake": false}], [27227, {"py/object": "odf.components.Command", "address": 1, "tr": 0, "sub_address": 2, "dword_count": 4, "parity": 0, "fake": false}], [27303, {"py/object": "odf.components.Data", "data": {"py/b64": "AAA="}, "fake": false}], [27316, {"py/object": "odf.components.Data", "data": {"py/b64": "AAA="}, "fake": false}], [27328, {"py/object": "odf.components.Data", "data": {"py/b64": "AAA="}, "fake": false}], [27342, {"py/object": "odf.components.Data", "data": {"py/b64": "AAA="}, "fake": false}], [29429, {"py/object": "odf.components.Status", "address": 1, "message_error_bit": "0", "instrumentation_bit": "0", "service_request_bit": "0", "reserved_bits": "000", "brdcst_received_bit": "0", "busy_bit": "0", "subsystem_flag_bit": "0", "dynamic_bus_control_accpt_bit": "0", "terminal_flag_bit": "1", "parity_bit": "1", "fake": false}], [29574, {"py/object": "odf.components.Command", "address": 31, "tr": 0, "sub_address": 2, "dword_count": 1, "parity": 0, "fake": false}], [29620, {"py/object": "odf.components.Data", "data": {"py/b64": "//8="}, "fake": false}], [29631, {"py/object": "odf.components.Command", "address": 4, "tr": 0, "sub_address": 2, "dword_count": 18, "parity": 0, "fake": false}], [29641, {"py/object": "odf.components.Command", "address": 3, "tr": 1, "sub_address": 2, "dword_count": 18, "parity": 0, "fake": false}], [31696, {"py/object": "odf.components.Status", "address": 3, "message_error_bit": "0", "instrumentation_bit": "0", "service_request_bit": "0", "reserved_bits": "000", "brdcst_received_bit": "0", "busy_bit": "0", "subsystem_flag_bit": "0", "dynamic_bus_control_accpt_bit": "0", "terminal_flag_bit": "1", "parity_bit": "1", "fake": false}], [31762, {"py/object": "odf.components.Data", "data": {"py/b64": "7Q0="}, "fake": false}], [31828, {"py/object": "odf.components.Data", "data": {"py/b64": "WkM="}, "fake": false}], [31898, {"py/object": "odf.components.Data", "data": {"py/b64": "VFU="}, "fake": false}], [31969, {"py/object": "odf.components.Data", "data": {"py/b64": "h0Q="}, "fake": false}], [32042, {"py/object": "odf.components.Data", "data": {"py/b64": "zB4="}, "fake": false}], [32109, {"py/object": "odf.components.Data", "data": {"py/b64": "wkM="}, "fake": false}], [32176, {"py/object": "odf.components.Data", "data": {"py/b64": "tFI="}, "fake": false}], [32246, {"py/object": "odf.components.Data", "data": {"py/b64": "hUM="}, "fake": false}], [32316, {"py/object": "odf.components.Data", "data": {"py/b64": "qcw="}, "fake": false}], [32386, {"py/object": "odf.components.Data", "data": {"py/b64": "i0A="}, "fake": false}], [32455, {"py/object": "odf.components.Data", "data": {"py/b64": "yr8="}, "fake": false}], [32525, {"py/object": "odf.components.Data", "data": {"py/b64": "i0A="}, "fake": false}], [32595, {"py/object": "odf.components.Data", "data": {"py/b64": "Tfo="}, "fake": false}], [32654, {"py/object": "odf.components.Data", "data": {"py/b64": "QEA="}, "fake": false}], [32713, {"py/object": "odf.components.Data", "data": {"py/b64": "89c="}, "fake": false}], [32782, {"py/object": "odf.components.Data", "data": {"py/b64": "1UM="}, "fake": false}], [32845, {"py/object": "odf.components.Data", "data": {"py/b64": "tww="}, "fake": false}], [32909, {"py/object": "odf.components.Data", "data": {"py/b64": "OkQ="}, "fake": false}], [34988, {"py/object": "odf.components.Status", "address": 4, "message_error_bit": "0", "instrumentation_bit": "0", "service_request_bit": "0", "reserved_bits": "000", "brdcst_received_bit": "0", "busy_bit": "0", "subsystem_flag_bit": "0", "dynamic_bus_control_accpt_bit": "0", "terminal_flag_bit": "1", "parity_bit": "1", "fake": false}], [35073, {"py/object": "odf.components.Command", "address": 6, "tr": 0, "sub_address": 2, "dword_count": 28, "parity": 0, "fake": false}], [35083, {"py/object": "odf.components.Command", "address": 5, "tr": 1, "sub_address": 2, "dword_count": 28, "parity": 0, "fake": false}], [37144, {"py/object": "odf.components.Status", "address": 5, "message_error_bit": "0", "instrumentation_bit": "0", "service_request_bit": "0", "reserved_bits": "000", "brdcst_received_bit": "0", "busy_bit": "0", "subsystem_flag_bit": "0", "dynamic_bus_control_accpt_bit": "0", "terminal_flag_bit": "1", "parity_bit": "1", "fake": false}], [37212, {"py/object": "odf.components.Data", "data": {"py/b64": "qro="}, "fake": false}], [37282, {"py/object": "odf.components.Data", "data": {"py/b64": "cUM="}, "fake": false}], [37356, {"py/object": "odf.components.Data", "data": {"py/b64": "uEI="}, "fake": false}], [37408, {"py/object": "odf.components.Data", "data": {"py/b64": "zEM="}, "fake": false}], [37470, {"py/object": "odf.components.Data", "data": {"py/b64": "1p4="}, "fake": false}], [37531, {"py/object": "odf.components.Data", "data": {"py/b64": "ysM="}, "fake": false}], [37596, {"py/object": "odf.components.Data", "data": {"py/b64": "904="}, "fake": false}], [37660, {"py/object": "odf.components.Data", "data": {"py/b64": "i0E="}, "fake": false}], [37725, {"py/object": "odf.components.Data", "data": {"py/b64": "W+I="}, "fake": false}], [37778, {"py/object": "odf.components.Data", "data": {"py/b64": "ScI="}, "fake": false}], [37844, {"py/object": "odf.components.Data", "data": {"py/b64": "qsg="}, "fake": false}], [37903, {"py/object": "odf.components.Data", "data": {"py/b64": "ZcA="}, "fake": false}], [37953, {"py/object": "odf.components.Data", "data": {"py/b64": "MI0="}, "fake": false}], [38021, {"py/object": "odf.components.Data", "data": {"py/b64": "R0A="}, "fake": false}], [38088, {"py/object": "odf.components.Data", "data": {"py/b64": "hAI="}, "fake": false}], [38143, {"py/object": "odf.components.Data", "data": {"py/b64": "Tb8="}, "fake": false}], [38201, {"py/object": "odf.components.Data", "data": {"py/b64": "Q5Q="}, "fake": false}], [38254, {"py/object": "odf.components.Data", "data": {"py/b64": "kb8="}, "fake": false}], [38313, {"py/object": "odf.components.Data", "data": {"py/b64": "UZE="}, "fake": false}], [38368, {"py/object": "odf.components.Data", "data": {"py/b64": "IcE="}, "fake": false}], [38424, {"py/object": "odf.components.Data", "data": {"py/b64": "cfg="}, "fake": false}], [38478, {"py/object": "odf.components.Data", "data": {"py/b64": "zEM="}, "fake": false}], [38544, {"py/object": "odf.components.Data", "data": {"py/b64": "0bU="}, "fake": false}], [38613, {"py/object": "odf.components.Data", "data": {"py/b64": "E78="}, "fake": false}], [38672, {"py/object": "odf.components.Data", "data": {"py/b64": "Zis="}, "fake": false}], [38727, {"py/object": "odf.components.Data", "data": {"py/b64": "vT8="}, "fake": false}], [38789, {"py/object": "odf.components.Data", "data": {"py/b64": "GDg="}, "fake": false}], [38856, {"py/object": "odf.components.Data", "data": {"py/b64": "WUA="}, "fake": false}], [40975, {"py/object": "odf.components.Status", "address": 6, "message_error_bit": "0", "instrumentation_bit": "0", "service_request_bit": "0", "reserved_bits": "000", "brdcst_received_bit": "0", "busy_bit": "0", "subsystem_flag_bit": "0", "dynamic_bus_control_accpt_bit": "0", "terminal_flag_bit": "1", "parity_bit": "1", "fake": false}], [41025, {"py/object": "odf.components.Command", "address": 8, "tr": 0, "sub_address": 2, "dword_count": 8, "parity": 0, "fake": false}], [41036, {"py/object": "odf.components.Command", "address": 7, "tr": 1, "sub_address": 2, "dword_count": 8, "parity": 0, "fake": false}], [43096, {"py/object": "odf.components.Status", "address": 7, "message_error_bit": "0", "instrumentation_bit": "0", "service_request_bit": "0", "reserved_bits": "000", "brdcst_received_bit": "0", "busy_bit": "0", "subsystem_flag_bit": "0", "dynamic_bus_control_accpt_bit": "0", "terminal_flag_bit": "1", "parity_bit": "1", "fake": false}], [43165, {"py/object": "odf.components.Data", "data": {"py/b64": "fiU="}, "fake": false}], [43233, {"py/object": "odf.components.Data", "data": {"py/b64": "h70="}, "fake": false}], [43301, {"py/object": "odf.components.Data", "data": {"py/b64": "x4U="}, "fake": false}], [43356, {"py/object": "odf.components.Data", "data": {"py/b64": "jbs="}, "fake": false}], [43424, {"py/object": "odf.components.Data", "data": {"py/b64": "DeA="}, "fake": false}], [43490, {"py/object": "odf.components.Data", "data": {"py/b64": "0Tw="}, "fake": false}], [43557, {"py/object": "odf.components.Data", "data": {"py/b64": "ZDQ="}, "fake": false}], [43626, {"py/object": "odf.components.Data", "data": {"py/b64": "Vbo="}, "fake": false}], [45753, {"py/object": "odf.components.Status", "address": 8, "message_error_bit": "0", "instrumentation_bit": "0", "service_request_bit": "0", "reserved_bits": "000", "brdcst_received_bit": "0", "busy_bit": "0", "subsystem_flag_bit": "0", "dynamic_bus_control_accpt_bit": "0", "terminal_flag_bit": "1", "parity_bit": "1", "fake": false}], [45796, {"py/object": "odf.components.Command", "address": 10, "tr": 0, "sub_address": 2, "dword_count": 12, "parity": 0, "fake": false}], [45809, {"py/object": "odf.components.Command", "address": 9, "tr": 1, "sub_address": 2, "dword_count": 12, "parity": 0, "fake": false}], [47862, {"py/object": "odf.components.Status", "address": 9, "message_error_bit": "0", "instrumentation_bit": "0", "service_request_bit": "0", "reserved_bits": "000", "brdcst_received_bit": "0", "busy_bit": "0", "subsystem_flag_bit": "0", "dynamic_bus_control_accpt_bit": "0", "terminal_flag_bit": "1", "parity_bit": "1", "fake": false}], [47913, {"py/object": "odf.components.Data", "data": {"py/b64": "T70="}, "fake": false}], [47959, {"py/object": "odf.components.Data", "data": {"py/b64": "B0I="}, "fake": false}], [48015, {"py/object": "odf.components.Data", "data": {"py/b64": "Sds="}, "fake": false}], [48076, {"py/object": "odf.components.Data", "data": {"py/b64": "7MI="}, "fake": false}], [48138, {"py/object": "odf.components.Data", "data": {"py/b64": "m+o="}, "fake": false}], [48194, {"py/object": "odf.components.Data", "data": {"py/b64": "aEM="}, "fake": false}], [48252, {"py/object": "odf.components.Data", "data": {"py/b64": "Sr0="}, "fake": false}], [48316, {"py/object": "odf.components.Data", "data": {"py/b64": "B0I="}, "fake": false}], [48375, {"py/object": "odf.components.Data", "data": {"py/b64": "Yts="}, "fake": false}], [48447, {"py/object": "odf.components.Data", "data": {"py/b64": "7MI="}, "fake": false}], [48509, {"py/object": "odf.components.Data", "data": {"py/b64": "Ugk="}, "fake": false}], [48585, {"py/object": "odf.components.Data", "data": {"py/b64": "QEQ="}, "fake": false}], [50724, {"py/object": "odf.components.Status", "address": 10, "message_error_bit": "0", "instrumentation_bit": "0", "service_request_bit": "0", "reserved_bits": "000", "brdcst_received_bit": "0", "busy_bit": "0", "subsystem_flag_bit": "0", "dynamic_bus_control_accpt_bit": "0", "terminal_flag_bit": "1", "parity_bit": "1", "fake": false}], [50761, {"py/object": "odf.components.Command", "address": 12, "tr": 0, "sub_address": 2, "dword_count": 16, "parity": 0, "fake": false}], [50770, {"py/object": "odf.components.Command", "address": 11, "tr": 1, "sub_address": 2, "dword_count": 16, "parity": 0, "fake": false}], [52827, {"py/object": "odf.components.Status", "address": 11, "message_error_bit": "0", "instrumentation_bit": "0", "service_request_bit": "0", "reserved_bits": "000", "brdcst_received_bit": "0", "busy_bit": "0", "subsystem_flag_bit": "0", "dynamic_bus_control_accpt_bit": "0", "terminal_flag_bit": "1", "parity_bit": "1", "fake": false}], [52895, {"py/object": "odf.components.Data", "data": {"py/b64": "i5E="}, "fake": false}], [52965, {"py/object": "odf.components.Data", "data": {"py/b64": "Fzs="}, "fake": false}], [53028, {"py/object": "odf.components.Data", "data": {"py/b64": "AIU="}, "fake": false}], [53097, {"py/object": "odf.components.Data", "data": {"py/b64": "UkE="}, "fake": false}], [53167, {"py/object": "odf.components.Data", "data": {"py/b64": "UW8="}, "fake": false}], [53236, {"py/object": "odf.components.Data", "data": {"py/b64": "50E="}, "fake": false}], [53296, {"py/object": "odf.components.Data", "data": {"py/b64": "7gw="}, "fake": false}], [53356, {"py/object": "odf.components.Data", "data": {"py/b64": "t0A="}, "fake": false}], [53416, {"py/object": "odf.components.Data", "data": {"py/b64": "kE0="}, "fake": false}], [53482, {"py/object": "odf.components.Data", "data": {"py/b64": "PEA="}, "fake": false}], [53542, {"py/object": "odf.components.Data", "data": {"py/b64": "ksE="}, "fake": false}], [53605, {"py/object": "odf.components.Data", "data": {"py/b64": "6T0="}, "fake": false}], [53668, {"py/object": "odf.components.Data", "data": {"py/b64": "XXo="}, "fake": false}], [53729, {"py/object": "odf.components.Data", "data": {"py/b64": "ZD4="}, "fake": false}], [53788, {"py/object": "odf.components.Data", "data": {"py/b64": "Ykg="}, "fake": false}], [53853, {"py/object": "odf.components.Data", "data": {"py/b64": "q0E="}, "fake": false}], [55979, {"py/object": "odf.components.Status", "address": 12, "message_error_bit": "0", "instrumentation_bit": "0", "service_request_bit": "0", "reserved_bits": "000", "brdcst_received_bit": "0", "busy_bit": "0", "subsystem_flag_bit": "0", "dynamic_bus_control_accpt_bit": "0", "terminal_flag_bit": "1", "parity_bit": "1", "fake": false}], [56134, {"py/object": "odf.components.Command", "address": 1, "tr": 0, "sub_address": 2, "dword_count": 4, "parity": 0, "fake": false}], [56199, {"py/object": "odf.components.Data", "data": {"py/b64": "AAA="}, "fake": false}], [56212, {"py/object": "odf.components.Data", "data": {"py/b64": "AAA="}, "fake": false}], [56225, {"py/object": "odf.components.Data", "data": {"py/b64": "AAA="}, "fake": false}], [56239, {"py/object": "odf.components.Data", "data": {"py/b64": "AAA="}, "fake": false}], [58310, {"py/object": "odf.components.Status", "address": 1, "message_error_bit": "0", "instrumentation_bit": "0", "service_request_bit": "0", "reserved_bits": "000", "brdcst_received_bit": "0", "busy_bit": "0", "subsystem_flag_bit": "0", "dynamic_bus_control_accpt_bit": "0", "terminal_flag_bit": "1", "parity_bit": "1", "fake": false}], [58485, {"py/object": "odf.components.Command", "address": 31, "tr": 0, "sub_address": 2, "dword_count": 1, "parity": 0, "fake": false}], [58539, {"py/object": "odf.components.Data", "data": {"py/b64": "//8="}, "fake": false}], [58554, {"py/object": "odf.components.Command", "address": 4, "tr": 0, "sub_address": 2, "dword_count": 18, "parity": 0, "fake": false}], [58564, {"py/object": "odf.components.Command", "address": 3, "tr": 1, "sub_address": 2, "dword_count": 18, "parity": 0, "fake": false}], [60614, {"py/object": "odf.components.Status", "address": 3, "message_error_bit": "0", "instrumentation_bit": "0", "service_request_bit": "0", "reserved_bits": "000", "brdcst_received_bit": "0", "busy_bit": "0", "subsystem_flag_bit": "0", "dynamic_bus_control_accpt_bit": "0", "terminal_flag_bit": "1", "parity_bit": "1", "fake": false}], [60695, {"py/object": "odf.components.Data", "data": {"py/b64": "DB4="}, "fake": false}], [60773, {"py/object": "odf.components.Data", "data": {"py/b64": "ekM="}, "fake": false}], [60851, {"py/object": "odf.components.Data", "data": {"py/b64": "CEI="}, "fake": false}], [60924, {"py/object": "odf.components.Data", "data": {"py/b64": "AEU="}, "fake": false}], [61000, {"py/object": "odf.components.Data", "data": {"py/b64": "aLc="}, "fake": false}], [61077, {"py/object": "odf.components.Data", "data": {"py/b64": "h0Q="}, "fake": false}], [61155, {"py/object": "odf.components.Data", "data": {"py/b64": "U9E="}, "fake": false}], [61223, {"py/object": "odf.components.Data", "data": {"py/b64": "YEM="}, "fake": false}], [61297, {"py/object": "odf.components.Data", "data": {"py/b64": "VMw="}, "fake": false}], [61369, {"py/object": "odf.components.Data", "data": {"py/b64": "g0A="}, "fake": false}], [61433, {"py/object": "odf.components.Data", "data": {"py/b64": "sMI="}, "fake": false}], [61506, {"py/object": "odf.components.Data", "data": {"py/b64": "g0A="}, "fake": false}], [61572, {"py/object": "odf.components.Data", "data": {"py/b64": "daY="}, "fake": false}], [61641, {"py/object": "odf.components.Data", "data": {"py/b64": "QkA="}, "fake": false}], [61705, {"py/object": "odf.components.Data", "data": {"py/b64": "oVY="}, "fake": false}], [61771, {"py/object": "odf.components.Data", "data": {"py/b64": "1UM="}, "fake": false}], [61841, {"py/object": "odf.components.Data", "data": {"py/b64": "tww="}, "fake": false}], [61908, {"py/object": "odf.components.Data", "data": {"py/b64": "OkQ="}, "fake": false}], [64028, {"py/object": "odf.components.Status", "address": 4, "message_error_bit": "0", "instrumentation_bit": "0", "service_request_bit": "0", "reserved_bits": "000", "brdcst_received_bit": "0", "busy_bit": "0", "subsystem_flag_bit": "0", "dynamic_bus_control_accpt_bit": "0", "terminal_flag_bit": "1", "parity_bit": "1", "fake": false}], [64094, {"py/object": "odf.components.Command", "address": 6, "tr": 0, "sub_address": 2, "dword_count": 28, "parity": 0, "fake": false}], [64109, {"py/object": "odf.components.Command", "address": 5, "tr": 1, "sub_address": 2, "dword_count": 28, "parity": 0, "fake": false}], [66174, {"py/object": "odf.components.Status", "address": 5, "message_error_bit": "0", "instrumentation_bit": "0", "service_request_bit": "0", "reserved_bits": "000", "brdcst_received_bit": "0", "busy_bit": "0", "subsystem_flag_bit": "0", "dynamic_bus_control_accpt_bit": "0", "terminal_flag_bit": "1", "parity_bit": "1", "fake": false}], [66248, {"py/object": "odf.components.Data", "data": {"py/b64": "ELs="}, "fake": false}], [66318, {"py/object": "odf.components.Data", "data": {"py/b64": "dUM="}, "fake": false}], [66395, {"py/object": "odf.components.Data", "data": {"py/b64": "bRU="}, "fake": false}], [66468, {"py/object": "odf.components.Data", "data": {"py/b64": "0EM="}, "fake": false}], [66541, {"py/object": "odf.components.Data", "data": {"py/b64": "jJc="}, "fake": false}], [66615, {"py/object": "odf.components.Data", "data": {"py/b64": "qsM="}, "fake": false}], [66693, {"py/object": "odf.components.Data", "data": {"py/b64": "IzA="}, "fake": false}], [66772, {"py/object": "odf.components.Data", "data": {"py/b64": "CUI="}, "fake": false}], [66846, {"py/object": "odf.components.Data", "data": {"py/b64": "u+0="}, "fake": false}], [66918, {"py/object": "odf.components.Data", "data": {"py/b64": "bMM="}, "fake": false}], [66992, {"py/object": "odf.components.Data", "data": {"py/b64": "D5o="}, "fake": false}], [67066, {"py/object": "odf.components.Data", "data": {"py/b64": "EEE="}, "fake": false}], [67135, {"py/object": "odf.components.Data", "data": {"py/b64": "1Hs="}, "fake": false}], [67212, {"py/object": "odf.components.Data", "data": {"py/b64": "774="}, "fake": false}], [67287, {"py/object": "odf.components.Data", "data": {"py/b64": "GVk="}, "fake": false}], [67363, {"py/object": "odf.components.Data", "data": {"py/b64": "V8E="}, "fake": false}], [67440, {"py/object": "odf.components.Data", "data": {"py/b64": "u78="}, "fake": false}], [67516, {"py/object": "odf.components.Data", "data": {"py/b64": "jMA="}, "fake": false}], [67593, {"py/object": "odf.components.Data", "data": {"py/b64": "4GI="}, "fake": false}], [67674, {"py/object": "odf.components.Data", "data": {"py/b64": "DME="}, "fake": false}], [67752, {"py/object": "odf.components.Data", "data": {"py/b64": "Zxc="}, "fake": false}], [67831, {"py/object": "odf.components.Data", "data": {"py/b64": "0EM="}, "fake": false}], [67889, {"py/object": "odf.components.Data", "data": {"py/b64": "mLM="}, "fake": false}], [67950, {"py/object": "odf.components.Data", "data": {"py/b64": "WME="}, "fake": false}], [68019, {"py/object": "odf.components.Data", "data": {"py/b64": "Gf8="}, "fake": false}], [68095, {"py/object": "odf.components.Data", "data": {"py/b64": "zUA="}, "fake": false}], [68169, {"py/object": "odf.components.Data", "data": {"py/b64": "Y84="}, "fake": false}], [68234, {"py/object": "odf.components.Data", "data": {"py/b64": "qT4="}, "fake": false}], [70304, {"py/object": "odf.components.Status", "address": 6, "message_error_bit": "0", "instrumentation_bit": "0", "service_request_bit": "0", "reserved_bits": "000", "brdcst_received_bit": "0", "busy_bit": "0", "subsystem_flag_bit": "0", "dynamic_bus_control_accpt_bit": "0", "terminal_flag_bit": "1", "parity_bit": "1", "fake": false}], [70388, {"py/object": "odf.components.Command", "address": 8, "tr": 0, "sub_address": 2, "dword_count": 8, "parity": 0, "fake": false}], [70402, {"py/object": "odf.components.Command", "address": 7, "tr": 1, "sub_address": 2, "dword_count": 8, "parity": 0, "fake": false}], [72461, {"py/object": "odf.components.Status", "address": 7, "message_error_bit": "0", "instrumentation_bit": "0", "service_request_bit": "0", "reserved_bits": "000", "brdcst_received_bit": "0", "busy_bit": "0", "subsystem_flag_bit": "0", "dynamic_bus_control_accpt_bit": "0", "terminal_flag_bit": "1", "parity_bit": "1", "fake": false}], [72542, {"py/object": "odf.components.Data", "data": {"py/b64": "8hg="}, "fake": false}], [72615, {"py/object": "odf.components.Data", "data": {"py/b64": "2L0="}, "fake": false}], [72686, {"py/object": "odf.components.Data", "data": {"py/b64": "LC4="}, "fake": false}], [72766, {"py/object": "odf.components.Data", "data": {"py/b64": "6T4="}, "fake": false}], [72839, {"py/object": "odf.components.Data", "data": {"py/b64": "XKU="}, "fake": false}], [72914, {"py/object": "odf.components.Data", "data": {"py/b64": "3zw="}, "fake": false}], [72993, {"py/object": "odf.components.Data", "data": {"py/b64": "oMk="}, "fake": false}], [73075, {"py/object": "odf.components.Data", "data": {"py/b64": "zrk="}, "fake": false}], [75203, {"py/object": "odf.components.Status", "address": 8, "message_error_bit": "0", "instrumentation_bit": "0", "service_request_bit": "0", "reserved_bits": "000", "brdcst_received_bit": "0", "busy_bit": "0", "subsystem_flag_bit": "0", "dynamic_bus_control_accpt_bit": "0", "terminal_flag_bit": "1", "parity_bit": "1", "fake": false}], [75258, {"py/object": "odf.components.Command", "address": 10, "tr": 0, "sub_address": 2, "dword_count": 12, "parity": 0, "fake": false}], [75269, {"py/object": "odf.components.Command", "address": 9, "tr": 1, "sub_address": 2, "dword_count": 12, "parity": 0, "fake": false}], [77334, {"py/object": "odf.components.Status", "address": 9, "message_error_bit": "0", "instrumentation_bit": "0", "service_request_bit": "0", "reserved_bits": "000", "brdcst_received_bit": "0", "busy_bit": "0", "subsystem_flag_bit": "0", "dynamic_bus_control_accpt_bit": "0", "terminal_flag_bit": "1", "parity_bit": "1", "fake": false}], [77415, {"py/object": "odf.components.Data", "data": {"py/b64": "66w="}, "fake": false}], [77490, {"py/object": "odf.components.Data", "data": {"py/b64": "B0I="}, "fake": false}], [77561, {"py/object": "odf.components.Data", "data": {"py/b64": "k+s="}, "fake": false}], [77633, {"py/object": "odf.components.Data", "data": {"py/b64": "7MI="}, "fake": false}], [77702, {"py/object": "odf.components.Data", "data": {"py/b64": "Guk="}, "fake": false}], [77780, {"py/object": "odf.components.Data", "data": {"py/b64": "A0Q="}, "fake": false}], [77853, {"py/object": "odf.components.Data", "data": {"py/b64": "yKw="}, "fake": false}], [77916, {"py/object": "odf.components.Data", "data": {"py/b64": "B0I="}, "fake": false}], [78007, {"py/object": "odf.components.Data", "data": {"py/b64": "nOs="}, "fake": false}], [78051, {"py/object": "odf.components.Data", "data": {"py/b64": "7MI="}, "fake": false}], [78126, {"py/object": "odf.components.Data", "data": {"py/b64": "Ico="}, "fake": false}], [78205, {"py/object": "odf.components.Data", "data": {"py/b64": "2EQ="}, "fake": false}], [80306, {"py/object": "odf.components.Status", "address": 10, "message_error_bit": "0", "instrumentation_bit": "0", "service_request_bit": "0", "reserved_bits": "000", "brdcst_received_bit": "0", "busy_bit": "0", "subsystem_flag_bit": "0", "dynamic_bus_control_accpt_bit": "0", "terminal_flag_bit": "1", "parity_bit": "1", "fake": false}], [80370, {"py/object": "odf.components.Command", "address": 12, "tr": 0, "sub_address": 2, "dword_count": 16, "parity": 0, "fake": false}], [80382, {"py/object": "odf.components.Command", "address": 11, "tr": 1, "sub_address": 2, "dword_count": 16, "parity": 0, "fake": false}], [82443, {"py/object": "odf.components.Status", "address": 11, "message_error_bit": "0", "instrumentation_bit": "0", "service_request_bit": "0", "reserved_bits": "000", "brdcst_received_bit": "0", "busy_bit": "0", "subsystem_flag_bit": "0", "dynamic_bus_control_accpt_bit": "0", "terminal_flag_bit": "1", "parity_bit": "1", "fake": false}], [82518, {"py/object": "odf.components.Data", "data": {"py/b64": "BHY="}, "fake": false}], [82593, {"py/object": "odf.components.Data", "data": {"py/b64": "Ezs="}, "fake": false}], [82660, {"py/object": "odf.components.Data", "data": {"py/b64": "IAo="}, "fake": false}], [82723, {"py/object": "odf.components.Data", "data": {"py/b64": "NUE="}, "fake": false}], [82798, {"py/object": "odf.components.Data", "data": {"py/b64": "H5k="}, "fake": false}], [82873, {"py/object": "odf.components.Data", "data": {"py/b64": "30E="}, "fake": false}], [82950, {"py/object": "odf.components.Data", "data": {"py/b64": "lcU="}, "fake": false}], [83026, {"py/object": "odf.components.Data", "data": {"py/b64": "n0A="}, "fake": false}], [83102, {"py/object": "odf.components.Data", "data": {"py/b64": "IYk="}, "fake": false}], [83180, {"py/object": "odf.components.Data", "data": {"py/b64": "JUA="}, "fake": false}], [83256, {"py/object": "odf.components.Data", "data": {"py/b64": "l6s="}, "fake": false}], [83331, {"py/object": "odf.components.Data", "data": {"py/b64": "Zj0="}, "fake": false}], [83405, {"py/object": "odf.components.Data", "data": {"py/b64": "BL8="}, "fake": false}], [83481, {"py/object": "odf.components.Data", "data": {"py/b64": "Vj0="}, "fake": false}], [83561, {"py/object": "odf.components.Data", "data": {"py/b64": "d60="}, "fake": false}], [83637, {"py/object": "odf.components.Data", "data": {"py/b64": "nUE="}, "fake": false}], [85785, {"py/object": "odf.components.Status", "address": 12, "message_error_bit": "0", "instrumentation_bit": "0", "service_request_bit": "0", "reserved_bits": "000", "brdcst_received_bit": "0", "busy_bit": "0", "subsystem_flag_bit": "0", "dynamic_bus_control_accpt_bit": "0", "terminal_flag_bit": "1", "parity_bit": "1", "fake": false}], [85952, {"py/object": "odf.components.Command", "address": 1, "tr": 0, "sub_address": 2, "dword_count": 4, "parity": 0, "fake": false}], [86000, {"py/object": "odf.components.Data", "data": {"py/b64": "AAA="}, "fake": false}], [86014, {"py/object": "odf.components.Data", "data": {"py/b64": "AAA="}, "fake": false}], [86028, {"py/object": "odf.components.Data", "data": {"py/b64": "AAA="}, "fake": false}], [86042, {"py/object": "odf.components.Data", "data": {"py/b64": "AAA="}, "fake": false}], [88073, {"py/object": "odf.components.Status", "address": 1, "message_error_bit": "0", "instrumentation_bit": "0", "service_request_bit": "0", "reserved_bits": "000", "brdcst_received_bit": "0", "busy_bit": "0", "subsystem_flag_bit": "0", "dynamic_bus_control_accpt_bit": "0", "terminal_flag_bit": "1", "parity_bit": "1", "fake": false}], [88239, {"py/object": "odf.components.Command", "address": 31, "tr": 0, "sub_address": 2, "dword_count": 1, "parity": 0, "fake": false}], [88325, {"py/object": "odf.components.Data", "data": {"py/b64": "//8="}, "fake": false}], [88341, {"py/object": "odf.components.Command", "address": 4, "tr": 0, "sub_address": 2, "dword_count": 18, "parity": 0, "fake": false}], [88354, {"py/object": "odf.components.Command", "address": 3, "tr": 1, "sub_address": 2, "dword_count": 18, "parity": 0, "fake": false}], [90400, {"py/object": "odf.components.Status", "address": 3, "message_error_bit": "0", "instrumentation_bit": "0", "service_request_bit": "0", "reserved_bits": "000", "brdcst_received_bit": "0", "busy_bit": "0", "subsystem_flag_bit": "0", "dynamic_bus_control_accpt_bit": "0", "terminal_flag_bit": "1", "parity_bit": "1", "fake": false}], [90469, {"py/object": "odf.components.Data", "data": {"py/b64": "QQY="}, "fake": false}], [90525, {"py/object": "odf.components.Data", "data": {"py/b64": "ekM="}, "fake": false}], [90592, {"py/object": "odf.components.Data", "data": {"py/b64": "7QQ="}, "fake": false}], [90656, {"py/object": "odf.components.Data", "data": {"py/b64": "AUU="}, "fake": false}], [90729, {"py/object": "odf.components.Data", "data": {"py/b64": "IS0="}, "fake": false}], [90808, {"py/object": "odf.components.Data", "data": {"py/b64": "A0U="}, "fake": false}], [90888, {"py/object": "odf.components.Data", "data": {"py/b64": "+3s="}, "fake": false}], [90963, {"py/object": "odf.components.Data", "data": {"py/b64": "D0M="}, "fake": false}], [91041, {"py/object": "odf.components.Data", "data": {"py/b64": "i30="}, "fake": false}], [91122, {"py/object": "odf.components.Data", "data": {"py/b64": "QkA="}, "fake": false}], [91198, {"py/object": "odf.components.Data", "data": {"py/b64": "xmw="}, "fake": false}], [91276, {"py/object": "odf.components.Data", "data": {"py/b64": "QkA="}, "fake": false}], [91339, {"py/object": "odf.components.Data", "data": {"py/b64": "yQA="}, "fake": false}], [91407, {"py/object": "odf.components.Data", "data": {"py/b64": "Q0A="}, "fake": false}], [91480, {"py/object": "odf.components.Data", "data": {"py/b64": "T9s="}, "fake": false}], [91554, {"py/object": "odf.components.Data", "data": {"py/b64": "1EM="}, "fake": false}], [91624, {"py/object": "odf.components.Data", "data": {"py/b64": "tww="}, "fake": false}], [91704, {"py/object": "odf.components.Data", "data": {"py/b64": "OkQ="}, "fake": false}], [93814, {"py/object": "odf.components.Status", "address": 4, "message_error_bit": "0", "instrumentation_bit": "0", "service_request_bit": "0", "reserved_bits": "000", "brdcst_received_bit": "0", "busy_bit": "0", "subsystem_flag_bit": "0", "dynamic_bus_control_accpt_bit": "0", "terminal_flag_bit": "1", "parity_bit": "1", "fake": false}], [93869, {"py/object": "odf.components.Command", "address": 6, "tr": 0, "sub_address": 2, "dword_count": 28, "parity": 0, "fake": false}], [93881, {"py/object": "odf.components.Command", "address": 5, "tr": 1, "sub_address": 2, "dword_count": 28, "parity": 0, "fake": false}], [95947, {"py/object": "odf.components.Status", "address": 5, "message_error_bit": "0", "instrumentation_bit": "0", "service_request_bit": "0", "reserved_bits": "000", "brdcst_received_bit": "0", "busy_bit": "0", "subsystem_flag_bit": "0", "dynamic_bus_control_accpt_bit": "0", "terminal_flag_bit": "1", "parity_bit": "1", "fake": false}], [96016, {"py/object": "odf.components.Data", "data": {"py/b64": "dtg="}, "fake": false}], [96096, {"py/object": "odf.components.Data", "data": {"py/b64": "fUM="}, "fake": false}], [96173, {"py/object": "odf.components.Data", "data": {"py/b64": "wuk="}, "fake": false}], [96249, {"py/object": "odf.components.Data", "data": {"py/b64": "1kM="}, "fake": false}], [96328, {"py/object": "odf.components.Data", "data": {"py/b64": "H5k="}, "fake": false}], [96406, {"py/object": "odf.components.Data", "data": {"py/b64": "MkI="}, "fake": false}], [96485, {"py/object": "odf.components.Data", "data": {"py/b64": "UCk="}, "fake": false}], [96563, {"py/object": "odf.components.Data", "data": {"py/b64": "CUI="}, "fake": false}], [96641, {"py/object": "odf.components.Data", "data": {"py/b64": "dwo="}, "fake": false}], [96722, {"py/object": "odf.components.Data", "data": {"py/b64": "1cM="}, "fake": false}], [96801, {"py/object": "odf.components.Data", "data": {"py/b64": "itI="}, "fake": false}], [96876, {"py/object": "odf.components.Data", "data": {"py/b64": "ckE="}, "fake": false}], [96954, {"py/object": "odf.components.Data", "data": {"py/b64": "pdg="}, "fake": false}], [97032, {"py/object": "odf.components.Data", "data": {"py/b64": "vL0="}, "fake": false}], [97108, {"py/object": "odf.components.Data", "data": {"py/b64": "aXc="}, "fake": false}], [97169, {"py/object": "odf.components.Data", "data": {"py/b64": "mD8="}, "fake": false}], [97247, {"py/object": "odf.components.Data", "data": {"py/b64": "b3M="}, "fake": false}], [97329, {"py/object": "odf.components.Data", "data": {"py/b64": "9sA="}, "fake": false}], [97398, {"py/object": "odf.components.Data", "data": {"py/b64": "5C8="}, "fake": false}], [97476, {"py/object": "odf.components.Data", "data": {"py/b64": "BcE="}, "fake": false}], [97552, {"py/object": "odf.components.Data", "data": {"py/b64": "yuo="}, "fake": false}], [97629, {"py/object": "odf.components.Data", "data": {"py/b64": "1kM="}, "fake": false}], [97707, {"py/object": "odf.components.Data", "data": {"py/b64": "fmU="}, "fake": false}], [97776, {"py/object": "odf.components.Data", "data": {"py/b64": "WME="}, "fake": false}], [97849, {"py/object": "odf.components.Data", "data": {"py/b64": "x04="}, "fake": false}], [97913, {"py/object": "odf.components.Data", "data": {"py/b64": "0EA="}, "fake": false}], [97976, {"py/object": "odf.components.Data", "data": {"py/b64": "xFc="}, "fake": false}], [98043, {"py/object": "odf.components.Data", "data": {"py/b64": "zj4="}, "fake": false}], [100124, {"py/object": "odf.components.Status", "address": 6, "message_error_bit": "0", "instrumentation_bit": "0", "service_request_bit": "0", "reserved_bits": "000", "brdcst_received_bit": "0", "busy_bit": "0", "subsystem_flag_bit": "0", "dynamic_bus_control_accpt_bit": "0", "terminal_flag_bit": "1", "parity_bit": "1", "fake": false}], [100201, {"py/object": "odf.components.Command", "address": 8, "tr": 0, "sub_address": 2, "dword_count": 8, "parity": 0, "fake": false}], [100214, {"py/object": "odf.components.Command", "address": 7, "tr": 1, "sub_address": 2, "dword_count": 8, "parity": 0, "fake": false}], [102276, {"py/object": "odf.components.Status", "address": 7, "message_error_bit": "0", "instrumentation_bit": "0", "service_request_bit": "0", "reserved_bits": "000", "brdcst_received_bit": "0", "busy_bit": "0", "subsystem_flag_bit": "0", "dynamic_bus_control_accpt_bit": "0", "terminal_flag_bit": "1", "parity_bit": "1", "fake": false}], [102352, {"py/object": "odf.components.Data", "data": {"py/b64": "19Q="}, "fake": false}], [102430, {"py/object": "odf.components.Data", "data": {"py/b64": "1b0="}, "fake": false}], [102507, {"py/object": "odf.components.Data", "data": {"py/b64": "CV4="}, "fake": false}], [102580, {"py/object": "odf.components.Data", "data": {"py/b64": "4j4="}, "fake": false}], [102658, {"py/object": "odf.components.Data", "data": {"py/b64": "xIE="}, "fake": false}], [102738, {"py/object": "odf.components.Data", "data": {"py/b64": "5Dw="}, "fake": false}], [102808, {"py/object": "odf.components.Data", "data": {"py/b64": "AdE="}, "fake": false}], [102884, {"py/object": "odf.components.Data", "data": {"py/b64": "Yjk="}, "fake": false}], [104979, {"py/object": "odf.components.Status", "address": 8, "message_error_bit": "0", "instrumentation_bit": "0", "service_request_bit": "0", "reserved_bits": "000", "brdcst_received_bit": "0", "busy_bit": "0", "subsystem_flag_bit": "0", "dynamic_bus_control_accpt_bit": "0", "terminal_flag_bit": "1", "parity_bit": "1", "fake": false}], [105063, {"py/object": "odf.components.Command", "address": 10, "tr": 0, "sub_address": 2, "dword_count": 12, "parity": 0, "fake": false}], [105077, {"py/object": "odf.components.Command", "address": 9, "tr": 1, "sub_address": 2, "dword_count": 12, "parity": 0, "fake": false}], [107139, {"py/object": "odf.components.Status", "address": 9, "message_error_bit": "0", "instrumentation_bit": "0", "service_request_bit": "0", "reserved_bits": "000", "brdcst_received_bit": "0", "busy_bit": "0", "subsystem_flag_bit": "0", "dynamic_bus_control_accpt_bit": "0", "terminal_flag_bit": "1", "parity_bit": "1", "fake": false}], [107213, {"py/object": "odf.components.Data", "data": {"py/b64": "too="}, "fake": false}], [107282, {"py/object": "odf.components.Data", "data": {"py/b64": "B0I="}, "fake": false}], [107349, {"py/object": "odf.components.Data", "data": {"py/b64": "/Oo="}, "fake": false}], [107422, {"py/object": "odf.components.Data", "data": {"py/b64": "7MI="}, "fake": false}], [107494, {"py/object": "odf.components.Data", "data": {"py/b64": "FdM="}, "fake": false}], [107574, {"py/object": "odf.components.Data", "data": {"py/b64": "UUQ="}, "fake": false}], [107648, {"py/object": "odf.components.Data", "data": {"py/b64": "AAA="}, "fake": false}], [107726, {"py/object": "odf.components.Data", "data": {"py/b64": "wH8="}, "fake": false}], [107792, {"py/object": "odf.components.Data", "data": {"py/b64": "9uo="}, "fake": false}], [107865, {"py/object": "odf.components.Data", "data": {"py/b64": "7MI="}, "fake": false}], [107933, {"py/object": "odf.components.Data", "data": {"py/b64": "bnM="}, "fake": false}], [108008, {"py/object": "odf.components.Data", "data": {"py/b64": "LEU="}, "fake": false}], [110155, {"py/object": "odf.components.Status", "address": 10, "message_error_bit": "0", "instrumentation_bit": "0", "service_request_bit": "0", "reserved_bits": "000", "brdcst_received_bit": "0", "busy_bit": "0", "subsystem_flag_bit": "0", "dynamic_bus_control_accpt_bit": "0", "terminal_flag_bit": "1", "parity_bit": "1", "fake": false}], [110200, {"py/object": "odf.components.Command", "address": 12, "tr": 0, "sub_address": 2, "dword_count": 16, "parity": 0, "fake": false}], [110213, {"py/object": "odf.components.Command", "address": 11, "tr": 1, "sub_address": 2, "dword_count": 16, "parity": 0, "fake": false}], [112278, {"py/object": "odf.components.Status", "address": 11, "message_error_bit": "0", "instrumentation_bit": "0", "service_request_bit": "0", "reserved_bits": "000", "brdcst_received_bit": "0", "busy_bit": "0", "subsystem_flag_bit": "0", "dynamic_bus_control_accpt_bit": "0", "terminal_flag_bit": "1", "parity_bit": "1", "fake": false}], [112343, {"py/object": "odf.components.Data", "data": {"py/b64": "8Q0="}, "fake": false}], [112410, {"py/object": "odf.components.Data", "data": {"py/b64": "Dzs="}, "fake": false}], [112482, {"py/object": "odf.components.Data", "data": {"py/b64": "4LQ="}, "fake": false}], [112547, {"py/object": "odf.components.Data", "data": {"py/b64": "FEE="}, "fake": false}], [112617, {"py/object": "odf.components.Data", "data": {"py/b64": "UXw="}, "fake": false}], [112692, {"py/object": "odf.components.Data", "data": {"py/b64": "10E="}, "fake": false}], [112754, {"py/object": "odf.components.Data", "data": {"py/b64": "Umg="}, "fake": false}], [112812, {"py/object": "odf.components.Data", "data": {"py/b64": "okA="}, "fake": false}], [112880, {"py/object": "odf.components.Data", "data": {"py/b64": "q5U="}, "fake": false}], [112942, {"py/object": "odf.components.Data", "data": {"py/b64": "JkA="}, "fake": false}], [113004, {"py/object": "odf.components.Data", "data": {"py/b64": "LSQ="}, "fake": false}], [113066, {"py/object": "odf.components.Data", "data": {"py/b64": "5b0="}, "fake": false}], [113126, {"py/object": "odf.components.Data", "data": {"py/b64": "az0="}, "fake": false}], [113199, {"py/object": "odf.components.Data", "data": {"py/b64": "NL4="}, "fake": false}], [113273, {"py/object": "odf.components.Data", "data": {"py/b64": "goA="}, "fake": false}], [113363, {"py/object": "odf.components.Data", "data": {"py/b64": "j0E="}, "fake": false}], [115494, {"py/object": "odf.components.Status", "address": 12, "message_error_bit": "0", "instrumentation_bit": "0", "service_request_bit": "0", "reserved_bits": "000", "brdcst_received_bit": "0", "busy_bit": "0", "subsystem_flag_bit": "0", "dynamic_bus_control_accpt_bit": "0", "terminal_flag_bit": "1", "parity_bit": "1", "fake": false}], [115669, {"py/object": "odf.components.Command", "address": 1, "tr": 0, "sub_address": 2, "dword_count": 4, "parity": 0, "fake": false}], [115740, {"py/object": "odf.components.Data", "data": {"py/b64": "AAA="}, "fake": false}], [115754, {"py/object": "odf.components.Data", "data": {"py/b64": "AAA="}, "fake": false}], [115768, {"py/object": "odf.components.Data", "data": {"py/b64": "AAA="}, "fake": false}], [115781, {"py/object": "odf.components.Data", "data": {"py/b64": "AAA="}, "fake": false}], [117859, {"py/object": "odf.components.Status", "address": 1, "message_error_bit": "0", "instrumentation_bit": "0", "service_request_bit": "0", "reserved_bits": "000", "brdcst_received_bit": "0", "busy_bit": "0", "subsystem_flag_bit": "0", "dynamic_bus_control_accpt_bit": "0", "terminal_flag_bit": "1", "parity_bit": "1", "fake": false}], [118024, {"py/object": "odf.components.Command", "address": 31, "tr": 0, "sub_address": 2, "dword_count": 1, "parity": 0, "fake": false}], [118099, {"py/object": "odf.components.Data", "data": {"py/b64": "//8="}, "fake": false}], [118114, {"py/object": "odf.components.Command", "address": 4, "tr": 0, "sub_address": 2, "dword_count": 18, "parity": 0, "fake": false}], [118128, {"py/object": "odf.components.Command", "address": 3, "tr": 1, "sub_address": 2, "dword_count": 18, "parity": 0, "fake": false}], [120181, {"py/object": "odf.components.Status", "address": 3, "message_error_bit": "0", "instrumentation_bit": "0", "service_request_bit": "0", "reserved_bits": "000", "brdcst_received_bit": "0", "busy_bit": "0", "subsystem_flag_bit": "0", "dynamic_bus_control_accpt_bit": "0", "terminal_flag_bit": "1", "parity_bit": "1", "fake": false}], [120257, {"py/object": "odf.components.Data", "data": {"py/b64": "Ldk="}, "fake": false}]], "attack_times": [[]], "attack_types": ["Command_Invalidation_Attack"], "attack_outcome": [false]}