{"data": [[295, {"py/object": "odf.components.Command", "address": 31, "tr": 0, "sub_address": 2, "dword_count": 1, "parity": 0, "fake": false}], [392, {"py/object": "odf.components.Data", "data": {"py/b64": "//8="}, "fake": false}], [429, {"py/object": "odf.components.Command", "address": 4, "tr": 0, "sub_address": 2, "dword_count": 18, "parity": 0, "fake": false}], [444, {"py/object": "odf.components.Command", "address": 3, "tr": 1, "sub_address": 2, "dword_count": 18, "parity": 0, "fake": false}], [2512, {"py/object": "odf.components.Status", "address": 3, "message_error_bit": "0", "instrumentation_bit": "0", "service_request_bit": "0", "reserved_bits": "000", "brdcst_received_bit": "0", "busy_bit": "0", "subsystem_flag_bit": "0", "dynamic_bus_control_accpt_bit": "0", "terminal_flag_bit": "1", "parity_bit": "1", "fake": false}], [2581, {"py/object": "odf.components.Data", "data": {"py/b64": "iKs="}, "fake": false}], [2648, {"py/object": "odf.components.Data", "data": {"py/b64": "JUI="}, "fake": false}], [2718, {"py/object": "odf.components.Data", "data": {"py/b64": "yLM="}, "fake": false}], [2784, {"py/object": "odf.components.Data", "data": {"py/b64": "fb0="}, "fake": false}], [2850, {"py/object": "odf.components.Data", "data": {"py/b64": "RYY="}, "fake": false}], [2920, {"py/object": "odf.components.Data", "data": {"py/b64": "7kI="}, "fake": false}], [2989, {"py/object": "odf.components.Data", "data": {"py/b64": "q80="}, "fake": false}], [3057, {"py/object": "odf.components.Data", "data": {"py/b64": "iEM="}, "fake": false}], [3124, {"py/object": "odf.components.Data", "data": {"py/b64": "768="}, "fake": false}], [3195, {"py/object": "odf.components.Data", "data": {"py/b64": "i0A="}, "fake": false}], [3265, {"py/object": "odf.components.Data", "data": {"py/b64": "ALA="}, "fake": false}], [3335, {"py/object": "odf.components.Data", "data": {"py/b64": "i0A="}, "fake": false}], [3400, {"py/object": "odf.components.Data", "data": {"py/b64": "2w8="}, "fake": false}], [3454, {"py/object": "odf.components.Data", "data": {"py/b64": "SUA="}, "fake": false}], [3526, {"py/object": "odf.components.Data", "data": {"py/b64": "pKM="}, "fake": false}], [3594, {"py/object": "odf.components.Data", "data": {"py/b64": "1kM="}, "fake": false}], [3666, {"py/object": "odf.components.Data", "data": {"py/b64": "tww="}, "fake": false}], [3727, {"py/object": "odf.components.Data", "data": {"py/b64": "OkQ="}, "fake": false}], [5823, {"py/object": "odf.components.Status", "address": 4, "message_error_bit": "0", "instrumentation_bit": "0", "service_request_bit": "0", "reserved_bits": "000", "brdcst_received_bit": "0", "busy_bit": "0", "subsystem_flag_bit": "0", "dynamic_bus_control_accpt_bit": "0", "terminal_flag_bit": "1", "parity_bit": "1", "fake": false}], [5898, {"py/object": "odf.components.Command", "address": 6, "tr": 0, "sub_address": 2, "dword_count": 28, "parity": 0, "fake": false}], [5918, {"py/object": "odf.components.Command", "address": 5, "tr": 1, "sub_address": 2, "dword_count": 28, "parity": 0, "fake": false}], [7990, {"py/object": "odf.components.Status", "address": 5, "message_error_bit": "0", "instrumentation_bit": "0", "service_request_bit": "0", "reserved_bits": "000", "brdcst_received_bit": "0", "busy_bit": "0", "subsystem_flag_bit": "0", "dynamic_bus_control_accpt_bit": "0", "terminal_flag_bit": "1", "parity_bit": "1", "fake": false}], [8047, {"py/object": "odf.components.Data", "data": {"py/b64": "wpE="}, "fake": false}], [8113, {"py/object": "odf.components.Data", "data": {"py/b64": "rEI="}, "fake": false}], [8183, {"py/object": "odf.components.Data", "data": {"py/b64": "SSg="}, "fake": false}], [8253, {"py/object": "odf.components.Data", "data": {"py/b64": "EkM="}, "fake": false}], [8326, {"py/object": "odf.components.Data", "data": {"py/b64": "z7A="}, "fake": false}], [8388, {"py/object": "odf.components.Data", "data": {"py/b64": "EcM="}, "fake": false}], [8457, {"py/object": "odf.components.Data", "data": {"py/b64": "ahU="}, "fake": false}], [8527, {"py/object": "odf.components.Data", "data": {"py/b64": "Tzw="}, "fake": false}], [8598, {"py/object": "odf.components.Data", "data": {"py/b64": "3ig="}, "fake": false}], [8669, {"py/object": "odf.components.Data", "data": {"py/b64": "kcE="}, "fake": false}], [8742, {"py/object": "odf.components.Data", "data": {"py/b64": "N+8="}, "fake": false}], [8813, {"py/object": "odf.components.Data", "data": {"py/b64": "UsE="}, "fake": false}], [8885, {"py/object": "odf.components.Data", "data": {"py/b64": "Jeg="}, "fake": false}], [8959, {"py/object": "odf.components.Data", "data": {"py/b64": "bL8="}, "fake": false}], [9017, {"py/object": "odf.components.Data", "data": {"py/b64": "KRk="}, "fake": false}], [9084, {"py/object": "odf.components.Data", "data": {"py/b64": "BMA="}, "fake": false}], [9155, {"py/object": "odf.components.Data", "data": {"py/b64": "0GE="}, "fake": false}], [9226, {"py/object": "odf.components.Data", "data": {"py/b64": "Bbw="}, "fake": false}], [9297, {"py/object": "odf.components.Data", "data": {"py/b64": "I64="}, "fake": false}], [9366, {"py/object": "odf.components.Data", "data": {"py/b64": "bkA="}, "fake": false}], [9432, {"py/object": "odf.components.Data", "data": {"py/b64": "rHU="}, "fake": false}], [9497, {"py/object": "odf.components.Data", "data": {"py/b64": "F0M="}, "fake": false}], [9566, {"py/object": "odf.components.Data", "data": {"py/b64": "dbY="}, "fake": false}], [9636, {"py/object": "odf.components.Data", "data": {"py/b64": "Db4="}, "fake": false}], [9709, {"py/object": "odf.components.Data", "data": {"py/b64": "TfE="}, "fake": false}], [9775, {"py/object": "odf.components.Data", "data": {"py/b64": "FsA="}, "fake": false}], [9848, {"py/object": "odf.components.Data", "data": {"py/b64": "cHg="}, "fake": false}], [9924, {"py/object": "odf.components.Data", "data": {"py/b64": "UEE="}, "fake": false}], [12021, {"py/object": "odf.components.Status", "address": 6, "message_error_bit": "0", "instrumentation_bit": "0", "service_request_bit": "0", "reserved_bits": "000", "brdcst_received_bit": "0", "busy_bit": "0", "subsystem_flag_bit": "0", "dynamic_bus_control_accpt_bit": "0", "terminal_flag_bit": "1", "parity_bit": "1", "fake": false}], [12075, {"py/object": "odf.components.Command", "address": 8, "tr": 0, "sub_address": 2, "dword_count": 8, "parity": 0, "fake": false}], [12090, {"py/object": "odf.components.Command", "address": 7, "tr": 1, "sub_address": 2, "dword_count": 8, "parity": 0, "fake": false}], [14162, {"py/object": "odf.components.Status", "address": 7, "message_error_bit": "0", "instrumentation_bit": "0", "service_request_bit": "0", "reserved_bits": "000", "brdcst_received_bit": "0", "busy_bit": "0", "subsystem_flag_bit": "0", "dynamic_bus_control_accpt_bit": "0", "terminal_flag_bit": "1", "parity_bit": "1", "fake": false}], [14237, {"py/object": "odf.components.Data", "data": {"py/b64": "xJ4="}, "fake": false}], [14306, {"py/object": "odf.components.Data", "data": {"py/b64": "YL0="}, "fake": false}], [14366, {"py/object": "odf.components.Data", "data": {"py/b64": "xsM="}, "fake": false}], [14430, {"py/object": "odf.components.Data", "data": {"py/b64": "FTo="}, "fake": false}], [14498, {"py/object": "odf.components.Data", "data": {"py/b64": "lOM="}, "fake": false}], [14558, {"py/object": "odf.components.Data", "data": {"py/b64": "Jz0="}, "fake": false}], [14620, {"py/object": "odf.components.Data", "data": {"py/b64": "z3E="}, "fake": false}], [14696, {"py/object": "odf.components.Data", "data": {"py/b64": "lDk="}, "fake": false}], [16768, {"py/object": "odf.components.Status", "address": 8, "message_error_bit": "0", "instrumentation_bit": "0", "service_request_bit": "0", "reserved_bits": "000", "brdcst_received_bit": "0", "busy_bit": "0", "subsystem_flag_bit": "0", "dynamic_bus_control_accpt_bit": "0", "terminal_flag_bit": "1", "parity_bit": "1", "fake": false}], [16846, {"py/object": "odf.components.Command", "address": 10, "tr": 0, "sub_address": 2, "dword_count": 12, "parity": 0, "fake": false}], [16863, {"py/object": "odf.components.Command", "address": 9, "tr": 1, "sub_address": 2, "dword_count": 12, "parity": 0, "fake": false}], [18927, {"py/object": "odf.components.Status", "address": 9, "message_error_bit": "0", "instrumentation_bit": "0", "service_request_bit": "0", "reserved_bits": "000", "brdcst_received_bit": "0", "busy_bit": "0", "subsystem_flag_bit": "0", "dynamic_bus_control_accpt_bit": "0", "terminal_flag_bit": "1", "parity_bit": "1", "fake": false}], [18989, {"py/object": "odf.components.Data", "data": {"py/b64": "L8E="}, "fake": false}], [19039, {"py/object": "odf.components.Data", "data": {"py/b64": "B0I="}, "fake": false}], [19102, {"py/object": "odf.components.Data", "data": {"py/b64": "ocg="}, "fake": false}], [19165, {"py/object": "odf.components.Data", "data": {"py/b64": "7MI="}, "fake": false}], [19231, {"py/object": "odf.components.Data", "data": {"py/b64": "vNY="}, "fake": false}], [19292, {"py/object": "odf.components.Data", "data": {"py/b64": "MUI="}, "fake": false}], [19353, {"py/object": "odf.components.Data", "data": {"py/b64": "K8E="}, "fake": false}], [19409, {"py/object": "odf.components.Data", "data": {"py/b64": "B0I="}, "fake": false}], [19465, {"py/object": "odf.components.Data", "data": {"py/b64": "tMg="}, "fake": false}], [19524, {"py/object": "odf.components.Data", "data": {"py/b64": "7MI="}, "fake": false}], [19586, {"py/object": "odf.components.Data", "data": {"py/b64": "ivU="}, "fake": false}], [19655, {"py/object": "odf.components.Data", "data": {"py/b64": "FEM="}, "fake": false}], [21742, {"py/object": "odf.components.Status", "address": 10, "message_error_bit": "0", "instrumentation_bit": "0", "service_request_bit": "0", "reserved_bits": "000", "brdcst_received_bit": "0", "busy_bit": "0", "subsystem_flag_bit": "0", "dynamic_bus_control_accpt_bit": "0", "terminal_flag_bit": "1", "parity_bit": "1", "fake": false}], [21808, {"py/object": "odf.components.Command", "address": 12, "tr": 0, "sub_address": 2, "dword_count": 16, "parity": 0, "fake": false}], [21825, {"py/object": "odf.components.Command", "address": 11, "tr": 1, "sub_address": 2, "dword_count": 16, "parity": 0, "fake": false}], [23897, {"py/object": "odf.components.Status", "address": 11, "message_error_bit": "0", "instrumentation_bit": "0", "service_request_bit": "0", "reserved_bits": "000", "brdcst_received_bit": "0", "busy_bit": "0", "subsystem_flag_bit": "0", "dynamic_bus_control_accpt_bit": "0", "terminal_flag_bit": "1", "parity_bit": "1", "fake": false}], [23968, {"py/object": "odf.components.Data", "data": {"py/b64": "d2Y="}, "fake": false}], [24034, {"py/object": "odf.components.Data", "data": {"py/b64": "Gjs="}, "fake": false}], [24103, {"py/object": "odf.components.Data", "data": {"py/b64": "AIo="}, "fake": false}], [24176, {"py/object": "odf.components.Data", "data": {"py/b64": "ZUE="}, "fake": false}], [24245, {"py/object": "odf.components.Data", "data": {"py/b64": "roc="}, "fake": false}], [24315, {"py/object": "odf.components.Data", "data": {"py/b64": "7EE="}, "fake": false}], [24379, {"py/object": "odf.components.Data", "data": {"py/b64": "sAg="}, "fake": false}], [24450, {"py/object": "odf.components.Data", "data": {"py/b64": "YEA="}, "fake": false}], [24523, {"py/object": "odf.components.Data", "data": {"py/b64": "Ac0="}, "fake": false}], [24589, {"py/object": "odf.components.Data", "data": {"py/b64": "5T8="}, "fake": false}], [24648, {"py/object": "odf.components.Data", "data": {"py/b64": "868="}, "fake": false}], [24720, {"py/object": "odf.components.Data", "data": {"py/b64": "Aj4="}, "fake": false}], [24793, {"py/object": "odf.components.Data", "data": {"py/b64": "TQU="}, "fake": false}], [24863, {"py/object": "odf.components.Data", "data": {"py/b64": "9z4="}, "fake": false}], [24935, {"py/object": "odf.components.Data", "data": {"py/b64": "LU0="}, "fake": false}], [25008, {"py/object": "odf.components.Data", "data": {"py/b64": "nEE="}, "fake": false}], [27163, {"py/object": "odf.components.Status", "address": 12, "message_error_bit": "0", "instrumentation_bit": "0", "service_request_bit": "0", "reserved_bits": "000", "brdcst_received_bit": "0", "busy_bit": "0", "subsystem_flag_bit": "0", "dynamic_bus_control_accpt_bit": "0", "terminal_flag_bit": "1", "parity_bit": "1", "fake": false}], [27321, {"py/object": "odf.components.Command", "address": 1, "tr": 0, "sub_address": 2, "dword_count": 4, "parity": 0, "fake": false}], [27364, {"py/object": "odf.components.Data", "data": {"py/b64": "AAA="}, "fake": false}], [27379, {"py/object": "odf.components.Data", "data": {"py/b64": "AAA="}, "fake": false}], [27390, {"py/object": "odf.components.Data", "data": {"py/b64": "AAA="}, "fake": false}], [27400, {"py/object": "odf.components.Data", "data": {"py/b64": "AAA="}, "fake": false}], [29458, {"py/object": "odf.components.Status", "address": 1, "message_error_bit": "0", "instrumentation_bit": "0", "service_request_bit": "0", "reserved_bits": "000", "brdcst_received_bit": "0", "busy_bit": "0", "subsystem_flag_bit": "0", "dynamic_bus_control_accpt_bit": "0", "terminal_flag_bit": "1", "parity_bit": "1", "fake": false}], [29604, {"py/object": "odf.components.Command", "address": 31, "tr": 0, "sub_address": 2, "dword_count": 1, "parity": 0, "fake": false}], [29660, {"py/object": "odf.components.Data", "data": {"py/b64": "//8="}, "fake": false}], [29673, {"py/object": "odf.components.Command", "address": 4, "tr": 0, "sub_address": 2, "dword_count": 18, "parity": 0, "fake": false}], [29685, {"py/object": "odf.components.Command", "address": 3, "tr": 1, "sub_address": 2, "dword_count": 18, "parity": 0, "fake": false}], [31725, {"py/object": "odf.components.Status", "address": 3, "message_error_bit": "0", "instrumentation_bit": "0", "service_request_bit": "0", "reserved_bits": "000", "brdcst_received_bit": "0", "busy_bit": "0", "subsystem_flag_bit": "0", "dynamic_bus_control_accpt_bit": "0", "terminal_flag_bit": "1", "parity_bit": "1", "fake": false}], [31791, {"py/object": "odf.components.Data", "data": {"py/b64": "7Q0="}, "fake": false}], [31852, {"py/object": "odf.components.Data", "data": {"py/b64": "WkM="}, "fake": false}], [31905, {"py/object": "odf.components.Data", "data": {"py/b64": "VFU="}, "fake": false}], [31966, {"py/object": "odf.components.Data", "data": {"py/b64": "h0Q="}, "fake": false}], [32021, {"py/object": "odf.components.Data", "data": {"py/b64": "zB4="}, "fake": false}], [32081, {"py/object": "odf.components.Data", "data": {"py/b64": "wkM="}, "fake": false}], [32141, {"py/object": "odf.components.Data", "data": {"py/b64": "tFI="}, "fake": false}], [32208, {"py/object": "odf.components.Data", "data": {"py/b64": "hUM="}, "fake": false}], [32278, {"py/object": "odf.components.Data", "data": {"py/b64": "qcw="}, "fake": false}], [32348, {"py/object": "odf.components.Data", "data": {"py/b64": "i0A="}, "fake": false}], [32421, {"py/object": "odf.components.Data", "data": {"py/b64": "yr8="}, "fake": false}], [32492, {"py/object": "odf.components.Data", "data": {"py/b64": "i0A="}, "fake": false}], [32566, {"py/object": "odf.components.Data", "data": {"py/b64": "Tfo="}, "fake": false}], [32640, {"py/object": "odf.components.Data", "data": {"py/b64": "QEA="}, "fake": false}], [32710, {"py/object": "odf.components.Data", "data": {"py/b64": "89c="}, "fake": false}], [32783, {"py/object": "odf.components.Data", "data": {"py/b64": "1UM="}, "fake": false}], [32860, {"py/object": "odf.components.Data", "data": {"py/b64": "tww="}, "fake": false}], [32938, {"py/object": "odf.components.Data", "data": {"py/b64": "OkQ="}, "fake": false}], [35009, {"py/object": "odf.components.Status", "address": 4, "message_error_bit": "0", "instrumentation_bit": "0", "service_request_bit": "0", "reserved_bits": "000", "brdcst_received_bit": "0", "busy_bit": "0", "subsystem_flag_bit": "0", "dynamic_bus_control_accpt_bit": "0", "terminal_flag_bit": "1", "parity_bit": "1", "fake": false}], [35095, {"py/object": "odf.components.Command", "address": 6, "tr": 0, "sub_address": 2, "dword_count": 28, "parity": 0, "fake": false}], [35109, {"py/object": "odf.components.Command", "address": 5, "tr": 1, "sub_address": 2, "dword_count": 28, "parity": 0, "fake": false}], [37169, {"py/object": "odf.components.Status", "address": 5, "message_error_bit": "0", "instrumentation_bit": "0", "service_request_bit": "0", "reserved_bits": "000", "brdcst_received_bit": "0", "busy_bit": "0", "subsystem_flag_bit": "0", "dynamic_bus_control_accpt_bit": "0", "terminal_flag_bit": "1", "parity_bit": "1", "fake": false}], [37233, {"py/object": "odf.components.Data", "data": {"py/b64": "qro="}, "fake": false}], [37301, {"py/object": "odf.components.Data", "data": {"py/b64": "cUM="}, "fake": false}], [37366, {"py/object": "odf.components.Data", "data": {"py/b64": "uEI="}, "fake": false}], [37438, {"py/object": "odf.components.Data", "data": {"py/b64": "zEM="}, "fake": false}], [37511, {"py/object": "odf.components.Data", "data": {"py/b64": "1p4="}, "fake": false}], [37581, {"py/object": "odf.components.Data", "data": {"py/b64": "ysM="}, "fake": false}], [37652, {"py/object": "odf.components.Data", "data": {"py/b64": "904="}, "fake": false}], [37718, {"py/object": "odf.components.Data", "data": {"py/b64": "i0E="}, "fake": false}], [37795, {"py/object": "odf.components.Data", "data": {"py/b64": "W+I="}, "fake": false}], [37867, {"py/object": "odf.components.Data", "data": {"py/b64": "ScI="}, "fake": false}], [37940, {"py/object": "odf.components.Data", "data": {"py/b64": "qsg="}, "fake": false}], [38009, {"py/object": "odf.components.Data", "data": {"py/b64": "ZcA="}, "fake": false}], [38072, {"py/object": "odf.components.Data", "data": {"py/b64": "MI0="}, "fake": false}], [38137, {"py/object": "odf.components.Data", "data": {"py/b64": "R0A="}, "fake": false}], [38210, {"py/object": "odf.components.Data", "data": {"py/b64": "hAI="}, "fake": false}], [38284, {"py/object": "odf.components.Data", "data": {"py/b64": "Tb8="}, "fake": false}], [38355, {"py/object": "odf.components.Data", "data": {"py/b64": "Q5Q="}, "fake": false}], [38426, {"py/object": "odf.components.Data", "data": {"py/b64": "kb8="}, "fake": false}], [38499, {"py/object": "odf.components.Data", "data": {"py/b64": "UZE="}, "fake": false}], [38569, {"py/object": "odf.components.Data", "data": {"py/b64": "IcE="}, "fake": false}], [38641, {"py/object": "odf.components.Data", "data": {"py/b64": "cfg="}, "fake": false}], [38712, {"py/object": "odf.components.Data", "data": {"py/b64": "zEM="}, "fake": false}], [38785, {"py/object": "odf.components.Data", "data": {"py/b64": "0bU="}, "fake": false}], [38858, {"py/object": "odf.components.Data", "data": {"py/b64": "E78="}, "fake": false}], [38933, {"py/object": "odf.components.Data", "data": {"py/b64": "Zis="}, "fake": false}], [38988, {"py/object": "odf.components.Data", "data": {"py/b64": "vT8="}, "fake": false}], [39047, {"py/object": "odf.components.Data", "data": {"py/b64": "GDg="}, "fake": false}], [39120, {"py/object": "odf.components.Data", "data": {"py/b64": "WUA="}, "fake": false}], [41212, {"py/object": "odf.components.Status", "address": 6, "message_error_bit": "0", "instrumentation_bit": "0", "service_request_bit": "0", "reserved_bits": "000", "brdcst_received_bit": "0", "busy_bit": "0", "subsystem_flag_bit": "0", "dynamic_bus_control_accpt_bit": "0", "terminal_flag_bit": "1", "parity_bit": "1", "fake": false}], [41295, {"py/object": "odf.components.Command", "address": 8, "tr": 0, "sub_address": 2, "dword_count": 8, "parity": 0, "fake": false}], [41308, {"py/object": "odf.components.Command", "address": 7, "tr": 1, "sub_address": 2, "dword_count": 8, "parity": 0, "fake": false}], [43370, {"py/object": "odf.components.Status", "address": 7, "message_error_bit": "0", "instrumentation_bit": "0", "service_request_bit": "0", "reserved_bits": "000", "brdcst_received_bit": "0", "busy_bit": "0", "subsystem_flag_bit": "0", "dynamic_bus_control_accpt_bit": "0", "terminal_flag_bit": "1", "parity_bit": "1", "fake": false}], [43439, {"py/object": "odf.components.Data", "data": {"py/b64": "fiU="}, "fake": false}], [43512, {"py/object": "odf.components.Data", "data": {"py/b64": "h70="}, "fake": false}], [43581, {"py/object": "odf.components.Data", "data": {"py/b64": "x4U="}, "fake": false}], [43653, {"py/object": "odf.components.Data", "data": {"py/b64": "jbs="}, "fake": false}], [43712, {"py/object": "odf.components.Data", "data": {"py/b64": "DeA="}, "fake": false}], [43774, {"py/object": "odf.components.Data", "data": {"py/b64": "0Tw="}, "fake": false}], [43836, {"py/object": "odf.components.Data", "data": {"py/b64": "ZDQ="}, "fake": false}], [43911, {"py/object": "odf.components.Data", "data": {"py/b64": "Vbo="}, "fake": false}], [45994, {"py/object": "odf.components.Status", "address": 8, "message_error_bit": "0", "instrumentation_bit": "0", "service_request_bit": "0", "reserved_bits": "000", "brdcst_received_bit": "0", "busy_bit": "0", "subsystem_flag_bit": "0", "dynamic_bus_control_accpt_bit": "0", "terminal_flag_bit": "1", "parity_bit": "1", "fake": false}], [46062, {"py/object": "odf.components.Command", "address": 10, "tr": 0, "sub_address": 2, "dword_count": 12, "parity": 0, "fake": false}], [46073, {"py/object": "odf.components.Command", "address": 9, "tr": 1, "sub_address": 2, "dword_count": 12, "parity": 0, "fake": false}], [48128, {"py/object": "odf.components.Status", "address": 9, "message_error_bit": "0", "instrumentation_bit": "0", "service_request_bit": "0", "reserved_bits": "000", "brdcst_received_bit": "0", "busy_bit": "0", "subsystem_flag_bit": "0", "dynamic_bus_control_accpt_bit": "0", "terminal_flag_bit": "1", "parity_bit": "1", "fake": false}], [48192, {"py/object": "odf.components.Data", "data": {"py/b64": "T70="}, "fake": false}], [48249, {"py/object": "odf.components.Data", "data": {"py/b64": "B0I="}, "fake": false}], [48300, {"py/object": "odf.components.Data", "data": {"py/b64": "Sds="}, "fake": false}], [48369, {"py/object": "odf.components.Data", "data": {"py/b64": "7MI="}, "fake": false}], [48433, {"py/object": "odf.components.Data", "data": {"py/b64": "m+o="}, "fake": false}], [48501, {"py/object": "odf.components.Data", "data": {"py/b64": "aEM="}, "fake": false}], [48567, {"py/object": "odf.components.Data", "data": {"py/b64": "Sr0="}, "fake": false}], [48625, {"py/object": "odf.components.Data", "data": {"py/b64": "B0I="}, "fake": false}], [48694, {"py/object": "odf.components.Data", "data": {"py/b64": "Yts="}, "fake": false}], [48765, {"py/object": "odf.components.Data", "data": {"py/b64": "7MI="}, "fake": false}], [48833, {"py/object": "odf.components.Data", "data": {"py/b64": "Ugk="}, "fake": false}], [48908, {"py/object": "odf.components.Data", "data": {"py/b64": "QEQ="}, "fake": false}], [51030, {"py/object": "odf.components.Status", "address": 10, "message_error_bit": "0", "instrumentation_bit": "0", "service_request_bit": "0", "reserved_bits": "000", "brdcst_received_bit": "0", "busy_bit": "0", "subsystem_flag_bit": "0", "dynamic_bus_control_accpt_bit": "0", "terminal_flag_bit": "1", "parity_bit": "1", "fake": false}], [51092, {"py/object": "odf.components.Command", "address": 12, "tr": 0, "sub_address": 2, "dword_count": 16, "parity": 0, "fake": false}], [51105, {"py/object": "odf.components.Command", "address": 11, "tr": 1, "sub_address": 2, "dword_count": 16, "parity": 0, "fake": false}], [53164, {"py/object": "odf.components.Status", "address": 11, "message_error_bit": "0", "instrumentation_bit": "0", "service_request_bit": "0", "reserved_bits": "000", "brdcst_received_bit": "0", "busy_bit": "0", "subsystem_flag_bit": "0", "dynamic_bus_control_accpt_bit": "0", "terminal_flag_bit": "1", "parity_bit": "1", "fake": false}], [53230, {"py/object": "odf.components.Data", "data": {"py/b64": "i5E="}, "fake": false}], [53297, {"py/object": "odf.components.Data", "data": {"py/b64": "Fzs="}, "fake": false}], [53367, {"py/object": "odf.components.Data", "data": {"py/b64": "AIU="}, "fake": false}], [53430, {"py/object": "odf.components.Data", "data": {"py/b64": "UkE="}, "fake": false}], [53499, {"py/object": "odf.components.Data", "data": {"py/b64": "UW8="}, "fake": false}], [53569, {"py/object": "odf.components.Data", "data": {"py/b64": "50E="}, "fake": false}], [53639, {"py/object": "odf.components.Data", "data": {"py/b64": "7gw="}, "fake": false}], [53710, {"py/object": "odf.components.Data", "data": {"py/b64": "t0A="}, "fake": false}], [53770, {"py/object": "odf.components.Data", "data": {"py/b64": "kE0="}, "fake": false}], [53839, {"py/object": "odf.components.Data", "data": {"py/b64": "PEA="}, "fake": false}], [53911, {"py/object": "odf.components.Data", "data": {"py/b64": "ksE="}, "fake": false}], [53984, {"py/object": "odf.components.Data", "data": {"py/b64": "6T0="}, "fake": false}], [54055, {"py/object": "odf.components.Data", "data": {"py/b64": "XXo="}, "fake": false}], [54121, {"py/object": "odf.components.Data", "data": {"py/b64": "ZD4="}, "fake": false}], [54191, {"py/object": "odf.components.Data", "data": {"py/b64": "Ykg="}, "fake": false}], [54267, {"py/object": "odf.components.Data", "data": {"py/b64": "q0E="}, "fake": false}], [56360, {"py/object": "odf.components.Status", "address": 12, "message_error_bit": "0", "instrumentation_bit": "0", "service_request_bit": "0", "reserved_bits": "000", "brdcst_received_bit": "0", "busy_bit": "0", "subsystem_flag_bit": "0", "dynamic_bus_control_accpt_bit": "0", "terminal_flag_bit": "1", "parity_bit": "1", "fake": false}], [56522, {"py/object": "odf.components.Command", "address": 1, "tr": 0, "sub_address": 2, "dword_count": 4, "parity": 0, "fake": false}], [56574, {"py/object": "odf.components.Data", "data": {"py/b64": "AAA="}, "fake": false}], [56585, {"py/object": "odf.components.Data", "data": {"py/b64": "AAA="}, "fake": false}], [56594, {"py/object": "odf.components.Data", "data": {"py/b64": "AAA="}, "fake": false}], [56611, {"py/object": "odf.components.Data", "data": {"py/b64": "AAA="}, "fake": false}], [58651, {"py/object": "odf.components.Status", "address": 1, "message_error_bit": "0", "instrumentation_bit": "0", "service_request_bit": "0", "reserved_bits": "000", "brdcst_received_bit": "0", "busy_bit": "0", "subsystem_flag_bit": "0", "dynamic_bus_control_accpt_bit": "0", "terminal_flag_bit": "1", "parity_bit": "1", "fake": false}], [58795, {"py/object": "odf.components.Command", "address": 31, "tr": 0, "sub_address": 2, "dword_count": 1, "parity": 0, "fake": false}], [58860, {"py/object": "odf.components.Data", "data": {"py/b64": "//8="}, "fake": false}], [58875, {"py/object": "odf.components.Command", "address": 4, "tr": 0, "sub_address": 2, "dword_count": 18, "parity": 0, "fake": false}], [58886, {"py/object": "odf.components.Command", "address": 3, "tr": 1, "sub_address": 2, "dword_count": 18, "parity": 0, "fake": false}], [60940, {"py/object": "odf.components.Status", "address": 3, "message_error_bit": "0", "instrumentation_bit": "0", "service_request_bit": "0", "reserved_bits": "000", "brdcst_received_bit": "0", "busy_bit": "0", "subsystem_flag_bit": "0", "dynamic_bus_control_accpt_bit": "0", "terminal_flag_bit": "1", "parity_bit": "1", "fake": false}], [61019, {"py/object": "odf.components.Data", "data": {"py/b64": "DB4="}, "fake": false}], [61102, {"py/object": "odf.components.Data", "data": {"py/b64": "ekM="}, "fake": false}], [61173, {"py/object": "odf.components.Data", "data": {"py/b64": "CEI="}, "fake": false}], [61238, {"py/object": "odf.components.Data", "data": {"py/b64": "AEU="}, "fake": false}], [61309, {"py/object": "odf.components.Data", "data": {"py/b64": "aLc="}, "fake": false}], [61376, {"py/object": "odf.components.Data", "data": {"py/b64": "h0Q="}, "fake": false}], [61441, {"py/object": "odf.components.Data", "data": {"py/b64": "U9E="}, "fake": false}], [61512, {"py/object": "odf.components.Data", "data": {"py/b64": "YEM="}, "fake": false}], [61576, {"py/object": "odf.components.Data", "data": {"py/b64": "VMw="}, "fake": false}], [61633, {"py/object": "odf.components.Data", "data": {"py/b64": "g0A="}, "fake": false}], [61699, {"py/object": "odf.components.Data", "data": {"py/b64": "sMI="}, "fake": false}], [61770, {"py/object": "odf.components.Data", "data": {"py/b64": "g0A="}, "fake": false}], [61833, {"py/object": "odf.components.Data", "data": {"py/b64": "daY="}, "fake": false}], [61895, {"py/object": "odf.components.Data", "data": {"py/b64": "QkA="}, "fake": false}], [61952, {"py/object": "odf.components.Data", "data": {"py/b64": "oVY="}, "fake": false}], [62020, {"py/object": "odf.components.Data", "data": {"py/b64": "1UM="}, "fake": false}], [62097, {"py/object": "odf.components.Data", "data": {"py/b64": "tww="}, "fake": false}], [62177, {"py/object": "odf.components.Data", "data": {"py/b64": "OkQ="}, "fake": false}], [64282, {"py/object": "odf.components.Status", "address": 4, "message_error_bit": "0", "instrumentation_bit": "0", "service_request_bit": "0", "reserved_bits": "000", "brdcst_received_bit": "0", "busy_bit": "0", "subsystem_flag_bit": "0", "dynamic_bus_control_accpt_bit": "0", "terminal_flag_bit": "1", "parity_bit": "1", "fake": false}], [64355, {"py/object": "odf.components.Command", "address": 6, "tr": 0, "sub_address": 2, "dword_count": 28, "parity": 0, "fake": false}], [64369, {"py/object": "odf.components.Command", "address": 5, "tr": 1, "sub_address": 2, "dword_count": 28, "parity": 0, "fake": false}], [66432, {"py/object": "odf.components.Status", "address": 5, "message_error_bit": "0", "instrumentation_bit": "0", "service_request_bit": "0", "reserved_bits": "000", "brdcst_received_bit": "0", "busy_bit": "0", "subsystem_flag_bit": "0", "dynamic_bus_control_accpt_bit": "0", "terminal_flag_bit": "1", "parity_bit": "1", "fake": false}], [66506, {"py/object": "odf.components.Data", "data": {"py/b64": "ELs="}, "fake": false}], [66583, {"py/object": "odf.components.Data", "data": {"py/b64": "dUM="}, "fake": false}], [66653, {"py/object": "odf.components.Data", "data": {"py/b64": "bRU="}, "fake": false}], [66733, {"py/object": "odf.components.Data", "data": {"py/b64": "0EM="}, "fake": false}], [66813, {"py/object": "odf.components.Data", "data": {"py/b64": "jJc="}, "fake": false}], [66894, {"py/object": "odf.components.Data", "data": {"py/b64": "qsM="}, "fake": false}], [66971, {"py/object": "odf.components.Data", "data": {"py/b64": "IzA="}, "fake": false}], [67051, {"py/object": "odf.components.Data", "data": {"py/b64": "CUI="}, "fake": false}], [67134, {"py/object": "odf.components.Data", "data": {"py/b64": "u+0="}, "fake": false}], [67212, {"py/object": "odf.components.Data", "data": {"py/b64": "bMM="}, "fake": false}], [67300, {"py/object": "odf.components.Data", "data": {"py/b64": "D5o="}, "fake": false}], [67382, {"py/object": "odf.components.Data", "data": {"py/b64": "EEE="}, "fake": false}], [67461, {"py/object": "odf.components.Data", "data": {"py/b64": "1Hs="}, "fake": false}], [67539, {"py/object": "odf.components.Data", "data": {"py/b64": "774="}, "fake": false}], [67618, {"py/object": "odf.components.Data", "data": {"py/b64": "GVk="}, "fake": false}], [67693, {"py/object": "odf.components.Data", "data": {"py/b64": "V8E="}, "fake": false}], [67754, {"py/object": "odf.components.Data", "data": {"py/b64": "u78="}, "fake": false}], [67821, {"py/object": "odf.components.Data", "data": {"py/b64": "jMA="}, "fake": false}], [67887, {"py/object": "odf.components.Data", "data": {"py/b64": "4GI="}, "fake": false}], [67951, {"py/object": "odf.components.Data", "data": {"py/b64": "DME="}, "fake": false}], [68018, {"py/object": "odf.components.Data", "data": {"py/b64": "Zxc="}, "fake": false}], [68086, {"py/object": "odf.components.Data", "data": {"py/b64": "0EM="}, "fake": false}], [68155, {"py/object": "odf.components.Data", "data": {"py/b64": "mLM="}, "fake": false}], [68219, {"py/object": "odf.components.Data", "data": {"py/b64": "WME="}, "fake": false}], [68283, {"py/object": "odf.components.Data", "data": {"py/b64": "Gf8="}, "fake": false}], [68346, {"py/object": "odf.components.Data", "data": {"py/b64": "zUA="}, "fake": false}], [68420, {"py/object": "odf.components.Data", "data": {"py/b64": "Y84="}, "fake": false}], [68500, {"py/object": "odf.components.Data", "data": {"py/b64": "qT4="}, "fake": false}], [70623, {"py/object": "odf.components.Status", "address": 6, "message_error_bit": "0", "instrumentation_bit": "0", "service_request_bit": "0", "reserved_bits": "000", "brdcst_received_bit": "0", "busy_bit": "0", "subsystem_flag_bit": "0", "dynamic_bus_control_accpt_bit": "0", "terminal_flag_bit": "1", "parity_bit": "1", "fake": false}], [70689, {"py/object": "odf.components.Command", "address": 8, "tr": 0, "sub_address": 2, "dword_count": 8, "parity": 0, "fake": false}], [70711, {"py/object": "odf.components.Command", "address": 7, "tr": 1, "sub_address": 2, "dword_count": 8, "parity": 0, "fake": false}], [70806, {"py/object": "odf.components.Data", "data": {"py/b64": "//8="}, "fake": true}], [72765, {"py/object": "odf.components.Status", "address": 7, "message_error_bit": "0", "instrumentation_bit": "0", "service_request_bit": "0", "reserved_bits": "000", "brdcst_received_bit": "0", "busy_bit": "0", "subsystem_flag_bit": "0", "dynamic_bus_control_accpt_bit": "0", "terminal_flag_bit": "1", "parity_bit": "1", "fake": false}], [72858, {"py/object": "odf.components.Data", "data": {"py/b64": "8hg="}, "fake": false}], [72990, {"py/object": "odf.components.Data", "data": {"py/b64": "//8="}, "fake": true}], [73025, {"py/object": "odf.components.Data", "data": {"py/b64": "2L0="}, "fake": false}], [73104, {"py/object": "odf.components.Data", "data": {"py/b64": "LC4="}, "fake": false}], [73195, {"py/object": "odf.components.Data", "data": {"py/b64": "6T4="}, "fake": false}], [73251, {"py/object": "odf.components.Data", "data": {"py/b64": "//8="}, "fake": true}], [73326, {"py/object": "odf.components.Data", "data": {"py/b64": "XKU="}, "fake": false}], [73407, {"py/object": "odf.components.Data", "data": {"py/b64": "3zw="}, "fake": false}], [73521, {"py/object": "odf.components.Data", "data": {"py/b64": "//8="}, "fake": true}], [73549, {"py/object": "odf.components.Data", "data": {"py/b64": "oMk="}, "fake": false}], [73615, {"py/object": "odf.components.Data", "data": {"py/b64": "zrk="}, "fake": false}], [73687, {"py/object": "odf.components.Data", "data": {"py/b64": "//8="}, "fake": true}], [73788, {"py/object": "odf.components.Data", "data": {"py/b64": "//8="}, "fake": true}], [73888, {"py/object": "odf.components.Data", "data": {"py/b64": "//8="}, "fake": true}], [73983, {"py/object": "odf.components.Data", "data": {"py/b64": "//8="}, "fake": true}], [74097, {"py/object": "odf.components.Data", "data": {"py/b64": "//8="}, "fake": true}], [74194, {"py/object": "odf.components.Data", "data": {"py/b64": "//8="}, "fake": true}], [75447, {"py/object": "odf.components.Status", "address": 8, "message_error_bit": "0", "instrumentation_bit": "0", "service_request_bit": "0", "reserved_bits": "000", "brdcst_received_bit": "0", "busy_bit": "0", "subsystem_flag_bit": "0", "dynamic_bus_control_accpt_bit": "0", "terminal_flag_bit": "1", "parity_bit": "1", "fake": false}], [75516, {"py/object": "odf.components.Command", "address": 10, "tr": 0, "sub_address": 2, "dword_count": 12, "parity": 0, "fake": false}], [75532, {"py/object": "odf.components.Command", "address": 9, "tr": 1, "sub_address": 2, "dword_count": 12, "parity": 0, "fake": false}], [77597, {"py/object": "odf.components.Status", "address": 9, "message_error_bit": "0", "instrumentation_bit": "0", "service_request_bit": "0", "reserved_bits": "000", "brdcst_received_bit": "0", "busy_bit": "0", "subsystem_flag_bit": "0", "dynamic_bus_control_accpt_bit": "0", "terminal_flag_bit": "1", "parity_bit": "1", "fake": false}], [77674, {"py/object": "odf.components.Data", "data": {"py/b64": "66w="}, "fake": false}], [77749, {"py/object": "odf.components.Data", "data": {"py/b64": "B0I="}, "fake": false}], [77825, {"py/object": "odf.components.Data", "data": {"py/b64": "k+s="}, "fake": false}], [77904, {"py/object": "odf.components.Data", "data": {"py/b64": "7MI="}, "fake": false}], [77981, {"py/object": "odf.components.Data", "data": {"py/b64": "Guk="}, "fake": false}], [78058, {"py/object": "odf.components.Data", "data": {"py/b64": "A0Q="}, "fake": false}], [78129, {"py/object": "odf.components.Data", "data": {"py/b64": "yKw="}, "fake": false}], [78199, {"py/object": "odf.components.Data", "data": {"py/b64": "B0I="}, "fake": false}], [78273, {"py/object": "odf.components.Data", "data": {"py/b64": "nOs="}, "fake": false}], [78342, {"py/object": "odf.components.Data", "data": {"py/b64": "7MI="}, "fake": false}], [78406, {"py/object": "odf.components.Data", "data": {"py/b64": "Ico="}, "fake": false}], [78483, {"py/object": "odf.components.Data", "data": {"py/b64": "2EQ="}, "fake": false}], [80559, {"py/object": "odf.components.Status", "address": 10, "message_error_bit": "0", "instrumentation_bit": "0", "service_request_bit": "0", "reserved_bits": "000", "brdcst_received_bit": "0", "busy_bit": "0", "subsystem_flag_bit": "0", "dynamic_bus_control_accpt_bit": "0", "terminal_flag_bit": "1", "parity_bit": "1", "fake": false}], [80665, {"py/object": "odf.components.Command", "address": 12, "tr": 0, "sub_address": 2, "dword_count": 16, "parity": 0, "fake": false}], [80688, {"py/object": "odf.components.Command", "address": 11, "tr": 1, "sub_address": 2, "dword_count": 16, "parity": 0, "fake": false}], [82756, {"py/object": "odf.components.Status", "address": 11, "message_error_bit": "0", "instrumentation_bit": "0", "service_request_bit": "0", "reserved_bits": "000", "brdcst_received_bit": "0", "busy_bit": "0", "subsystem_flag_bit": "0", "dynamic_bus_control_accpt_bit": "0", "terminal_flag_bit": "1", "parity_bit": "1", "fake": false}], [82830, {"py/object": "odf.components.Data", "data": {"py/b64": "BHY="}, "fake": false}], [82911, {"py/object": "odf.components.Data", "data": {"py/b64": "Ezs="}, "fake": false}], [82995, {"py/object": "odf.components.Data", "data": {"py/b64": "IAo="}, "fake": false}], [83076, {"py/object": "odf.components.Data", "data": {"py/b64": "NUE="}, "fake": false}], [83155, {"py/object": "odf.components.Data", "data": {"py/b64": "H5k="}, "fake": false}], [83238, {"py/object": "odf.components.Data", "data": {"py/b64": "30E="}, "fake": false}], [83318, {"py/object": "odf.components.Data", "data": {"py/b64": "lcU="}, "fake": false}], [83397, {"py/object": "odf.components.Data", "data": {"py/b64": "n0A="}, "fake": false}], [83478, {"py/object": "odf.components.Data", "data": {"py/b64": "IYk="}, "fake": false}], [83558, {"py/object": "odf.components.Data", "data": {"py/b64": "JUA="}, "fake": false}], [83639, {"py/object": "odf.components.Data", "data": {"py/b64": "l6s="}, "fake": false}], [83712, {"py/object": "odf.components.Data", "data": {"py/b64": "Zj0="}, "fake": false}], [83782, {"py/object": "odf.components.Data", "data": {"py/b64": "BL8="}, "fake": false}], [83857, {"py/object": "odf.components.Data", "data": {"py/b64": "Vj0="}, "fake": false}], [83914, {"py/object": "odf.components.Data", "data": {"py/b64": "d60="}, "fake": false}], [83992, {"py/object": "odf.components.Data", "data": {"py/b64": "nUE="}, "fake": false}], [86115, {"py/object": "odf.components.Status", "address": 12, "message_error_bit": "0", "instrumentation_bit": "0", "service_request_bit": "0", "reserved_bits": "000", "brdcst_received_bit": "0", "busy_bit": "0", "subsystem_flag_bit": "0", "dynamic_bus_control_accpt_bit": "0", "terminal_flag_bit": "1", "parity_bit": "1", "fake": false}], [86302, {"py/object": "odf.components.Command", "address": 1, "tr": 0, "sub_address": 2, "dword_count": 4, "parity": 0, "fake": false}], [86362, {"py/object": "odf.components.Data", "data": {"py/b64": "AAA="}, "fake": false}], [86387, {"py/object": "odf.components.Data", "data": {"py/b64": "AAA="}, "fake": false}], [86394, {"py/object": "odf.components.Data", "data": {"py/b64": "AAA="}, "fake": false}], [86401, {"py/object": "odf.components.Data", "data": {"py/b64": "AAA="}, "fake": false}], [88436, {"py/object": "odf.components.Status", "address": 1, "message_error_bit": "0", "instrumentation_bit": "0", "service_request_bit": "0", "reserved_bits": "000", "brdcst_received_bit": "0", "busy_bit": "0", "subsystem_flag_bit": "0", "dynamic_bus_control_accpt_bit": "0", "terminal_flag_bit": "1", "parity_bit": "1", "fake": false}], [88593, {"py/object": "odf.components.Command", "address": 31, "tr": 0, "sub_address": 2, "dword_count": 1, "parity": 0, "fake": false}], [88688, {"py/object": "odf.components.Data", "data": {"py/b64": "//8="}, "fake": false}], [88710, {"py/object": "odf.components.Command", "address": 4, "tr": 0, "sub_address": 2, "dword_count": 18, "parity": 0, "fake": false}], [88722, {"py/object": "odf.components.Command", "address": 3, "tr": 1, "sub_address": 2, "dword_count": 18, "parity": 0, "fake": false}], [90772, {"py/object": "odf.components.Status", "address": 3, "message_error_bit": "0", "instrumentation_bit": "0", "service_request_bit": "0", "reserved_bits": "000", "brdcst_received_bit": "0", "busy_bit": "0", "subsystem_flag_bit": "0", "dynamic_bus_control_accpt_bit": "0", "terminal_flag_bit": "1", "parity_bit": "1", "fake": false}], [90853, {"py/object": "odf.components.Data", "data": {"py/b64": "QQY="}, "fake": false}], [90927, {"py/object": "odf.components.Data", "data": {"py/b64": "ekM="}, "fake": false}], [90994, {"py/object": "odf.components.Data", "data": {"py/b64": "7QQ="}, "fake": false}], [91075, {"py/object": "odf.components.Data", "data": {"py/b64": "AUU="}, "fake": false}], [91149, {"py/object": "odf.components.Data", "data": {"py/b64": "IS0="}, "fake": false}], [91225, {"py/object": "odf.components.Data", "data": {"py/b64": "A0U="}, "fake": false}], [91298, {"py/object": "odf.components.Data", "data": {"py/b64": "+3s="}, "fake": false}], [91368, {"py/object": "odf.components.Data", "data": {"py/b64": "D0M="}, "fake": false}], [91442, {"py/object": "odf.components.Data", "data": {"py/b64": "i30="}, "fake": false}], [91512, {"py/object": "odf.components.Data", "data": {"py/b64": "QkA="}, "fake": false}], [91584, {"py/object": "odf.components.Data", "data": {"py/b64": "xmw="}, "fake": false}], [91657, {"py/object": "odf.components.Data", "data": {"py/b64": "QkA="}, "fake": false}], [91724, {"py/object": "odf.components.Data", "data": {"py/b64": "yQA="}, "fake": false}], [91791, {"py/object": "odf.components.Data", "data": {"py/b64": "Q0A="}, "fake": false}], [91870, {"py/object": "odf.components.Data", "data": {"py/b64": "T9s="}, "fake": false}], [91953, {"py/object": "odf.components.Data", "data": {"py/b64": "1EM="}, "fake": false}], [92033, {"py/object": "odf.components.Data", "data": {"py/b64": "tww="}, "fake": false}], [92121, {"py/object": "odf.components.Data", "data": {"py/b64": "OkQ="}, "fake": false}], [94227, {"py/object": "odf.components.Status", "address": 4, "message_error_bit": "0", "instrumentation_bit": "0", "service_request_bit": "0", "reserved_bits": "000", "brdcst_received_bit": "0", "busy_bit": "0", "subsystem_flag_bit": "0", "dynamic_bus_control_accpt_bit": "0", "terminal_flag_bit": "1", "parity_bit": "1", "fake": false}], [94278, {"py/object": "odf.components.Command", "address": 6, "tr": 0, "sub_address": 2, "dword_count": 28, "parity": 0, "fake": false}], [94292, {"py/object": "odf.components.Command", "address": 5, "tr": 1, "sub_address": 2, "dword_count": 28, "parity": 0, "fake": false}], [96351, {"py/object": "odf.components.Status", "address": 5, "message_error_bit": "0", "instrumentation_bit": "0", "service_request_bit": "0", "reserved_bits": "000", "brdcst_received_bit": "0", "busy_bit": "0", "subsystem_flag_bit": "0", "dynamic_bus_control_accpt_bit": "0", "terminal_flag_bit": "1", "parity_bit": "1", "fake": false}], [96423, {"py/object": "odf.components.Data", "data": {"py/b64": "dtg="}, "fake": false}], [96485, {"py/object": "odf.components.Data", "data": {"py/b64": "fUM="}, "fake": false}], [96554, {"py/object": "odf.components.Data", "data": {"py/b64": "wuk="}, "fake": false}], [96628, {"py/object": "odf.components.Data", "data": {"py/b64": "1kM="}, "fake": false}], [96690, {"py/object": "odf.components.Data", "data": {"py/b64": "H5k="}, "fake": false}], [96754, {"py/object": "odf.components.Data", "data": {"py/b64": "MkI="}, "fake": false}], [96822, {"py/object": "odf.components.Data", "data": {"py/b64": "UCk="}, "fake": false}], [96890, {"py/object": "odf.components.Data", "data": {"py/b64": "CUI="}, "fake": false}], [96966, {"py/object": "odf.components.Data", "data": {"py/b64": "dwo="}, "fake": false}], [97033, {"py/object": "odf.components.Data", "data": {"py/b64": "1cM="}, "fake": false}], [97113, {"py/object": "odf.components.Data", "data": {"py/b64": "itI="}, "fake": false}], [97190, {"py/object": "odf.components.Data", "data": {"py/b64": "ckE="}, "fake": false}], [97263, {"py/object": "odf.components.Data", "data": {"py/b64": "pdg="}, "fake": false}], [97340, {"py/object": "odf.components.Data", "data": {"py/b64": "vL0="}, "fake": false}], [97415, {"py/object": "odf.components.Data", "data": {"py/b64": "aXc="}, "fake": false}], [97497, {"py/object": "odf.components.Data", "data": {"py/b64": "mD8="}, "fake": false}], [97577, {"py/object": "odf.components.Data", "data": {"py/b64": "b3M="}, "fake": false}], [97657, {"py/object": "odf.components.Data", "data": {"py/b64": "9sA="}, "fake": false}], [97733, {"py/object": "odf.components.Data", "data": {"py/b64": "5C8="}, "fake": false}], [97808, {"py/object": "odf.components.Data", "data": {"py/b64": "BcE="}, "fake": false}], [97886, {"py/object": "odf.components.Data", "data": {"py/b64": "yuo="}, "fake": false}], [97956, {"py/object": "odf.components.Data", "data": {"py/b64": "1kM="}, "fake": false}], [98083, {"py/object": "odf.components.Data", "data": {"py/b64": "fmU="}, "fake": false}], [98108, {"py/object": "odf.components.Data", "data": {"py/b64": "WME="}, "fake": false}], [98167, {"py/object": "odf.components.Data", "data": {"py/b64": "x04="}, "fake": false}], [98240, {"py/object": "odf.components.Data", "data": {"py/b64": "0EA="}, "fake": false}], [98317, {"py/object": "odf.components.Data", "data": {"py/b64": "xFc="}, "fake": false}], [98395, {"py/object": "odf.components.Data", "data": {"py/b64": "zj4="}, "fake": false}], [100517, {"py/object": "odf.components.Status", "address": 6, "message_error_bit": "0", "instrumentation_bit": "0", "service_request_bit": "0", "reserved_bits": "000", "brdcst_received_bit": "0", "busy_bit": "0", "subsystem_flag_bit": "0", "dynamic_bus_control_accpt_bit": "0", "terminal_flag_bit": "1", "parity_bit": "1", "fake": false}], [100578, {"py/object": "odf.components.Command", "address": 8, "tr": 0, "sub_address": 2, "dword_count": 8, "parity": 0, "fake": false}], [100600, {"py/object": "odf.components.Command", "address": 7, "tr": 1, "sub_address": 2, "dword_count": 8, "parity": 0, "fake": false}], [100693, {"py/object": "odf.components.Data", "data": {"py/b64": "//8="}, "fake": true}], [102646, {"py/object": "odf.components.Status", "address": 7, "message_error_bit": "0", "instrumentation_bit": "0", "service_request_bit": "0", "reserved_bits": "000", "brdcst_received_bit": "0", "busy_bit": "0", "subsystem_flag_bit": "0", "dynamic_bus_control_accpt_bit": "0", "terminal_flag_bit": "1", "parity_bit": "1", "fake": false}], [102726, {"py/object": "odf.components.Data", "data": {"py/b64": "19Q="}, "fake": false}], [102851, {"py/object": "odf.components.Data", "data": {"py/b64": "//8="}, "fake": true}], [102882, {"py/object": "odf.components.Data", "data": {"py/b64": "1b0="}, "fake": false}], [102961, {"py/object": "odf.components.Data", "data": {"py/b64": "CV4="}, "fake": false}], [103099, {"py/object": "odf.components.Data", "data": {"py/b64": "4j4="}, "fake": false}], [103132, {"py/object": "odf.components.Data", "data": {"py/b64": "//8="}, "fake": true}], [103215, {"py/object": "odf.components.Data", "data": {"py/b64": "xIE="}, "fake": false}], [103313, {"py/object": "odf.components.Data", "data": {"py/b64": "5Dw="}, "fake": false}], [103398, {"py/object": "odf.components.Data", "data": {"py/b64": "//8="}, "fake": true}], [103460, {"py/object": "odf.components.Data", "data": {"py/b64": "AdE="}, "fake": false}], [103551, {"py/object": "odf.components.Data", "data": {"py/b64": "Yjk="}, "fake": false}], [103625, {"py/object": "odf.components.Data", "data": {"py/b64": "//8="}, "fake": true}], [103734, {"py/object": "odf.components.Data", "data": {"py/b64": "//8="}, "fake": true}], [103846, {"py/object": "odf.components.Data", "data": {"py/b64": "//8="}, "fake": true}], [103941, {"py/object": "odf.components.Data", "data": {"py/b64": "//8="}, "fake": true}], [104044, {"py/object": "odf.components.Data", "data": {"py/b64": "//8="}, "fake": true}], [104141, {"py/object": "odf.components.Data", "data": {"py/b64": "//8="}, "fake": true}], [105294, {"py/object": "odf.components.Status", "address": 8, "message_error_bit": "0", "instrumentation_bit": "0", "service_request_bit": "0", "reserved_bits": "000", "brdcst_received_bit": "0", "busy_bit": "0", "subsystem_flag_bit": "0", "dynamic_bus_control_accpt_bit": "0", "terminal_flag_bit": "1", "parity_bit": "1", "fake": false}], [105399, {"py/object": "odf.components.Command", "address": 10, "tr": 0, "sub_address": 2, "dword_count": 12, "parity": 0, "fake": false}], [105418, {"py/object": "odf.components.Command", "address": 9, "tr": 1, "sub_address": 2, "dword_count": 12, "parity": 0, "fake": false}], [107488, {"py/object": "odf.components.Status", "address": 9, "message_error_bit": "0", "instrumentation_bit": "0", "service_request_bit": "0", "reserved_bits": "000", "brdcst_received_bit": "0", "busy_bit": "0", "subsystem_flag_bit": "0", "dynamic_bus_control_accpt_bit": "0", "terminal_flag_bit": "1", "parity_bit": "1", "fake": false}], [107563, {"py/object": "odf.components.Data", "data": {"py/b64": "too="}, "fake": false}], [107637, {"py/object": "odf.components.Data", "data": {"py/b64": "B0I="}, "fake": false}], [107716, {"py/object": "odf.components.Data", "data": {"py/b64": "/Oo="}, "fake": false}], [107783, {"py/object": "odf.components.Data", "data": {"py/b64": "7MI="}, "fake": false}], [107861, {"py/object": "odf.components.Data", "data": {"py/b64": "FdM="}, "fake": false}], [107933, {"py/object": "odf.components.Data", "data": {"py/b64": "UUQ="}, "fake": false}], [108016, {"py/object": "odf.components.Data", "data": {"py/b64": "AAA="}, "fake": false}], [108099, {"py/object": "odf.components.Data", "data": {"py/b64": "wH8="}, "fake": false}], [108177, {"py/object": "odf.components.Data", "data": {"py/b64": "9uo="}, "fake": false}], [108257, {"py/object": "odf.components.Data", "data": {"py/b64": "7MI="}, "fake": false}], [108342, {"py/object": "odf.components.Data", "data": {"py/b64": "bnM="}, "fake": false}], [108425, {"py/object": "odf.components.Data", "data": {"py/b64": "LEU="}, "fake": false}], [110557, {"py/object": "odf.components.Status", "address": 10, "message_error_bit": "0", "instrumentation_bit": "0", "service_request_bit": "0", "reserved_bits": "000", "brdcst_received_bit": "0", "busy_bit": "0", "subsystem_flag_bit": "0", "dynamic_bus_control_accpt_bit": "0", "terminal_flag_bit": "1", "parity_bit": "1", "fake": false}], [110622, {"py/object": "odf.components.Command", "address": 12, "tr": 0, "sub_address": 2, "dword_count": 16, "parity": 0, "fake": false}], [110640, {"py/object": "odf.components.Command", "address": 11, "tr": 1, "sub_address": 2, "dword_count": 16, "parity": 0, "fake": false}], [112706, {"py/object": "odf.components.Status", "address": 11, "message_error_bit": "0", "instrumentation_bit": "0", "service_request_bit": "0", "reserved_bits": "000", "brdcst_received_bit": "0", "busy_bit": "0", "subsystem_flag_bit": "0", "dynamic_bus_control_accpt_bit": "0", "terminal_flag_bit": "1", "parity_bit": "1", "fake": false}], [112782, {"py/object": "odf.components.Data", "data": {"py/b64": "8Q0="}, "fake": false}], [112858, {"py/object": "odf.components.Data", "data": {"py/b64": "Dzs="}, "fake": false}], [112939, {"py/object": "odf.components.Data", "data": {"py/b64": "4LQ="}, "fake": false}], [113021, {"py/object": "odf.components.Data", "data": {"py/b64": "FEE="}, "fake": false}], [113095, {"py/object": "odf.components.Data", "data": {"py/b64": "UXw="}, "fake": false}], [113171, {"py/object": "odf.components.Data", "data": {"py/b64": "10E="}, "fake": false}], [113247, {"py/object": "odf.components.Data", "data": {"py/b64": "Umg="}, "fake": false}], [113327, {"py/object": "odf.components.Data", "data": {"py/b64": "okA="}, "fake": false}], [113402, {"py/object": "odf.components.Data", "data": {"py/b64": "q5U="}, "fake": false}], [113474, {"py/object": "odf.components.Data", "data": {"py/b64": "JkA="}, "fake": false}], [113553, {"py/object": "odf.components.Data", "data": {"py/b64": "LSQ="}, "fake": false}], [113636, {"py/object": "odf.components.Data", "data": {"py/b64": "5b0="}, "fake": false}], [113706, {"py/object": "odf.components.Data", "data": {"py/b64": "az0="}, "fake": false}], [113781, {"py/object": "odf.components.Data", "data": {"py/b64": "NL4="}, "fake": false}], [113863, {"py/object": "odf.components.Data", "data": {"py/b64": "goA="}, "fake": false}], [113946, {"py/object": "odf.components.Data", "data": {"py/b64": "j0E="}, "fake": false}], [116089, {"py/object": "odf.components.Status", "address": 12, "message_error_bit": "0", "instrumentation_bit": "0", "service_request_bit": "0", "reserved_bits": "000", "brdcst_received_bit": "0", "busy_bit": "0", "subsystem_flag_bit": "0", "dynamic_bus_control_accpt_bit": "0", "terminal_flag_bit": "1", "parity_bit": "1", "fake": false}], [116269, {"py/object": "odf.components.Command", "address": 1, "tr": 0, "sub_address": 2, "dword_count": 4, "parity": 0, "fake": false}], [116327, {"py/object": "odf.components.Data", "data": {"py/b64": "AAA="}, "fake": false}], [116349, {"py/object": "odf.components.Data", "data": {"py/b64": "AAA="}, "fake": false}], [116363, {"py/object": "odf.components.Data", "data": {"py/b64": "AAA="}, "fake": false}], [116377, {"py/object": "odf.components.Data", "data": {"py/b64": "AAA="}, "fake": false}], [118390, {"py/object": "odf.components.Status", "address": 1, "message_error_bit": "0", "instrumentation_bit": "0", "service_request_bit": "0", "reserved_bits": "000", "brdcst_received_bit": "0", "busy_bit": "0", "subsystem_flag_bit": "0", "dynamic_bus_control_accpt_bit": "0", "terminal_flag_bit": "1", "parity_bit": "1", "fake": false}], [118541, {"py/object": "odf.components.Command", "address": 31, "tr": 0, "sub_address": 2, "dword_count": 1, "parity": 0, "fake": false}], [118666, {"py/object": "odf.components.Data", "data": {"py/b64": "//8="}, "fake": false}], [118687, {"py/object": "odf.components.Command", "address": 4, "tr": 0, "sub_address": 2, "dword_count": 18, "parity": 0, "fake": false}], [118699, {"py/object": "odf.components.Command", "address": 3, "tr": 1, "sub_address": 2, "dword_count": 18, "parity": 0, "fake": false}]], "attack_times": [[70722, 72835, 73106, 73368, 73613, 73714, 73817, 73913, 74014, 74122, 100608, 102681, 102959, 103233, 103487, 103650, 103766, 103869, 103969, 104066]], "attack_types": ["Collision_Attack_against_an_RT"], "attack_outcome": [true]}