{"data": [[393, {"py/object": "odf.components.Command", "address": 31, "tr": 0, "sub_address": 2, "dword_count": 1, "parity": 0, "fake": false}], [503, {"py/object": "odf.components.Data", "data": {"py/b64": "//8="}, "fake": false}], [553, {"py/object": "odf.components.Command", "address": 4, "tr": 0, "sub_address": 2, "dword_count": 18, "parity": 0, "fake": false}], [571, {"py/object": "odf.components.Command", "address": 3, "tr": 1, "sub_address": 2, "dword_count": 18, "parity": 0, "fake": false}], [2642, {"py/object": "odf.components.Status", "address": 3, "message_error_bit": "0", "instrumentation_bit": "0", "service_request_bit": "0", "reserved_bits": "000", "brdcst_received_bit": "0", "busy_bit": "0", "subsystem_flag_bit": "0", "dynamic_bus_control_accpt_bit": "0", "terminal_flag_bit": "1", "parity_bit": "1", "fake": false}], [2712, {"py/object": "odf.components.Data", "data": {"py/b64": "iKs="}, "fake": false}], [2783, {"py/object": "odf.components.Data", "data": {"py/b64": "JUI="}, "fake": false}], [2853, {"py/object": "odf.components.Data", "data": {"py/b64": "yLM="}, "fake": false}], [2924, {"py/object": "odf.components.Data", "data": {"py/b64": "fb0="}, "fake": false}], [2997, {"py/object": "odf.components.Data", "data": {"py/b64": "RYY="}, "fake": false}], [3069, {"py/object": "odf.components.Data", "data": {"py/b64": "7kI="}, "fake": false}], [3140, {"py/object": "odf.components.Data", "data": {"py/b64": "q80="}, "fake": false}], [3214, {"py/object": "odf.components.Data", "data": {"py/b64": "iEM="}, "fake": false}], [3285, {"py/object": "odf.components.Data", "data": {"py/b64": "768="}, "fake": false}], [3357, {"py/object": "odf.components.Data", "data": {"py/b64": "i0A="}, "fake": false}], [3427, {"py/object": "odf.components.Data", "data": {"py/b64": "ALA="}, "fake": false}], [3500, {"py/object": "odf.components.Data", "data": {"py/b64": "i0A="}, "fake": false}], [3572, {"py/object": "odf.components.Data", "data": {"py/b64": "2w8="}, "fake": false}], [3639, {"py/object": "odf.components.Data", "data": {"py/b64": "SUA="}, "fake": false}], [3701, {"py/object": "odf.components.Data", "data": {"py/b64": "pKM="}, "fake": false}], [3770, {"py/object": "odf.components.Data", "data": {"py/b64": "1kM="}, "fake": false}], [3839, {"py/object": "odf.components.Data", "data": {"py/b64": "tww="}, "fake": false}], [3917, {"py/object": "odf.components.Data", "data": {"py/b64": "OkQ="}, "fake": false}], [5988, {"py/object": "odf.components.Status", "address": 4, "message_error_bit": "0", "instrumentation_bit": "0", "service_request_bit": "0", "reserved_bits": "000", "brdcst_received_bit": "0", "busy_bit": "0", "subsystem_flag_bit": "0", "dynamic_bus_control_accpt_bit": "0", "terminal_flag_bit": "1", "parity_bit": "1", "fake": false}], [6083, {"py/object": "odf.components.Command", "address": 6, "tr": 0, "sub_address": 2, "dword_count": 28, "parity": 0, "fake": false}], [6105, {"py/object": "odf.components.Command", "address": 5, "tr": 1, "sub_address": 2, "dword_count": 28, "parity": 0, "fake": false}], [8182, {"py/object": "odf.components.Status", "address": 5, "message_error_bit": "0", "instrumentation_bit": "0", "service_request_bit": "0", "reserved_bits": "000", "brdcst_received_bit": "0", "busy_bit": "0", "subsystem_flag_bit": "0", "dynamic_bus_control_accpt_bit": "0", "terminal_flag_bit": "1", "parity_bit": "1", "fake": false}], [8238, {"py/object": "odf.components.Data", "data": {"py/b64": "wpE="}, "fake": false}], [8311, {"py/object": "odf.components.Data", "data": {"py/b64": "rEI="}, "fake": false}], [8382, {"py/object": "odf.components.Data", "data": {"py/b64": "SSg="}, "fake": false}], [8444, {"py/object": "odf.components.Data", "data": {"py/b64": "EkM="}, "fake": false}], [8511, {"py/object": "odf.components.Data", "data": {"py/b64": "z7A="}, "fake": false}], [8583, {"py/object": "odf.components.Data", "data": {"py/b64": "EcM="}, "fake": false}], [8649, {"py/object": "odf.components.Data", "data": {"py/b64": "ahU="}, "fake": false}], [8713, {"py/object": "odf.components.Data", "data": {"py/b64": "Tzw="}, "fake": false}], [8785, {"py/object": "odf.components.Data", "data": {"py/b64": "3ig="}, "fake": false}], [8854, {"py/object": "odf.components.Data", "data": {"py/b64": "kcE="}, "fake": false}], [8925, {"py/object": "odf.components.Data", "data": {"py/b64": "N+8="}, "fake": false}], [8997, {"py/object": "odf.components.Data", "data": {"py/b64": "UsE="}, "fake": false}], [9068, {"py/object": "odf.components.Data", "data": {"py/b64": "Jeg="}, "fake": false}], [9140, {"py/object": "odf.components.Data", "data": {"py/b64": "bL8="}, "fake": false}], [9213, {"py/object": "odf.components.Data", "data": {"py/b64": "KRk="}, "fake": false}], [9283, {"py/object": "odf.components.Data", "data": {"py/b64": "BMA="}, "fake": false}], [9351, {"py/object": "odf.components.Data", "data": {"py/b64": "0GE="}, "fake": false}], [9423, {"py/object": "odf.components.Data", "data": {"py/b64": "Bbw="}, "fake": false}], [9494, {"py/object": "odf.components.Data", "data": {"py/b64": "I64="}, "fake": false}], [9564, {"py/object": "odf.components.Data", "data": {"py/b64": "bkA="}, "fake": false}], [9636, {"py/object": "odf.components.Data", "data": {"py/b64": "rHU="}, "fake": false}], [9706, {"py/object": "odf.components.Data", "data": {"py/b64": "F0M="}, "fake": false}], [9780, {"py/object": "odf.components.Data", "data": {"py/b64": "dbY="}, "fake": false}], [9851, {"py/object": "odf.components.Data", "data": {"py/b64": "Db4="}, "fake": false}], [9921, {"py/object": "odf.components.Data", "data": {"py/b64": "TfE="}, "fake": false}], [9991, {"py/object": "odf.components.Data", "data": {"py/b64": "FsA="}, "fake": false}], [10062, {"py/object": "odf.components.Data", "data": {"py/b64": "cHg="}, "fake": false}], [10136, {"py/object": "odf.components.Data", "data": {"py/b64": "UEE="}, "fake": false}], [12240, {"py/object": "odf.components.Status", "address": 6, "message_error_bit": "0", "instrumentation_bit": "0", "service_request_bit": "0", "reserved_bits": "000", "brdcst_received_bit": "0", "busy_bit": "0", "subsystem_flag_bit": "0", "dynamic_bus_control_accpt_bit": "0", "terminal_flag_bit": "1", "parity_bit": "1", "fake": false}], [12319, {"py/object": "odf.components.Command", "address": 8, "tr": 0, "sub_address": 2, "dword_count": 8, "parity": 0, "fake": false}], [12337, {"py/object": "odf.components.Command", "address": 7, "tr": 1, "sub_address": 2, "dword_count": 8, "parity": 0, "fake": false}], [14410, {"py/object": "odf.components.Status", "address": 7, "message_error_bit": "0", "instrumentation_bit": "0", "service_request_bit": "0", "reserved_bits": "000", "brdcst_received_bit": "0", "busy_bit": "0", "subsystem_flag_bit": "0", "dynamic_bus_control_accpt_bit": "0", "terminal_flag_bit": "1", "parity_bit": "1", "fake": false}], [14477, {"py/object": "odf.components.Data", "data": {"py/b64": "xJ4="}, "fake": false}], [14550, {"py/object": "odf.components.Data", "data": {"py/b64": "YL0="}, "fake": false}], [14622, {"py/object": "odf.components.Data", "data": {"py/b64": "xsM="}, "fake": false}], [14693, {"py/object": "odf.components.Data", "data": {"py/b64": "FTo="}, "fake": false}], [14760, {"py/object": "odf.components.Data", "data": {"py/b64": "lOM="}, "fake": false}], [14827, {"py/object": "odf.components.Data", "data": {"py/b64": "Jz0="}, "fake": false}], [14905, {"py/object": "odf.components.Data", "data": {"py/b64": "z3E="}, "fake": false}], [14981, {"py/object": "odf.components.Data", "data": {"py/b64": "lDk="}, "fake": false}], [17094, {"py/object": "odf.components.Status", "address": 8, "message_error_bit": "0", "instrumentation_bit": "0", "service_request_bit": "0", "reserved_bits": "000", "brdcst_received_bit": "0", "busy_bit": "0", "subsystem_flag_bit": "0", "dynamic_bus_control_accpt_bit": "0", "terminal_flag_bit": "1", "parity_bit": "1", "fake": false}], [17167, {"py/object": "odf.components.Command", "address": 10, "tr": 0, "sub_address": 2, "dword_count": 12, "parity": 0, "fake": false}], [17188, {"py/object": "odf.components.Command", "address": 9, "tr": 1, "sub_address": 2, "dword_count": 12, "parity": 0, "fake": false}], [19263, {"py/object": "odf.components.Status", "address": 9, "message_error_bit": "0", "instrumentation_bit": "0", "service_request_bit": "0", "reserved_bits": "000", "brdcst_received_bit": "0", "busy_bit": "0", "subsystem_flag_bit": "0", "dynamic_bus_control_accpt_bit": "0", "terminal_flag_bit": "1", "parity_bit": "1", "fake": false}], [19336, {"py/object": "odf.components.Data", "data": {"py/b64": "L8E="}, "fake": false}], [19407, {"py/object": "odf.components.Data", "data": {"py/b64": "B0I="}, "fake": false}], [19480, {"py/object": "odf.components.Data", "data": {"py/b64": "ocg="}, "fake": false}], [19551, {"py/object": "odf.components.Data", "data": {"py/b64": "7MI="}, "fake": false}], [19626, {"py/object": "odf.components.Data", "data": {"py/b64": "vNY="}, "fake": false}], [19698, {"py/object": "odf.components.Data", "data": {"py/b64": "MUI="}, "fake": false}], [19771, {"py/object": "odf.components.Data", "data": {"py/b64": "K8E="}, "fake": false}], [19844, {"py/object": "odf.components.Data", "data": {"py/b64": "B0I="}, "fake": false}], [19917, {"py/object": "odf.components.Data", "data": {"py/b64": "tMg="}, "fake": false}], [19991, {"py/object": "odf.components.Data", "data": {"py/b64": "7MI="}, "fake": false}], [20062, {"py/object": "odf.components.Data", "data": {"py/b64": "ivU="}, "fake": false}], [20138, {"py/object": "odf.components.Data", "data": {"py/b64": "FEM="}, "fake": false}], [22275, {"py/object": "odf.components.Status", "address": 10, "message_error_bit": "0", "instrumentation_bit": "0", "service_request_bit": "0", "reserved_bits": "000", "brdcst_received_bit": "0", "busy_bit": "0", "subsystem_flag_bit": "0", "dynamic_bus_control_accpt_bit": "0", "terminal_flag_bit": "1", "parity_bit": "1", "fake": false}], [22316, {"py/object": "odf.components.Command", "address": 12, "tr": 0, "sub_address": 2, "dword_count": 16, "parity": 0, "fake": false}], [22332, {"py/object": "odf.components.Command", "address": 11, "tr": 1, "sub_address": 2, "dword_count": 16, "parity": 0, "fake": false}], [24405, {"py/object": "odf.components.Status", "address": 11, "message_error_bit": "0", "instrumentation_bit": "0", "service_request_bit": "0", "reserved_bits": "000", "brdcst_received_bit": "0", "busy_bit": "0", "subsystem_flag_bit": "0", "dynamic_bus_control_accpt_bit": "0", "terminal_flag_bit": "1", "parity_bit": "1", "fake": false}], [24475, {"py/object": "odf.components.Data", "data": {"py/b64": "d2Y="}, "fake": false}], [24548, {"py/object": "odf.components.Data", "data": {"py/b64": "Gjs="}, "fake": false}], [24616, {"py/object": "odf.components.Data", "data": {"py/b64": "AIo="}, "fake": false}], [24687, {"py/object": "odf.components.Data", "data": {"py/b64": "ZUE="}, "fake": false}], [24760, {"py/object": "odf.components.Data", "data": {"py/b64": "roc="}, "fake": false}], [24835, {"py/object": "odf.components.Data", "data": {"py/b64": "7EE="}, "fake": false}], [24904, {"py/object": "odf.components.Data", "data": {"py/b64": "sAg="}, "fake": false}], [24976, {"py/object": "odf.components.Data", "data": {"py/b64": "YEA="}, "fake": false}], [25047, {"py/object": "odf.components.Data", "data": {"py/b64": "Ac0="}, "fake": false}], [25117, {"py/object": "odf.components.Data", "data": {"py/b64": "5T8="}, "fake": false}], [25188, {"py/object": "odf.components.Data", "data": {"py/b64": "868="}, "fake": false}], [25259, {"py/object": "odf.components.Data", "data": {"py/b64": "Aj4="}, "fake": false}], [25334, {"py/object": "odf.components.Data", "data": {"py/b64": "TQU="}, "fake": false}], [25405, {"py/object": "odf.components.Data", "data": {"py/b64": "9z4="}, "fake": false}], [25466, {"py/object": "odf.components.Data", "data": {"py/b64": "LU0="}, "fake": false}], [25526, {"py/object": "odf.components.Data", "data": {"py/b64": "nEE="}, "fake": false}], [27635, {"py/object": "odf.components.Status", "address": 12, "message_error_bit": "0", "instrumentation_bit": "0", "service_request_bit": "0", "reserved_bits": "000", "brdcst_received_bit": "0", "busy_bit": "0", "subsystem_flag_bit": "0", "dynamic_bus_control_accpt_bit": "0", "terminal_flag_bit": "1", "parity_bit": "1", "fake": false}], [27818, {"py/object": "odf.components.Command", "address": 1, "tr": 0, "sub_address": 2, "dword_count": 4, "parity": 0, "fake": false}], [27891, {"py/object": "odf.components.Data", "data": {"py/b64": "AAA="}, "fake": false}], [27903, {"py/object": "odf.components.Data", "data": {"py/b64": "AAA="}, "fake": false}], [27915, {"py/object": "odf.components.Data", "data": {"py/b64": "AAA="}, "fake": false}], [27925, {"py/object": "odf.components.Data", "data": {"py/b64": "AAA="}, "fake": false}], [29978, {"py/object": "odf.components.Status", "address": 1, "message_error_bit": "0", "instrumentation_bit": "0", "service_request_bit": "0", "reserved_bits": "000", "brdcst_received_bit": "0", "busy_bit": "0", "subsystem_flag_bit": "0", "dynamic_bus_control_accpt_bit": "0", "terminal_flag_bit": "1", "parity_bit": "1", "fake": false}], [30166, {"py/object": "odf.components.Command", "address": 31, "tr": 0, "sub_address": 2, "dword_count": 1, "parity": 0, "fake": false}], [30229, {"py/object": "odf.components.Data", "data": {"py/b64": "//8="}, "fake": false}], [30242, {"py/object": "odf.components.Command", "address": 4, "tr": 0, "sub_address": 2, "dword_count": 18, "parity": 0, "fake": false}], [30252, {"py/object": "odf.components.Command", "address": 3, "tr": 1, "sub_address": 2, "dword_count": 18, "parity": 0, "fake": false}], [32312, {"py/object": "odf.components.Status", "address": 3, "message_error_bit": "0", "instrumentation_bit": "0", "service_request_bit": "0", "reserved_bits": "000", "brdcst_received_bit": "0", "busy_bit": "0", "subsystem_flag_bit": "0", "dynamic_bus_control_accpt_bit": "0", "terminal_flag_bit": "1", "parity_bit": "1", "fake": false}], [32382, {"py/object": "odf.components.Data", "data": {"py/b64": "Z7o="}, "fake": false}], [32455, {"py/object": "odf.components.Data", "data": {"py/b64": "a0M="}, "fake": false}], [32527, {"py/object": "odf.components.Data", "data": {"py/b64": "VEk="}, "fake": false}], [32599, {"py/object": "odf.components.Data", "data": {"py/b64": "lUQ="}, "fake": false}], [32672, {"py/object": "odf.components.Data", "data": {"py/b64": "6so="}, "fake": false}], [32745, {"py/object": "odf.components.Data", "data": {"py/b64": "3EM="}, "fake": false}], [32819, {"py/object": "odf.components.Data", "data": {"py/b64": "t6g="}, "fake": false}], [32888, {"py/object": "odf.components.Data", "data": {"py/b64": "hEM="}, "fake": false}], [32960, {"py/object": "odf.components.Data", "data": {"py/b64": "bs0="}, "fake": false}], [33031, {"py/object": "odf.components.Data", "data": {"py/b64": "i0A="}, "fake": false}], [33102, {"py/object": "odf.components.Data", "data": {"py/b64": "Bs8="}, "fake": false}], [33174, {"py/object": "odf.components.Data", "data": {"py/b64": "i0A="}, "fake": false}], [33243, {"py/object": "odf.components.Data", "data": {"py/b64": "9OA="}, "fake": false}], [33315, {"py/object": "odf.components.Data", "data": {"py/b64": "QkA="}, "fake": false}], [33380, {"py/object": "odf.components.Data", "data": {"py/b64": "Osk="}, "fake": false}], [33446, {"py/object": "odf.components.Data", "data": {"py/b64": "1UM="}, "fake": false}], [33516, {"py/object": "odf.components.Data", "data": {"py/b64": "tww="}, "fake": false}], [33594, {"py/object": "odf.components.Data", "data": {"py/b64": "OkQ="}, "fake": false}], [35684, {"py/object": "odf.components.Status", "address": 4, "message_error_bit": "0", "instrumentation_bit": "0", "service_request_bit": "0", "reserved_bits": "000", "brdcst_received_bit": "0", "busy_bit": "0", "subsystem_flag_bit": "0", "dynamic_bus_control_accpt_bit": "0", "terminal_flag_bit": "1", "parity_bit": "1", "fake": false}], [35761, {"py/object": "odf.components.Command", "address": 6, "tr": 0, "sub_address": 2, "dword_count": 28, "parity": 0, "fake": false}], [35774, {"py/object": "odf.components.Command", "address": 5, "tr": 1, "sub_address": 2, "dword_count": 28, "parity": 0, "fake": false}], [37837, {"py/object": "odf.components.Status", "address": 5, "message_error_bit": "0", "instrumentation_bit": "0", "service_request_bit": "0", "reserved_bits": "000", "brdcst_received_bit": "0", "busy_bit": "0", "subsystem_flag_bit": "0", "dynamic_bus_control_accpt_bit": "0", "terminal_flag_bit": "1", "parity_bit": "1", "fake": false}], [37908, {"py/object": "odf.components.Data", "data": {"py/b64": "AdU="}, "fake": false}], [37979, {"py/object": "odf.components.Data", "data": {"py/b64": "dUM="}, "fake": false}], [38052, {"py/object": "odf.components.Data", "data": {"py/b64": "L6s="}, "fake": false}], [38123, {"py/object": "odf.components.Data", "data": {"py/b64": "z0M="}, "fake": false}], [38190, {"py/object": "odf.components.Data", "data": {"py/b64": "ieI="}, "fake": false}], [38261, {"py/object": "odf.components.Data", "data": {"py/b64": "zcM="}, "fake": false}], [38333, {"py/object": "odf.components.Data", "data": {"py/b64": "yLU="}, "fake": false}], [38404, {"py/object": "odf.components.Data", "data": {"py/b64": "ikE="}, "fake": false}], [38476, {"py/object": "odf.components.Data", "data": {"py/b64": "rBY="}, "fake": false}], [38548, {"py/object": "odf.components.Data", "data": {"py/b64": "T8I="}, "fake": false}], [38619, {"py/object": "odf.components.Data", "data": {"py/b64": "bsM="}, "fake": false}], [38691, {"py/object": "odf.components.Data", "data": {"py/b64": "vb8="}, "fake": false}], [38762, {"py/object": "odf.components.Data", "data": {"py/b64": "bEk="}, "fake": false}], [38831, {"py/object": "odf.components.Data", "data": {"py/b64": "hr4="}, "fake": false}], [38903, {"py/object": "odf.components.Data", "data": {"py/b64": "vk8="}, "fake": false}], [38975, {"py/object": "odf.components.Data", "data": {"py/b64": "yD8="}, "fake": false}], [39047, {"py/object": "odf.components.Data", "data": {"py/b64": "9jM="}, "fake": false}], [39120, {"py/object": "odf.components.Data", "data": {"py/b64": "078="}, "fake": false}], [39195, {"py/object": "odf.components.Data", "data": {"py/b64": "B8k="}, "fake": false}], [39271, {"py/object": "odf.components.Data", "data": {"py/b64": "LcE="}, "fake": false}], [39342, {"py/object": "odf.components.Data", "data": {"py/b64": "19k="}, "fake": false}], [39414, {"py/object": "odf.components.Data", "data": {"py/b64": "z0M="}, "fake": false}], [39483, {"py/object": "odf.components.Data", "data": {"py/b64": "slA="}, "fake": false}], [39554, {"py/object": "odf.components.Data", "data": {"py/b64": "Vr8="}, "fake": false}], [39626, {"py/object": "odf.components.Data", "data": {"py/b64": "9Po="}, "fake": false}], [39698, {"py/object": "odf.components.Data", "data": {"py/b64": "nL4="}, "fake": false}], [39769, {"py/object": "odf.components.Data", "data": {"py/b64": "VeY="}, "fake": false}], [39847, {"py/object": "odf.components.Data", "data": {"py/b64": "gD8="}, "fake": false}], [41953, {"py/object": "odf.components.Status", "address": 6, "message_error_bit": "0", "instrumentation_bit": "0", "service_request_bit": "0", "reserved_bits": "000", "brdcst_received_bit": "0", "busy_bit": "0", "subsystem_flag_bit": "0", "dynamic_bus_control_accpt_bit": "0", "terminal_flag_bit": "1", "parity_bit": "1", "fake": false}], [42024, {"py/object": "odf.components.Command", "address": 8, "tr": 0, "sub_address": 2, "dword_count": 8, "parity": 0, "fake": false}], [42037, {"py/object": "odf.components.Command", "address": 7, "tr": 1, "sub_address": 2, "dword_count": 8, "parity": 0, "fake": false}], [44103, {"py/object": "odf.components.Status", "address": 7, "message_error_bit": "0", "instrumentation_bit": "0", "service_request_bit": "0", "reserved_bits": "000", "brdcst_received_bit": "0", "busy_bit": "0", "subsystem_flag_bit": "0", "dynamic_bus_control_accpt_bit": "0", "terminal_flag_bit": "1", "parity_bit": "1", "fake": false}], [44176, {"py/object": "odf.components.Data", "data": {"py/b64": "fiU="}, "fake": false}], [44250, {"py/object": "odf.components.Data", "data": {"py/b64": "h70="}, "fake": false}], [44322, {"py/object": "odf.components.Data", "data": {"py/b64": "x4U="}, "fake": false}], [44386, {"py/object": "odf.components.Data", "data": {"py/b64": "jbs="}, "fake": false}], [44451, {"py/object": "odf.components.Data", "data": {"py/b64": "DeA="}, "fake": false}], [44525, {"py/object": "odf.components.Data", "data": {"py/b64": "0Tw="}, "fake": false}], [44599, {"py/object": "odf.components.Data", "data": {"py/b64": "ZDQ="}, "fake": false}], [44677, {"py/object": "odf.components.Data", "data": {"py/b64": "Vbo="}, "fake": false}], [46800, {"py/object": "odf.components.Status", "address": 8, "message_error_bit": "0", "instrumentation_bit": "0", "service_request_bit": "0", "reserved_bits": "000", "brdcst_received_bit": "0", "busy_bit": "0", "subsystem_flag_bit": "0", "dynamic_bus_control_accpt_bit": "0", "terminal_flag_bit": "1", "parity_bit": "1", "fake": false}], [46860, {"py/object": "odf.components.Command", "address": 10, "tr": 0, "sub_address": 2, "dword_count": 12, "parity": 0, "fake": false}], [46875, {"py/object": "odf.components.Command", "address": 9, "tr": 1, "sub_address": 2, "dword_count": 12, "parity": 0, "fake": false}], [48941, {"py/object": "odf.components.Status", "address": 9, "message_error_bit": "0", "instrumentation_bit": "0", "service_request_bit": "0", "reserved_bits": "000", "brdcst_received_bit": "0", "busy_bit": "0", "subsystem_flag_bit": "0", "dynamic_bus_control_accpt_bit": "0", "terminal_flag_bit": "1", "parity_bit": "1", "fake": false}], [49013, {"py/object": "odf.components.Data", "data": {"py/b64": "T70="}, "fake": false}], [49086, {"py/object": "odf.components.Data", "data": {"py/b64": "B0I="}, "fake": false}], [49159, {"py/object": "odf.components.Data", "data": {"py/b64": "Sds="}, "fake": false}], [49232, {"py/object": "odf.components.Data", "data": {"py/b64": "7MI="}, "fake": false}], [49308, {"py/object": "odf.components.Data", "data": {"py/b64": "m+o="}, "fake": false}], [49379, {"py/object": "odf.components.Data", "data": {"py/b64": "aEM="}, "fake": false}], [49451, {"py/object": "odf.components.Data", "data": {"py/b64": "Sr0="}, "fake": false}], [49525, {"py/object": "odf.components.Data", "data": {"py/b64": "B0I="}, "fake": false}], [49599, {"py/object": "odf.components.Data", "data": {"py/b64": "Yts="}, "fake": false}], [49671, {"py/object": "odf.components.Data", "data": {"py/b64": "7MI="}, "fake": false}], [49744, {"py/object": "odf.components.Data", "data": {"py/b64": "Ugk="}, "fake": false}], [49821, {"py/object": "odf.components.Data", "data": {"py/b64": "QEQ="}, "fake": false}], [51916, {"py/object": "odf.components.Status", "address": 10, "message_error_bit": "0", "instrumentation_bit": "0", "service_request_bit": "0", "reserved_bits": "000", "brdcst_received_bit": "0", "busy_bit": "0", "subsystem_flag_bit": "0", "dynamic_bus_control_accpt_bit": "0", "terminal_flag_bit": "1", "parity_bit": "1", "fake": false}], [52009, {"py/object": "odf.components.Command", "address": 12, "tr": 0, "sub_address": 2, "dword_count": 16, "parity": 0, "fake": false}], [52024, {"py/object": "odf.components.Command", "address": 11, "tr": 1, "sub_address": 2, "dword_count": 16, "parity": 0, "fake": false}], [54092, {"py/object": "odf.components.Status", "address": 11, "message_error_bit": "0", "instrumentation_bit": "0", "service_request_bit": "0", "reserved_bits": "000", "brdcst_received_bit": "0", "busy_bit": "0", "subsystem_flag_bit": "0", "dynamic_bus_control_accpt_bit": "0", "terminal_flag_bit": "1", "parity_bit": "1", "fake": false}], [54164, {"py/object": "odf.components.Data", "data": {"py/b64": "i5E="}, "fake": false}], [54237, {"py/object": "odf.components.Data", "data": {"py/b64": "Fzs="}, "fake": false}], [54307, {"py/object": "odf.components.Data", "data": {"py/b64": "AIU="}, "fake": false}], [54379, {"py/object": "odf.components.Data", "data": {"py/b64": "UkE="}, "fake": false}], [54446, {"py/object": "odf.components.Data", "data": {"py/b64": "UW8="}, "fake": false}], [54519, {"py/object": "odf.components.Data", "data": {"py/b64": "50E="}, "fake": false}], [54593, {"py/object": "odf.components.Data", "data": {"py/b64": "7gw="}, "fake": false}], [54666, {"py/object": "odf.components.Data", "data": {"py/b64": "t0A="}, "fake": false}], [54792, {"py/object": "odf.components.Data", "data": {"py/b64": "kE0="}, "fake": false}], [54815, {"py/object": "odf.components.Data", "data": {"py/b64": "PEA="}, "fake": false}], [54880, {"py/object": "odf.components.Data", "data": {"py/b64": "ksE="}, "fake": false}], [54949, {"py/object": "odf.components.Data", "data": {"py/b64": "6T0="}, "fake": false}], [55023, {"py/object": "odf.components.Data", "data": {"py/b64": "XXo="}, "fake": false}], [55095, {"py/object": "odf.components.Data", "data": {"py/b64": "ZD4="}, "fake": false}], [55168, {"py/object": "odf.components.Data", "data": {"py/b64": "Ykg="}, "fake": false}], [55245, {"py/object": "odf.components.Data", "data": {"py/b64": "q0E="}, "fake": false}], [57360, {"py/object": "odf.components.Status", "address": 12, "message_error_bit": "0", "instrumentation_bit": "0", "service_request_bit": "0", "reserved_bits": "000", "brdcst_received_bit": "0", "busy_bit": "0", "subsystem_flag_bit": "0", "dynamic_bus_control_accpt_bit": "0", "terminal_flag_bit": "1", "parity_bit": "1", "fake": false}], [57547, {"py/object": "odf.components.Command", "address": 1, "tr": 0, "sub_address": 2, "dword_count": 4, "parity": 0, "fake": false}], [57611, {"py/object": "odf.components.Data", "data": {"py/b64": "AAA="}, "fake": false}], [57624, {"py/object": "odf.components.Data", "data": {"py/b64": "AAA="}, "fake": false}], [57637, {"py/object": "odf.components.Data", "data": {"py/b64": "AAA="}, "fake": false}], [57649, {"py/object": "odf.components.Data", "data": {"py/b64": "AAA="}, "fake": false}], [59703, {"py/object": "odf.components.Status", "address": 1, "message_error_bit": "0", "instrumentation_bit": "0", "service_request_bit": "0", "reserved_bits": "000", "brdcst_received_bit": "0", "busy_bit": "0", "subsystem_flag_bit": "0", "dynamic_bus_control_accpt_bit": "0", "terminal_flag_bit": "1", "parity_bit": "1", "fake": false}], [59833, {"py/object": "odf.components.Command", "address": 31, "tr": 0, "sub_address": 2, "dword_count": 1, "parity": 0, "fake": false}], [59918, {"py/object": "odf.components.Data", "data": {"py/b64": "//8="}, "fake": false}], [59925, {"py/object": "odf.components.Command", "address": 4, "tr": 0, "sub_address": 2, "dword_count": 18, "parity": 0, "fake": false}], [59934, {"py/object": "odf.components.Command", "address": 3, "tr": 1, "sub_address": 2, "dword_count": 18, "parity": 0, "fake": false}], [62001, {"py/object": "odf.components.Status", "address": 3, "message_error_bit": "0", "instrumentation_bit": "0", "service_request_bit": "0", "reserved_bits": "000", "brdcst_received_bit": "0", "busy_bit": "0", "subsystem_flag_bit": "0", "dynamic_bus_control_accpt_bit": "0", "terminal_flag_bit": "1", "parity_bit": "1", "fake": false}], [62081, {"py/object": "odf.components.Data", "data": {"py/b64": "kuU="}, "fake": false}], [62168, {"py/object": "odf.components.Data", "data": {"py/b64": "eUM="}, "fake": false}], [62245, {"py/object": "odf.components.Data", "data": {"py/b64": "r2I="}, "fake": false}], [62325, {"py/object": "odf.components.Data", "data": {"py/b64": "AEU="}, "fake": false}], [62405, {"py/object": "odf.components.Data", "data": {"py/b64": "rWM="}, "fake": false}], [62484, {"py/object": "odf.components.Data", "data": {"py/b64": "kEQ="}, "fake": false}], [62562, {"py/object": "odf.components.Data", "data": {"py/b64": "DzY="}, "fake": false}], [62639, {"py/object": "odf.components.Data", "data": {"py/b64": "WkM="}, "fake": false}], [62728, {"py/object": "odf.components.Data", "data": {"py/b64": "D1o="}, "fake": false}], [62804, {"py/object": "odf.components.Data", "data": {"py/b64": "gUA="}, "fake": false}], [62884, {"py/object": "odf.components.Data", "data": {"py/b64": "nk0="}, "fake": false}], [62963, {"py/object": "odf.components.Data", "data": {"py/b64": "gUA="}, "fake": false}], [63042, {"py/object": "odf.components.Data", "data": {"py/b64": "rfk="}, "fake": false}], [63127, {"py/object": "odf.components.Data", "data": {"py/b64": "QkA="}, "fake": false}], [63207, {"py/object": "odf.components.Data", "data": {"py/b64": "Kk4="}, "fake": false}], [63285, {"py/object": "odf.components.Data", "data": {"py/b64": "1UM="}, "fake": false}], [63365, {"py/object": "odf.components.Data", "data": {"py/b64": "tww="}, "fake": false}], [63449, {"py/object": "odf.components.Data", "data": {"py/b64": "OkQ="}, "fake": false}], [65530, {"py/object": "odf.components.Status", "address": 4, "message_error_bit": "0", "instrumentation_bit": "0", "service_request_bit": "0", "reserved_bits": "000", "brdcst_received_bit": "0", "busy_bit": "0", "subsystem_flag_bit": "0", "dynamic_bus_control_accpt_bit": "0", "terminal_flag_bit": "1", "parity_bit": "1", "fake": false}], [65625, {"py/object": "odf.components.Command", "address": 6, "tr": 0, "sub_address": 2, "dword_count": 28, "parity": 0, "fake": false}], [65641, {"py/object": "odf.components.Command", "address": 5, "tr": 1, "sub_address": 2, "dword_count": 28, "parity": 0, "fake": false}], [67710, {"py/object": "odf.components.Status", "address": 5, "message_error_bit": "0", "instrumentation_bit": "0", "service_request_bit": "0", "reserved_bits": "000", "brdcst_received_bit": "0", "busy_bit": "0", "subsystem_flag_bit": "0", "dynamic_bus_control_accpt_bit": "0", "terminal_flag_bit": "1", "parity_bit": "1", "fake": false}], [67792, {"py/object": "odf.components.Data", "data": {"py/b64": "Ey4="}, "fake": false}], [67872, {"py/object": "odf.components.Data", "data": {"py/b64": "dkM="}, "fake": false}], [67951, {"py/object": "odf.components.Data", "data": {"py/b64": "sXc="}, "fake": false}], [68033, {"py/object": "odf.components.Data", "data": {"py/b64": "0EM="}, "fake": false}], [68096, {"py/object": "odf.components.Data", "data": {"py/b64": "xLw="}, "fake": false}], [68180, {"py/object": "odf.components.Data", "data": {"py/b64": "ocM="}, "fake": false}], [68260, {"py/object": "odf.components.Data", "data": {"py/b64": "s28="}, "fake": false}], [68337, {"py/object": "odf.components.Data", "data": {"py/b64": "CUI="}, "fake": false}], [68413, {"py/object": "odf.components.Data", "data": {"py/b64": "LeI="}, "fake": false}], [68493, {"py/object": "odf.components.Data", "data": {"py/b64": "gsM="}, "fake": false}], [68571, {"py/object": "odf.components.Data", "data": {"py/b64": "Idw="}, "fake": false}], [68652, {"py/object": "odf.components.Data", "data": {"py/b64": "EEE="}, "fake": false}], [68727, {"py/object": "odf.components.Data", "data": {"py/b64": "DDE="}, "fake": false}], [68811, {"py/object": "odf.components.Data", "data": {"py/b64": "tb8="}, "fake": false}], [68889, {"py/object": "odf.components.Data", "data": {"py/b64": "TDM="}, "fake": false}], [68967, {"py/object": "odf.components.Data", "data": {"py/b64": "P8E="}, "fake": false}], [69044, {"py/object": "odf.components.Data", "data": {"py/b64": "BHI="}, "fake": false}], [69125, {"py/object": "odf.components.Data", "data": {"py/b64": "o8A="}, "fake": false}], [69207, {"py/object": "odf.components.Data", "data": {"py/b64": "7ec="}, "fake": false}], [69286, {"py/object": "odf.components.Data", "data": {"py/b64": "CcE="}, "fake": false}], [69364, {"py/object": "odf.components.Data", "data": {"py/b64": "4XY="}, "fake": false}], [69444, {"py/object": "odf.components.Data", "data": {"py/b64": "0EM="}, "fake": false}], [69525, {"py/object": "odf.components.Data", "data": {"py/b64": "FBA="}, "fake": false}], [69605, {"py/object": "odf.components.Data", "data": {"py/b64": "YcE="}, "fake": false}], [69683, {"py/object": "odf.components.Data", "data": {"py/b64": "AfI="}, "fake": false}], [69766, {"py/object": "odf.components.Data", "data": {"py/b64": "uEA="}, "fake": false}], [69847, {"py/object": "odf.components.Data", "data": {"py/b64": "v9Y="}, "fake": false}], [69933, {"py/object": "odf.components.Data", "data": {"py/b64": "oz4="}, "fake": false}], [72062, {"py/object": "odf.components.Status", "address": 6, "message_error_bit": "0", "instrumentation_bit": "0", "service_request_bit": "0", "reserved_bits": "000", "brdcst_received_bit": "0", "busy_bit": "0", "subsystem_flag_bit": "0", "dynamic_bus_control_accpt_bit": "0", "terminal_flag_bit": "1", "parity_bit": "1", "fake": false}], [72125, {"py/object": "odf.components.Command", "address": 8, "tr": 0, "sub_address": 2, "dword_count": 8, "parity": 0, "fake": false}], [72141, {"py/object": "odf.components.Command", "address": 7, "tr": 1, "sub_address": 2, "dword_count": 8, "parity": 0, "fake": false}], [74215, {"py/object": "odf.components.Status", "address": 7, "message_error_bit": "0", "instrumentation_bit": "0", "service_request_bit": "0", "reserved_bits": "000", "brdcst_received_bit": "0", "busy_bit": "0", "subsystem_flag_bit": "0", "dynamic_bus_control_accpt_bit": "0", "terminal_flag_bit": "1", "parity_bit": "1", "fake": false}], [74294, {"py/object": "odf.components.Data", "data": {"py/b64": "BwQ="}, "fake": false}], [74377, {"py/object": "odf.components.Data", "data": {"py/b64": "2L0="}, "fake": false}], [74453, {"py/object": "odf.components.Data", "data": {"py/b64": "/3Q="}, "fake": false}], [74535, {"py/object": "odf.components.Data", "data": {"py/b64": "5z4="}, "fake": false}], [74613, {"py/object": "odf.components.Data", "data": {"py/b64": "khE="}, "fake": false}], [74696, {"py/object": "odf.components.Data", "data": {"py/b64": "5zw="}, "fake": false}], [74774, {"py/object": "odf.components.Data", "data": {"py/b64": "CvU="}, "fake": false}], [74860, {"py/object": "odf.components.Data", "data": {"py/b64": "1bk="}, "fake": false}], [76985, {"py/object": "odf.components.Status", "address": 8, "message_error_bit": "0", "instrumentation_bit": "0", "service_request_bit": "0", "reserved_bits": "000", "brdcst_received_bit": "0", "busy_bit": "0", "subsystem_flag_bit": "0", "dynamic_bus_control_accpt_bit": "0", "terminal_flag_bit": "1", "parity_bit": "1", "fake": false}], [77056, {"py/object": "odf.components.Command", "address": 10, "tr": 0, "sub_address": 2, "dword_count": 12, "parity": 0, "fake": false}], [77074, {"py/object": "odf.components.Command", "address": 9, "tr": 1, "sub_address": 2, "dword_count": 12, "parity": 0, "fake": false}], [79146, {"py/object": "odf.components.Status", "address": 9, "message_error_bit": "0", "instrumentation_bit": "0", "service_request_bit": "0", "reserved_bits": "000", "brdcst_received_bit": "0", "busy_bit": "0", "subsystem_flag_bit": "0", "dynamic_bus_control_accpt_bit": "0", "terminal_flag_bit": "1", "parity_bit": "1", "fake": false}], [79228, {"py/object": "odf.components.Data", "data": {"py/b64": "66w="}, "fake": false}], [79308, {"py/object": "odf.components.Data", "data": {"py/b64": "B0I="}, "fake": false}], [79390, {"py/object": "odf.components.Data", "data": {"py/b64": "k+s="}, "fake": false}], [79469, {"py/object": "odf.components.Data", "data": {"py/b64": "7MI="}, "fake": false}], [79549, {"py/object": "odf.components.Data", "data": {"py/b64": "Guk="}, "fake": false}], [79631, {"py/object": "odf.components.Data", "data": {"py/b64": "A0Q="}, "fake": false}], [79711, {"py/object": "odf.components.Data", "data": {"py/b64": "yKw="}, "fake": false}], [79790, {"py/object": "odf.components.Data", "data": {"py/b64": "B0I="}, "fake": false}], [79878, {"py/object": "odf.components.Data", "data": {"py/b64": "nOs="}, "fake": false}], [79959, {"py/object": "odf.components.Data", "data": {"py/b64": "7MI="}, "fake": false}], [80041, {"py/object": "odf.components.Data", "data": {"py/b64": "Ico="}, "fake": false}], [80122, {"py/object": "odf.components.Data", "data": {"py/b64": "2EQ="}, "fake": false}], [82248, {"py/object": "odf.components.Status", "address": 10, "message_error_bit": "0", "instrumentation_bit": "0", "service_request_bit": "0", "reserved_bits": "000", "brdcst_received_bit": "0", "busy_bit": "0", "subsystem_flag_bit": "0", "dynamic_bus_control_accpt_bit": "0", "terminal_flag_bit": "1", "parity_bit": "1", "fake": false}], [82327, {"py/object": "odf.components.Command", "address": 12, "tr": 0, "sub_address": 2, "dword_count": 16, "parity": 0, "fake": false}], [82347, {"py/object": "odf.components.Command", "address": 11, "tr": 1, "sub_address": 2, "dword_count": 16, "parity": 0, "fake": false}], [84415, {"py/object": "odf.components.Status", "address": 11, "message_error_bit": "0", "instrumentation_bit": "0", "service_request_bit": "0", "reserved_bits": "000", "brdcst_received_bit": "0", "busy_bit": "0", "subsystem_flag_bit": "0", "dynamic_bus_control_accpt_bit": "0", "terminal_flag_bit": "1", "parity_bit": "1", "fake": false}], [84498, {"py/object": "odf.components.Data", "data": {"py/b64": "jh4="}, "fake": false}], [84578, {"py/object": "odf.components.Data", "data": {"py/b64": "Ezs="}, "fake": false}], [84656, {"py/object": "odf.components.Data", "data": {"py/b64": "oIY="}, "fake": false}], [84735, {"py/object": "odf.components.Data", "data": {"py/b64": "MkE="}, "fake": false}], [84815, {"py/object": "odf.components.Data", "data": {"py/b64": "jBA="}, "fake": false}], [84894, {"py/object": "odf.components.Data", "data": {"py/b64": "30E="}, "fake": false}], [84975, {"py/object": "odf.components.Data", "data": {"py/b64": "6Nw="}, "fake": false}], [85054, {"py/object": "odf.components.Data", "data": {"py/b64": "oEA="}, "fake": false}], [85134, {"py/object": "odf.components.Data", "data": {"py/b64": "vdY="}, "fake": false}], [85214, {"py/object": "odf.components.Data", "data": {"py/b64": "IUA="}, "fake": false}], [85294, {"py/object": "odf.components.Data", "data": {"py/b64": "oWc="}, "fake": false}], [85375, {"py/object": "odf.components.Data", "data": {"py/b64": "ULs="}, "fake": false}], [85457, {"py/object": "odf.components.Data", "data": {"py/b64": "bw8="}, "fake": false}], [85537, {"py/object": "odf.components.Data", "data": {"py/b64": "ED0="}, "fake": false}], [85613, {"py/object": "odf.components.Data", "data": {"py/b64": "5rU="}, "fake": false}], [85695, {"py/object": "odf.components.Data", "data": {"py/b64": "nEE="}, "fake": false}], [87838, {"py/object": "odf.components.Status", "address": 12, "message_error_bit": "0", "instrumentation_bit": "0", "service_request_bit": "0", "reserved_bits": "000", "brdcst_received_bit": "0", "busy_bit": "0", "subsystem_flag_bit": "0", "dynamic_bus_control_accpt_bit": "0", "terminal_flag_bit": "1", "parity_bit": "1", "fake": false}], [88040, {"py/object": "odf.components.Command", "address": 1, "tr": 0, "sub_address": 2, "dword_count": 4, "parity": 0, "fake": false}], [88084, {"py/object": "odf.components.Data", "data": {"py/b64": "AAA="}, "fake": false}], [88104, {"py/object": "odf.components.Data", "data": {"py/b64": "AAA="}, "fake": false}], [88125, {"py/object": "odf.components.Data", "data": {"py/b64": "AAA="}, "fake": false}], [88145, {"py/object": "odf.components.Data", "data": {"py/b64": "AAA="}, "fake": false}], [88212, {"py/object": "odf.components.Command", "address": 1, "tr": 0, "sub_address": 1, "dword_count": 30, "parity": 0, "fake": true}], [93248, {"py/object": "odf.components.Command", "address": 31, "tr": 0, "sub_address": 2, "dword_count": 1, "parity": 0, "fake": false}], [93383, {"py/object": "odf.components.Data", "data": {"py/b64": "//8="}, "fake": false}], [93425, {"py/object": "odf.components.Command", "address": 4, "tr": 0, "sub_address": 2, "dword_count": 18, "parity": 0, "fake": false}], [93440, {"py/object": "odf.components.Command", "address": 3, "tr": 1, "sub_address": 2, "dword_count": 18, "parity": 0, "fake": false}], [95504, {"py/object": "odf.components.Status", "address": 3, "message_error_bit": "0", "instrumentation_bit": "0", "service_request_bit": "0", "reserved_bits": "000", "brdcst_received_bit": "0", "busy_bit": "0", "subsystem_flag_bit": "0", "dynamic_bus_control_accpt_bit": "0", "terminal_flag_bit": "1", "parity_bit": "1", "fake": false}], [95590, {"py/object": "odf.components.Data", "data": {"py/b64": "vN0="}, "fake": false}], [95672, {"py/object": "odf.components.Data", "data": {"py/b64": "eUM="}, "fake": false}], [95753, {"py/object": "odf.components.Data", "data": {"py/b64": "FUE="}, "fake": false}], [95833, {"py/object": "odf.components.Data", "data": {"py/b64": "/0Q="}, "fake": false}], [95912, {"py/object": "odf.components.Data", "data": {"py/b64": "Nsw="}, "fake": false}], [95992, {"py/object": "odf.components.Data", "data": {"py/b64": "D0U="}, "fake": false}], [96077, {"py/object": "odf.components.Data", "data": {"py/b64": "ZTE="}, "fake": false}], [96157, {"py/object": "odf.components.Data", "data": {"py/b64": "A0M="}, "fake": false}], [96237, {"py/object": "odf.components.Data", "data": {"py/b64": "lg4="}, "fake": false}], [96318, {"py/object": "odf.components.Data", "data": {"py/b64": "NUA="}, "fake": false}], [96401, {"py/object": "odf.components.Data", "data": {"py/b64": "1/w="}, "fake": false}], [96483, {"py/object": "odf.components.Data", "data": {"py/b64": "NEA="}, "fake": false}], [96564, {"py/object": "odf.components.Data", "data": {"py/b64": "Fps="}, "fake": false}], [96645, {"py/object": "odf.components.Data", "data": {"py/b64": "QkA="}, "fake": false}], [96728, {"py/object": "odf.components.Data", "data": {"py/b64": "o8E="}, "fake": false}], [96806, {"py/object": "odf.components.Data", "data": {"py/b64": "1EM="}, "fake": false}], [96889, {"py/object": "odf.components.Data", "data": {"py/b64": "tww="}, "fake": false}], [96974, {"py/object": "odf.components.Data", "data": {"py/b64": "OkQ="}, "fake": false}], [99087, {"py/object": "odf.components.Status", "address": 4, "message_error_bit": "0", "instrumentation_bit": "0", "service_request_bit": "0", "reserved_bits": "000", "brdcst_received_bit": "0", "busy_bit": "0", "subsystem_flag_bit": "0", "dynamic_bus_control_accpt_bit": "0", "terminal_flag_bit": "1", "parity_bit": "1", "fake": false}], [99152, {"py/object": "odf.components.Command", "address": 6, "tr": 0, "sub_address": 2, "dword_count": 28, "parity": 0, "fake": false}], [99169, {"py/object": "odf.components.Command", "address": 5, "tr": 1, "sub_address": 2, "dword_count": 28, "parity": 0, "fake": false}], [101232, {"py/object": "odf.components.Status", "address": 5, "message_error_bit": "0", "instrumentation_bit": "0", "service_request_bit": "0", "reserved_bits": "000", "brdcst_received_bit": "0", "busy_bit": "0", "subsystem_flag_bit": "0", "dynamic_bus_control_accpt_bit": "0", "terminal_flag_bit": "1", "parity_bit": "1", "fake": false}], [101315, {"py/object": "odf.components.Data", "data": {"py/b64": "vpA="}, "fake": false}], [101397, {"py/object": "odf.components.Data", "data": {"py/b64": "f0M="}, "fake": false}], [101473, {"py/object": "odf.components.Data", "data": {"py/b64": "S1g="}, "fake": false}], [101551, {"py/object": "odf.components.Data", "data": {"py/b64": "2EM="}, "fake": false}], [101632, {"py/object": "odf.components.Data", "data": {"py/b64": "T+o="}, "fake": false}], [101712, {"py/object": "odf.components.Data", "data": {"py/b64": "A0M="}, "fake": false}], [101794, {"py/object": "odf.components.Data", "data": {"py/b64": "udA="}, "fake": false}], [101875, {"py/object": "odf.components.Data", "data": {"py/b64": "B0I="}, "fake": false}], [101954, {"py/object": "odf.components.Data", "data": {"py/b64": "TD0="}, "fake": false}], [102037, {"py/object": "odf.components.Data", "data": {"py/b64": "zcM="}, "fake": false}], [102118, {"py/object": "odf.components.Data", "data": {"py/b64": "Y9I="}, "fake": false}], [102200, {"py/object": "odf.components.Data", "data": {"py/b64": "YkE="}, "fake": false}], [102278, {"py/object": "odf.components.Data", "data": {"py/b64": "qpU="}, "fake": false}], [102359, {"py/object": "odf.components.Data", "data": {"py/b64": "PT4="}, "fake": false}], [102436, {"py/object": "odf.components.Data", "data": {"py/b64": "z2g="}, "fake": false}], [102516, {"py/object": "odf.components.Data", "data": {"py/b64": "g0A="}, "fake": false}], [102596, {"py/object": "odf.components.Data", "data": {"py/b64": "M0Q="}, "fake": false}], [102678, {"py/object": "odf.components.Data", "data": {"py/b64": "8cA="}, "fake": false}], [102761, {"py/object": "odf.components.Data", "data": {"py/b64": "krA="}, "fake": false}], [102841, {"py/object": "odf.components.Data", "data": {"py/b64": "DsE="}, "fake": false}], [102919, {"py/object": "odf.components.Data", "data": {"py/b64": "eFY="}, "fake": false}], [103002, {"py/object": "odf.components.Data", "data": {"py/b64": "2EM="}, "fake": false}], [103069, {"py/object": "odf.components.Data", "data": {"py/b64": "2AY="}, "fake": false}], [103151, {"py/object": "odf.components.Data", "data": {"py/b64": "WME="}, "fake": false}], [103233, {"py/object": "odf.components.Data", "data": {"py/b64": "qK4="}, "fake": false}], [103319, {"py/object": "odf.components.Data", "data": {"py/b64": "yEA="}, "fake": false}], [103400, {"py/object": "odf.components.Data", "data": {"py/b64": "r0Y="}, "fake": false}], [103491, {"py/object": "odf.components.Data", "data": {"py/b64": "uz4="}, "fake": false}], [105601, {"py/object": "odf.components.Status", "address": 6, "message_error_bit": "0", "instrumentation_bit": "0", "service_request_bit": "0", "reserved_bits": "000", "brdcst_received_bit": "0", "busy_bit": "0", "subsystem_flag_bit": "0", "dynamic_bus_control_accpt_bit": "0", "terminal_flag_bit": "1", "parity_bit": "1", "fake": false}], [105679, {"py/object": "odf.components.Command", "address": 8, "tr": 0, "sub_address": 2, "dword_count": 8, "parity": 0, "fake": false}], [105699, {"py/object": "odf.components.Command", "address": 7, "tr": 1, "sub_address": 2, "dword_count": 8, "parity": 0, "fake": false}], [107769, {"py/object": "odf.components.Status", "address": 7, "message_error_bit": "0", "instrumentation_bit": "0", "service_request_bit": "0", "reserved_bits": "000", "brdcst_received_bit": "0", "busy_bit": "0", "subsystem_flag_bit": "0", "dynamic_bus_control_accpt_bit": "0", "terminal_flag_bit": "1", "parity_bit": "1", "fake": false}], [107853, {"py/object": "odf.components.Data", "data": {"py/b64": "qko="}, "fake": false}], [107935, {"py/object": "odf.components.Data", "data": {"py/b64": "1L0="}, "fake": false}], [108014, {"py/object": "odf.components.Data", "data": {"py/b64": "VMk="}, "fake": false}], [108093, {"py/object": "odf.components.Data", "data": {"py/b64": "4T4="}, "fake": false}], [108177, {"py/object": "odf.components.Data", "data": {"py/b64": "nuw="}, "fake": false}], [108258, {"py/object": "odf.components.Data", "data": {"py/b64": "4jw="}, "fake": false}], [108339, {"py/object": "odf.components.Data", "data": {"py/b64": "GMM="}, "fake": false}], [108424, {"py/object": "odf.components.Data", "data": {"py/b64": "jzo="}, "fake": false}], [110527, {"py/object": "odf.components.Status", "address": 8, "message_error_bit": "0", "instrumentation_bit": "0", "service_request_bit": "0", "reserved_bits": "000", "brdcst_received_bit": "0", "busy_bit": "0", "subsystem_flag_bit": "0", "dynamic_bus_control_accpt_bit": "0", "terminal_flag_bit": "1", "parity_bit": "1", "fake": false}], [110617, {"py/object": "odf.components.Command", "address": 10, "tr": 0, "sub_address": 2, "dword_count": 12, "parity": 0, "fake": false}], [110635, {"py/object": "odf.components.Command", "address": 9, "tr": 1, "sub_address": 2, "dword_count": 12, "parity": 0, "fake": false}], [112705, {"py/object": "odf.components.Status", "address": 9, "message_error_bit": "0", "instrumentation_bit": "0", "service_request_bit": "0", "reserved_bits": "000", "brdcst_received_bit": "0", "busy_bit": "0", "subsystem_flag_bit": "0", "dynamic_bus_control_accpt_bit": "0", "terminal_flag_bit": "1", "parity_bit": "1", "fake": false}], [112790, {"py/object": "odf.components.Data", "data": {"py/b64": "uYY="}, "fake": false}], [112873, {"py/object": "odf.components.Data", "data": {"py/b64": "B0I="}, "fake": false}], [112998, {"py/object": "odf.components.Data", "data": {"py/b64": "Suk="}, "fake": false}], [113039, {"py/object": "odf.components.Data", "data": {"py/b64": "7MI="}, "fake": false}], [113114, {"py/object": "odf.components.Data", "data": {"py/b64": "YzI="}, "fake": false}], [113196, {"py/object": "odf.components.Data", "data": {"py/b64": "XEQ="}, "fake": false}], [113279, {"py/object": "odf.components.Data", "data": {"py/b64": "moY="}, "fake": false}], [113360, {"py/object": "odf.components.Data", "data": {"py/b64": "B0I="}, "fake": false}], [113440, {"py/object": "odf.components.Data", "data": {"py/b64": "Puk="}, "fake": false}], [113523, {"py/object": "odf.components.Data", "data": {"py/b64": "7MI="}, "fake": false}], [113607, {"py/object": "odf.components.Data", "data": {"py/b64": "OeQ="}, "fake": false}], [113667, {"py/object": "odf.components.Data", "data": {"py/b64": "NEU="}, "fake": false}], [115765, {"py/object": "odf.components.Status", "address": 10, "message_error_bit": "0", "instrumentation_bit": "0", "service_request_bit": "0", "reserved_bits": "000", "brdcst_received_bit": "0", "busy_bit": "0", "subsystem_flag_bit": "0", "dynamic_bus_control_accpt_bit": "0", "terminal_flag_bit": "1", "parity_bit": "1", "fake": false}], [115869, {"py/object": "odf.components.Command", "address": 12, "tr": 0, "sub_address": 2, "dword_count": 16, "parity": 0, "fake": false}], [115889, {"py/object": "odf.components.Command", "address": 11, "tr": 1, "sub_address": 2, "dword_count": 16, "parity": 0, "fake": false}], [117964, {"py/object": "odf.components.Status", "address": 11, "message_error_bit": "0", "instrumentation_bit": "0", "service_request_bit": "0", "reserved_bits": "000", "brdcst_received_bit": "0", "busy_bit": "0", "subsystem_flag_bit": "0", "dynamic_bus_control_accpt_bit": "0", "terminal_flag_bit": "1", "parity_bit": "1", "fake": false}], [118049, {"py/object": "odf.components.Data", "data": {"py/b64": "7yg="}, "fake": false}], [118132, {"py/object": "odf.components.Data", "data": {"py/b64": "Djs="}, "fake": false}], [118213, {"py/object": "odf.components.Data", "data": {"py/b64": "oAw="}, "fake": false}], [118293, {"py/object": "odf.components.Data", "data": {"py/b64": "DkE="}, "fake": false}], [118375, {"py/object": "odf.components.Data", "data": {"py/b64": "ktI="}, "fake": false}], [118455, {"py/object": "odf.components.Data", "data": {"py/b64": "1UE="}, "fake": false}], [118535, {"py/object": "odf.components.Data", "data": {"py/b64": "V/Y="}, "fake": false}], [118613, {"py/object": "odf.components.Data", "data": {"py/b64": "m0A="}, "fake": false}], [118697, {"py/object": "odf.components.Data", "data": {"py/b64": "BEg="}, "fake": false}], [118778, {"py/object": "odf.components.Data", "data": {"py/b64": "IUA="}, "fake": false}], [118855, {"py/object": "odf.components.Data", "data": {"py/b64": "5pU="}, "fake": false}], [118937, {"py/object": "odf.components.Data", "data": {"py/b64": "DTs="}, "fake": false}], [119017, {"py/object": "odf.components.Data", "data": {"py/b64": "a6I="}, "fake": false}], [119097, {"py/object": "odf.components.Data", "data": {"py/b64": "pTs="}, "fake": false}], [119175, {"py/object": "odf.components.Data", "data": {"py/b64": "pj0="}, "fake": false}], [119256, {"py/object": "odf.components.Data", "data": {"py/b64": "jEE="}, "fake": false}]], "attack_times": [[88145]], "attack_types": ["Data_Thrashing_Attack_against_an_RT"], "attack_outcome": [true]}