{"data": [[369, {"py/object": "odf.components.Command", "address": 31, "tr": 0, "sub_address": 2, "dword_count": 1, "parity": 0, "fake": false}], [467, {"py/object": "odf.components.Data", "data": {"py/b64": "//8="}, "fake": false}], [508, {"py/object": "odf.components.Command", "address": 4, "tr": 0, "sub_address": 2, "dword_count": 18, "parity": 0, "fake": false}], [527, {"py/object": "odf.components.Command", "address": 3, "tr": 1, "sub_address": 2, "dword_count": 18, "parity": 0, "fake": false}], [2596, {"py/object": "odf.components.Status", "address": 3, "message_error_bit": "0", "instrumentation_bit": "0", "service_request_bit": "0", "reserved_bits": "000", "brdcst_received_bit": "0", "busy_bit": "0", "subsystem_flag_bit": "0", "dynamic_bus_control_accpt_bit": "0", "terminal_flag_bit": "1", "parity_bit": "1", "fake": false}], [2660, {"py/object": "odf.components.Data", "data": {"py/b64": "iKs="}, "fake": false}], [2721, {"py/object": "odf.components.Data", "data": {"py/b64": "JUI="}, "fake": false}], [2788, {"py/object": "odf.components.Data", "data": {"py/b64": "yLM="}, "fake": false}], [2847, {"py/object": "odf.components.Data", "data": {"py/b64": "fb0="}, "fake": false}], [2907, {"py/object": "odf.components.Data", "data": {"py/b64": "RYY="}, "fake": false}], [2971, {"py/object": "odf.components.Data", "data": {"py/b64": "7kI="}, "fake": false}], [3036, {"py/object": "odf.components.Data", "data": {"py/b64": "q80="}, "fake": false}], [3100, {"py/object": "odf.components.Data", "data": {"py/b64": "iEM="}, "fake": false}], [3162, {"py/object": "odf.components.Data", "data": {"py/b64": "768="}, "fake": false}], [3222, {"py/object": "odf.components.Data", "data": {"py/b64": "i0A="}, "fake": false}], [3279, {"py/object": "odf.components.Data", "data": {"py/b64": "ALA="}, "fake": false}], [3336, {"py/object": "odf.components.Data", "data": {"py/b64": "i0A="}, "fake": false}], [3403, {"py/object": "odf.components.Data", "data": {"py/b64": "2w8="}, "fake": false}], [3466, {"py/object": "odf.components.Data", "data": {"py/b64": "SUA="}, "fake": false}], [3527, {"py/object": "odf.components.Data", "data": {"py/b64": "pKM="}, "fake": false}], [3583, {"py/object": "odf.components.Data", "data": {"py/b64": "1kM="}, "fake": false}], [3645, {"py/object": "odf.components.Data", "data": {"py/b64": "tww="}, "fake": false}], [3709, {"py/object": "odf.components.Data", "data": {"py/b64": "OkQ="}, "fake": false}], [5761, {"py/object": "odf.components.Status", "address": 4, "message_error_bit": "0", "instrumentation_bit": "0", "service_request_bit": "0", "reserved_bits": "000", "brdcst_received_bit": "0", "busy_bit": "0", "subsystem_flag_bit": "0", "dynamic_bus_control_accpt_bit": "0", "terminal_flag_bit": "1", "parity_bit": "1", "fake": false}], [5842, {"py/object": "odf.components.Command", "address": 6, "tr": 0, "sub_address": 2, "dword_count": 28, "parity": 0, "fake": false}], [5858, {"py/object": "odf.components.Command", "address": 5, "tr": 1, "sub_address": 2, "dword_count": 28, "parity": 0, "fake": false}], [7917, {"py/object": "odf.components.Status", "address": 5, "message_error_bit": "0", "instrumentation_bit": "0", "service_request_bit": "0", "reserved_bits": "000", "brdcst_received_bit": "0", "busy_bit": "0", "subsystem_flag_bit": "0", "dynamic_bus_control_accpt_bit": "0", "terminal_flag_bit": "1", "parity_bit": "1", "fake": false}], [7971, {"py/object": "odf.components.Data", "data": {"py/b64": "wpE="}, "fake": false}], [8028, {"py/object": "odf.components.Data", "data": {"py/b64": "rEI="}, "fake": false}], [8092, {"py/object": "odf.components.Data", "data": {"py/b64": "SSg="}, "fake": false}], [8149, {"py/object": "odf.components.Data", "data": {"py/b64": "EkM="}, "fake": false}], [8205, {"py/object": "odf.components.Data", "data": {"py/b64": "z7A="}, "fake": false}], [8262, {"py/object": "odf.components.Data", "data": {"py/b64": "EcM="}, "fake": false}], [8327, {"py/object": "odf.components.Data", "data": {"py/b64": "ahU="}, "fake": false}], [8385, {"py/object": "odf.components.Data", "data": {"py/b64": "Tzw="}, "fake": false}], [8440, {"py/object": "odf.components.Data", "data": {"py/b64": "3ig="}, "fake": false}], [8494, {"py/object": "odf.components.Data", "data": {"py/b64": "kcE="}, "fake": false}], [8548, {"py/object": "odf.components.Data", "data": {"py/b64": "N+8="}, "fake": false}], [8601, {"py/object": "odf.components.Data", "data": {"py/b64": "UsE="}, "fake": false}], [8664, {"py/object": "odf.components.Data", "data": {"py/b64": "Jeg="}, "fake": false}], [8725, {"py/object": "odf.components.Data", "data": {"py/b64": "bL8="}, "fake": false}], [8782, {"py/object": "odf.components.Data", "data": {"py/b64": "KRk="}, "fake": false}], [8838, {"py/object": "odf.components.Data", "data": {"py/b64": "BMA="}, "fake": false}], [8896, {"py/object": "odf.components.Data", "data": {"py/b64": "0GE="}, "fake": false}], [8951, {"py/object": "odf.components.Data", "data": {"py/b64": "Bbw="}, "fake": false}], [9008, {"py/object": "odf.components.Data", "data": {"py/b64": "I64="}, "fake": false}], [9077, {"py/object": "odf.components.Data", "data": {"py/b64": "bkA="}, "fake": false}], [9141, {"py/object": "odf.components.Data", "data": {"py/b64": "rHU="}, "fake": false}], [9210, {"py/object": "odf.components.Data", "data": {"py/b64": "F0M="}, "fake": false}], [9279, {"py/object": "odf.components.Data", "data": {"py/b64": "dbY="}, "fake": false}], [9347, {"py/object": "odf.components.Data", "data": {"py/b64": "Db4="}, "fake": false}], [9400, {"py/object": "odf.components.Data", "data": {"py/b64": "TfE="}, "fake": false}], [9458, {"py/object": "odf.components.Data", "data": {"py/b64": "FsA="}, "fake": false}], [9512, {"py/object": "odf.components.Data", "data": {"py/b64": "cHg="}, "fake": false}], [9581, {"py/object": "odf.components.Data", "data": {"py/b64": "UEE="}, "fake": false}], [11670, {"py/object": "odf.components.Status", "address": 6, "message_error_bit": "0", "instrumentation_bit": "0", "service_request_bit": "0", "reserved_bits": "000", "brdcst_received_bit": "0", "busy_bit": "0", "subsystem_flag_bit": "0", "dynamic_bus_control_accpt_bit": "0", "terminal_flag_bit": "1", "parity_bit": "1", "fake": false}], [11736, {"py/object": "odf.components.Command", "address": 8, "tr": 0, "sub_address": 2, "dword_count": 8, "parity": 0, "fake": false}], [11749, {"py/object": "odf.components.Command", "address": 7, "tr": 1, "sub_address": 2, "dword_count": 8, "parity": 0, "fake": false}], [13805, {"py/object": "odf.components.Status", "address": 7, "message_error_bit": "0", "instrumentation_bit": "0", "service_request_bit": "0", "reserved_bits": "000", "brdcst_received_bit": "0", "busy_bit": "0", "subsystem_flag_bit": "0", "dynamic_bus_control_accpt_bit": "0", "terminal_flag_bit": "1", "parity_bit": "1", "fake": false}], [13871, {"py/object": "odf.components.Data", "data": {"py/b64": "xJ4="}, "fake": false}], [13932, {"py/object": "odf.components.Data", "data": {"py/b64": "YL0="}, "fake": false}], [13991, {"py/object": "odf.components.Data", "data": {"py/b64": "xsM="}, "fake": false}], [14050, {"py/object": "odf.components.Data", "data": {"py/b64": "FTo="}, "fake": false}], [14113, {"py/object": "odf.components.Data", "data": {"py/b64": "lOM="}, "fake": false}], [14169, {"py/object": "odf.components.Data", "data": {"py/b64": "Jz0="}, "fake": false}], [14229, {"py/object": "odf.components.Data", "data": {"py/b64": "z3E="}, "fake": false}], [14291, {"py/object": "odf.components.Data", "data": {"py/b64": "lDk="}, "fake": false}], [16384, {"py/object": "odf.components.Status", "address": 8, "message_error_bit": "0", "instrumentation_bit": "0", "service_request_bit": "0", "reserved_bits": "000", "brdcst_received_bit": "0", "busy_bit": "0", "subsystem_flag_bit": "0", "dynamic_bus_control_accpt_bit": "0", "terminal_flag_bit": "1", "parity_bit": "1", "fake": false}], [16444, {"py/object": "odf.components.Command", "address": 10, "tr": 0, "sub_address": 2, "dword_count": 12, "parity": 0, "fake": false}], [16460, {"py/object": "odf.components.Command", "address": 9, "tr": 1, "sub_address": 2, "dword_count": 12, "parity": 0, "fake": false}], [18520, {"py/object": "odf.components.Status", "address": 9, "message_error_bit": "0", "instrumentation_bit": "0", "service_request_bit": "0", "reserved_bits": "000", "brdcst_received_bit": "0", "busy_bit": "0", "subsystem_flag_bit": "0", "dynamic_bus_control_accpt_bit": "0", "terminal_flag_bit": "1", "parity_bit": "1", "fake": false}], [18582, {"py/object": "odf.components.Data", "data": {"py/b64": "L8E="}, "fake": false}], [18637, {"py/object": "odf.components.Data", "data": {"py/b64": "B0I="}, "fake": false}], [18694, {"py/object": "odf.components.Data", "data": {"py/b64": "ocg="}, "fake": false}], [18760, {"py/object": "odf.components.Data", "data": {"py/b64": "7MI="}, "fake": false}], [18818, {"py/object": "odf.components.Data", "data": {"py/b64": "vNY="}, "fake": false}], [18883, {"py/object": "odf.components.Data", "data": {"py/b64": "MUI="}, "fake": false}], [18946, {"py/object": "odf.components.Data", "data": {"py/b64": "K8E="}, "fake": false}], [19010, {"py/object": "odf.components.Data", "data": {"py/b64": "B0I="}, "fake": false}], [19083, {"py/object": "odf.components.Data", "data": {"py/b64": "tMg="}, "fake": false}], [19154, {"py/object": "odf.components.Data", "data": {"py/b64": "7MI="}, "fake": false}], [19215, {"py/object": "odf.components.Data", "data": {"py/b64": "ivU="}, "fake": false}], [19277, {"py/object": "odf.components.Data", "data": {"py/b64": "FEM="}, "fake": false}], [21395, {"py/object": "odf.components.Status", "address": 10, "message_error_bit": "0", "instrumentation_bit": "0", "service_request_bit": "0", "reserved_bits": "000", "brdcst_received_bit": "0", "busy_bit": "0", "subsystem_flag_bit": "0", "dynamic_bus_control_accpt_bit": "0", "terminal_flag_bit": "1", "parity_bit": "1", "fake": false}], [21437, {"py/object": "odf.components.Command", "address": 12, "tr": 0, "sub_address": 2, "dword_count": 16, "parity": 0, "fake": false}], [21452, {"py/object": "odf.components.Command", "address": 11, "tr": 1, "sub_address": 2, "dword_count": 16, "parity": 0, "fake": false}], [23511, {"py/object": "odf.components.Status", "address": 11, "message_error_bit": "0", "instrumentation_bit": "0", "service_request_bit": "0", "reserved_bits": "000", "brdcst_received_bit": "0", "busy_bit": "0", "subsystem_flag_bit": "0", "dynamic_bus_control_accpt_bit": "0", "terminal_flag_bit": "1", "parity_bit": "1", "fake": false}], [23571, {"py/object": "odf.components.Data", "data": {"py/b64": "d2Y="}, "fake": false}], [23629, {"py/object": "odf.components.Data", "data": {"py/b64": "Gjs="}, "fake": false}], [23687, {"py/object": "odf.components.Data", "data": {"py/b64": "AIo="}, "fake": false}], [23740, {"py/object": "odf.components.Data", "data": {"py/b64": "ZUE="}, "fake": false}], [23804, {"py/object": "odf.components.Data", "data": {"py/b64": "roc="}, "fake": false}], [23864, {"py/object": "odf.components.Data", "data": {"py/b64": "7EE="}, "fake": false}], [23923, {"py/object": "odf.components.Data", "data": {"py/b64": "sAg="}, "fake": false}], [23981, {"py/object": "odf.components.Data", "data": {"py/b64": "YEA="}, "fake": false}], [24041, {"py/object": "odf.components.Data", "data": {"py/b64": "Ac0="}, "fake": false}], [24097, {"py/object": "odf.components.Data", "data": {"py/b64": "5T8="}, "fake": false}], [24161, {"py/object": "odf.components.Data", "data": {"py/b64": "868="}, "fake": false}], [24217, {"py/object": "odf.components.Data", "data": {"py/b64": "Aj4="}, "fake": false}], [24270, {"py/object": "odf.components.Data", "data": {"py/b64": "TQU="}, "fake": false}], [24324, {"py/object": "odf.components.Data", "data": {"py/b64": "9z4="}, "fake": false}], [24376, {"py/object": "odf.components.Data", "data": {"py/b64": "LU0="}, "fake": false}], [24439, {"py/object": "odf.components.Data", "data": {"py/b64": "nEE="}, "fake": false}], [26535, {"py/object": "odf.components.Status", "address": 12, "message_error_bit": "0", "instrumentation_bit": "0", "service_request_bit": "0", "reserved_bits": "000", "brdcst_received_bit": "0", "busy_bit": "0", "subsystem_flag_bit": "0", "dynamic_bus_control_accpt_bit": "0", "terminal_flag_bit": "1", "parity_bit": "1", "fake": false}], [26691, {"py/object": "odf.components.Command", "address": 1, "tr": 0, "sub_address": 2, "dword_count": 4, "parity": 0, "fake": false}], [26744, {"py/object": "odf.components.Data", "data": {"py/b64": "AAA="}, "fake": false}], [26752, {"py/object": "odf.components.Data", "data": {"py/b64": "AAA="}, "fake": false}], [26762, {"py/object": "odf.components.Data", "data": {"py/b64": "AAA="}, "fake": false}], [26773, {"py/object": "odf.components.Data", "data": {"py/b64": "AAA="}, "fake": false}], [28831, {"py/object": "odf.components.Status", "address": 1, "message_error_bit": "0", "instrumentation_bit": "0", "service_request_bit": "0", "reserved_bits": "000", "brdcst_received_bit": "0", "busy_bit": "0", "subsystem_flag_bit": "0", "dynamic_bus_control_accpt_bit": "0", "terminal_flag_bit": "1", "parity_bit": "1", "fake": false}], [28969, {"py/object": "odf.components.Command", "address": 31, "tr": 0, "sub_address": 2, "dword_count": 1, "parity": 0, "fake": false}], [29048, {"py/object": "odf.components.Data", "data": {"py/b64": "//8="}, "fake": false}], [29060, {"py/object": "odf.components.Command", "address": 4, "tr": 0, "sub_address": 2, "dword_count": 18, "parity": 0, "fake": false}], [29070, {"py/object": "odf.components.Command", "address": 3, "tr": 1, "sub_address": 2, "dword_count": 18, "parity": 0, "fake": false}], [31118, {"py/object": "odf.components.Status", "address": 3, "message_error_bit": "0", "instrumentation_bit": "0", "service_request_bit": "0", "reserved_bits": "000", "brdcst_received_bit": "0", "busy_bit": "0", "subsystem_flag_bit": "0", "dynamic_bus_control_accpt_bit": "0", "terminal_flag_bit": "1", "parity_bit": "1", "fake": false}], [31175, {"py/object": "odf.components.Data", "data": {"py/b64": "7Q0="}, "fake": false}], [31234, {"py/object": "odf.components.Data", "data": {"py/b64": "WkM="}, "fake": false}], [31302, {"py/object": "odf.components.Data", "data": {"py/b64": "VFU="}, "fake": false}], [31361, {"py/object": "odf.components.Data", "data": {"py/b64": "h0Q="}, "fake": false}], [31421, {"py/object": "odf.components.Data", "data": {"py/b64": "zB4="}, "fake": false}], [31478, {"py/object": "odf.components.Data", "data": {"py/b64": "wkM="}, "fake": false}], [31541, {"py/object": "odf.components.Data", "data": {"py/b64": "tFI="}, "fake": false}], [31607, {"py/object": "odf.components.Data", "data": {"py/b64": "hUM="}, "fake": false}], [31674, {"py/object": "odf.components.Data", "data": {"py/b64": "qcw="}, "fake": false}], [31736, {"py/object": "odf.components.Data", "data": {"py/b64": "i0A="}, "fake": false}], [31802, {"py/object": "odf.components.Data", "data": {"py/b64": "yr8="}, "fake": false}], [31870, {"py/object": "odf.components.Data", "data": {"py/b64": "i0A="}, "fake": false}], [31932, {"py/object": "odf.components.Data", "data": {"py/b64": "Tfo="}, "fake": false}], [31995, {"py/object": "odf.components.Data", "data": {"py/b64": "QEA="}, "fake": false}], [32055, {"py/object": "odf.components.Data", "data": {"py/b64": "89c="}, "fake": false}], [32110, {"py/object": "odf.components.Data", "data": {"py/b64": "1UM="}, "fake": false}], [32172, {"py/object": "odf.components.Data", "data": {"py/b64": "tww="}, "fake": false}], [32239, {"py/object": "odf.components.Data", "data": {"py/b64": "OkQ="}, "fake": false}], [34308, {"py/object": "odf.components.Status", "address": 4, "message_error_bit": "0", "instrumentation_bit": "0", "service_request_bit": "0", "reserved_bits": "000", "brdcst_received_bit": "0", "busy_bit": "0", "subsystem_flag_bit": "0", "dynamic_bus_control_accpt_bit": "0", "terminal_flag_bit": "1", "parity_bit": "1", "fake": false}], [34387, {"py/object": "odf.components.Command", "address": 6, "tr": 0, "sub_address": 2, "dword_count": 28, "parity": 0, "fake": false}], [34401, {"py/object": "odf.components.Command", "address": 5, "tr": 1, "sub_address": 2, "dword_count": 28, "parity": 0, "fake": false}], [36454, {"py/object": "odf.components.Status", "address": 5, "message_error_bit": "0", "instrumentation_bit": "0", "service_request_bit": "0", "reserved_bits": "000", "brdcst_received_bit": "0", "busy_bit": "0", "subsystem_flag_bit": "0", "dynamic_bus_control_accpt_bit": "0", "terminal_flag_bit": "1", "parity_bit": "1", "fake": false}], [36512, {"py/object": "odf.components.Data", "data": {"py/b64": "qro="}, "fake": false}], [36582, {"py/object": "odf.components.Data", "data": {"py/b64": "cUM="}, "fake": false}], [36644, {"py/object": "odf.components.Data", "data": {"py/b64": "uEI="}, "fake": false}], [36702, {"py/object": "odf.components.Data", "data": {"py/b64": "zEM="}, "fake": false}], [36757, {"py/object": "odf.components.Data", "data": {"py/b64": "1p4="}, "fake": false}], [36827, {"py/object": "odf.components.Data", "data": {"py/b64": "ysM="}, "fake": false}], [36892, {"py/object": "odf.components.Data", "data": {"py/b64": "904="}, "fake": false}], [36955, {"py/object": "odf.components.Data", "data": {"py/b64": "i0E="}, "fake": false}], [37021, {"py/object": "odf.components.Data", "data": {"py/b64": "W+I="}, "fake": false}], [37083, {"py/object": "odf.components.Data", "data": {"py/b64": "ScI="}, "fake": false}], [37152, {"py/object": "odf.components.Data", "data": {"py/b64": "qsg="}, "fake": false}], [37214, {"py/object": "odf.components.Data", "data": {"py/b64": "ZcA="}, "fake": false}], [37277, {"py/object": "odf.components.Data", "data": {"py/b64": "MI0="}, "fake": false}], [37341, {"py/object": "odf.components.Data", "data": {"py/b64": "R0A="}, "fake": false}], [37407, {"py/object": "odf.components.Data", "data": {"py/b64": "hAI="}, "fake": false}], [37473, {"py/object": "odf.components.Data", "data": {"py/b64": "Tb8="}, "fake": false}], [37536, {"py/object": "odf.components.Data", "data": {"py/b64": "Q5Q="}, "fake": false}], [37602, {"py/object": "odf.components.Data", "data": {"py/b64": "kb8="}, "fake": false}], [37666, {"py/object": "odf.components.Data", "data": {"py/b64": "UZE="}, "fake": false}], [37737, {"py/object": "odf.components.Data", "data": {"py/b64": "IcE="}, "fake": false}], [37807, {"py/object": "odf.components.Data", "data": {"py/b64": "cfg="}, "fake": false}], [37879, {"py/object": "odf.components.Data", "data": {"py/b64": "zEM="}, "fake": false}], [37950, {"py/object": "odf.components.Data", "data": {"py/b64": "0bU="}, "fake": false}], [38016, {"py/object": "odf.components.Data", "data": {"py/b64": "E78="}, "fake": false}], [38076, {"py/object": "odf.components.Data", "data": {"py/b64": "Zis="}, "fake": false}], [38133, {"py/object": "odf.components.Data", "data": {"py/b64": "vT8="}, "fake": false}], [38193, {"py/object": "odf.components.Data", "data": {"py/b64": "GDg="}, "fake": false}], [38265, {"py/object": "odf.components.Data", "data": {"py/b64": "WUA="}, "fake": false}], [40354, {"py/object": "odf.components.Status", "address": 6, "message_error_bit": "0", "instrumentation_bit": "0", "service_request_bit": "0", "reserved_bits": "000", "brdcst_received_bit": "0", "busy_bit": "0", "subsystem_flag_bit": "0", "dynamic_bus_control_accpt_bit": "0", "terminal_flag_bit": "1", "parity_bit": "1", "fake": false}], [40427, {"py/object": "odf.components.Command", "address": 8, "tr": 0, "sub_address": 2, "dword_count": 8, "parity": 0, "fake": false}], [40441, {"py/object": "odf.components.Command", "address": 7, "tr": 1, "sub_address": 2, "dword_count": 8, "parity": 0, "fake": false}], [42500, {"py/object": "odf.components.Status", "address": 7, "message_error_bit": "0", "instrumentation_bit": "0", "service_request_bit": "0", "reserved_bits": "000", "brdcst_received_bit": "0", "busy_bit": "0", "subsystem_flag_bit": "0", "dynamic_bus_control_accpt_bit": "0", "terminal_flag_bit": "1", "parity_bit": "1", "fake": false}], [42569, {"py/object": "odf.components.Data", "data": {"py/b64": "Qdg="}, "fake": false}], [42644, {"py/object": "odf.components.Data", "data": {"py/b64": "h70="}, "fake": false}], [42708, {"py/object": "odf.components.Data", "data": {"py/b64": "3H8="}, "fake": false}], [42778, {"py/object": "odf.components.Data", "data": {"py/b64": "7rs="}, "fake": false}], [42848, {"py/object": "odf.components.Data", "data": {"py/b64": "2/Y="}, "fake": false}], [42918, {"py/object": "odf.components.Data", "data": {"py/b64": "3jw="}, "fake": false}], [42989, {"py/object": "odf.components.Data", "data": {"py/b64": "kWg="}, "fake": false}], [43059, {"py/object": "odf.components.Data", "data": {"py/b64": "Mbk="}, "fake": false}], [45153, {"py/object": "odf.components.Status", "address": 8, "message_error_bit": "0", "instrumentation_bit": "0", "service_request_bit": "0", "reserved_bits": "000", "brdcst_received_bit": "0", "busy_bit": "0", "subsystem_flag_bit": "0", "dynamic_bus_control_accpt_bit": "0", "terminal_flag_bit": "1", "parity_bit": "1", "fake": false}], [45212, {"py/object": "odf.components.Command", "address": 10, "tr": 0, "sub_address": 2, "dword_count": 12, "parity": 0, "fake": false}], [45225, {"py/object": "odf.components.Command", "address": 9, "tr": 1, "sub_address": 2, "dword_count": 12, "parity": 0, "fake": false}], [47278, {"py/object": "odf.components.Status", "address": 9, "message_error_bit": "0", "instrumentation_bit": "0", "service_request_bit": "0", "reserved_bits": "000", "brdcst_received_bit": "0", "busy_bit": "0", "subsystem_flag_bit": "0", "dynamic_bus_control_accpt_bit": "0", "terminal_flag_bit": "1", "parity_bit": "1", "fake": false}], [47333, {"py/object": "odf.components.Data", "data": {"py/b64": "rL0="}, "fake": false}], [47392, {"py/object": "odf.components.Data", "data": {"py/b64": "B0I="}, "fake": false}], [47456, {"py/object": "odf.components.Data", "data": {"py/b64": "jdk="}, "fake": false}], [47517, {"py/object": "odf.components.Data", "data": {"py/b64": "7MI="}, "fake": false}], [47577, {"py/object": "odf.components.Data", "data": {"py/b64": "YdU="}, "fake": false}], [47636, {"py/object": "odf.components.Data", "data": {"py/b64": "WEM="}, "fake": false}], [47700, {"py/object": "odf.components.Data", "data": {"py/b64": "pr0="}, "fake": false}], [47767, {"py/object": "odf.components.Data", "data": {"py/b64": "B0I="}, "fake": false}], [47828, {"py/object": "odf.components.Data", "data": {"py/b64": "pdk="}, "fake": false}], [47891, {"py/object": "odf.components.Data", "data": {"py/b64": "7MI="}, "fake": false}], [47956, {"py/object": "odf.components.Data", "data": {"py/b64": "A4c="}, "fake": false}], [48035, {"py/object": "odf.components.Data", "data": {"py/b64": "MkQ="}, "fake": false}], [50141, {"py/object": "odf.components.Status", "address": 10, "message_error_bit": "0", "instrumentation_bit": "0", "service_request_bit": "0", "reserved_bits": "000", "brdcst_received_bit": "0", "busy_bit": "0", "subsystem_flag_bit": "0", "dynamic_bus_control_accpt_bit": "0", "terminal_flag_bit": "1", "parity_bit": "1", "fake": false}], [50218, {"py/object": "odf.components.Command", "address": 12, "tr": 0, "sub_address": 2, "dword_count": 16, "parity": 0, "fake": false}], [50230, {"py/object": "odf.components.Command", "address": 11, "tr": 1, "sub_address": 2, "dword_count": 16, "parity": 0, "fake": false}], [52292, {"py/object": "odf.components.Status", "address": 11, "message_error_bit": "0", "instrumentation_bit": "0", "service_request_bit": "0", "reserved_bits": "000", "brdcst_received_bit": "0", "busy_bit": "0", "subsystem_flag_bit": "0", "dynamic_bus_control_accpt_bit": "0", "terminal_flag_bit": "1", "parity_bit": "1", "fake": false}], [52356, {"py/object": "odf.components.Data", "data": {"py/b64": "dfg="}, "fake": false}], [52412, {"py/object": "odf.components.Data", "data": {"py/b64": "Fzs="}, "fake": false}], [52471, {"py/object": "odf.components.Data", "data": {"py/b64": "YF8="}, "fake": false}], [52531, {"py/object": "odf.components.Data", "data": {"py/b64": "VUE="}, "fake": false}], [52588, {"py/object": "odf.components.Data", "data": {"py/b64": "ejE="}, "fake": false}], [52646, {"py/object": "odf.components.Data", "data": {"py/b64": "6EE="}, "fake": false}], [52702, {"py/object": "odf.components.Data", "data": {"py/b64": "v80="}, "fake": false}], [52759, {"py/object": "odf.components.Data", "data": {"py/b64": "aEA="}, "fake": false}], [52824, {"py/object": "odf.components.Data", "data": {"py/b64": "AAo="}, "fake": false}], [52888, {"py/object": "odf.components.Data", "data": {"py/b64": "8z8="}, "fake": false}], [52943, {"py/object": "odf.components.Data", "data": {"py/b64": "Xe8="}, "fake": false}], [53006, {"py/object": "odf.components.Data", "data": {"py/b64": "0T0="}, "fake": false}], [53076, {"py/object": "odf.components.Data", "data": {"py/b64": "XVw="}, "fake": false}], [53141, {"py/object": "odf.components.Data", "data": {"py/b64": "jz0="}, "fake": false}], [53198, {"py/object": "odf.components.Data", "data": {"py/b64": "3zg="}, "fake": false}], [53254, {"py/object": "odf.components.Data", "data": {"py/b64": "rEE="}, "fake": false}], [55338, {"py/object": "odf.components.Status", "address": 12, "message_error_bit": "0", "instrumentation_bit": "0", "service_request_bit": "0", "reserved_bits": "000", "brdcst_received_bit": "0", "busy_bit": "0", "subsystem_flag_bit": "0", "dynamic_bus_control_accpt_bit": "0", "terminal_flag_bit": "1", "parity_bit": "1", "fake": false}], [55452, {"py/object": "odf.components.Command", "address": 1, "tr": 0, "sub_address": 2, "dword_count": 4, "parity": 0, "fake": false}], [55541, {"py/object": "odf.components.Data", "data": {"py/b64": "AAA="}, "fake": false}], [55601, {"py/object": "odf.components.Data", "data": {"py/b64": "AAA="}, "fake": false}], [55613, {"py/object": "odf.components.Data", "data": {"py/b64": "AAA="}, "fake": false}], [55624, {"py/object": "odf.components.Data", "data": {"py/b64": "AAA="}, "fake": false}], [57661, {"py/object": "odf.components.Status", "address": 1, "message_error_bit": "0", "instrumentation_bit": "0", "service_request_bit": "0", "reserved_bits": "000", "brdcst_received_bit": "0", "busy_bit": "0", "subsystem_flag_bit": "0", "dynamic_bus_control_accpt_bit": "0", "terminal_flag_bit": "1", "parity_bit": "1", "fake": false}], [57808, {"py/object": "odf.components.Command", "address": 31, "tr": 0, "sub_address": 2, "dword_count": 1, "parity": 0, "fake": false}], [57892, {"py/object": "odf.components.Data", "data": {"py/b64": "//8="}, "fake": false}], [57910, {"py/object": "odf.components.Command", "address": 4, "tr": 0, "sub_address": 2, "dword_count": 18, "parity": 0, "fake": false}], [57923, {"py/object": "odf.components.Command", "address": 3, "tr": 1, "sub_address": 2, "dword_count": 18, "parity": 0, "fake": false}], [59970, {"py/object": "odf.components.Status", "address": 3, "message_error_bit": "0", "instrumentation_bit": "0", "service_request_bit": "0", "reserved_bits": "000", "brdcst_received_bit": "0", "busy_bit": "0", "subsystem_flag_bit": "0", "dynamic_bus_control_accpt_bit": "0", "terminal_flag_bit": "1", "parity_bit": "1", "fake": false}], [60040, {"py/object": "odf.components.Data", "data": {"py/b64": "DB4="}, "fake": false}], [60115, {"py/object": "odf.components.Data", "data": {"py/b64": "ekM="}, "fake": false}], [60182, {"py/object": "odf.components.Data", "data": {"py/b64": "CEI="}, "fake": false}], [60248, {"py/object": "odf.components.Data", "data": {"py/b64": "AEU="}, "fake": false}], [60316, {"py/object": "odf.components.Data", "data": {"py/b64": "aLc="}, "fake": false}], [60382, {"py/object": "odf.components.Data", "data": {"py/b64": "h0Q="}, "fake": false}], [60458, {"py/object": "odf.components.Data", "data": {"py/b64": "U9E="}, "fake": false}], [60520, {"py/object": "odf.components.Data", "data": {"py/b64": "YEM="}, "fake": false}], [60585, {"py/object": "odf.components.Data", "data": {"py/b64": "VMw="}, "fake": false}], [60647, {"py/object": "odf.components.Data", "data": {"py/b64": "g0A="}, "fake": false}], [60720, {"py/object": "odf.components.Data", "data": {"py/b64": "sMI="}, "fake": false}], [60792, {"py/object": "odf.components.Data", "data": {"py/b64": "g0A="}, "fake": false}], [60857, {"py/object": "odf.components.Data", "data": {"py/b64": "daY="}, "fake": false}], [60924, {"py/object": "odf.components.Data", "data": {"py/b64": "QkA="}, "fake": false}], [60984, {"py/object": "odf.components.Data", "data": {"py/b64": "oVY="}, "fake": false}], [61057, {"py/object": "odf.components.Data", "data": {"py/b64": "1UM="}, "fake": false}], [61121, {"py/object": "odf.components.Data", "data": {"py/b64": "tww="}, "fake": false}], [61194, {"py/object": "odf.components.Data", "data": {"py/b64": "OkQ="}, "fake": false}], [63312, {"py/object": "odf.components.Status", "address": 4, "message_error_bit": "0", "instrumentation_bit": "0", "service_request_bit": "0", "reserved_bits": "000", "brdcst_received_bit": "0", "busy_bit": "0", "subsystem_flag_bit": "0", "dynamic_bus_control_accpt_bit": "0", "terminal_flag_bit": "1", "parity_bit": "1", "fake": false}], [63371, {"py/object": "odf.components.Command", "address": 6, "tr": 0, "sub_address": 2, "dword_count": 28, "parity": 0, "fake": false}], [63385, {"py/object": "odf.components.Command", "address": 5, "tr": 1, "sub_address": 2, "dword_count": 28, "parity": 0, "fake": false}], [65450, {"py/object": "odf.components.Status", "address": 5, "message_error_bit": "0", "instrumentation_bit": "0", "service_request_bit": "0", "reserved_bits": "000", "brdcst_received_bit": "0", "busy_bit": "0", "subsystem_flag_bit": "0", "dynamic_bus_control_accpt_bit": "0", "terminal_flag_bit": "1", "parity_bit": "1", "fake": false}], [65529, {"py/object": "odf.components.Data", "data": {"py/b64": "ELs="}, "fake": false}], [65601, {"py/object": "odf.components.Data", "data": {"py/b64": "dUM="}, "fake": false}], [65676, {"py/object": "odf.components.Data", "data": {"py/b64": "bRU="}, "fake": false}], [65752, {"py/object": "odf.components.Data", "data": {"py/b64": "0EM="}, "fake": false}], [65822, {"py/object": "odf.components.Data", "data": {"py/b64": "jJc="}, "fake": false}], [65902, {"py/object": "odf.components.Data", "data": {"py/b64": "qsM="}, "fake": false}], [65981, {"py/object": "odf.components.Data", "data": {"py/b64": "IzA="}, "fake": false}], [66053, {"py/object": "odf.components.Data", "data": {"py/b64": "CUI="}, "fake": false}], [66126, {"py/object": "odf.components.Data", "data": {"py/b64": "u+0="}, "fake": false}], [66190, {"py/object": "odf.components.Data", "data": {"py/b64": "bMM="}, "fake": false}], [66252, {"py/object": "odf.components.Data", "data": {"py/b64": "D5o="}, "fake": false}], [66332, {"py/object": "odf.components.Data", "data": {"py/b64": "EEE="}, "fake": false}], [66408, {"py/object": "odf.components.Data", "data": {"py/b64": "1Hs="}, "fake": false}], [66483, {"py/object": "odf.components.Data", "data": {"py/b64": "774="}, "fake": false}], [66555, {"py/object": "odf.components.Data", "data": {"py/b64": "GVk="}, "fake": false}], [66631, {"py/object": "odf.components.Data", "data": {"py/b64": "V8E="}, "fake": false}], [66699, {"py/object": "odf.components.Data", "data": {"py/b64": "u78="}, "fake": false}], [66768, {"py/object": "odf.components.Data", "data": {"py/b64": "jMA="}, "fake": false}], [66830, {"py/object": "odf.components.Data", "data": {"py/b64": "4GI="}, "fake": false}], [66901, {"py/object": "odf.components.Data", "data": {"py/b64": "DME="}, "fake": false}], [66966, {"py/object": "odf.components.Data", "data": {"py/b64": "Zxc="}, "fake": false}], [67032, {"py/object": "odf.components.Data", "data": {"py/b64": "0EM="}, "fake": false}], [67102, {"py/object": "odf.components.Data", "data": {"py/b64": "mLM="}, "fake": false}], [67174, {"py/object": "odf.components.Data", "data": {"py/b64": "WME="}, "fake": false}], [67227, {"py/object": "odf.components.Data", "data": {"py/b64": "Gf8="}, "fake": false}], [67292, {"py/object": "odf.components.Data", "data": {"py/b64": "zUA="}, "fake": false}], [67350, {"py/object": "odf.components.Data", "data": {"py/b64": "Y84="}, "fake": false}], [67411, {"py/object": "odf.components.Data", "data": {"py/b64": "qT4="}, "fake": false}], [69536, {"py/object": "odf.components.Status", "address": 6, "message_error_bit": "0", "instrumentation_bit": "0", "service_request_bit": "0", "reserved_bits": "000", "brdcst_received_bit": "0", "busy_bit": "0", "subsystem_flag_bit": "0", "dynamic_bus_control_accpt_bit": "0", "terminal_flag_bit": "1", "parity_bit": "1", "fake": false}], [69595, {"py/object": "odf.components.Command", "address": 8, "tr": 0, "sub_address": 2, "dword_count": 8, "parity": 0, "fake": false}], [69605, {"py/object": "odf.components.Command", "address": 7, "tr": 1, "sub_address": 2, "dword_count": 8, "parity": 0, "fake": false}], [71670, {"py/object": "odf.components.Status", "address": 7, "message_error_bit": "0", "instrumentation_bit": "0", "service_request_bit": "0", "reserved_bits": "000", "brdcst_received_bit": "0", "busy_bit": "0", "subsystem_flag_bit": "0", "dynamic_bus_control_accpt_bit": "0", "terminal_flag_bit": "1", "parity_bit": "1", "fake": false}], [71740, {"py/object": "odf.components.Data", "data": {"py/b64": "8hg="}, "fake": false}], [71806, {"py/object": "odf.components.Data", "data": {"py/b64": "2L0="}, "fake": false}], [71876, {"py/object": "odf.components.Data", "data": {"py/b64": "LC4="}, "fake": false}], [71943, {"py/object": "odf.components.Data", "data": {"py/b64": "6T4="}, "fake": false}], [72011, {"py/object": "odf.components.Data", "data": {"py/b64": "XKU="}, "fake": false}], [72085, {"py/object": "odf.components.Data", "data": {"py/b64": "3zw="}, "fake": false}], [72163, {"py/object": "odf.components.Data", "data": {"py/b64": "oMk="}, "fake": false}], [72247, {"py/object": "odf.components.Data", "data": {"py/b64": "zrk="}, "fake": false}], [74378, {"py/object": "odf.components.Status", "address": 8, "message_error_bit": "0", "instrumentation_bit": "0", "service_request_bit": "0", "reserved_bits": "000", "brdcst_received_bit": "0", "busy_bit": "0", "subsystem_flag_bit": "0", "dynamic_bus_control_accpt_bit": "0", "terminal_flag_bit": "1", "parity_bit": "1", "fake": false}], [74427, {"py/object": "odf.components.Command", "address": 10, "tr": 0, "sub_address": 2, "dword_count": 12, "parity": 0, "fake": false}], [74438, {"py/object": "odf.components.Command", "address": 9, "tr": 1, "sub_address": 2, "dword_count": 12, "parity": 0, "fake": false}], [76498, {"py/object": "odf.components.Status", "address": 9, "message_error_bit": "0", "instrumentation_bit": "0", "service_request_bit": "0", "reserved_bits": "000", "brdcst_received_bit": "0", "busy_bit": "0", "subsystem_flag_bit": "0", "dynamic_bus_control_accpt_bit": "0", "terminal_flag_bit": "1", "parity_bit": "1", "fake": false}], [76563, {"py/object": "odf.components.Data", "data": {"py/b64": "464="}, "fake": false}], [76634, {"py/object": "odf.components.Data", "data": {"py/b64": "B0I="}, "fake": false}], [76705, {"py/object": "odf.components.Data", "data": {"py/b64": "1uo="}, "fake": false}], [76771, {"py/object": "odf.components.Data", "data": {"py/b64": "7MI="}, "fake": false}], [76842, {"py/object": "odf.components.Data", "data": {"py/b64": "Npo="}, "fake": false}], [76912, {"py/object": "odf.components.Data", "data": {"py/b64": "/UM="}, "fake": false}], [76978, {"py/object": "odf.components.Data", "data": {"py/b64": "xq4="}, "fake": false}], [77041, {"py/object": "odf.components.Data", "data": {"py/b64": "B0I="}, "fake": false}], [77111, {"py/object": "odf.components.Data", "data": {"py/b64": "5Oo="}, "fake": false}], [77177, {"py/object": "odf.components.Data", "data": {"py/b64": "7MI="}, "fake": false}], [77248, {"py/object": "odf.components.Data", "data": {"py/b64": "nnM="}, "fake": false}], [77315, {"py/object": "odf.components.Data", "data": {"py/b64": "0EQ="}, "fake": false}], [79448, {"py/object": "odf.components.Status", "address": 10, "message_error_bit": "0", "instrumentation_bit": "0", "service_request_bit": "0", "reserved_bits": "000", "brdcst_received_bit": "0", "busy_bit": "0", "subsystem_flag_bit": "0", "dynamic_bus_control_accpt_bit": "0", "terminal_flag_bit": "1", "parity_bit": "1", "fake": false}], [79517, {"py/object": "odf.components.Command", "address": 12, "tr": 0, "sub_address": 2, "dword_count": 16, "parity": 0, "fake": false}], [79533, {"py/object": "odf.components.Command", "address": 11, "tr": 1, "sub_address": 2, "dword_count": 16, "parity": 0, "fake": false}], [81589, {"py/object": "odf.components.Status", "address": 11, "message_error_bit": "0", "instrumentation_bit": "0", "service_request_bit": "0", "reserved_bits": "000", "brdcst_received_bit": "0", "busy_bit": "0", "subsystem_flag_bit": "0", "dynamic_bus_control_accpt_bit": "0", "terminal_flag_bit": "1", "parity_bit": "1", "fake": false}], [81658, {"py/object": "odf.components.Data", "data": {"py/b64": "BHY="}, "fake": false}], [81729, {"py/object": "odf.components.Data", "data": {"py/b64": "Ezs="}, "fake": false}], [81796, {"py/object": "odf.components.Data", "data": {"py/b64": "IAo="}, "fake": false}], [81866, {"py/object": "odf.components.Data", "data": {"py/b64": "NUE="}, "fake": false}], [81939, {"py/object": "odf.components.Data", "data": {"py/b64": "H5k="}, "fake": false}], [82006, {"py/object": "odf.components.Data", "data": {"py/b64": "30E="}, "fake": false}], [82077, {"py/object": "odf.components.Data", "data": {"py/b64": "lcU="}, "fake": false}], [82144, {"py/object": "odf.components.Data", "data": {"py/b64": "n0A="}, "fake": false}], [82208, {"py/object": "odf.components.Data", "data": {"py/b64": "IYk="}, "fake": false}], [82276, {"py/object": "odf.components.Data", "data": {"py/b64": "JUA="}, "fake": false}], [82346, {"py/object": "odf.components.Data", "data": {"py/b64": "l6s="}, "fake": false}], [82410, {"py/object": "odf.components.Data", "data": {"py/b64": "Zj0="}, "fake": false}], [82476, {"py/object": "odf.components.Data", "data": {"py/b64": "BL8="}, "fake": false}], [82540, {"py/object": "odf.components.Data", "data": {"py/b64": "Vj0="}, "fake": false}], [82612, {"py/object": "odf.components.Data", "data": {"py/b64": "d60="}, "fake": false}], [82688, {"py/object": "odf.components.Data", "data": {"py/b64": "nUE="}, "fake": false}], [84807, {"py/object": "odf.components.Status", "address": 12, "message_error_bit": "0", "instrumentation_bit": "0", "service_request_bit": "0", "reserved_bits": "000", "brdcst_received_bit": "0", "busy_bit": "0", "subsystem_flag_bit": "0", "dynamic_bus_control_accpt_bit": "0", "terminal_flag_bit": "1", "parity_bit": "1", "fake": false}], [84981, {"py/object": "odf.components.Command", "address": 1, "tr": 0, "sub_address": 2, "dword_count": 4, "parity": 0, "fake": false}], [85042, {"py/object": "odf.components.Data", "data": {"py/b64": "AAA="}, "fake": false}], [85059, {"py/object": "odf.components.Data", "data": {"py/b64": "AAA="}, "fake": false}], [85075, {"py/object": "odf.components.Data", "data": {"py/b64": "AAA="}, "fake": false}], [85087, {"py/object": "odf.components.Data", "data": {"py/b64": "AAA="}, "fake": false}], [87134, {"py/object": "odf.components.Status", "address": 1, "message_error_bit": "0", "instrumentation_bit": "0", "service_request_bit": "0", "reserved_bits": "000", "brdcst_received_bit": "0", "busy_bit": "0", "subsystem_flag_bit": "0", "dynamic_bus_control_accpt_bit": "0", "terminal_flag_bit": "1", "parity_bit": "1", "fake": false}], [87282, {"py/object": "odf.components.Command", "address": 31, "tr": 0, "sub_address": 2, "dword_count": 1, "parity": 0, "fake": false}], [87333, {"py/object": "odf.components.Data", "data": {"py/b64": "//8="}, "fake": false}], [87345, {"py/object": "odf.components.Command", "address": 4, "tr": 0, "sub_address": 2, "dword_count": 18, "parity": 0, "fake": false}], [87357, {"py/object": "odf.components.Command", "address": 3, "tr": 1, "sub_address": 2, "dword_count": 18, "parity": 0, "fake": false}], [89401, {"py/object": "odf.components.Status", "address": 3, "message_error_bit": "0", "instrumentation_bit": "0", "service_request_bit": "0", "reserved_bits": "000", "brdcst_received_bit": "0", "busy_bit": "0", "subsystem_flag_bit": "0", "dynamic_bus_control_accpt_bit": "0", "terminal_flag_bit": "1", "parity_bit": "1", "fake": false}], [89475, {"py/object": "odf.components.Data", "data": {"py/b64": "QQY="}, "fake": false}], [89545, {"py/object": "odf.components.Data", "data": {"py/b64": "ekM="}, "fake": false}], [89600, {"py/object": "odf.components.Data", "data": {"py/b64": "7QQ="}, "fake": false}], [89670, {"py/object": "odf.components.Data", "data": {"py/b64": "AUU="}, "fake": false}], [89735, {"py/object": "odf.components.Data", "data": {"py/b64": "IS0="}, "fake": false}], [89795, {"py/object": "odf.components.Data", "data": {"py/b64": "A0U="}, "fake": false}], [89860, {"py/object": "odf.components.Data", "data": {"py/b64": "+3s="}, "fake": false}], [89922, {"py/object": "odf.components.Data", "data": {"py/b64": "D0M="}, "fake": false}], [90045, {"py/object": "odf.components.Data", "data": {"py/b64": "i30="}, "fake": false}], [90067, {"py/object": "odf.components.Data", "data": {"py/b64": "QkA="}, "fake": false}], [90133, {"py/object": "odf.components.Data", "data": {"py/b64": "xmw="}, "fake": false}], [90208, {"py/object": "odf.components.Data", "data": {"py/b64": "QkA="}, "fake": false}], [90285, {"py/object": "odf.components.Data", "data": {"py/b64": "yQA="}, "fake": false}], [90356, {"py/object": "odf.components.Data", "data": {"py/b64": "Q0A="}, "fake": false}], [90421, {"py/object": "odf.components.Data", "data": {"py/b64": "T9s="}, "fake": false}], [90485, {"py/object": "odf.components.Data", "data": {"py/b64": "1EM="}, "fake": false}], [90553, {"py/object": "odf.components.Data", "data": {"py/b64": "tww="}, "fake": false}], [90630, {"py/object": "odf.components.Data", "data": {"py/b64": "OkQ="}, "fake": false}], [92742, {"py/object": "odf.components.Status", "address": 4, "message_error_bit": "0", "instrumentation_bit": "0", "service_request_bit": "0", "reserved_bits": "000", "brdcst_received_bit": "0", "busy_bit": "0", "subsystem_flag_bit": "0", "dynamic_bus_control_accpt_bit": "0", "terminal_flag_bit": "1", "parity_bit": "1", "fake": false}], [92800, {"py/object": "odf.components.Command", "address": 6, "tr": 0, "sub_address": 2, "dword_count": 28, "parity": 0, "fake": false}], [92813, {"py/object": "odf.components.Command", "address": 5, "tr": 1, "sub_address": 2, "dword_count": 28, "parity": 0, "fake": false}], [94870, {"py/object": "odf.components.Status", "address": 5, "message_error_bit": "0", "instrumentation_bit": "0", "service_request_bit": "0", "reserved_bits": "000", "brdcst_received_bit": "0", "busy_bit": "0", "subsystem_flag_bit": "0", "dynamic_bus_control_accpt_bit": "0", "terminal_flag_bit": "1", "parity_bit": "1", "fake": false}], [94939, {"py/object": "odf.components.Data", "data": {"py/b64": "dtg="}, "fake": false}], [95018, {"py/object": "odf.components.Data", "data": {"py/b64": "fUM="}, "fake": false}], [95084, {"py/object": "odf.components.Data", "data": {"py/b64": "wuk="}, "fake": false}], [95148, {"py/object": "odf.components.Data", "data": {"py/b64": "1kM="}, "fake": false}], [95212, {"py/object": "odf.components.Data", "data": {"py/b64": "H5k="}, "fake": false}], [95275, {"py/object": "odf.components.Data", "data": {"py/b64": "MkI="}, "fake": false}], [95354, {"py/object": "odf.components.Data", "data": {"py/b64": "UCk="}, "fake": false}], [95424, {"py/object": "odf.components.Data", "data": {"py/b64": "CUI="}, "fake": false}], [95489, {"py/object": "odf.components.Data", "data": {"py/b64": "dwo="}, "fake": false}], [95555, {"py/object": "odf.components.Data", "data": {"py/b64": "1cM="}, "fake": false}], [95622, {"py/object": "odf.components.Data", "data": {"py/b64": "itI="}, "fake": false}], [95698, {"py/object": "odf.components.Data", "data": {"py/b64": "ckE="}, "fake": false}], [95766, {"py/object": "odf.components.Data", "data": {"py/b64": "pdg="}, "fake": false}], [95830, {"py/object": "odf.components.Data", "data": {"py/b64": "vL0="}, "fake": false}], [95902, {"py/object": "odf.components.Data", "data": {"py/b64": "aXc="}, "fake": false}], [95968, {"py/object": "odf.components.Data", "data": {"py/b64": "mD8="}, "fake": false}], [96031, {"py/object": "odf.components.Data", "data": {"py/b64": "b3M="}, "fake": false}], [96098, {"py/object": "odf.components.Data", "data": {"py/b64": "9sA="}, "fake": false}], [96160, {"py/object": "odf.components.Data", "data": {"py/b64": "5C8="}, "fake": false}], [96224, {"py/object": "odf.components.Data", "data": {"py/b64": "BcE="}, "fake": false}], [96290, {"py/object": "odf.components.Data", "data": {"py/b64": "yuo="}, "fake": false}], [96358, {"py/object": "odf.components.Data", "data": {"py/b64": "1kM="}, "fake": false}], [96420, {"py/object": "odf.components.Data", "data": {"py/b64": "fmU="}, "fake": false}], [96482, {"py/object": "odf.components.Data", "data": {"py/b64": "WME="}, "fake": false}], [96551, {"py/object": "odf.components.Data", "data": {"py/b64": "x04="}, "fake": false}], [96623, {"py/object": "odf.components.Data", "data": {"py/b64": "0EA="}, "fake": false}], [96698, {"py/object": "odf.components.Data", "data": {"py/b64": "xFc="}, "fake": false}], [96782, {"py/object": "odf.components.Data", "data": {"py/b64": "zj4="}, "fake": false}], [98879, {"py/object": "odf.components.Status", "address": 6, "message_error_bit": "0", "instrumentation_bit": "0", "service_request_bit": "0", "reserved_bits": "000", "brdcst_received_bit": "0", "busy_bit": "0", "subsystem_flag_bit": "0", "dynamic_bus_control_accpt_bit": "0", "terminal_flag_bit": "1", "parity_bit": "1", "fake": false}], [98933, {"py/object": "odf.components.Command", "address": 8, "tr": 0, "sub_address": 2, "dword_count": 8, "parity": 0, "fake": false}], [98949, {"py/object": "odf.components.Command", "address": 7, "tr": 1, "sub_address": 2, "dword_count": 8, "parity": 0, "fake": false}], [101015, {"py/object": "odf.components.Status", "address": 7, "message_error_bit": "0", "instrumentation_bit": "0", "service_request_bit": "0", "reserved_bits": "000", "brdcst_received_bit": "0", "busy_bit": "0", "subsystem_flag_bit": "0", "dynamic_bus_control_accpt_bit": "0", "terminal_flag_bit": "1", "parity_bit": "1", "fake": false}], [101088, {"py/object": "odf.components.Data", "data": {"py/b64": "19Q="}, "fake": false}], [101156, {"py/object": "odf.components.Data", "data": {"py/b64": "1b0="}, "fake": false}], [101232, {"py/object": "odf.components.Data", "data": {"py/b64": "CV4="}, "fake": false}], [101308, {"py/object": "odf.components.Data", "data": {"py/b64": "4j4="}, "fake": false}], [101389, {"py/object": "odf.components.Data", "data": {"py/b64": "xIE="}, "fake": false}], [101466, {"py/object": "odf.components.Data", "data": {"py/b64": "5Dw="}, "fake": false}], [101545, {"py/object": "odf.components.Data", "data": {"py/b64": "AdE="}, "fake": false}], [101629, {"py/object": "odf.components.Data", "data": {"py/b64": "Yjk="}, "fake": false}], [103748, {"py/object": "odf.components.Status", "address": 8, "message_error_bit": "0", "instrumentation_bit": "0", "service_request_bit": "0", "reserved_bits": "000", "brdcst_received_bit": "0", "busy_bit": "0", "subsystem_flag_bit": "0", "dynamic_bus_control_accpt_bit": "0", "terminal_flag_bit": "1", "parity_bit": "1", "fake": false}], [103805, {"py/object": "odf.components.Command", "address": 10, "tr": 0, "sub_address": 2, "dword_count": 12, "parity": 0, "fake": false}], [103818, {"py/object": "odf.components.Command", "address": 9, "tr": 1, "sub_address": 2, "dword_count": 12, "parity": 0, "fake": false}], [105871, {"py/object": "odf.components.Status", "address": 9, "message_error_bit": "0", "instrumentation_bit": "0", "service_request_bit": "0", "reserved_bits": "000", "brdcst_received_bit": "0", "busy_bit": "0", "subsystem_flag_bit": "0", "dynamic_bus_control_accpt_bit": "0", "terminal_flag_bit": "1", "parity_bit": "1", "fake": false}], [105937, {"py/object": "odf.components.Data", "data": {"py/b64": "5Yw="}, "fake": false}], [106002, {"py/object": "odf.components.Data", "data": {"py/b64": "B0I="}, "fake": false}], [106078, {"py/object": "odf.components.Data", "data": {"py/b64": "wOs="}, "fake": false}], [106157, {"py/object": "odf.components.Data", "data": {"py/b64": "7MI="}, "fake": false}], [106225, {"py/object": "odf.components.Data", "data": {"py/b64": "S20="}, "fake": false}], [106290, {"py/object": "odf.components.Data", "data": {"py/b64": "TEQ="}, "fake": false}], [106358, {"py/object": "odf.components.Data", "data": {"py/b64": "x4w="}, "fake": false}], [106428, {"py/object": "odf.components.Data", "data": {"py/b64": "B0I="}, "fake": false}], [106504, {"py/object": "odf.components.Data", "data": {"py/b64": "s+s="}, "fake": false}], [106571, {"py/object": "odf.components.Data", "data": {"py/b64": "7MI="}, "fake": false}], [106642, {"py/object": "odf.components.Data", "data": {"py/b64": "nOc="}, "fake": false}], [106715, {"py/object": "odf.components.Data", "data": {"py/b64": "J0U="}, "fake": false}], [108846, {"py/object": "odf.components.Status", "address": 10, "message_error_bit": "0", "instrumentation_bit": "0", "service_request_bit": "0", "reserved_bits": "000", "brdcst_received_bit": "0", "busy_bit": "0", "subsystem_flag_bit": "0", "dynamic_bus_control_accpt_bit": "0", "terminal_flag_bit": "1", "parity_bit": "1", "fake": false}], [108892, {"py/object": "odf.components.Command", "address": 12, "tr": 0, "sub_address": 2, "dword_count": 16, "parity": 0, "fake": false}], [108903, {"py/object": "odf.components.Command", "address": 11, "tr": 1, "sub_address": 2, "dword_count": 16, "parity": 0, "fake": false}], [110961, {"py/object": "odf.components.Status", "address": 11, "message_error_bit": "0", "instrumentation_bit": "0", "service_request_bit": "0", "reserved_bits": "000", "brdcst_received_bit": "0", "busy_bit": "0", "subsystem_flag_bit": "0", "dynamic_bus_control_accpt_bit": "0", "terminal_flag_bit": "1", "parity_bit": "1", "fake": false}], [111028, {"py/object": "odf.components.Data", "data": {"py/b64": "k08="}, "fake": false}], [111104, {"py/object": "odf.components.Data", "data": {"py/b64": "Dzs="}, "fake": false}], [111178, {"py/object": "odf.components.Data", "data": {"py/b64": "wJs="}, "fake": false}], [111249, {"py/object": "odf.components.Data", "data": {"py/b64": "FkE="}, "fake": false}], [111315, {"py/object": "odf.components.Data", "data": {"py/b64": "cvY="}, "fake": false}], [111379, {"py/object": "odf.components.Data", "data": {"py/b64": "10E="}, "fake": false}], [111453, {"py/object": "odf.components.Data", "data": {"py/b64": "tEM="}, "fake": false}], [111523, {"py/object": "odf.components.Data", "data": {"py/b64": "p0A="}, "fake": false}], [111593, {"py/object": "odf.components.Data", "data": {"py/b64": "lAo="}, "fake": false}], [111668, {"py/object": "odf.components.Data", "data": {"py/b64": "KUA="}, "fake": false}], [111734, {"py/object": "odf.components.Data", "data": {"py/b64": "Mmg="}, "fake": false}], [111799, {"py/object": "odf.components.Data", "data": {"py/b64": "K74="}, "fake": false}], [111867, {"py/object": "odf.components.Data", "data": {"py/b64": "hVA="}, "fake": false}], [111930, {"py/object": "odf.components.Data", "data": {"py/b64": "Fb0="}, "fake": false}], [112002, {"py/object": "odf.components.Data", "data": {"py/b64": "t2s="}, "fake": false}], [112066, {"py/object": "odf.components.Data", "data": {"py/b64": "kEE="}, "fake": false}], [114196, {"py/object": "odf.components.Status", "address": 12, "message_error_bit": "0", "instrumentation_bit": "0", "service_request_bit": "0", "reserved_bits": "000", "brdcst_received_bit": "0", "busy_bit": "0", "subsystem_flag_bit": "0", "dynamic_bus_control_accpt_bit": "0", "terminal_flag_bit": "1", "parity_bit": "1", "fake": false}], [114402, {"py/object": "odf.components.Command", "address": 1, "tr": 0, "sub_address": 2, "dword_count": 4, "parity": 0, "fake": false}], [114473, {"py/object": "odf.components.Data", "data": {"py/b64": "AAA="}, "fake": false}], [114487, {"py/object": "odf.components.Data", "data": {"py/b64": "AAA="}, "fake": false}], [114501, {"py/object": "odf.components.Data", "data": {"py/b64": "AAA="}, "fake": false}], [114518, {"py/object": "odf.components.Data", "data": {"py/b64": "AAA="}, "fake": false}], [116534, {"py/object": "odf.components.Status", "address": 1, "message_error_bit": "0", "instrumentation_bit": "0", "service_request_bit": "0", "reserved_bits": "000", "brdcst_received_bit": "0", "busy_bit": "0", "subsystem_flag_bit": "0", "dynamic_bus_control_accpt_bit": "0", "terminal_flag_bit": "1", "parity_bit": "1", "fake": false}], [116725, {"py/object": "odf.components.Command", "address": 31, "tr": 0, "sub_address": 2, "dword_count": 1, "parity": 0, "fake": false}], [116814, {"py/object": "odf.components.Data", "data": {"py/b64": "//8="}, "fake": false}], [116855, {"py/object": "odf.components.Command", "address": 4, "tr": 0, "sub_address": 2, "dword_count": 18, "parity": 0, "fake": false}], [116867, {"py/object": "odf.components.Command", "address": 3, "tr": 1, "sub_address": 2, "dword_count": 18, "parity": 0, "fake": false}], [118898, {"py/object": "odf.components.Status", "address": 3, "message_error_bit": "0", "instrumentation_bit": "0", "service_request_bit": "0", "reserved_bits": "000", "brdcst_received_bit": "0", "busy_bit": "0", "subsystem_flag_bit": "0", "dynamic_bus_control_accpt_bit": "0", "terminal_flag_bit": "1", "parity_bit": "1", "fake": false}], [118976, {"py/object": "odf.components.Data", "data": {"py/b64": "Ldk="}, "fake": false}], [119050, {"py/object": "odf.components.Data", "data": {"py/b64": "eUM="}, "fake": false}], [119131, {"py/object": "odf.components.Data", "data": {"py/b64": "S5U="}, "fake": false}], [119212, {"py/object": "odf.components.Data", "data": {"py/b64": "AEU="}, "fake": false}], [119288, {"py/object": "odf.components.Data", "data": {"py/b64": "hhk="}, "fake": false}], [119362, {"py/object": "odf.components.Data", "data": {"py/b64": "Q0U="}, "fake": false}], [119441, {"py/object": "odf.components.Data", "data": {"py/b64": "h20="}, "fake": false}], [119505, {"py/object": "odf.components.Data", "data": {"py/b64": "vkI="}, "fake": false}], [119580, {"py/object": "odf.components.Data", "data": {"py/b64": "MuQ="}, "fake": false}], [119650, {"py/object": "odf.components.Data", "data": {"py/b64": "/j8="}, "fake": false}], [119726, {"py/object": "odf.components.Data", "data": {"py/b64": "4Mc="}, "fake": false}], [119801, {"py/object": "odf.components.Data", "data": {"py/b64": "/j8="}, "fake": false}], [119884, {"py/object": "odf.components.Data", "data": {"py/b64": "ecI="}, "fake": false}], [119961, {"py/object": "odf.components.Data", "data": {"py/b64": "QkA="}, "fake": false}], [120037, {"py/object": "odf.components.Data", "data": {"py/b64": "Ulo="}, "fake": false}], [120115, {"py/object": "odf.components.Data", "data": {"py/b64": "1EM="}, "fake": false}], [120194, {"py/object": "odf.components.Data", "data": {"py/b64": "tww="}, "fake": false}], [120277, {"py/object": "odf.components.Data", "data": {"py/b64": "OkQ="}, "fake": false}]], "attack_times": [[]], "attack_types": ["Data_Corruption_Attack"], "attack_outcome": [false]}