{"data": [[383, {"py/object": "odf.components.Command", "address": 31, "tr": 0, "sub_address": 2, "dword_count": 1, "parity": 0, "fake": false}], [492, {"py/object": "odf.components.Data", "data": {"py/b64": "//8="}, "fake": false}], [534, {"py/object": "odf.components.Command", "address": 4, "tr": 0, "sub_address": 2, "dword_count": 18, "parity": 0, "fake": false}], [546, {"py/object": "odf.components.Command", "address": 3, "tr": 1, "sub_address": 2, "dword_count": 18, "parity": 0, "fake": false}], [2617, {"py/object": "odf.components.Status", "address": 3, "message_error_bit": "0", "instrumentation_bit": "0", "service_request_bit": "0", "reserved_bits": "000", "brdcst_received_bit": "0", "busy_bit": "0", "subsystem_flag_bit": "0", "dynamic_bus_control_accpt_bit": "0", "terminal_flag_bit": "1", "parity_bit": "1", "fake": false}], [2688, {"py/object": "odf.components.Data", "data": {"py/b64": "iKs="}, "fake": false}], [2760, {"py/object": "odf.components.Data", "data": {"py/b64": "JUI="}, "fake": false}], [2830, {"py/object": "odf.components.Data", "data": {"py/b64": "yLM="}, "fake": false}], [2900, {"py/object": "odf.components.Data", "data": {"py/b64": "fb0="}, "fake": false}], [2973, {"py/object": "odf.components.Data", "data": {"py/b64": "RYY="}, "fake": false}], [3041, {"py/object": "odf.components.Data", "data": {"py/b64": "7kI="}, "fake": false}], [3113, {"py/object": "odf.components.Data", "data": {"py/b64": "q80="}, "fake": false}], [3183, {"py/object": "odf.components.Data", "data": {"py/b64": "iEM="}, "fake": false}], [3257, {"py/object": "odf.components.Data", "data": {"py/b64": "768="}, "fake": false}], [3328, {"py/object": "odf.components.Data", "data": {"py/b64": "i0A="}, "fake": false}], [3398, {"py/object": "odf.components.Data", "data": {"py/b64": "ALA="}, "fake": false}], [3469, {"py/object": "odf.components.Data", "data": {"py/b64": "i0A="}, "fake": false}], [3540, {"py/object": "odf.components.Data", "data": {"py/b64": "2w8="}, "fake": false}], [3611, {"py/object": "odf.components.Data", "data": {"py/b64": "SUA="}, "fake": false}], [3682, {"py/object": "odf.components.Data", "data": {"py/b64": "pKM="}, "fake": false}], [3751, {"py/object": "odf.components.Data", "data": {"py/b64": "1kM="}, "fake": false}], [3803, {"py/object": "odf.components.Data", "data": {"py/b64": "tww="}, "fake": false}], [3871, {"py/object": "odf.components.Data", "data": {"py/b64": "OkQ="}, "fake": false}], [5978, {"py/object": "odf.components.Status", "address": 4, "message_error_bit": "0", "instrumentation_bit": "0", "service_request_bit": "0", "reserved_bits": "000", "brdcst_received_bit": "0", "busy_bit": "0", "subsystem_flag_bit": "0", "dynamic_bus_control_accpt_bit": "0", "terminal_flag_bit": "1", "parity_bit": "1", "fake": false}], [6048, {"py/object": "odf.components.Command", "address": 6, "tr": 0, "sub_address": 2, "dword_count": 28, "parity": 0, "fake": false}], [6066, {"py/object": "odf.components.Command", "address": 5, "tr": 1, "sub_address": 2, "dword_count": 28, "parity": 0, "fake": false}], [8140, {"py/object": "odf.components.Status", "address": 5, "message_error_bit": "0", "instrumentation_bit": "0", "service_request_bit": "0", "reserved_bits": "000", "brdcst_received_bit": "0", "busy_bit": "0", "subsystem_flag_bit": "0", "dynamic_bus_control_accpt_bit": "0", "terminal_flag_bit": "1", "parity_bit": "1", "fake": false}], [8210, {"py/object": "odf.components.Data", "data": {"py/b64": "wpE="}, "fake": false}], [8282, {"py/object": "odf.components.Data", "data": {"py/b64": "rEI="}, "fake": false}], [8352, {"py/object": "odf.components.Data", "data": {"py/b64": "SSg="}, "fake": false}], [8423, {"py/object": "odf.components.Data", "data": {"py/b64": "EkM="}, "fake": false}], [8495, {"py/object": "odf.components.Data", "data": {"py/b64": "z7A="}, "fake": false}], [8567, {"py/object": "odf.components.Data", "data": {"py/b64": "EcM="}, "fake": false}], [8638, {"py/object": "odf.components.Data", "data": {"py/b64": "ahU="}, "fake": false}], [8710, {"py/object": "odf.components.Data", "data": {"py/b64": "Tzw="}, "fake": false}], [8780, {"py/object": "odf.components.Data", "data": {"py/b64": "3ig="}, "fake": false}], [8833, {"py/object": "odf.components.Data", "data": {"py/b64": "kcE="}, "fake": false}], [8904, {"py/object": "odf.components.Data", "data": {"py/b64": "N+8="}, "fake": false}], [8974, {"py/object": "odf.components.Data", "data": {"py/b64": "UsE="}, "fake": false}], [9046, {"py/object": "odf.components.Data", "data": {"py/b64": "Jeg="}, "fake": false}], [9117, {"py/object": "odf.components.Data", "data": {"py/b64": "bL8="}, "fake": false}], [9188, {"py/object": "odf.components.Data", "data": {"py/b64": "KRk="}, "fake": false}], [9259, {"py/object": "odf.components.Data", "data": {"py/b64": "BMA="}, "fake": false}], [9329, {"py/object": "odf.components.Data", "data": {"py/b64": "0GE="}, "fake": false}], [9400, {"py/object": "odf.components.Data", "data": {"py/b64": "Bbw="}, "fake": false}], [9472, {"py/object": "odf.components.Data", "data": {"py/b64": "I64="}, "fake": false}], [9542, {"py/object": "odf.components.Data", "data": {"py/b64": "bkA="}, "fake": false}], [9613, {"py/object": "odf.components.Data", "data": {"py/b64": "rHU="}, "fake": false}], [9683, {"py/object": "odf.components.Data", "data": {"py/b64": "F0M="}, "fake": false}], [9755, {"py/object": "odf.components.Data", "data": {"py/b64": "dbY="}, "fake": false}], [9825, {"py/object": "odf.components.Data", "data": {"py/b64": "Db4="}, "fake": false}], [9894, {"py/object": "odf.components.Data", "data": {"py/b64": "TfE="}, "fake": false}], [9966, {"py/object": "odf.components.Data", "data": {"py/b64": "FsA="}, "fake": false}], [10037, {"py/object": "odf.components.Data", "data": {"py/b64": "cHg="}, "fake": false}], [10114, {"py/object": "odf.components.Data", "data": {"py/b64": "UEE="}, "fake": false}], [12221, {"py/object": "odf.components.Status", "address": 6, "message_error_bit": "0", "instrumentation_bit": "0", "service_request_bit": "0", "reserved_bits": "000", "brdcst_received_bit": "0", "busy_bit": "0", "subsystem_flag_bit": "0", "dynamic_bus_control_accpt_bit": "0", "terminal_flag_bit": "1", "parity_bit": "1", "fake": false}], [12287, {"py/object": "odf.components.Command", "address": 8, "tr": 0, "sub_address": 2, "dword_count": 8, "parity": 0, "fake": false}], [12304, {"py/object": "odf.components.Command", "address": 7, "tr": 1, "sub_address": 2, "dword_count": 8, "parity": 0, "fake": false}], [14371, {"py/object": "odf.components.Status", "address": 7, "message_error_bit": "0", "instrumentation_bit": "0", "service_request_bit": "0", "reserved_bits": "000", "brdcst_received_bit": "0", "busy_bit": "0", "subsystem_flag_bit": "0", "dynamic_bus_control_accpt_bit": "0", "terminal_flag_bit": "1", "parity_bit": "1", "fake": false}], [14420, {"py/object": "odf.components.Data", "data": {"py/b64": "xJ4="}, "fake": false}], [14485, {"py/object": "odf.components.Data", "data": {"py/b64": "YL0="}, "fake": false}], [14537, {"py/object": "odf.components.Data", "data": {"py/b64": "xsM="}, "fake": false}], [14604, {"py/object": "odf.components.Data", "data": {"py/b64": "FTo="}, "fake": false}], [14673, {"py/object": "odf.components.Data", "data": {"py/b64": "lOM="}, "fake": false}], [14745, {"py/object": "odf.components.Data", "data": {"py/b64": "Jz0="}, "fake": false}], [14817, {"py/object": "odf.components.Data", "data": {"py/b64": "z3E="}, "fake": false}], [14896, {"py/object": "odf.components.Data", "data": {"py/b64": "lDk="}, "fake": false}], [16992, {"py/object": "odf.components.Status", "address": 8, "message_error_bit": "0", "instrumentation_bit": "0", "service_request_bit": "0", "reserved_bits": "000", "brdcst_received_bit": "0", "busy_bit": "0", "subsystem_flag_bit": "0", "dynamic_bus_control_accpt_bit": "0", "terminal_flag_bit": "1", "parity_bit": "1", "fake": false}], [17073, {"py/object": "odf.components.Command", "address": 10, "tr": 0, "sub_address": 2, "dword_count": 12, "parity": 0, "fake": false}], [17090, {"py/object": "odf.components.Command", "address": 9, "tr": 1, "sub_address": 2, "dword_count": 12, "parity": 0, "fake": false}], [19166, {"py/object": "odf.components.Status", "address": 9, "message_error_bit": "0", "instrumentation_bit": "0", "service_request_bit": "0", "reserved_bits": "000", "brdcst_received_bit": "0", "busy_bit": "0", "subsystem_flag_bit": "0", "dynamic_bus_control_accpt_bit": "0", "terminal_flag_bit": "1", "parity_bit": "1", "fake": false}], [19237, {"py/object": "odf.components.Data", "data": {"py/b64": "L8E="}, "fake": false}], [19306, {"py/object": "odf.components.Data", "data": {"py/b64": "B0I="}, "fake": false}], [19379, {"py/object": "odf.components.Data", "data": {"py/b64": "ocg="}, "fake": false}], [19453, {"py/object": "odf.components.Data", "data": {"py/b64": "7MI="}, "fake": false}], [19521, {"py/object": "odf.components.Data", "data": {"py/b64": "vNY="}, "fake": false}], [19595, {"py/object": "odf.components.Data", "data": {"py/b64": "MUI="}, "fake": false}], [19669, {"py/object": "odf.components.Data", "data": {"py/b64": "K8E="}, "fake": false}], [19740, {"py/object": "odf.components.Data", "data": {"py/b64": "B0I="}, "fake": false}], [19811, {"py/object": "odf.components.Data", "data": {"py/b64": "tMg="}, "fake": false}], [19884, {"py/object": "odf.components.Data", "data": {"py/b64": "7MI="}, "fake": false}], [19954, {"py/object": "odf.components.Data", "data": {"py/b64": "ivU="}, "fake": false}], [20027, {"py/object": "odf.components.Data", "data": {"py/b64": "FEM="}, "fake": false}], [22160, {"py/object": "odf.components.Status", "address": 10, "message_error_bit": "0", "instrumentation_bit": "0", "service_request_bit": "0", "reserved_bits": "000", "brdcst_received_bit": "0", "busy_bit": "0", "subsystem_flag_bit": "0", "dynamic_bus_control_accpt_bit": "0", "terminal_flag_bit": "1", "parity_bit": "1", "fake": false}], [22217, {"py/object": "odf.components.Command", "address": 12, "tr": 0, "sub_address": 2, "dword_count": 16, "parity": 0, "fake": false}], [22235, {"py/object": "odf.components.Command", "address": 11, "tr": 1, "sub_address": 2, "dword_count": 16, "parity": 0, "fake": false}], [24308, {"py/object": "odf.components.Status", "address": 11, "message_error_bit": "0", "instrumentation_bit": "0", "service_request_bit": "0", "reserved_bits": "000", "brdcst_received_bit": "0", "busy_bit": "0", "subsystem_flag_bit": "0", "dynamic_bus_control_accpt_bit": "0", "terminal_flag_bit": "1", "parity_bit": "1", "fake": false}], [24378, {"py/object": "odf.components.Data", "data": {"py/b64": "d2Y="}, "fake": false}], [24451, {"py/object": "odf.components.Data", "data": {"py/b64": "Gjs="}, "fake": false}], [24524, {"py/object": "odf.components.Data", "data": {"py/b64": "AIo="}, "fake": false}], [24590, {"py/object": "odf.components.Data", "data": {"py/b64": "ZUE="}, "fake": false}], [24662, {"py/object": "odf.components.Data", "data": {"py/b64": "roc="}, "fake": false}], [24720, {"py/object": "odf.components.Data", "data": {"py/b64": "7EE="}, "fake": false}], [24780, {"py/object": "odf.components.Data", "data": {"py/b64": "sAg="}, "fake": false}], [24851, {"py/object": "odf.components.Data", "data": {"py/b64": "YEA="}, "fake": false}], [24917, {"py/object": "odf.components.Data", "data": {"py/b64": "Ac0="}, "fake": false}], [24984, {"py/object": "odf.components.Data", "data": {"py/b64": "5T8="}, "fake": false}], [25056, {"py/object": "odf.components.Data", "data": {"py/b64": "868="}, "fake": false}], [25125, {"py/object": "odf.components.Data", "data": {"py/b64": "Aj4="}, "fake": false}], [25197, {"py/object": "odf.components.Data", "data": {"py/b64": "TQU="}, "fake": false}], [25270, {"py/object": "odf.components.Data", "data": {"py/b64": "9z4="}, "fake": false}], [25340, {"py/object": "odf.components.Data", "data": {"py/b64": "LU0="}, "fake": false}], [25413, {"py/object": "odf.components.Data", "data": {"py/b64": "nEE="}, "fake": false}], [27528, {"py/object": "odf.components.Status", "address": 12, "message_error_bit": "0", "instrumentation_bit": "0", "service_request_bit": "0", "reserved_bits": "000", "brdcst_received_bit": "0", "busy_bit": "0", "subsystem_flag_bit": "0", "dynamic_bus_control_accpt_bit": "0", "terminal_flag_bit": "1", "parity_bit": "1", "fake": false}], [27704, {"py/object": "odf.components.Command", "address": 1, "tr": 0, "sub_address": 2, "dword_count": 4, "parity": 0, "fake": false}], [27777, {"py/object": "odf.components.Data", "data": {"py/b64": "AAA="}, "fake": false}], [27789, {"py/object": "odf.components.Data", "data": {"py/b64": "AAA="}, "fake": false}], [27800, {"py/object": "odf.components.Data", "data": {"py/b64": "AAA="}, "fake": false}], [27811, {"py/object": "odf.components.Data", "data": {"py/b64": "AAA="}, "fake": false}], [29871, {"py/object": "odf.components.Status", "address": 1, "message_error_bit": "0", "instrumentation_bit": "0", "service_request_bit": "0", "reserved_bits": "000", "brdcst_received_bit": "0", "busy_bit": "0", "subsystem_flag_bit": "0", "dynamic_bus_control_accpt_bit": "0", "terminal_flag_bit": "1", "parity_bit": "1", "fake": false}], [30043, {"py/object": "odf.components.Command", "address": 31, "tr": 0, "sub_address": 2, "dword_count": 1, "parity": 0, "fake": false}], [30124, {"py/object": "odf.components.Data", "data": {"py/b64": "//8="}, "fake": false}], [30137, {"py/object": "odf.components.Command", "address": 4, "tr": 0, "sub_address": 2, "dword_count": 18, "parity": 0, "fake": false}], [30148, {"py/object": "odf.components.Command", "address": 3, "tr": 1, "sub_address": 2, "dword_count": 18, "parity": 0, "fake": false}], [32203, {"py/object": "odf.components.Status", "address": 3, "message_error_bit": "0", "instrumentation_bit": "0", "service_request_bit": "0", "reserved_bits": "000", "brdcst_received_bit": "0", "busy_bit": "0", "subsystem_flag_bit": "0", "dynamic_bus_control_accpt_bit": "0", "terminal_flag_bit": "1", "parity_bit": "1", "fake": false}], [32277, {"py/object": "odf.components.Data", "data": {"py/b64": "Z7o="}, "fake": false}], [32349, {"py/object": "odf.components.Data", "data": {"py/b64": "a0M="}, "fake": false}], [32419, {"py/object": "odf.components.Data", "data": {"py/b64": "VEk="}, "fake": false}], [32491, {"py/object": "odf.components.Data", "data": {"py/b64": "lUQ="}, "fake": false}], [32561, {"py/object": "odf.components.Data", "data": {"py/b64": "6so="}, "fake": false}], [32632, {"py/object": "odf.components.Data", "data": {"py/b64": "3EM="}, "fake": false}], [32702, {"py/object": "odf.components.Data", "data": {"py/b64": "t6g="}, "fake": false}], [32775, {"py/object": "odf.components.Data", "data": {"py/b64": "hEM="}, "fake": false}], [32844, {"py/object": "odf.components.Data", "data": {"py/b64": "bs0="}, "fake": false}], [32918, {"py/object": "odf.components.Data", "data": {"py/b64": "i0A="}, "fake": false}], [32988, {"py/object": "odf.components.Data", "data": {"py/b64": "Bs8="}, "fake": false}], [33058, {"py/object": "odf.components.Data", "data": {"py/b64": "i0A="}, "fake": false}], [33129, {"py/object": "odf.components.Data", "data": {"py/b64": "9OA="}, "fake": false}], [33201, {"py/object": "odf.components.Data", "data": {"py/b64": "QkA="}, "fake": false}], [33271, {"py/object": "odf.components.Data", "data": {"py/b64": "Osk="}, "fake": false}], [33342, {"py/object": "odf.components.Data", "data": {"py/b64": "1UM="}, "fake": false}], [33412, {"py/object": "odf.components.Data", "data": {"py/b64": "tww="}, "fake": false}], [33492, {"py/object": "odf.components.Data", "data": {"py/b64": "OkQ="}, "fake": false}], [35562, {"py/object": "odf.components.Status", "address": 4, "message_error_bit": "0", "instrumentation_bit": "0", "service_request_bit": "0", "reserved_bits": "000", "brdcst_received_bit": "0", "busy_bit": "0", "subsystem_flag_bit": "0", "dynamic_bus_control_accpt_bit": "0", "terminal_flag_bit": "1", "parity_bit": "1", "fake": false}], [35632, {"py/object": "odf.components.Command", "address": 6, "tr": 0, "sub_address": 2, "dword_count": 28, "parity": 0, "fake": false}], [35646, {"py/object": "odf.components.Command", "address": 5, "tr": 1, "sub_address": 2, "dword_count": 28, "parity": 0, "fake": false}], [37712, {"py/object": "odf.components.Status", "address": 5, "message_error_bit": "0", "instrumentation_bit": "0", "service_request_bit": "0", "reserved_bits": "000", "brdcst_received_bit": "0", "busy_bit": "0", "subsystem_flag_bit": "0", "dynamic_bus_control_accpt_bit": "0", "terminal_flag_bit": "1", "parity_bit": "1", "fake": false}], [37783, {"py/object": "odf.components.Data", "data": {"py/b64": "AdU="}, "fake": false}], [37851, {"py/object": "odf.components.Data", "data": {"py/b64": "dUM="}, "fake": false}], [37921, {"py/object": "odf.components.Data", "data": {"py/b64": "L6s="}, "fake": false}], [37991, {"py/object": "odf.components.Data", "data": {"py/b64": "z0M="}, "fake": false}], [38060, {"py/object": "odf.components.Data", "data": {"py/b64": "ieI="}, "fake": false}], [38131, {"py/object": "odf.components.Data", "data": {"py/b64": "zcM="}, "fake": false}], [38210, {"py/object": "odf.components.Data", "data": {"py/b64": "yLU="}, "fake": false}], [38272, {"py/object": "odf.components.Data", "data": {"py/b64": "ikE="}, "fake": false}], [38344, {"py/object": "odf.components.Data", "data": {"py/b64": "rBY="}, "fake": false}], [38415, {"py/object": "odf.components.Data", "data": {"py/b64": "T8I="}, "fake": false}], [38488, {"py/object": "odf.components.Data", "data": {"py/b64": "bsM="}, "fake": false}], [38559, {"py/object": "odf.components.Data", "data": {"py/b64": "vb8="}, "fake": false}], [38628, {"py/object": "odf.components.Data", "data": {"py/b64": "bEk="}, "fake": false}], [38701, {"py/object": "odf.components.Data", "data": {"py/b64": "hr4="}, "fake": false}], [38772, {"py/object": "odf.components.Data", "data": {"py/b64": "vk8="}, "fake": false}], [38846, {"py/object": "odf.components.Data", "data": {"py/b64": "yD8="}, "fake": false}], [38915, {"py/object": "odf.components.Data", "data": {"py/b64": "9jM="}, "fake": false}], [38987, {"py/object": "odf.components.Data", "data": {"py/b64": "078="}, "fake": false}], [39060, {"py/object": "odf.components.Data", "data": {"py/b64": "B8k="}, "fake": false}], [39129, {"py/object": "odf.components.Data", "data": {"py/b64": "LcE="}, "fake": false}], [39203, {"py/object": "odf.components.Data", "data": {"py/b64": "19k="}, "fake": false}], [39275, {"py/object": "odf.components.Data", "data": {"py/b64": "z0M="}, "fake": false}], [39349, {"py/object": "odf.components.Data", "data": {"py/b64": "slA="}, "fake": false}], [39421, {"py/object": "odf.components.Data", "data": {"py/b64": "Vr8="}, "fake": false}], [39494, {"py/object": "odf.components.Data", "data": {"py/b64": "9Po="}, "fake": false}], [39566, {"py/object": "odf.components.Data", "data": {"py/b64": "nL4="}, "fake": false}], [39636, {"py/object": "odf.components.Data", "data": {"py/b64": "VeY="}, "fake": false}], [39715, {"py/object": "odf.components.Data", "data": {"py/b64": "gD8="}, "fake": false}], [41811, {"py/object": "odf.components.Status", "address": 6, "message_error_bit": "0", "instrumentation_bit": "0", "service_request_bit": "0", "reserved_bits": "000", "brdcst_received_bit": "0", "busy_bit": "0", "subsystem_flag_bit": "0", "dynamic_bus_control_accpt_bit": "0", "terminal_flag_bit": "1", "parity_bit": "1", "fake": false}], [41887, {"py/object": "odf.components.Command", "address": 8, "tr": 0, "sub_address": 2, "dword_count": 8, "parity": 0, "fake": false}], [41900, {"py/object": "odf.components.Command", "address": 7, "tr": 1, "sub_address": 2, "dword_count": 8, "parity": 0, "fake": false}], [43961, {"py/object": "odf.components.Status", "address": 7, "message_error_bit": "0", "instrumentation_bit": "0", "service_request_bit": "0", "reserved_bits": "000", "brdcst_received_bit": "0", "busy_bit": "0", "subsystem_flag_bit": "0", "dynamic_bus_control_accpt_bit": "0", "terminal_flag_bit": "1", "parity_bit": "1", "fake": false}], [44031, {"py/object": "odf.components.Data", "data": {"py/b64": "fiU="}, "fake": false}], [44103, {"py/object": "odf.components.Data", "data": {"py/b64": "h70="}, "fake": false}], [44173, {"py/object": "odf.components.Data", "data": {"py/b64": "x4U="}, "fake": false}], [44247, {"py/object": "odf.components.Data", "data": {"py/b64": "jbs="}, "fake": false}], [44322, {"py/object": "odf.components.Data", "data": {"py/b64": "DeA="}, "fake": false}], [44393, {"py/object": "odf.components.Data", "data": {"py/b64": "0Tw="}, "fake": false}], [44465, {"py/object": "odf.components.Data", "data": {"py/b64": "ZDQ="}, "fake": false}], [44540, {"py/object": "odf.components.Data", "data": {"py/b64": "Vbo="}, "fake": false}], [46629, {"py/object": "odf.components.Status", "address": 8, "message_error_bit": "0", "instrumentation_bit": "0", "service_request_bit": "0", "reserved_bits": "000", "brdcst_received_bit": "0", "busy_bit": "0", "subsystem_flag_bit": "0", "dynamic_bus_control_accpt_bit": "0", "terminal_flag_bit": "1", "parity_bit": "1", "fake": false}], [46722, {"py/object": "odf.components.Command", "address": 10, "tr": 0, "sub_address": 2, "dword_count": 12, "parity": 0, "fake": false}], [46737, {"py/object": "odf.components.Command", "address": 9, "tr": 1, "sub_address": 2, "dword_count": 12, "parity": 0, "fake": false}], [48800, {"py/object": "odf.components.Status", "address": 9, "message_error_bit": "0", "instrumentation_bit": "0", "service_request_bit": "0", "reserved_bits": "000", "brdcst_received_bit": "0", "busy_bit": "0", "subsystem_flag_bit": "0", "dynamic_bus_control_accpt_bit": "0", "terminal_flag_bit": "1", "parity_bit": "1", "fake": false}], [48873, {"py/object": "odf.components.Data", "data": {"py/b64": "T70="}, "fake": false}], [48945, {"py/object": "odf.components.Data", "data": {"py/b64": "B0I="}, "fake": false}], [49013, {"py/object": "odf.components.Data", "data": {"py/b64": "Sds="}, "fake": false}], [49081, {"py/object": "odf.components.Data", "data": {"py/b64": "7MI="}, "fake": false}], [49154, {"py/object": "odf.components.Data", "data": {"py/b64": "m+o="}, "fake": false}], [49227, {"py/object": "odf.components.Data", "data": {"py/b64": "aEM="}, "fake": false}], [49300, {"py/object": "odf.components.Data", "data": {"py/b64": "Sr0="}, "fake": false}], [49373, {"py/object": "odf.components.Data", "data": {"py/b64": "B0I="}, "fake": false}], [49444, {"py/object": "odf.components.Data", "data": {"py/b64": "Yts="}, "fake": false}], [49516, {"py/object": "odf.components.Data", "data": {"py/b64": "7MI="}, "fake": false}], [49590, {"py/object": "odf.components.Data", "data": {"py/b64": "Ugk="}, "fake": false}], [49665, {"py/object": "odf.components.Data", "data": {"py/b64": "QEQ="}, "fake": false}], [51763, {"py/object": "odf.components.Status", "address": 10, "message_error_bit": "0", "instrumentation_bit": "0", "service_request_bit": "0", "reserved_bits": "000", "brdcst_received_bit": "0", "busy_bit": "0", "subsystem_flag_bit": "0", "dynamic_bus_control_accpt_bit": "0", "terminal_flag_bit": "1", "parity_bit": "1", "fake": false}], [51852, {"py/object": "odf.components.Command", "address": 12, "tr": 0, "sub_address": 2, "dword_count": 16, "parity": 0, "fake": false}], [51868, {"py/object": "odf.components.Command", "address": 11, "tr": 1, "sub_address": 2, "dword_count": 16, "parity": 0, "fake": false}], [53937, {"py/object": "odf.components.Status", "address": 11, "message_error_bit": "0", "instrumentation_bit": "0", "service_request_bit": "0", "reserved_bits": "000", "brdcst_received_bit": "0", "busy_bit": "0", "subsystem_flag_bit": "0", "dynamic_bus_control_accpt_bit": "0", "terminal_flag_bit": "1", "parity_bit": "1", "fake": false}], [54007, {"py/object": "odf.components.Data", "data": {"py/b64": "i5E="}, "fake": false}], [54077, {"py/object": "odf.components.Data", "data": {"py/b64": "Fzs="}, "fake": false}], [54150, {"py/object": "odf.components.Data", "data": {"py/b64": "AIU="}, "fake": false}], [54220, {"py/object": "odf.components.Data", "data": {"py/b64": "UkE="}, "fake": false}], [54294, {"py/object": "odf.components.Data", "data": {"py/b64": "UW8="}, "fake": false}], [54366, {"py/object": "odf.components.Data", "data": {"py/b64": "50E="}, "fake": false}], [54439, {"py/object": "odf.components.Data", "data": {"py/b64": "7gw="}, "fake": false}], [54511, {"py/object": "odf.components.Data", "data": {"py/b64": "t0A="}, "fake": false}], [54581, {"py/object": "odf.components.Data", "data": {"py/b64": "kE0="}, "fake": false}], [54653, {"py/object": "odf.components.Data", "data": {"py/b64": "PEA="}, "fake": false}], [54725, {"py/object": "odf.components.Data", "data": {"py/b64": "ksE="}, "fake": false}], [54795, {"py/object": "odf.components.Data", "data": {"py/b64": "6T0="}, "fake": false}], [54872, {"py/object": "odf.components.Data", "data": {"py/b64": "XXo="}, "fake": false}], [54941, {"py/object": "odf.components.Data", "data": {"py/b64": "ZD4="}, "fake": false}], [55016, {"py/object": "odf.components.Data", "data": {"py/b64": "Ykg="}, "fake": false}], [55082, {"py/object": "odf.components.Data", "data": {"py/b64": "q0E="}, "fake": false}], [57213, {"py/object": "odf.components.Status", "address": 12, "message_error_bit": "0", "instrumentation_bit": "0", "service_request_bit": "0", "reserved_bits": "000", "brdcst_received_bit": "0", "busy_bit": "0", "subsystem_flag_bit": "0", "dynamic_bus_control_accpt_bit": "0", "terminal_flag_bit": "1", "parity_bit": "1", "fake": false}], [57387, {"py/object": "odf.components.Command", "address": 1, "tr": 0, "sub_address": 2, "dword_count": 4, "parity": 0, "fake": false}], [57446, {"py/object": "odf.components.Data", "data": {"py/b64": "AAA="}, "fake": false}], [57459, {"py/object": "odf.components.Data", "data": {"py/b64": "AAA="}, "fake": false}], [57471, {"py/object": "odf.components.Data", "data": {"py/b64": "AAA="}, "fake": false}], [57483, {"py/object": "odf.components.Data", "data": {"py/b64": "AAA="}, "fake": false}], [59576, {"py/object": "odf.components.Status", "address": 1, "message_error_bit": "0", "instrumentation_bit": "0", "service_request_bit": "0", "reserved_bits": "000", "brdcst_received_bit": "0", "busy_bit": "0", "subsystem_flag_bit": "0", "dynamic_bus_control_accpt_bit": "0", "terminal_flag_bit": "1", "parity_bit": "1", "fake": false}], [59740, {"py/object": "odf.components.Command", "address": 31, "tr": 0, "sub_address": 2, "dword_count": 1, "parity": 0, "fake": false}], [59794, {"py/object": "odf.components.Data", "data": {"py/b64": "//8="}, "fake": false}], [59807, {"py/object": "odf.components.Command", "address": 4, "tr": 0, "sub_address": 2, "dword_count": 18, "parity": 0, "fake": false}], [59821, {"py/object": "odf.components.Command", "address": 3, "tr": 1, "sub_address": 2, "dword_count": 18, "parity": 0, "fake": false}], [61873, {"py/object": "odf.components.Status", "address": 3, "message_error_bit": "0", "instrumentation_bit": "0", "service_request_bit": "0", "reserved_bits": "000", "brdcst_received_bit": "0", "busy_bit": "0", "subsystem_flag_bit": "0", "dynamic_bus_control_accpt_bit": "0", "terminal_flag_bit": "1", "parity_bit": "1", "fake": false}], [61960, {"py/object": "odf.components.Data", "data": {"py/b64": "kuU="}, "fake": false}], [62048, {"py/object": "odf.components.Data", "data": {"py/b64": "eUM="}, "fake": false}], [62129, {"py/object": "odf.components.Data", "data": {"py/b64": "r2I="}, "fake": false}], [62211, {"py/object": "odf.components.Data", "data": {"py/b64": "AEU="}, "fake": false}], [62293, {"py/object": "odf.components.Data", "data": {"py/b64": "rWM="}, "fake": false}], [62372, {"py/object": "odf.components.Data", "data": {"py/b64": "kEQ="}, "fake": false}], [62452, {"py/object": "odf.components.Data", "data": {"py/b64": "DzY="}, "fake": false}], [62532, {"py/object": "odf.components.Data", "data": {"py/b64": "WkM="}, "fake": false}], [62615, {"py/object": "odf.components.Data", "data": {"py/b64": "D1o="}, "fake": false}], [62696, {"py/object": "odf.components.Data", "data": {"py/b64": "gUA="}, "fake": false}], [62775, {"py/object": "odf.components.Data", "data": {"py/b64": "nk0="}, "fake": false}], [62856, {"py/object": "odf.components.Data", "data": {"py/b64": "gUA="}, "fake": false}], [62938, {"py/object": "odf.components.Data", "data": {"py/b64": "rfk="}, "fake": false}], [63019, {"py/object": "odf.components.Data", "data": {"py/b64": "QkA="}, "fake": false}], [63100, {"py/object": "odf.components.Data", "data": {"py/b64": "Kk4="}, "fake": false}], [63177, {"py/object": "odf.components.Data", "data": {"py/b64": "1UM="}, "fake": false}], [63262, {"py/object": "odf.components.Data", "data": {"py/b64": "tww="}, "fake": false}], [63347, {"py/object": "odf.components.Data", "data": {"py/b64": "OkQ="}, "fake": false}], [65436, {"py/object": "odf.components.Status", "address": 4, "message_error_bit": "0", "instrumentation_bit": "0", "service_request_bit": "0", "reserved_bits": "000", "brdcst_received_bit": "0", "busy_bit": "0", "subsystem_flag_bit": "0", "dynamic_bus_control_accpt_bit": "0", "terminal_flag_bit": "1", "parity_bit": "1", "fake": false}], [65527, {"py/object": "odf.components.Command", "address": 6, "tr": 0, "sub_address": 2, "dword_count": 28, "parity": 0, "fake": false}], [65549, {"py/object": "odf.components.Command", "address": 5, "tr": 1, "sub_address": 2, "dword_count": 28, "parity": 0, "fake": false}], [67612, {"py/object": "odf.components.Status", "address": 5, "message_error_bit": "0", "instrumentation_bit": "0", "service_request_bit": "0", "reserved_bits": "000", "brdcst_received_bit": "0", "busy_bit": "0", "subsystem_flag_bit": "0", "dynamic_bus_control_accpt_bit": "0", "terminal_flag_bit": "1", "parity_bit": "1", "fake": false}], [67692, {"py/object": "odf.components.Data", "data": {"py/b64": "Ey4="}, "fake": false}], [67769, {"py/object": "odf.components.Data", "data": {"py/b64": "dkM="}, "fake": false}], [67849, {"py/object": "odf.components.Data", "data": {"py/b64": "sXc="}, "fake": false}], [67930, {"py/object": "odf.components.Data", "data": {"py/b64": "0EM="}, "fake": false}], [68007, {"py/object": "odf.components.Data", "data": {"py/b64": "xLw="}, "fake": false}], [68086, {"py/object": "odf.components.Data", "data": {"py/b64": "ocM="}, "fake": false}], [68168, {"py/object": "odf.components.Data", "data": {"py/b64": "s28="}, "fake": false}], [68247, {"py/object": "odf.components.Data", "data": {"py/b64": "CUI="}, "fake": false}], [68329, {"py/object": "odf.components.Data", "data": {"py/b64": "LeI="}, "fake": false}], [68412, {"py/object": "odf.components.Data", "data": {"py/b64": "gsM="}, "fake": false}], [68489, {"py/object": "odf.components.Data", "data": {"py/b64": "Idw="}, "fake": false}], [68570, {"py/object": "odf.components.Data", "data": {"py/b64": "EEE="}, "fake": false}], [68652, {"py/object": "odf.components.Data", "data": {"py/b64": "DDE="}, "fake": false}], [68730, {"py/object": "odf.components.Data", "data": {"py/b64": "tb8="}, "fake": false}], [68808, {"py/object": "odf.components.Data", "data": {"py/b64": "TDM="}, "fake": false}], [68888, {"py/object": "odf.components.Data", "data": {"py/b64": "P8E="}, "fake": false}], [68970, {"py/object": "odf.components.Data", "data": {"py/b64": "BHI="}, "fake": false}], [69050, {"py/object": "odf.components.Data", "data": {"py/b64": "o8A="}, "fake": false}], [69130, {"py/object": "odf.components.Data", "data": {"py/b64": "7ec="}, "fake": false}], [69213, {"py/object": "odf.components.Data", "data": {"py/b64": "CcE="}, "fake": false}], [69301, {"py/object": "odf.components.Data", "data": {"py/b64": "4XY="}, "fake": false}], [69381, {"py/object": "odf.components.Data", "data": {"py/b64": "0EM="}, "fake": false}], [69460, {"py/object": "odf.components.Data", "data": {"py/b64": "FBA="}, "fake": false}], [69539, {"py/object": "odf.components.Data", "data": {"py/b64": "YcE="}, "fake": false}], [69625, {"py/object": "odf.components.Data", "data": {"py/b64": "AfI="}, "fake": false}], [69705, {"py/object": "odf.components.Data", "data": {"py/b64": "uEA="}, "fake": false}], [69784, {"py/object": "odf.components.Data", "data": {"py/b64": "v9Y="}, "fake": false}], [69875, {"py/object": "odf.components.Data", "data": {"py/b64": "oz4="}, "fake": false}], [71977, {"py/object": "odf.components.Status", "address": 6, "message_error_bit": "0", "instrumentation_bit": "0", "service_request_bit": "0", "reserved_bits": "000", "brdcst_received_bit": "0", "busy_bit": "0", "subsystem_flag_bit": "0", "dynamic_bus_control_accpt_bit": "0", "terminal_flag_bit": "1", "parity_bit": "1", "fake": false}], [72063, {"py/object": "odf.components.Command", "address": 8, "tr": 0, "sub_address": 2, "dword_count": 8, "parity": 0, "fake": false}], [72081, {"py/object": "odf.components.Command", "address": 7, "tr": 1, "sub_address": 2, "dword_count": 8, "parity": 0, "fake": false}], [74154, {"py/object": "odf.components.Status", "address": 7, "message_error_bit": "0", "instrumentation_bit": "0", "service_request_bit": "0", "reserved_bits": "000", "brdcst_received_bit": "0", "busy_bit": "0", "subsystem_flag_bit": "0", "dynamic_bus_control_accpt_bit": "0", "terminal_flag_bit": "1", "parity_bit": "1", "fake": false}], [74236, {"py/object": "odf.components.Data", "data": {"py/b64": "BwQ="}, "fake": false}], [74316, {"py/object": "odf.components.Data", "data": {"py/b64": "2L0="}, "fake": false}], [74400, {"py/object": "odf.components.Data", "data": {"py/b64": "/3Q="}, "fake": false}], [74482, {"py/object": "odf.components.Data", "data": {"py/b64": "5z4="}, "fake": false}], [74561, {"py/object": "odf.components.Data", "data": {"py/b64": "khE="}, "fake": false}], [74639, {"py/object": "odf.components.Data", "data": {"py/b64": "5zw="}, "fake": false}], [74724, {"py/object": "odf.components.Data", "data": {"py/b64": "CvU="}, "fake": false}], [74807, {"py/object": "odf.components.Data", "data": {"py/b64": "1bk="}, "fake": false}], [76924, {"py/object": "odf.components.Status", "address": 8, "message_error_bit": "0", "instrumentation_bit": "0", "service_request_bit": "0", "reserved_bits": "000", "brdcst_received_bit": "0", "busy_bit": "0", "subsystem_flag_bit": "0", "dynamic_bus_control_accpt_bit": "0", "terminal_flag_bit": "1", "parity_bit": "1", "fake": false}], [76992, {"py/object": "odf.components.Command", "address": 10, "tr": 0, "sub_address": 2, "dword_count": 12, "parity": 0, "fake": false}], [77003, {"py/object": "odf.components.Command", "address": 9, "tr": 1, "sub_address": 2, "dword_count": 12, "parity": 0, "fake": false}], [79075, {"py/object": "odf.components.Status", "address": 9, "message_error_bit": "0", "instrumentation_bit": "0", "service_request_bit": "0", "reserved_bits": "000", "brdcst_received_bit": "0", "busy_bit": "0", "subsystem_flag_bit": "0", "dynamic_bus_control_accpt_bit": "0", "terminal_flag_bit": "1", "parity_bit": "1", "fake": false}], [79158, {"py/object": "odf.components.Data", "data": {"py/b64": "66w="}, "fake": false}], [79239, {"py/object": "odf.components.Data", "data": {"py/b64": "B0I="}, "fake": false}], [79319, {"py/object": "odf.components.Data", "data": {"py/b64": "k+s="}, "fake": false}], [79400, {"py/object": "odf.components.Data", "data": {"py/b64": "7MI="}, "fake": false}], [79478, {"py/object": "odf.components.Data", "data": {"py/b64": "Guk="}, "fake": false}], [79555, {"py/object": "odf.components.Data", "data": {"py/b64": "A0Q="}, "fake": false}], [79636, {"py/object": "odf.components.Data", "data": {"py/b64": "yKw="}, "fake": false}], [79715, {"py/object": "odf.components.Data", "data": {"py/b64": "B0I="}, "fake": false}], [79798, {"py/object": "odf.components.Data", "data": {"py/b64": "nOs="}, "fake": false}], [79878, {"py/object": "odf.components.Data", "data": {"py/b64": "7MI="}, "fake": false}], [79955, {"py/object": "odf.components.Data", "data": {"py/b64": "Ico="}, "fake": false}], [80035, {"py/object": "odf.components.Data", "data": {"py/b64": "2EQ="}, "fake": false}], [82135, {"py/object": "odf.components.Status", "address": 10, "message_error_bit": "0", "instrumentation_bit": "0", "service_request_bit": "0", "reserved_bits": "000", "brdcst_received_bit": "0", "busy_bit": "0", "subsystem_flag_bit": "0", "dynamic_bus_control_accpt_bit": "0", "terminal_flag_bit": "1", "parity_bit": "1", "fake": false}], [82237, {"py/object": "odf.components.Command", "address": 12, "tr": 0, "sub_address": 2, "dword_count": 16, "parity": 0, "fake": false}], [82256, {"py/object": "odf.components.Command", "address": 11, "tr": 1, "sub_address": 2, "dword_count": 16, "parity": 0, "fake": false}], [84321, {"py/object": "odf.components.Status", "address": 11, "message_error_bit": "0", "instrumentation_bit": "0", "service_request_bit": "0", "reserved_bits": "000", "brdcst_received_bit": "0", "busy_bit": "0", "subsystem_flag_bit": "0", "dynamic_bus_control_accpt_bit": "0", "terminal_flag_bit": "1", "parity_bit": "1", "fake": false}], [84405, {"py/object": "odf.components.Data", "data": {"py/b64": "jh4="}, "fake": false}], [84481, {"py/object": "odf.components.Data", "data": {"py/b64": "Ezs="}, "fake": false}], [84565, {"py/object": "odf.components.Data", "data": {"py/b64": "oIY="}, "fake": false}], [84645, {"py/object": "odf.components.Data", "data": {"py/b64": "MkE="}, "fake": false}], [84727, {"py/object": "odf.components.Data", "data": {"py/b64": "jBA="}, "fake": false}], [84783, {"py/object": "odf.components.Data", "data": {"py/b64": "30E="}, "fake": false}], [84875, {"py/object": "odf.components.Data", "data": {"py/b64": "6Nw="}, "fake": false}], [84956, {"py/object": "odf.components.Data", "data": {"py/b64": "oEA="}, "fake": false}], [85039, {"py/object": "odf.components.Data", "data": {"py/b64": "vdY="}, "fake": false}], [85120, {"py/object": "odf.components.Data", "data": {"py/b64": "IUA="}, "fake": false}], [85201, {"py/object": "odf.components.Data", "data": {"py/b64": "oWc="}, "fake": false}], [85283, {"py/object": "odf.components.Data", "data": {"py/b64": "ULs="}, "fake": false}], [85366, {"py/object": "odf.components.Data", "data": {"py/b64": "bw8="}, "fake": false}], [85446, {"py/object": "odf.components.Data", "data": {"py/b64": "ED0="}, "fake": false}], [85527, {"py/object": "odf.components.Data", "data": {"py/b64": "5rU="}, "fake": false}], [85611, {"py/object": "odf.components.Data", "data": {"py/b64": "nEE="}, "fake": false}], [87705, {"py/object": "odf.components.Status", "address": 12, "message_error_bit": "0", "instrumentation_bit": "0", "service_request_bit": "0", "reserved_bits": "000", "brdcst_received_bit": "0", "busy_bit": "0", "subsystem_flag_bit": "0", "dynamic_bus_control_accpt_bit": "0", "terminal_flag_bit": "1", "parity_bit": "1", "fake": false}], [87875, {"py/object": "odf.components.Command", "address": 1, "tr": 0, "sub_address": 2, "dword_count": 4, "parity": 0, "fake": false}], [87974, {"py/object": "odf.components.Data", "data": {"py/b64": "AAA="}, "fake": false}], [87996, {"py/object": "odf.components.Data", "data": {"py/b64": "AAA="}, "fake": false}], [88015, {"py/object": "odf.components.Data", "data": {"py/b64": "AAA="}, "fake": false}], [88027, {"py/object": "odf.components.Data", "data": {"py/b64": "AAA="}, "fake": false}], [90075, {"py/object": "odf.components.Status", "address": 1, "message_error_bit": "0", "instrumentation_bit": "0", "service_request_bit": "0", "reserved_bits": "000", "brdcst_received_bit": "0", "busy_bit": "0", "subsystem_flag_bit": "0", "dynamic_bus_control_accpt_bit": "0", "terminal_flag_bit": "1", "parity_bit": "1", "fake": false}], [90290, {"py/object": "odf.components.Command", "address": 31, "tr": 0, "sub_address": 2, "dword_count": 1, "parity": 0, "fake": false}], [90351, {"py/object": "odf.components.Data", "data": {"py/b64": "//8="}, "fake": false}], [90369, {"py/object": "odf.components.Command", "address": 4, "tr": 0, "sub_address": 2, "dword_count": 18, "parity": 0, "fake": false}], [90383, {"py/object": "odf.components.Command", "address": 3, "tr": 1, "sub_address": 2, "dword_count": 18, "parity": 0, "fake": false}], [92437, {"py/object": "odf.components.Status", "address": 3, "message_error_bit": "0", "instrumentation_bit": "0", "service_request_bit": "0", "reserved_bits": "000", "brdcst_received_bit": "0", "busy_bit": "0", "subsystem_flag_bit": "0", "dynamic_bus_control_accpt_bit": "0", "terminal_flag_bit": "1", "parity_bit": "1", "fake": false}], [92514, {"py/object": "odf.components.Data", "data": {"py/b64": "t+A="}, "fake": false}], [92583, {"py/object": "odf.components.Data", "data": {"py/b64": "eUM="}, "fake": false}], [92669, {"py/object": "odf.components.Data", "data": {"py/b64": "uvk="}, "fake": false}], [92748, {"py/object": "odf.components.Data", "data": {"py/b64": "AEU="}, "fake": false}], [92833, {"py/object": "odf.components.Data", "data": {"py/b64": "6FE="}, "fake": false}], [92912, {"py/object": "odf.components.Data", "data": {"py/b64": "B0U="}, "fake": false}], [92994, {"py/object": "odf.components.Data", "data": {"py/b64": "ImQ="}, "fake": false}], [93076, {"py/object": "odf.components.Data", "data": {"py/b64": "C0M="}, "fake": false}], [93159, {"py/object": "odf.components.Data", "data": {"py/b64": "jTA="}, "fake": false}], [93238, {"py/object": "odf.components.Data", "data": {"py/b64": "PkA="}, "fake": false}], [93323, {"py/object": "odf.components.Data", "data": {"py/b64": "ox0="}, "fake": false}], [93406, {"py/object": "odf.components.Data", "data": {"py/b64": "PkA="}, "fake": false}], [93487, {"py/object": "odf.components.Data", "data": {"py/b64": "NQQ="}, "fake": false}], [93568, {"py/object": "odf.components.Data", "data": {"py/b64": "Q0A="}, "fake": false}], [93646, {"py/object": "odf.components.Data", "data": {"py/b64": "wdI="}, "fake": false}], [93728, {"py/object": "odf.components.Data", "data": {"py/b64": "1EM="}, "fake": false}], [93800, {"py/object": "odf.components.Data", "data": {"py/b64": "tww="}, "fake": false}], [93881, {"py/object": "odf.components.Data", "data": {"py/b64": "OkQ="}, "fake": false}], [96003, {"py/object": "odf.components.Status", "address": 4, "message_error_bit": "0", "instrumentation_bit": "0", "service_request_bit": "0", "reserved_bits": "000", "brdcst_received_bit": "0", "busy_bit": "0", "subsystem_flag_bit": "0", "dynamic_bus_control_accpt_bit": "0", "terminal_flag_bit": "1", "parity_bit": "1", "fake": false}], [96067, {"py/object": "odf.components.Command", "address": 6, "tr": 0, "sub_address": 2, "dword_count": 28, "parity": 0, "fake": false}], [96083, {"py/object": "odf.components.Command", "address": 5, "tr": 1, "sub_address": 2, "dword_count": 28, "parity": 0, "fake": false}], [98144, {"py/object": "odf.components.Status", "address": 5, "message_error_bit": "0", "instrumentation_bit": "0", "service_request_bit": "0", "reserved_bits": "000", "brdcst_received_bit": "0", "busy_bit": "0", "subsystem_flag_bit": "0", "dynamic_bus_control_accpt_bit": "0", "terminal_flag_bit": "1", "parity_bit": "1", "fake": false}], [98225, {"py/object": "odf.components.Data", "data": {"py/b64": "uW0="}, "fake": false}], [98309, {"py/object": "odf.components.Data", "data": {"py/b64": "fkM="}, "fake": false}], [98388, {"py/object": "odf.components.Data", "data": {"py/b64": "lWY="}, "fake": false}], [98472, {"py/object": "odf.components.Data", "data": {"py/b64": "10M="}, "fake": false}], [98534, {"py/object": "odf.components.Data", "data": {"py/b64": "/mo="}, "fake": false}], [98608, {"py/object": "odf.components.Data", "data": {"py/b64": "lUI="}, "fake": false}], [98687, {"py/object": "odf.components.Data", "data": {"py/b64": "YCI="}, "fake": false}], [98768, {"py/object": "odf.components.Data", "data": {"py/b64": "CUI="}, "fake": false}], [98844, {"py/object": "odf.components.Data", "data": {"py/b64": "bWE="}, "fake": false}], [98927, {"py/object": "odf.components.Data", "data": {"py/b64": "08M="}, "fake": false}], [99008, {"py/object": "odf.components.Data", "data": {"py/b64": "llI="}, "fake": false}], [99092, {"py/object": "odf.components.Data", "data": {"py/b64": "bUE="}, "fake": false}], [99176, {"py/object": "odf.components.Data", "data": {"py/b64": "W9I="}, "fake": false}], [99259, {"py/object": "odf.components.Data", "data": {"py/b64": "xD4="}, "fake": false}], [99341, {"py/object": "odf.components.Data", "data": {"py/b64": "2jM="}, "fake": false}], [99420, {"py/object": "odf.components.Data", "data": {"py/b64": "D0A="}, "fake": false}], [99500, {"py/object": "odf.components.Data", "data": {"py/b64": "kE0="}, "fake": false}], [99582, {"py/object": "odf.components.Data", "data": {"py/b64": "7cA="}, "fake": false}], [99663, {"py/object": "odf.components.Data", "data": {"py/b64": "rDs="}, "fake": false}], [99744, {"py/object": "odf.components.Data", "data": {"py/b64": "BME="}, "fake": false}], [99825, {"py/object": "odf.components.Data", "data": {"py/b64": "12c="}, "fake": false}], [99907, {"py/object": "odf.components.Data", "data": {"py/b64": "10M="}, "fake": false}], [99987, {"py/object": "odf.components.Data", "data": {"py/b64": "hJg="}, "fake": false}], [100068, {"py/object": "odf.components.Data", "data": {"py/b64": "WcE="}, "fake": false}], [100151, {"py/object": "odf.components.Data", "data": {"py/b64": "BpA="}, "fake": false}], [100232, {"py/object": "odf.components.Data", "data": {"py/b64": "2kA="}, "fake": false}], [100306, {"py/object": "odf.components.Data", "data": {"py/b64": "C0Q="}, "fake": false}], [100394, {"py/object": "odf.components.Data", "data": {"py/b64": "1T4="}, "fake": false}], [102516, {"py/object": "odf.components.Status", "address": 6, "message_error_bit": "0", "instrumentation_bit": "0", "service_request_bit": "0", "reserved_bits": "000", "brdcst_received_bit": "0", "busy_bit": "0", "subsystem_flag_bit": "0", "dynamic_bus_control_accpt_bit": "0", "terminal_flag_bit": "1", "parity_bit": "1", "fake": false}], [102581, {"py/object": "odf.components.Command", "address": 8, "tr": 0, "sub_address": 2, "dword_count": 8, "parity": 0, "fake": false}], [102598, {"py/object": "odf.components.Command", "address": 7, "tr": 1, "sub_address": 2, "dword_count": 8, "parity": 0, "fake": false}], [104666, {"py/object": "odf.components.Status", "address": 7, "message_error_bit": "0", "instrumentation_bit": "0", "service_request_bit": "0", "reserved_bits": "000", "brdcst_received_bit": "0", "busy_bit": "0", "subsystem_flag_bit": "0", "dynamic_bus_control_accpt_bit": "0", "terminal_flag_bit": "1", "parity_bit": "1", "fake": false}], [104749, {"py/object": "odf.components.Data", "data": {"py/b64": "SoE="}, "fake": false}], [104834, {"py/object": "odf.components.Data", "data": {"py/b64": "1b0="}, "fake": false}], [104912, {"py/object": "odf.components.Data", "data": {"py/b64": "MwE="}, "fake": false}], [104992, {"py/object": "odf.components.Data", "data": {"py/b64": "4z4="}, "fake": false}], [105075, {"py/object": "odf.components.Data", "data": {"py/b64": "0h0="}, "fake": false}], [105156, {"py/object": "odf.components.Data", "data": {"py/b64": "4jw="}, "fake": false}], [105241, {"py/object": "odf.components.Data", "data": {"py/b64": "VoA="}, "fake": false}], [105323, {"py/object": "odf.components.Data", "data": {"py/b64": "Ezo="}, "fake": false}], [107432, {"py/object": "odf.components.Status", "address": 8, "message_error_bit": "0", "instrumentation_bit": "0", "service_request_bit": "0", "reserved_bits": "000", "brdcst_received_bit": "0", "busy_bit": "0", "subsystem_flag_bit": "0", "dynamic_bus_control_accpt_bit": "0", "terminal_flag_bit": "1", "parity_bit": "1", "fake": false}], [107524, {"py/object": "odf.components.Command", "address": 10, "tr": 0, "sub_address": 2, "dword_count": 12, "parity": 0, "fake": false}], [107543, {"py/object": "odf.components.Command", "address": 9, "tr": 1, "sub_address": 2, "dword_count": 12, "parity": 0, "fake": false}], [109612, {"py/object": "odf.components.Status", "address": 9, "message_error_bit": "0", "instrumentation_bit": "0", "service_request_bit": "0", "reserved_bits": "000", "brdcst_received_bit": "0", "busy_bit": "0", "subsystem_flag_bit": "0", "dynamic_bus_control_accpt_bit": "0", "terminal_flag_bit": "1", "parity_bit": "1", "fake": false}], [109696, {"py/object": "odf.components.Data", "data": {"py/b64": "n4g="}, "fake": false}], [109778, {"py/object": "odf.components.Data", "data": {"py/b64": "B0I="}, "fake": false}], [109860, {"py/object": "odf.components.Data", "data": {"py/b64": "Keo="}, "fake": false}], [109945, {"py/object": "odf.components.Data", "data": {"py/b64": "7MI="}, "fake": false}], [110026, {"py/object": "odf.components.Data", "data": {"py/b64": "pCE="}, "fake": false}], [110108, {"py/object": "odf.components.Data", "data": {"py/b64": "V0Q="}, "fake": false}], [110192, {"py/object": "odf.components.Data", "data": {"py/b64": "fog="}, "fake": false}], [110275, {"py/object": "odf.components.Data", "data": {"py/b64": "B0I="}, "fake": false}], [110365, {"py/object": "odf.components.Data", "data": {"py/b64": "Huo="}, "fake": false}], [110447, {"py/object": "odf.components.Data", "data": {"py/b64": "7MI="}, "fake": false}], [110529, {"py/object": "odf.components.Data", "data": {"py/b64": "ZLs="}, "fake": false}], [110613, {"py/object": "odf.components.Data", "data": {"py/b64": "MEU="}, "fake": false}], [112729, {"py/object": "odf.components.Status", "address": 10, "message_error_bit": "0", "instrumentation_bit": "0", "service_request_bit": "0", "reserved_bits": "000", "brdcst_received_bit": "0", "busy_bit": "0", "subsystem_flag_bit": "0", "dynamic_bus_control_accpt_bit": "0", "terminal_flag_bit": "1", "parity_bit": "1", "fake": false}], [112819, {"py/object": "odf.components.Command", "address": 12, "tr": 0, "sub_address": 2, "dword_count": 16, "parity": 0, "fake": false}], [112839, {"py/object": "odf.components.Command", "address": 11, "tr": 1, "sub_address": 2, "dword_count": 16, "parity": 0, "fake": false}], [114913, {"py/object": "odf.components.Status", "address": 11, "message_error_bit": "0", "instrumentation_bit": "0", "service_request_bit": "0", "reserved_bits": "000", "brdcst_received_bit": "0", "busy_bit": "0", "subsystem_flag_bit": "0", "dynamic_bus_control_accpt_bit": "0", "terminal_flag_bit": "1", "parity_bit": "1", "fake": false}], [114996, {"py/object": "odf.components.Data", "data": {"py/b64": "acw="}, "fake": false}], [115081, {"py/object": "odf.components.Data", "data": {"py/b64": "Djs="}, "fake": false}], [115160, {"py/object": "odf.components.Data", "data": {"py/b64": "4M0="}, "fake": false}], [115243, {"py/object": "odf.components.Data", "data": {"py/b64": "EkE="}, "fake": false}], [115328, {"py/object": "odf.components.Data", "data": {"py/b64": "agI="}, "fake": false}], [115414, {"py/object": "odf.components.Data", "data": {"py/b64": "10E="}, "fake": false}], [115496, {"py/object": "odf.components.Data", "data": {"py/b64": "gtw="}, "fake": false}], [115578, {"py/object": "odf.components.Data", "data": {"py/b64": "qUA="}, "fake": false}], [115661, {"py/object": "odf.components.Data", "data": {"py/b64": "kQM="}, "fake": false}], [115743, {"py/object": "odf.components.Data", "data": {"py/b64": "KkA="}, "fake": false}], [115827, {"py/object": "odf.components.Data", "data": {"py/b64": "wFo="}, "fake": false}], [115910, {"py/object": "odf.components.Data", "data": {"py/b64": "Mj0="}, "fake": false}], [115994, {"py/object": "odf.components.Data", "data": {"py/b64": "DQI="}, "fake": false}], [116075, {"py/object": "odf.components.Data", "data": {"py/b64": "lb0="}, "fake": false}], [116158, {"py/object": "odf.components.Data", "data": {"py/b64": "Zrw="}, "fake": false}], [116240, {"py/object": "odf.components.Data", "data": {"py/b64": "jkE="}, "fake": false}], [118370, {"py/object": "odf.components.Status", "address": 12, "message_error_bit": "0", "instrumentation_bit": "0", "service_request_bit": "0", "reserved_bits": "000", "brdcst_received_bit": "0", "busy_bit": "0", "subsystem_flag_bit": "0", "dynamic_bus_control_accpt_bit": "0", "terminal_flag_bit": "1", "parity_bit": "1", "fake": false}], [118572, {"py/object": "odf.components.Command", "address": 1, "tr": 0, "sub_address": 2, "dword_count": 4, "parity": 0, "fake": false}], [118641, {"py/object": "odf.components.Data", "data": {"py/b64": "AAA="}, "fake": false}], [118662, {"py/object": "odf.components.Data", "data": {"py/b64": "AAA="}, "fake": false}], [118676, {"py/object": "odf.components.Data", "data": {"py/b64": "AAA="}, "fake": false}], [118690, {"py/object": "odf.components.Data", "data": {"py/b64": "AAA="}, "fake": false}]], "attack_times": [[]], "attack_types": ["Collision_Attack_against_an_RT"], "attack_outcome": [false]}