{"data": [[367, {"py/object": "odf.components.Command", "address": 31, "tr": 0, "sub_address": 2, "dword_count": 1, "parity": 0, "fake": false}], [450, {"py/object": "odf.components.Data", "data": {"py/b64": "//8="}, "fake": false}], [489, {"py/object": "odf.components.Command", "address": 4, "tr": 0, "sub_address": 2, "dword_count": 18, "parity": 0, "fake": false}], [505, {"py/object": "odf.components.Command", "address": 3, "tr": 1, "sub_address": 2, "dword_count": 18, "parity": 0, "fake": false}], [2557, {"py/object": "odf.components.Status", "address": 3, "message_error_bit": "0", "instrumentation_bit": "0", "service_request_bit": "0", "reserved_bits": "000", "brdcst_received_bit": "0", "busy_bit": "0", "subsystem_flag_bit": "0", "dynamic_bus_control_accpt_bit": "0", "terminal_flag_bit": "1", "parity_bit": "1", "fake": false}], [2614, {"py/object": "odf.components.Data", "data": {"py/b64": "iKs="}, "fake": false}], [2681, {"py/object": "odf.components.Data", "data": {"py/b64": "JUI="}, "fake": false}], [2748, {"py/object": "odf.components.Data", "data": {"py/b64": "yLM="}, "fake": false}], [2817, {"py/object": "odf.components.Data", "data": {"py/b64": "fb0="}, "fake": false}], [2878, {"py/object": "odf.components.Data", "data": {"py/b64": "RYY="}, "fake": false}], [2941, {"py/object": "odf.components.Data", "data": {"py/b64": "7kI="}, "fake": false}], [3013, {"py/object": "odf.components.Data", "data": {"py/b64": "q80="}, "fake": false}], [3087, {"py/object": "odf.components.Data", "data": {"py/b64": "iEM="}, "fake": false}], [3152, {"py/object": "odf.components.Data", "data": {"py/b64": "768="}, "fake": false}], [3219, {"py/object": "odf.components.Data", "data": {"py/b64": "i0A="}, "fake": false}], [3281, {"py/object": "odf.components.Data", "data": {"py/b64": "ALA="}, "fake": false}], [3352, {"py/object": "odf.components.Data", "data": {"py/b64": "i0A="}, "fake": false}], [3418, {"py/object": "odf.components.Data", "data": {"py/b64": "2w8="}, "fake": false}], [3477, {"py/object": "odf.components.Data", "data": {"py/b64": "SUA="}, "fake": false}], [3536, {"py/object": "odf.components.Data", "data": {"py/b64": "pKM="}, "fake": false}], [3600, {"py/object": "odf.components.Data", "data": {"py/b64": "1kM="}, "fake": false}], [3666, {"py/object": "odf.components.Data", "data": {"py/b64": "tww="}, "fake": false}], [3725, {"py/object": "odf.components.Data", "data": {"py/b64": "OkQ="}, "fake": false}], [5824, {"py/object": "odf.components.Status", "address": 4, "message_error_bit": "0", "instrumentation_bit": "0", "service_request_bit": "0", "reserved_bits": "000", "brdcst_received_bit": "0", "busy_bit": "0", "subsystem_flag_bit": "0", "dynamic_bus_control_accpt_bit": "0", "terminal_flag_bit": "1", "parity_bit": "1", "fake": false}], [5880, {"py/object": "odf.components.Command", "address": 6, "tr": 0, "sub_address": 2, "dword_count": 28, "parity": 0, "fake": false}], [5896, {"py/object": "odf.components.Command", "address": 5, "tr": 1, "sub_address": 2, "dword_count": 28, "parity": 0, "fake": false}], [7964, {"py/object": "odf.components.Status", "address": 5, "message_error_bit": "0", "instrumentation_bit": "0", "service_request_bit": "0", "reserved_bits": "000", "brdcst_received_bit": "0", "busy_bit": "0", "subsystem_flag_bit": "0", "dynamic_bus_control_accpt_bit": "0", "terminal_flag_bit": "1", "parity_bit": "1", "fake": false}], [8031, {"py/object": "odf.components.Data", "data": {"py/b64": "wpE="}, "fake": false}], [8100, {"py/object": "odf.components.Data", "data": {"py/b64": "rEI="}, "fake": false}], [8163, {"py/object": "odf.components.Data", "data": {"py/b64": "SSg="}, "fake": false}], [8228, {"py/object": "odf.components.Data", "data": {"py/b64": "EkM="}, "fake": false}], [8295, {"py/object": "odf.components.Data", "data": {"py/b64": "z7A="}, "fake": false}], [8356, {"py/object": "odf.components.Data", "data": {"py/b64": "EcM="}, "fake": false}], [8421, {"py/object": "odf.components.Data", "data": {"py/b64": "ahU="}, "fake": false}], [8479, {"py/object": "odf.components.Data", "data": {"py/b64": "Tzw="}, "fake": false}], [8542, {"py/object": "odf.components.Data", "data": {"py/b64": "3ig="}, "fake": false}], [8612, {"py/object": "odf.components.Data", "data": {"py/b64": "kcE="}, "fake": false}], [8674, {"py/object": "odf.components.Data", "data": {"py/b64": "N+8="}, "fake": false}], [8729, {"py/object": "odf.components.Data", "data": {"py/b64": "UsE="}, "fake": false}], [8788, {"py/object": "odf.components.Data", "data": {"py/b64": "Jeg="}, "fake": false}], [8856, {"py/object": "odf.components.Data", "data": {"py/b64": "bL8="}, "fake": false}], [8909, {"py/object": "odf.components.Data", "data": {"py/b64": "KRk="}, "fake": false}], [8969, {"py/object": "odf.components.Data", "data": {"py/b64": "BMA="}, "fake": false}], [9029, {"py/object": "odf.components.Data", "data": {"py/b64": "0GE="}, "fake": false}], [9093, {"py/object": "odf.components.Data", "data": {"py/b64": "Bbw="}, "fake": false}], [9157, {"py/object": "odf.components.Data", "data": {"py/b64": "I64="}, "fake": false}], [9229, {"py/object": "odf.components.Data", "data": {"py/b64": "bkA="}, "fake": false}], [9289, {"py/object": "odf.components.Data", "data": {"py/b64": "rHU="}, "fake": false}], [9351, {"py/object": "odf.components.Data", "data": {"py/b64": "F0M="}, "fake": false}], [9409, {"py/object": "odf.components.Data", "data": {"py/b64": "dbY="}, "fake": false}], [9466, {"py/object": "odf.components.Data", "data": {"py/b64": "Db4="}, "fake": false}], [9527, {"py/object": "odf.components.Data", "data": {"py/b64": "TfE="}, "fake": false}], [9594, {"py/object": "odf.components.Data", "data": {"py/b64": "FsA="}, "fake": false}], [9664, {"py/object": "odf.components.Data", "data": {"py/b64": "cHg="}, "fake": false}], [9734, {"py/object": "odf.components.Data", "data": {"py/b64": "UEE="}, "fake": false}], [11827, {"py/object": "odf.components.Status", "address": 6, "message_error_bit": "0", "instrumentation_bit": "0", "service_request_bit": "0", "reserved_bits": "000", "brdcst_received_bit": "0", "busy_bit": "0", "subsystem_flag_bit": "0", "dynamic_bus_control_accpt_bit": "0", "terminal_flag_bit": "1", "parity_bit": "1", "fake": false}], [11902, {"py/object": "odf.components.Command", "address": 8, "tr": 0, "sub_address": 2, "dword_count": 8, "parity": 0, "fake": false}], [11920, {"py/object": "odf.components.Command", "address": 7, "tr": 1, "sub_address": 2, "dword_count": 8, "parity": 0, "fake": false}], [13979, {"py/object": "odf.components.Status", "address": 7, "message_error_bit": "0", "instrumentation_bit": "0", "service_request_bit": "0", "reserved_bits": "000", "brdcst_received_bit": "0", "busy_bit": "0", "subsystem_flag_bit": "0", "dynamic_bus_control_accpt_bit": "0", "terminal_flag_bit": "1", "parity_bit": "1", "fake": false}], [14041, {"py/object": "odf.components.Data", "data": {"py/b64": "xJ4="}, "fake": false}], [14109, {"py/object": "odf.components.Data", "data": {"py/b64": "YL0="}, "fake": false}], [14175, {"py/object": "odf.components.Data", "data": {"py/b64": "xsM="}, "fake": false}], [14241, {"py/object": "odf.components.Data", "data": {"py/b64": "FTo="}, "fake": false}], [14307, {"py/object": "odf.components.Data", "data": {"py/b64": "lOM="}, "fake": false}], [14377, {"py/object": "odf.components.Data", "data": {"py/b64": "Jz0="}, "fake": false}], [14450, {"py/object": "odf.components.Data", "data": {"py/b64": "z3E="}, "fake": false}], [14526, {"py/object": "odf.components.Data", "data": {"py/b64": "lDk="}, "fake": false}], [16597, {"py/object": "odf.components.Status", "address": 8, "message_error_bit": "0", "instrumentation_bit": "0", "service_request_bit": "0", "reserved_bits": "000", "brdcst_received_bit": "0", "busy_bit": "0", "subsystem_flag_bit": "0", "dynamic_bus_control_accpt_bit": "0", "terminal_flag_bit": "1", "parity_bit": "1", "fake": false}], [16674, {"py/object": "odf.components.Command", "address": 10, "tr": 0, "sub_address": 2, "dword_count": 12, "parity": 0, "fake": false}], [16698, {"py/object": "odf.components.Command", "address": 9, "tr": 1, "sub_address": 2, "dword_count": 12, "parity": 0, "fake": false}], [18769, {"py/object": "odf.components.Status", "address": 9, "message_error_bit": "0", "instrumentation_bit": "0", "service_request_bit": "0", "reserved_bits": "000", "brdcst_received_bit": "0", "busy_bit": "0", "subsystem_flag_bit": "0", "dynamic_bus_control_accpt_bit": "0", "terminal_flag_bit": "1", "parity_bit": "1", "fake": false}], [18829, {"py/object": "odf.components.Data", "data": {"py/b64": "L8E="}, "fake": false}], [18895, {"py/object": "odf.components.Data", "data": {"py/b64": "B0I="}, "fake": false}], [18963, {"py/object": "odf.components.Data", "data": {"py/b64": "ocg="}, "fake": false}], [19032, {"py/object": "odf.components.Data", "data": {"py/b64": "7MI="}, "fake": false}], [19103, {"py/object": "odf.components.Data", "data": {"py/b64": "vNY="}, "fake": false}], [19158, {"py/object": "odf.components.Data", "data": {"py/b64": "MUI="}, "fake": false}], [19232, {"py/object": "odf.components.Data", "data": {"py/b64": "K8E="}, "fake": false}], [19289, {"py/object": "odf.components.Data", "data": {"py/b64": "B0I="}, "fake": false}], [19346, {"py/object": "odf.components.Data", "data": {"py/b64": "tMg="}, "fake": false}], [19413, {"py/object": "odf.components.Data", "data": {"py/b64": "7MI="}, "fake": false}], [19469, {"py/object": "odf.components.Data", "data": {"py/b64": "ivU="}, "fake": false}], [19533, {"py/object": "odf.components.Data", "data": {"py/b64": "FEM="}, "fake": false}], [21661, {"py/object": "odf.components.Status", "address": 10, "message_error_bit": "0", "instrumentation_bit": "0", "service_request_bit": "0", "reserved_bits": "000", "brdcst_received_bit": "0", "busy_bit": "0", "subsystem_flag_bit": "0", "dynamic_bus_control_accpt_bit": "0", "terminal_flag_bit": "1", "parity_bit": "1", "fake": false}], [21711, {"py/object": "odf.components.Command", "address": 12, "tr": 0, "sub_address": 2, "dword_count": 16, "parity": 0, "fake": false}], [21729, {"py/object": "odf.components.Command", "address": 11, "tr": 1, "sub_address": 2, "dword_count": 16, "parity": 0, "fake": false}], [23796, {"py/object": "odf.components.Status", "address": 11, "message_error_bit": "0", "instrumentation_bit": "0", "service_request_bit": "0", "reserved_bits": "000", "brdcst_received_bit": "0", "busy_bit": "0", "subsystem_flag_bit": "0", "dynamic_bus_control_accpt_bit": "0", "terminal_flag_bit": "1", "parity_bit": "1", "fake": false}], [23865, {"py/object": "odf.components.Data", "data": {"py/b64": "d2Y="}, "fake": false}], [23932, {"py/object": "odf.components.Data", "data": {"py/b64": "Gjs="}, "fake": false}], [24004, {"py/object": "odf.components.Data", "data": {"py/b64": "AIo="}, "fake": false}], [24074, {"py/object": "odf.components.Data", "data": {"py/b64": "ZUE="}, "fake": false}], [24146, {"py/object": "odf.components.Data", "data": {"py/b64": "roc="}, "fake": false}], [24214, {"py/object": "odf.components.Data", "data": {"py/b64": "7EE="}, "fake": false}], [24274, {"py/object": "odf.components.Data", "data": {"py/b64": "sAg="}, "fake": false}], [24336, {"py/object": "odf.components.Data", "data": {"py/b64": "YEA="}, "fake": false}], [24402, {"py/object": "odf.components.Data", "data": {"py/b64": "Ac0="}, "fake": false}], [24470, {"py/object": "odf.components.Data", "data": {"py/b64": "5T8="}, "fake": false}], [24533, {"py/object": "odf.components.Data", "data": {"py/b64": "868="}, "fake": false}], [24597, {"py/object": "odf.components.Data", "data": {"py/b64": "Aj4="}, "fake": false}], [24664, {"py/object": "odf.components.Data", "data": {"py/b64": "TQU="}, "fake": false}], [24728, {"py/object": "odf.components.Data", "data": {"py/b64": "9z4="}, "fake": false}], [24797, {"py/object": "odf.components.Data", "data": {"py/b64": "LU0="}, "fake": false}], [24868, {"py/object": "odf.components.Data", "data": {"py/b64": "nEE="}, "fake": false}], [26985, {"py/object": "odf.components.Status", "address": 12, "message_error_bit": "0", "instrumentation_bit": "0", "service_request_bit": "0", "reserved_bits": "000", "brdcst_received_bit": "0", "busy_bit": "0", "subsystem_flag_bit": "0", "dynamic_bus_control_accpt_bit": "0", "terminal_flag_bit": "1", "parity_bit": "1", "fake": false}], [27158, {"py/object": "odf.components.Command", "address": 1, "tr": 0, "sub_address": 2, "dword_count": 4, "parity": 0, "fake": false}], [27209, {"py/object": "odf.components.Data", "data": {"py/b64": "AAA="}, "fake": false}], [27219, {"py/object": "odf.components.Data", "data": {"py/b64": "AAA="}, "fake": false}], [27231, {"py/object": "odf.components.Data", "data": {"py/b64": "AAA="}, "fake": false}], [27241, {"py/object": "odf.components.Data", "data": {"py/b64": "AAA="}, "fake": false}], [29280, {"py/object": "odf.components.Status", "address": 1, "message_error_bit": "0", "instrumentation_bit": "0", "service_request_bit": "0", "reserved_bits": "000", "brdcst_received_bit": "0", "busy_bit": "0", "subsystem_flag_bit": "0", "dynamic_bus_control_accpt_bit": "0", "terminal_flag_bit": "1", "parity_bit": "1", "fake": false}], [29421, {"py/object": "odf.components.Command", "address": 31, "tr": 0, "sub_address": 2, "dword_count": 1, "parity": 0, "fake": false}], [29491, {"py/object": "odf.components.Data", "data": {"py/b64": "//8="}, "fake": false}], [29505, {"py/object": "odf.components.Command", "address": 4, "tr": 0, "sub_address": 2, "dword_count": 18, "parity": 0, "fake": false}], [29516, {"py/object": "odf.components.Command", "address": 3, "tr": 1, "sub_address": 2, "dword_count": 18, "parity": 0, "fake": false}], [31567, {"py/object": "odf.components.Status", "address": 3, "message_error_bit": "0", "instrumentation_bit": "0", "service_request_bit": "0", "reserved_bits": "000", "brdcst_received_bit": "0", "busy_bit": "0", "subsystem_flag_bit": "0", "dynamic_bus_control_accpt_bit": "0", "terminal_flag_bit": "1", "parity_bit": "1", "fake": false}], [31637, {"py/object": "odf.components.Data", "data": {"py/b64": "7Q0="}, "fake": false}], [31705, {"py/object": "odf.components.Data", "data": {"py/b64": "WkM="}, "fake": false}], [31766, {"py/object": "odf.components.Data", "data": {"py/b64": "VFU="}, "fake": false}], [31839, {"py/object": "odf.components.Data", "data": {"py/b64": "h0Q="}, "fake": false}], [31905, {"py/object": "odf.components.Data", "data": {"py/b64": "zB4="}, "fake": false}], [31971, {"py/object": "odf.components.Data", "data": {"py/b64": "wkM="}, "fake": false}], [32041, {"py/object": "odf.components.Data", "data": {"py/b64": "tFI="}, "fake": false}], [32114, {"py/object": "odf.components.Data", "data": {"py/b64": "hUM="}, "fake": false}], [32184, {"py/object": "odf.components.Data", "data": {"py/b64": "qcw="}, "fake": false}], [32252, {"py/object": "odf.components.Data", "data": {"py/b64": "i0A="}, "fake": false}], [32319, {"py/object": "odf.components.Data", "data": {"py/b64": "yr8="}, "fake": false}], [32389, {"py/object": "odf.components.Data", "data": {"py/b64": "i0A="}, "fake": false}], [32463, {"py/object": "odf.components.Data", "data": {"py/b64": "Tfo="}, "fake": false}], [32531, {"py/object": "odf.components.Data", "data": {"py/b64": "QEA="}, "fake": false}], [32589, {"py/object": "odf.components.Data", "data": {"py/b64": "89c="}, "fake": false}], [32658, {"py/object": "odf.components.Data", "data": {"py/b64": "1UM="}, "fake": false}], [32724, {"py/object": "odf.components.Data", "data": {"py/b64": "tww="}, "fake": false}], [32789, {"py/object": "odf.components.Data", "data": {"py/b64": "OkQ="}, "fake": false}], [34849, {"py/object": "odf.components.Status", "address": 4, "message_error_bit": "0", "instrumentation_bit": "0", "service_request_bit": "0", "reserved_bits": "000", "brdcst_received_bit": "0", "busy_bit": "0", "subsystem_flag_bit": "0", "dynamic_bus_control_accpt_bit": "0", "terminal_flag_bit": "1", "parity_bit": "1", "fake": false}], [34937, {"py/object": "odf.components.Command", "address": 6, "tr": 0, "sub_address": 2, "dword_count": 28, "parity": 0, "fake": false}], [34948, {"py/object": "odf.components.Command", "address": 5, "tr": 1, "sub_address": 2, "dword_count": 28, "parity": 0, "fake": false}], [37005, {"py/object": "odf.components.Status", "address": 5, "message_error_bit": "0", "instrumentation_bit": "0", "service_request_bit": "0", "reserved_bits": "000", "brdcst_received_bit": "0", "busy_bit": "0", "subsystem_flag_bit": "0", "dynamic_bus_control_accpt_bit": "0", "terminal_flag_bit": "1", "parity_bit": "1", "fake": false}], [37064, {"py/object": "odf.components.Data", "data": {"py/b64": "qro="}, "fake": false}], [37133, {"py/object": "odf.components.Data", "data": {"py/b64": "cUM="}, "fake": false}], [37210, {"py/object": "odf.components.Data", "data": {"py/b64": "uEI="}, "fake": false}], [37268, {"py/object": "odf.components.Data", "data": {"py/b64": "zEM="}, "fake": false}], [37327, {"py/object": "odf.components.Data", "data": {"py/b64": "1p4="}, "fake": false}], [37385, {"py/object": "odf.components.Data", "data": {"py/b64": "ysM="}, "fake": false}], [37449, {"py/object": "odf.components.Data", "data": {"py/b64": "904="}, "fake": false}], [37508, {"py/object": "odf.components.Data", "data": {"py/b64": "i0E="}, "fake": false}], [37570, {"py/object": "odf.components.Data", "data": {"py/b64": "W+I="}, "fake": false}], [37635, {"py/object": "odf.components.Data", "data": {"py/b64": "ScI="}, "fake": false}], [37698, {"py/object": "odf.components.Data", "data": {"py/b64": "qsg="}, "fake": false}], [37754, {"py/object": "odf.components.Data", "data": {"py/b64": "ZcA="}, "fake": false}], [37825, {"py/object": "odf.components.Data", "data": {"py/b64": "MI0="}, "fake": false}], [37891, {"py/object": "odf.components.Data", "data": {"py/b64": "R0A="}, "fake": false}], [37949, {"py/object": "odf.components.Data", "data": {"py/b64": "hAI="}, "fake": false}], [38006, {"py/object": "odf.components.Data", "data": {"py/b64": "Tb8="}, "fake": false}], [38078, {"py/object": "odf.components.Data", "data": {"py/b64": "Q5Q="}, "fake": false}], [38142, {"py/object": "odf.components.Data", "data": {"py/b64": "kb8="}, "fake": false}], [38200, {"py/object": "odf.components.Data", "data": {"py/b64": "UZE="}, "fake": false}], [38260, {"py/object": "odf.components.Data", "data": {"py/b64": "IcE="}, "fake": false}], [38316, {"py/object": "odf.components.Data", "data": {"py/b64": "cfg="}, "fake": false}], [38378, {"py/object": "odf.components.Data", "data": {"py/b64": "zEM="}, "fake": false}], [38443, {"py/object": "odf.components.Data", "data": {"py/b64": "0bU="}, "fake": false}], [38507, {"py/object": "odf.components.Data", "data": {"py/b64": "E78="}, "fake": false}], [38564, {"py/object": "odf.components.Data", "data": {"py/b64": "Zis="}, "fake": false}], [38623, {"py/object": "odf.components.Data", "data": {"py/b64": "vT8="}, "fake": false}], [38687, {"py/object": "odf.components.Data", "data": {"py/b64": "GDg="}, "fake": false}], [38753, {"py/object": "odf.components.Data", "data": {"py/b64": "WUA="}, "fake": false}], [40850, {"py/object": "odf.components.Status", "address": 6, "message_error_bit": "0", "instrumentation_bit": "0", "service_request_bit": "0", "reserved_bits": "000", "brdcst_received_bit": "0", "busy_bit": "0", "subsystem_flag_bit": "0", "dynamic_bus_control_accpt_bit": "0", "terminal_flag_bit": "1", "parity_bit": "1", "fake": false}], [40916, {"py/object": "odf.components.Command", "address": 8, "tr": 0, "sub_address": 2, "dword_count": 8, "parity": 0, "fake": false}], [40929, {"py/object": "odf.components.Command", "address": 7, "tr": 1, "sub_address": 2, "dword_count": 8, "parity": 0, "fake": false}], [42996, {"py/object": "odf.components.Status", "address": 7, "message_error_bit": "0", "instrumentation_bit": "0", "service_request_bit": "0", "reserved_bits": "000", "brdcst_received_bit": "0", "busy_bit": "0", "subsystem_flag_bit": "0", "dynamic_bus_control_accpt_bit": "0", "terminal_flag_bit": "1", "parity_bit": "1", "fake": false}], [43063, {"py/object": "odf.components.Data", "data": {"py/b64": "fiU="}, "fake": false}], [43133, {"py/object": "odf.components.Data", "data": {"py/b64": "h70="}, "fake": false}], [43204, {"py/object": "odf.components.Data", "data": {"py/b64": "x4U="}, "fake": false}], [43277, {"py/object": "odf.components.Data", "data": {"py/b64": "jbs="}, "fake": false}], [43338, {"py/object": "odf.components.Data", "data": {"py/b64": "DeA="}, "fake": false}], [43401, {"py/object": "odf.components.Data", "data": {"py/b64": "0Tw="}, "fake": false}], [43461, {"py/object": "odf.components.Data", "data": {"py/b64": "ZDQ="}, "fake": false}], [43530, {"py/object": "odf.components.Data", "data": {"py/b64": "Vbo="}, "fake": false}], [45630, {"py/object": "odf.components.Status", "address": 8, "message_error_bit": "0", "instrumentation_bit": "0", "service_request_bit": "0", "reserved_bits": "000", "brdcst_received_bit": "0", "busy_bit": "0", "subsystem_flag_bit": "0", "dynamic_bus_control_accpt_bit": "0", "terminal_flag_bit": "1", "parity_bit": "1", "fake": false}], [45680, {"py/object": "odf.components.Command", "address": 10, "tr": 0, "sub_address": 2, "dword_count": 12, "parity": 0, "fake": false}], [45691, {"py/object": "odf.components.Command", "address": 9, "tr": 1, "sub_address": 2, "dword_count": 12, "parity": 0, "fake": false}], [47756, {"py/object": "odf.components.Status", "address": 9, "message_error_bit": "0", "instrumentation_bit": "0", "service_request_bit": "0", "reserved_bits": "000", "brdcst_received_bit": "0", "busy_bit": "0", "subsystem_flag_bit": "0", "dynamic_bus_control_accpt_bit": "0", "terminal_flag_bit": "1", "parity_bit": "1", "fake": false}], [47815, {"py/object": "odf.components.Data", "data": {"py/b64": "T70="}, "fake": false}], [47875, {"py/object": "odf.components.Data", "data": {"py/b64": "B0I="}, "fake": false}], [47939, {"py/object": "odf.components.Data", "data": {"py/b64": "Sds="}, "fake": false}], [48003, {"py/object": "odf.components.Data", "data": {"py/b64": "7MI="}, "fake": false}], [48057, {"py/object": "odf.components.Data", "data": {"py/b64": "m+o="}, "fake": false}], [48115, {"py/object": "odf.components.Data", "data": {"py/b64": "aEM="}, "fake": false}], [48173, {"py/object": "odf.components.Data", "data": {"py/b64": "Sr0="}, "fake": false}], [48231, {"py/object": "odf.components.Data", "data": {"py/b64": "B0I="}, "fake": false}], [48290, {"py/object": "odf.components.Data", "data": {"py/b64": "Yts="}, "fake": false}], [48346, {"py/object": "odf.components.Data", "data": {"py/b64": "7MI="}, "fake": false}], [48407, {"py/object": "odf.components.Data", "data": {"py/b64": "Ugk="}, "fake": false}], [48472, {"py/object": "odf.components.Data", "data": {"py/b64": "QEQ="}, "fake": false}], [50594, {"py/object": "odf.components.Status", "address": 10, "message_error_bit": "0", "instrumentation_bit": "0", "service_request_bit": "0", "reserved_bits": "000", "brdcst_received_bit": "0", "busy_bit": "0", "subsystem_flag_bit": "0", "dynamic_bus_control_accpt_bit": "0", "terminal_flag_bit": "1", "parity_bit": "1", "fake": false}], [50630, {"py/object": "odf.components.Command", "address": 12, "tr": 0, "sub_address": 2, "dword_count": 16, "parity": 0, "fake": false}], [50641, {"py/object": "odf.components.Command", "address": 11, "tr": 1, "sub_address": 2, "dword_count": 16, "parity": 0, "fake": false}], [52701, {"py/object": "odf.components.Status", "address": 11, "message_error_bit": "0", "instrumentation_bit": "0", "service_request_bit": "0", "reserved_bits": "000", "brdcst_received_bit": "0", "busy_bit": "0", "subsystem_flag_bit": "0", "dynamic_bus_control_accpt_bit": "0", "terminal_flag_bit": "1", "parity_bit": "1", "fake": false}], [52772, {"py/object": "odf.components.Data", "data": {"py/b64": "i5E="}, "fake": false}], [52842, {"py/object": "odf.components.Data", "data": {"py/b64": "Fzs="}, "fake": false}], [52902, {"py/object": "odf.components.Data", "data": {"py/b64": "AIU="}, "fake": false}], [52962, {"py/object": "odf.components.Data", "data": {"py/b64": "UkE="}, "fake": false}], [53020, {"py/object": "odf.components.Data", "data": {"py/b64": "UW8="}, "fake": false}], [53085, {"py/object": "odf.components.Data", "data": {"py/b64": "50E="}, "fake": false}], [53145, {"py/object": "odf.components.Data", "data": {"py/b64": "7gw="}, "fake": false}], [53210, {"py/object": "odf.components.Data", "data": {"py/b64": "t0A="}, "fake": false}], [53271, {"py/object": "odf.components.Data", "data": {"py/b64": "kE0="}, "fake": false}], [53339, {"py/object": "odf.components.Data", "data": {"py/b64": "PEA="}, "fake": false}], [53406, {"py/object": "odf.components.Data", "data": {"py/b64": "ksE="}, "fake": false}], [53466, {"py/object": "odf.components.Data", "data": {"py/b64": "6T0="}, "fake": false}], [53527, {"py/object": "odf.components.Data", "data": {"py/b64": "XXo="}, "fake": false}], [53590, {"py/object": "odf.components.Data", "data": {"py/b64": "ZD4="}, "fake": false}], [53653, {"py/object": "odf.components.Data", "data": {"py/b64": "Ykg="}, "fake": false}], [53719, {"py/object": "odf.components.Data", "data": {"py/b64": "q0E="}, "fake": false}], [55852, {"py/object": "odf.components.Status", "address": 12, "message_error_bit": "0", "instrumentation_bit": "0", "service_request_bit": "0", "reserved_bits": "000", "brdcst_received_bit": "0", "busy_bit": "0", "subsystem_flag_bit": "0", "dynamic_bus_control_accpt_bit": "0", "terminal_flag_bit": "1", "parity_bit": "1", "fake": false}], [55992, {"py/object": "odf.components.Command", "address": 1, "tr": 0, "sub_address": 2, "dword_count": 4, "parity": 0, "fake": false}], [56030, {"py/object": "odf.components.Data", "data": {"py/b64": "AAA="}, "fake": false}], [56040, {"py/object": "odf.components.Data", "data": {"py/b64": "AAA="}, "fake": false}], [56050, {"py/object": "odf.components.Data", "data": {"py/b64": "AAA="}, "fake": false}], [56061, {"py/object": "odf.components.Data", "data": {"py/b64": "AAA="}, "fake": false}], [58142, {"py/object": "odf.components.Status", "address": 1, "message_error_bit": "0", "instrumentation_bit": "0", "service_request_bit": "0", "reserved_bits": "000", "brdcst_received_bit": "0", "busy_bit": "0", "subsystem_flag_bit": "0", "dynamic_bus_control_accpt_bit": "0", "terminal_flag_bit": "1", "parity_bit": "1", "fake": false}], [58288, {"py/object": "odf.components.Command", "address": 31, "tr": 0, "sub_address": 2, "dword_count": 1, "parity": 0, "fake": false}], [58347, {"py/object": "odf.components.Data", "data": {"py/b64": "//8="}, "fake": false}], [58360, {"py/object": "odf.components.Command", "address": 4, "tr": 0, "sub_address": 2, "dword_count": 18, "parity": 0, "fake": false}], [58371, {"py/object": "odf.components.Command", "address": 3, "tr": 1, "sub_address": 2, "dword_count": 18, "parity": 0, "fake": false}], [60426, {"py/object": "odf.components.Status", "address": 3, "message_error_bit": "0", "instrumentation_bit": "0", "service_request_bit": "0", "reserved_bits": "000", "brdcst_received_bit": "0", "busy_bit": "0", "subsystem_flag_bit": "0", "dynamic_bus_control_accpt_bit": "0", "terminal_flag_bit": "1", "parity_bit": "1", "fake": false}], [60500, {"py/object": "odf.components.Data", "data": {"py/b64": "DB4="}, "fake": false}], [60572, {"py/object": "odf.components.Data", "data": {"py/b64": "ekM="}, "fake": false}], [60646, {"py/object": "odf.components.Data", "data": {"py/b64": "CEI="}, "fake": false}], [60719, {"py/object": "odf.components.Data", "data": {"py/b64": "AEU="}, "fake": false}], [60790, {"py/object": "odf.components.Data", "data": {"py/b64": "aLc="}, "fake": false}], [60857, {"py/object": "odf.components.Data", "data": {"py/b64": "h0Q="}, "fake": false}], [60936, {"py/object": "odf.components.Data", "data": {"py/b64": "U9E="}, "fake": false}], [61003, {"py/object": "odf.components.Data", "data": {"py/b64": "YEM="}, "fake": false}], [61067, {"py/object": "odf.components.Data", "data": {"py/b64": "VMw="}, "fake": false}], [61137, {"py/object": "odf.components.Data", "data": {"py/b64": "g0A="}, "fake": false}], [61206, {"py/object": "odf.components.Data", "data": {"py/b64": "sMI="}, "fake": false}], [61290, {"py/object": "odf.components.Data", "data": {"py/b64": "g0A="}, "fake": false}], [61351, {"py/object": "odf.components.Data", "data": {"py/b64": "daY="}, "fake": false}], [61415, {"py/object": "odf.components.Data", "data": {"py/b64": "QkA="}, "fake": false}], [61486, {"py/object": "odf.components.Data", "data": {"py/b64": "oVY="}, "fake": false}], [61553, {"py/object": "odf.components.Data", "data": {"py/b64": "1UM="}, "fake": false}], [61617, {"py/object": "odf.components.Data", "data": {"py/b64": "tww="}, "fake": false}], [61697, {"py/object": "odf.components.Data", "data": {"py/b64": "OkQ="}, "fake": false}], [63780, {"py/object": "odf.components.Status", "address": 4, "message_error_bit": "0", "instrumentation_bit": "0", "service_request_bit": "0", "reserved_bits": "000", "brdcst_received_bit": "0", "busy_bit": "0", "subsystem_flag_bit": "0", "dynamic_bus_control_accpt_bit": "0", "terminal_flag_bit": "1", "parity_bit": "1", "fake": false}], [63843, {"py/object": "odf.components.Command", "address": 6, "tr": 0, "sub_address": 2, "dword_count": 28, "parity": 0, "fake": false}], [63860, {"py/object": "odf.components.Command", "address": 5, "tr": 1, "sub_address": 2, "dword_count": 28, "parity": 0, "fake": false}], [65917, {"py/object": "odf.components.Status", "address": 5, "message_error_bit": "0", "instrumentation_bit": "0", "service_request_bit": "0", "reserved_bits": "000", "brdcst_received_bit": "0", "busy_bit": "0", "subsystem_flag_bit": "0", "dynamic_bus_control_accpt_bit": "0", "terminal_flag_bit": "1", "parity_bit": "1", "fake": false}], [65986, {"py/object": "odf.components.Data", "data": {"py/b64": "ELs="}, "fake": false}], [66053, {"py/object": "odf.components.Data", "data": {"py/b64": "dUM="}, "fake": false}], [66113, {"py/object": "odf.components.Data", "data": {"py/b64": "bRU="}, "fake": false}], [66177, {"py/object": "odf.components.Data", "data": {"py/b64": "0EM="}, "fake": false}], [66249, {"py/object": "odf.components.Data", "data": {"py/b64": "jJc="}, "fake": false}], [66312, {"py/object": "odf.components.Data", "data": {"py/b64": "qsM="}, "fake": false}], [66381, {"py/object": "odf.components.Data", "data": {"py/b64": "IzA="}, "fake": false}], [66456, {"py/object": "odf.components.Data", "data": {"py/b64": "CUI="}, "fake": false}], [66526, {"py/object": "odf.components.Data", "data": {"py/b64": "u+0="}, "fake": false}], [66588, {"py/object": "odf.components.Data", "data": {"py/b64": "bMM="}, "fake": false}], [66649, {"py/object": "odf.components.Data", "data": {"py/b64": "D5o="}, "fake": false}], [66711, {"py/object": "odf.components.Data", "data": {"py/b64": "EEE="}, "fake": false}], [66776, {"py/object": "odf.components.Data", "data": {"py/b64": "1Hs="}, "fake": false}], [66838, {"py/object": "odf.components.Data", "data": {"py/b64": "774="}, "fake": false}], [66901, {"py/object": "odf.components.Data", "data": {"py/b64": "GVk="}, "fake": false}], [66957, {"py/object": "odf.components.Data", "data": {"py/b64": "V8E="}, "fake": false}], [67020, {"py/object": "odf.components.Data", "data": {"py/b64": "u78="}, "fake": false}], [67088, {"py/object": "odf.components.Data", "data": {"py/b64": "jMA="}, "fake": false}], [67180, {"py/object": "odf.components.Data", "data": {"py/b64": "4GI="}, "fake": false}], [67216, {"py/object": "odf.components.Data", "data": {"py/b64": "DME="}, "fake": false}], [67276, {"py/object": "odf.components.Data", "data": {"py/b64": "Zxc="}, "fake": false}], [67344, {"py/object": "odf.components.Data", "data": {"py/b64": "0EM="}, "fake": false}], [67415, {"py/object": "odf.components.Data", "data": {"py/b64": "mLM="}, "fake": false}], [67479, {"py/object": "odf.components.Data", "data": {"py/b64": "WME="}, "fake": false}], [67540, {"py/object": "odf.components.Data", "data": {"py/b64": "Gf8="}, "fake": false}], [67601, {"py/object": "odf.components.Data", "data": {"py/b64": "zUA="}, "fake": false}], [67664, {"py/object": "odf.components.Data", "data": {"py/b64": "Y84="}, "fake": false}], [67733, {"py/object": "odf.components.Data", "data": {"py/b64": "qT4="}, "fake": false}], [69012, {"py/object": "odf.components.Command", "address": 5, "tr": 0, "sub_address": 2, "dword_count": 28, "parity": 0, "fake": true}], [69069, {"py/object": "odf.components.Command", "address": 6, "tr": 1, "sub_address": 2, "dword_count": 28, "parity": 0, "fake": true}], [74392, {"py/object": "odf.components.Command", "address": 8, "tr": 0, "sub_address": 2, "dword_count": 8, "parity": 0, "fake": false}], [74410, {"py/object": "odf.components.Command", "address": 7, "tr": 1, "sub_address": 2, "dword_count": 8, "parity": 0, "fake": false}], [76471, {"py/object": "odf.components.Status", "address": 7, "message_error_bit": "0", "instrumentation_bit": "0", "service_request_bit": "0", "reserved_bits": "000", "brdcst_received_bit": "0", "busy_bit": "0", "subsystem_flag_bit": "0", "dynamic_bus_control_accpt_bit": "0", "terminal_flag_bit": "1", "parity_bit": "1", "fake": false}], [76545, {"py/object": "odf.components.Data", "data": {"py/b64": "OIk="}, "fake": false}], [76613, {"py/object": "odf.components.Data", "data": {"py/b64": "170="}, "fake": false}], [76687, {"py/object": "odf.components.Data", "data": {"py/b64": "NnY="}, "fake": false}], [76760, {"py/object": "odf.components.Data", "data": {"py/b64": "5j4="}, "fake": false}], [76833, {"py/object": "odf.components.Data", "data": {"py/b64": "wBs="}, "fake": false}], [76903, {"py/object": "odf.components.Data", "data": {"py/b64": "2Dw="}, "fake": false}], [76974, {"py/object": "odf.components.Data", "data": {"py/b64": "KhI="}, "fake": false}], [77050, {"py/object": "odf.components.Data", "data": {"py/b64": "mTk="}, "fake": false}], [79193, {"py/object": "odf.components.Status", "address": 8, "message_error_bit": "0", "instrumentation_bit": "0", "service_request_bit": "0", "reserved_bits": "000", "brdcst_received_bit": "0", "busy_bit": "0", "subsystem_flag_bit": "0", "dynamic_bus_control_accpt_bit": "0", "terminal_flag_bit": "1", "parity_bit": "1", "fake": false}], [79246, {"py/object": "odf.components.Command", "address": 10, "tr": 0, "sub_address": 2, "dword_count": 12, "parity": 0, "fake": false}], [79267, {"py/object": "odf.components.Command", "address": 9, "tr": 1, "sub_address": 2, "dword_count": 12, "parity": 0, "fake": false}], [81319, {"py/object": "odf.components.Status", "address": 9, "message_error_bit": "0", "instrumentation_bit": "0", "service_request_bit": "0", "reserved_bits": "000", "brdcst_received_bit": "0", "busy_bit": "0", "subsystem_flag_bit": "0", "dynamic_bus_control_accpt_bit": "0", "terminal_flag_bit": "1", "parity_bit": "1", "fake": false}], [81389, {"py/object": "odf.components.Data", "data": {"py/b64": "oKg="}, "fake": false}], [81457, {"py/object": "odf.components.Data", "data": {"py/b64": "B0I="}, "fake": false}], [81520, {"py/object": "odf.components.Data", "data": {"py/b64": "xOw="}, "fake": false}], [81595, {"py/object": "odf.components.Data", "data": {"py/b64": "7MI="}, "fake": false}], [81672, {"py/object": "odf.components.Data", "data": {"py/b64": "TDY="}, "fake": false}], [81752, {"py/object": "odf.components.Data", "data": {"py/b64": "DkQ="}, "fake": false}], [81841, {"py/object": "odf.components.Data", "data": {"py/b64": "h6g="}, "fake": false}], [81916, {"py/object": "odf.components.Data", "data": {"py/b64": "B0I="}, "fake": false}], [82000, {"py/object": "odf.components.Data", "data": {"py/b64": "yuw="}, "fake": false}], [82064, {"py/object": "odf.components.Data", "data": {"py/b64": "7MI="}, "fake": false}], [82142, {"py/object": "odf.components.Data", "data": {"py/b64": "3tc="}, "fake": false}], [82218, {"py/object": "odf.components.Data", "data": {"py/b64": "6UQ="}, "fake": false}], [84325, {"py/object": "odf.components.Status", "address": 10, "message_error_bit": "0", "instrumentation_bit": "0", "service_request_bit": "0", "reserved_bits": "000", "brdcst_received_bit": "0", "busy_bit": "0", "subsystem_flag_bit": "0", "dynamic_bus_control_accpt_bit": "0", "terminal_flag_bit": "1", "parity_bit": "1", "fake": false}], [84389, {"py/object": "odf.components.Command", "address": 12, "tr": 0, "sub_address": 2, "dword_count": 16, "parity": 0, "fake": false}], [84403, {"py/object": "odf.components.Command", "address": 11, "tr": 1, "sub_address": 2, "dword_count": 16, "parity": 0, "fake": false}], [86464, {"py/object": "odf.components.Status", "address": 11, "message_error_bit": "0", "instrumentation_bit": "0", "service_request_bit": "0", "reserved_bits": "000", "brdcst_received_bit": "0", "busy_bit": "0", "subsystem_flag_bit": "0", "dynamic_bus_control_accpt_bit": "0", "terminal_flag_bit": "1", "parity_bit": "1", "fake": false}], [86528, {"py/object": "odf.components.Data", "data": {"py/b64": "fc4="}, "fake": false}], [86605, {"py/object": "odf.components.Data", "data": {"py/b64": "Ejs="}, "fake": false}], [86670, {"py/object": "odf.components.Data", "data": {"py/b64": "4Eg="}, "fake": false}], [86742, {"py/object": "odf.components.Data", "data": {"py/b64": "MEE="}, "fake": false}], [86813, {"py/object": "odf.components.Data", "data": {"py/b64": "1Hw="}, "fake": false}], [86889, {"py/object": "odf.components.Data", "data": {"py/b64": "3kE="}, "fake": false}], [86968, {"py/object": "odf.components.Data", "data": {"py/b64": "lO4="}, "fake": false}], [87049, {"py/object": "odf.components.Data", "data": {"py/b64": "oEA="}, "fake": false}], [87135, {"py/object": "odf.components.Data", "data": {"py/b64": "juU="}, "fake": false}], [87215, {"py/object": "odf.components.Data", "data": {"py/b64": "I0A="}, "fake": false}], [87290, {"py/object": "odf.components.Data", "data": {"py/b64": "BQU="}, "fake": false}], [87359, {"py/object": "odf.components.Data", "data": {"py/b64": "Sz4="}, "fake": false}], [87429, {"py/object": "odf.components.Data", "data": {"py/b64": "I7U="}, "fake": false}], [87505, {"py/object": "odf.components.Data", "data": {"py/b64": "Cz4="}, "fake": false}], [87574, {"py/object": "odf.components.Data", "data": {"py/b64": "0Os="}, "fake": false}], [87643, {"py/object": "odf.components.Data", "data": {"py/b64": "m0E="}, "fake": false}], [89179, {"py/object": "odf.components.Status", "address": 5, "message_error_bit": "0", "instrumentation_bit": "0", "service_request_bit": "0", "reserved_bits": "000", "brdcst_received_bit": "0", "busy_bit": "0", "subsystem_flag_bit": "0", "dynamic_bus_control_accpt_bit": "0", "terminal_flag_bit": "1", "parity_bit": "1", "fake": false}], [89327, {"py/object": "odf.components.Command", "address": 1, "tr": 0, "sub_address": 2, "dword_count": 4, "parity": 0, "fake": false}], [89364, {"py/object": "odf.components.Data", "data": {"py/b64": "AAA="}, "fake": false}], [89380, {"py/object": "odf.components.Data", "data": {"py/b64": "AAA="}, "fake": false}], [89397, {"py/object": "odf.components.Data", "data": {"py/b64": "AAA="}, "fake": false}], [89417, {"py/object": "odf.components.Data", "data": {"py/b64": "gD8="}, "fake": false}], [89784, {"py/object": "odf.components.Status", "address": 12, "message_error_bit": "0", "instrumentation_bit": "0", "service_request_bit": "0", "reserved_bits": "000", "brdcst_received_bit": "0", "busy_bit": "0", "subsystem_flag_bit": "0", "dynamic_bus_control_accpt_bit": "0", "terminal_flag_bit": "1", "parity_bit": "1", "fake": false}], [89944, {"py/object": "odf.components.Command", "address": 31, "tr": 0, "sub_address": 2, "dword_count": 1, "parity": 0, "fake": false}], [90036, {"py/object": "odf.components.Data", "data": {"py/b64": "//8="}, "fake": false}], [90056, {"py/object": "odf.components.Command", "address": 4, "tr": 0, "sub_address": 2, "dword_count": 18, "parity": 0, "fake": false}], [90071, {"py/object": "odf.components.Command", "address": 3, "tr": 1, "sub_address": 2, "dword_count": 18, "parity": 0, "fake": false}], [91402, {"py/object": "odf.components.Status", "address": 1, "message_error_bit": "0", "instrumentation_bit": "0", "service_request_bit": "0", "reserved_bits": "000", "brdcst_received_bit": "0", "busy_bit": "0", "subsystem_flag_bit": "0", "dynamic_bus_control_accpt_bit": "0", "terminal_flag_bit": "1", "parity_bit": "1", "fake": false}], [92135, {"py/object": "odf.components.Status", "address": 3, "message_error_bit": "0", "instrumentation_bit": "0", "service_request_bit": "0", "reserved_bits": "000", "brdcst_received_bit": "0", "busy_bit": "0", "subsystem_flag_bit": "0", "dynamic_bus_control_accpt_bit": "0", "terminal_flag_bit": "1", "parity_bit": "1", "fake": false}], [92224, {"py/object": "odf.components.Command", "address": 6, "tr": 0, "sub_address": 2, "dword_count": 28, "parity": 0, "fake": false}], [92245, {"py/object": "odf.components.Command", "address": 5, "tr": 1, "sub_address": 2, "dword_count": 28, "parity": 0, "fake": false}], [92303, {"py/object": "odf.components.Data", "data": {"py/b64": "t+A="}, "fake": false}], [92373, {"py/object": "odf.components.Data", "data": {"py/b64": "eUM="}, "fake": false}], [92439, {"py/object": "odf.components.Data", "data": {"py/b64": "uvk="}, "fake": false}], [92500, {"py/object": "odf.components.Data", "data": {"py/b64": "AEU="}, "fake": false}], [92559, {"py/object": "odf.components.Data", "data": {"py/b64": "6FE="}, "fake": false}], [92617, {"py/object": "odf.components.Data", "data": {"py/b64": "B0U="}, "fake": false}], [92685, {"py/object": "odf.components.Data", "data": {"py/b64": "ImQ="}, "fake": false}], [92752, {"py/object": "odf.components.Data", "data": {"py/b64": "C0M="}, "fake": false}], [92810, {"py/object": "odf.components.Data", "data": {"py/b64": "jTA="}, "fake": false}], [92876, {"py/object": "odf.components.Data", "data": {"py/b64": "PkA="}, "fake": false}], [92942, {"py/object": "odf.components.Data", "data": {"py/b64": "ox0="}, "fake": false}], [93003, {"py/object": "odf.components.Data", "data": {"py/b64": "PkA="}, "fake": false}], [93065, {"py/object": "odf.components.Data", "data": {"py/b64": "NQQ="}, "fake": false}], [93130, {"py/object": "odf.components.Data", "data": {"py/b64": "Q0A="}, "fake": false}], [93193, {"py/object": "odf.components.Data", "data": {"py/b64": "wdI="}, "fake": false}], [93254, {"py/object": "odf.components.Data", "data": {"py/b64": "1EM="}, "fake": false}], [93321, {"py/object": "odf.components.Data", "data": {"py/b64": "tww="}, "fake": false}], [93386, {"py/object": "odf.components.Data", "data": {"py/b64": "OkQ="}, "fake": false}], [94306, {"py/object": "odf.components.Status", "address": 5, "message_error_bit": "0", "instrumentation_bit": "0", "service_request_bit": "0", "reserved_bits": "000", "brdcst_received_bit": "0", "busy_bit": "0", "subsystem_flag_bit": "0", "dynamic_bus_control_accpt_bit": "0", "terminal_flag_bit": "1", "parity_bit": "1", "fake": false}], [94382, {"py/object": "odf.components.Data", "data": {"py/b64": "dEU="}, "fake": false}], [94450, {"py/object": "odf.components.Data", "data": {"py/b64": "fUM="}, "fake": false}], [94517, {"py/object": "odf.components.Data", "data": {"py/b64": "rWs="}, "fake": false}], [94585, {"py/object": "odf.components.Data", "data": {"py/b64": "1kM="}, "fake": false}], [94649, {"py/object": "odf.components.Data", "data": {"py/b64": "VnE="}, "fake": false}], [94716, {"py/object": "odf.components.Data", "data": {"py/b64": "X0E="}, "fake": false}], [94778, {"py/object": "odf.components.Data", "data": {"py/b64": "uAs="}, "fake": false}], [94849, {"py/object": "odf.components.Data", "data": {"py/b64": "CEI="}, "fake": false}], [94923, {"py/object": "odf.components.Data", "data": {"py/b64": "sqM="}, "fake": false}], [95000, {"py/object": "odf.components.Data", "data": {"py/b64": "1cM="}, "fake": false}], [95070, {"py/object": "odf.components.Data", "data": {"py/b64": "+kM="}, "fake": false}], [95143, {"py/object": "odf.components.Data", "data": {"py/b64": "bEE="}, "fake": false}], [95222, {"py/object": "odf.components.Data", "data": {"py/b64": "ySA="}, "fake": false}], [95319, {"py/object": "odf.components.Data", "data": {"py/b64": "I78="}, "fake": false}], [95410, {"py/object": "odf.components.Command", "address": 3, "tr": 0, "sub_address": 2, "dword_count": 28, "parity": 0, "fake": true}], [95592, {"py/object": "odf.components.Data", "data": {"py/b64": "nE8="}, "fake": false}], [95695, {"py/object": "odf.components.Command", "address": 1, "tr": 1, "sub_address": 2, "dword_count": 28, "parity": 0, "fake": true}], [95737, {"py/object": "odf.components.Status", "address": 4, "message_error_bit": "0", "instrumentation_bit": "0", "service_request_bit": "0", "reserved_bits": "000", "brdcst_received_bit": "0", "busy_bit": "0", "subsystem_flag_bit": "0", "dynamic_bus_control_accpt_bit": "0", "terminal_flag_bit": "1", "parity_bit": "1", "fake": false}], [95785, {"py/object": "odf.components.Command", "address": 8, "tr": 0, "sub_address": 2, "dword_count": 8, "parity": 0, "fake": false}], [95810, {"py/object": "odf.components.Command", "address": 7, "tr": 1, "sub_address": 2, "dword_count": 8, "parity": 0, "fake": false}], [95866, {"py/object": "odf.components.Data", "data": {"py/b64": "eT0="}, "fake": false}], [95888, {"py/object": "odf.components.Data", "data": {"py/b64": "A+Q="}, "fake": false}], [95952, {"py/object": "odf.components.Data", "data": {"py/b64": "/cA="}, "fake": false}], [96030, {"py/object": "odf.components.Data", "data": {"py/b64": "MTo="}, "fake": false}], [96106, {"py/object": "odf.components.Data", "data": {"py/b64": "CME="}, "fake": false}], [96183, {"py/object": "odf.components.Data", "data": {"py/b64": "tGg="}, "fake": false}], [96257, {"py/object": "odf.components.Data", "data": {"py/b64": "1kM="}, "fake": false}], [96328, {"py/object": "odf.components.Data", "data": {"py/b64": "u/w="}, "fake": false}], [96399, {"py/object": "odf.components.Data", "data": {"py/b64": "VcE="}, "fake": false}], [96474, {"py/object": "odf.components.Data", "data": {"py/b64": "9+g="}, "fake": false}], [96552, {"py/object": "odf.components.Data", "data": {"py/b64": "0UA="}, "fake": false}], [96632, {"py/object": "odf.components.Data", "data": {"py/b64": "/3U="}, "fake": false}], [96705, {"py/object": "odf.components.Data", "data": {"py/b64": "zz4="}, "fake": false}], [97048, {"py/object": "odf.components.Status", "address": 6, "message_error_bit": "0", "instrumentation_bit": "0", "service_request_bit": "0", "reserved_bits": "000", "brdcst_received_bit": "0", "busy_bit": "0", "subsystem_flag_bit": "0", "dynamic_bus_control_accpt_bit": "0", "terminal_flag_bit": "1", "parity_bit": "1", "fake": false}], [97685, {"py/object": "odf.components.Status", "address": 1, "message_error_bit": "0", "instrumentation_bit": "0", "service_request_bit": "0", "reserved_bits": "000", "brdcst_received_bit": "0", "busy_bit": "0", "subsystem_flag_bit": "0", "dynamic_bus_control_accpt_bit": "0", "terminal_flag_bit": "1", "parity_bit": "1", "fake": false}], [97739, {"py/object": "odf.components.Command", "address": 10, "tr": 0, "sub_address": 2, "dword_count": 12, "parity": 0, "fake": false}], [97797, {"py/object": "odf.components.Command", "address": 9, "tr": 1, "sub_address": 2, "dword_count": 12, "parity": 0, "fake": false}], [97877, {"py/object": "odf.components.Data", "data": {"py/b64": "oKA="}, "fake": false}], [97908, {"py/object": "odf.components.Status", "address": 7, "message_error_bit": "0", "instrumentation_bit": "0", "service_request_bit": "0", "reserved_bits": "000", "brdcst_received_bit": "0", "busy_bit": "0", "subsystem_flag_bit": "0", "dynamic_bus_control_accpt_bit": "0", "terminal_flag_bit": "1", "parity_bit": "1", "fake": false}], [98008, {"py/object": "odf.components.Data", "data": {"py/b64": "oKA="}, "fake": false}], [98042, {"py/object": "odf.components.Data", "data": {"py/b64": "eco="}, "fake": false}], [98153, {"py/object": "odf.components.Data", "data": {"py/b64": "oKA="}, "fake": false}], [98187, {"py/object": "odf.components.Data", "data": {"py/b64": "1b0="}, "fake": false}], [98298, {"py/object": "odf.components.Data", "data": {"py/b64": "oKA="}, "fake": false}], [98344, {"py/object": "odf.components.Data", "data": {"py/b64": "B0Y="}, "fake": false}], [98523, {"py/object": "odf.components.Status", "address": 8, "message_error_bit": "0", "instrumentation_bit": "0", "service_request_bit": "0", "reserved_bits": "000", "brdcst_received_bit": "0", "busy_bit": "0", "subsystem_flag_bit": "0", "dynamic_bus_control_accpt_bit": "0", "terminal_flag_bit": "1", "parity_bit": "1", "fake": false}], [98645, {"py/object": "odf.components.Data", "data": {"py/b64": "4j4="}, "fake": false}], [98707, {"py/object": "odf.components.Data", "data": {"py/b64": "oKA="}, "fake": false}], [98801, {"py/object": "odf.components.Command", "address": 12, "tr": 0, "sub_address": 2, "dword_count": 16, "parity": 0, "fake": false}], [98830, {"py/object": "odf.components.Command", "address": 11, "tr": 1, "sub_address": 2, "dword_count": 16, "parity": 0, "fake": false}], [98911, {"py/object": "odf.components.Data", "data": {"py/b64": "Iew="}, "fake": false}], [98965, {"py/object": "odf.components.Data", "data": {"py/b64": "oKA="}, "fake": false}], [99004, {"py/object": "odf.components.Data", "data": {"py/b64": "oKA="}, "fake": false}], [99093, {"py/object": "odf.components.Data", "data": {"py/b64": "3Dw="}, "fake": false}], [99120, {"py/object": "odf.components.Data", "data": {"py/b64": "gQI="}, "fake": false}], [99219, {"py/object": "odf.components.Data", "data": {"py/b64": "oKA="}, "fake": false}], [99250, {"py/object": "odf.components.Data", "data": {"py/b64": "oKA="}, "fake": false}], [99299, {"py/object": "odf.components.Data", "data": {"py/b64": "Kjo="}, "fake": false}], [99328, {"py/object": "odf.components.Data", "data": {"py/b64": "oKA="}, "fake": false}], [99392, {"py/object": "odf.components.Data", "data": {"py/b64": "oKA="}, "fake": false}], [99467, {"py/object": "odf.components.Data", "data": {"py/b64": "oKA="}, "fake": false}], [99539, {"py/object": "odf.components.Data", "data": {"py/b64": "oKA="}, "fake": false}], [99613, {"py/object": "odf.components.Data", "data": {"py/b64": "oKA="}, "fake": false}], [99687, {"py/object": "odf.components.Data", "data": {"py/b64": "oKA="}, "fake": false}], [99761, {"py/object": "odf.components.Data", "data": {"py/b64": "oKA="}, "fake": false}], [99843, {"py/object": "odf.components.Status", "address": 9, "message_error_bit": "0", "instrumentation_bit": "0", "service_request_bit": "0", "reserved_bits": "000", "brdcst_received_bit": "0", "busy_bit": "0", "subsystem_flag_bit": "0", "dynamic_bus_control_accpt_bit": "0", "terminal_flag_bit": "1", "parity_bit": "1", "fake": false}], [99915, {"py/object": "odf.components.Data", "data": {"py/b64": "oKA="}, "fake": false}], [99994, {"py/object": "odf.components.Data", "data": {"py/b64": "2pM="}, "fake": false}], [100053, {"py/object": "odf.components.Data", "data": {"py/b64": "oKA="}, "fake": false}], [100125, {"py/object": "odf.components.Data", "data": {"py/b64": "B0I="}, "fake": false}], [100195, {"py/object": "odf.components.Data", "data": {"py/b64": "oKA="}, "fake": false}], [100276, {"py/object": "odf.components.Data", "data": {"py/b64": "Xu0="}, "fake": false}], [100346, {"py/object": "odf.components.Data", "data": {"py/b64": "oKA="}, "fake": false}], [100423, {"py/object": "odf.components.Data", "data": {"py/b64": "7MI="}, "fake": false}], [100497, {"py/object": "odf.components.Data", "data": {"py/b64": "oKA="}, "fake": false}], [100573, {"py/object": "odf.components.Data", "data": {"py/b64": "6W0="}, "fake": false}], [100646, {"py/object": "odf.components.Data", "data": {"py/b64": "oKA="}, "fake": false}], [100727, {"py/object": "odf.components.Data", "data": {"py/b64": "PEQ="}, "fake": false}], [100861, {"py/object": "odf.components.Data", "data": {"py/b64": "oKA="}, "fake": false}], [101100, {"py/object": "odf.components.Status", "address": 11, "message_error_bit": "0", "instrumentation_bit": "0", "service_request_bit": "0", "reserved_bits": "000", "brdcst_received_bit": "0", "busy_bit": "0", "subsystem_flag_bit": "0", "dynamic_bus_control_accpt_bit": "0", "terminal_flag_bit": "1", "parity_bit": "1", "fake": false}], [101302, {"py/object": "odf.components.Command", "address": 1, "tr": 0, "sub_address": 2, "dword_count": 4, "parity": 0, "fake": false}], [101532, {"py/object": "odf.components.Data", "data": {"py/b64": "AAA="}, "fake": false}], [101703, {"py/object": "odf.components.Data", "data": {"py/b64": "AAA="}, "fake": false}], [101840, {"py/object": "odf.components.Data", "data": {"py/b64": "upM="}, "fake": false}], [101933, {"py/object": "odf.components.Data", "data": {"py/b64": "AAA="}, "fake": false}], [102047, {"py/object": "odf.components.Data", "data": {"py/b64": "gD8="}, "fake": false}], [102190, {"py/object": "odf.components.Status", "address": 10, "message_error_bit": "0", "instrumentation_bit": "0", "service_request_bit": "0", "reserved_bits": "000", "brdcst_received_bit": "0", "busy_bit": "0", "subsystem_flag_bit": "0", "dynamic_bus_control_accpt_bit": "0", "terminal_flag_bit": "1", "parity_bit": "1", "fake": false}], [102258, {"py/object": "odf.components.Data", "data": {"py/b64": "oKA="}, "fake": false}], [102376, {"py/object": "odf.components.Command", "address": 31, "tr": 0, "sub_address": 2, "dword_count": 1, "parity": 0, "fake": false}], [102450, {"py/object": "odf.components.Data", "data": {"py/b64": "Lro="}, "fake": false}], [102527, {"py/object": "odf.components.Status", "address": 3, "message_error_bit": "0", "instrumentation_bit": "0", "service_request_bit": "0", "reserved_bits": "000", "brdcst_received_bit": "0", "busy_bit": "0", "subsystem_flag_bit": "0", "dynamic_bus_control_accpt_bit": "0", "terminal_flag_bit": "1", "parity_bit": "1", "fake": false}], [102584, {"py/object": "odf.components.Data", "data": {"py/b64": "//8="}, "fake": false}], [102617, {"py/object": "odf.components.Command", "address": 4, "tr": 0, "sub_address": 2, "dword_count": 18, "parity": 0, "fake": false}], [102669, {"py/object": "odf.components.Command", "address": 3, "tr": 1, "sub_address": 2, "dword_count": 18, "parity": 0, "fake": false}], [102690, {"py/object": "odf.components.Data", "data": {"py/b64": "B0I="}, "fake": false}], [102738, {"py/object": "odf.components.Data", "data": {"py/b64": "oKA="}, "fake": false}], [102759, {"py/object": "odf.components.Data", "data": {"py/b64": "EDs="}, "fake": false}], [102813, {"py/object": "odf.components.Data", "data": {"py/b64": "V+0="}, "fake": false}], [102835, {"py/object": "odf.components.Data", "data": {"py/b64": "oKA="}, "fake": false}], [102885, {"py/object": "odf.components.Data", "data": {"py/b64": "4G8="}, "fake": false}], [102907, {"py/object": "odf.components.Status", "address": 12, "message_error_bit": "0", "instrumentation_bit": "0", "service_request_bit": "0", "reserved_bits": "000", "brdcst_received_bit": "0", "busy_bit": "0", "subsystem_flag_bit": "0", "dynamic_bus_control_accpt_bit": "0", "terminal_flag_bit": "1", "parity_bit": "1", "fake": false}], [102929, {"py/object": "odf.components.Data", "data": {"py/b64": "7MI="}, "fake": false}], [102979, {"py/object": "odf.components.Data", "data": {"py/b64": "IUE="}, "fake": false}], [102999, {"py/object": "odf.components.Data", "data": {"py/b64": "oKA="}, "fake": false}], [103044, {"py/object": "odf.components.Data", "data": {"py/b64": "xr8="}, "fake": false}], [103062, {"py/object": "odf.components.Data", "data": {"py/b64": "ArI="}, "fake": false}], [103114, {"py/object": "odf.components.Data", "data": {"py/b64": "oKA="}, "fake": false}], [103145, {"py/object": "odf.components.Data", "data": {"py/b64": "GkU="}, "fake": false}], [103233, {"py/object": "odf.components.Data", "data": {"py/b64": "2kE="}, "fake": false}], [103353, {"py/object": "odf.components.Data", "data": {"py/b64": "BI8="}, "fake": false}], [103378, {"py/object": "odf.components.Data", "data": {"py/b64": "p0A="}, "fake": false}], [103427, {"py/object": "odf.components.Data", "data": {"py/b64": "lNE="}, "fake": false}], [103445, {"py/object": "odf.components.Data", "data": {"py/b64": "K0A="}, "fake": false}], [103481, {"py/object": "odf.components.Data", "data": {"py/b64": "ncc="}, "fake": false}], [103514, {"py/object": "odf.components.Data", "data": {"py/b64": "Ir4="}, "fake": false}], [103532, {"py/object": "odf.components.Status", "address": 1, "message_error_bit": "0", "instrumentation_bit": "0", "service_request_bit": "0", "reserved_bits": "000", "brdcst_received_bit": "0", "busy_bit": "0", "subsystem_flag_bit": "0", "dynamic_bus_control_accpt_bit": "0", "terminal_flag_bit": "1", "parity_bit": "1", "fake": false}], [103586, {"py/object": "odf.components.Data", "data": {"py/b64": "ilg="}, "fake": false}], [103605, {"py/object": "odf.components.Command", "address": 6, "tr": 0, "sub_address": 2, "dword_count": 28, "parity": 0, "fake": false}], [103619, {"py/object": "odf.components.Command", "address": 5, "tr": 1, "sub_address": 2, "dword_count": 28, "parity": 0, "fake": false}], [103633, {"py/object": "odf.components.Data", "data": {"py/b64": "zrw="}, "fake": false}], [103650, {"py/object": "odf.components.Data", "data": {"py/b64": "1w8="}, "fake": false}], [103663, {"py/object": "odf.components.Data", "data": {"py/b64": "lUE="}, "fake": false}], [103911, {"py/object": "odf.components.Status", "address": 3, "message_error_bit": "0", "instrumentation_bit": "0", "service_request_bit": "0", "reserved_bits": "000", "brdcst_received_bit": "0", "busy_bit": "0", "subsystem_flag_bit": "0", "dynamic_bus_control_accpt_bit": "0", "terminal_flag_bit": "1", "parity_bit": "1", "fake": false}], [103977, {"py/object": "odf.components.Data", "data": {"py/b64": "HxI="}, "fake": false}], [104050, {"py/object": "odf.components.Data", "data": {"py/b64": "ekM="}, "fake": false}], [104122, {"py/object": "odf.components.Data", "data": {"py/b64": "gNU="}, "fake": false}], [104196, {"py/object": "odf.components.Data", "data": {"py/b64": "/0Q="}, "fake": false}], [104275, {"py/object": "odf.components.Data", "data": {"py/b64": "wqc="}, "fake": false}], [104343, {"py/object": "odf.components.Data", "data": {"py/b64": "IEU="}, "fake": false}], [104415, {"py/object": "odf.components.Data", "data": {"py/b64": "l0c="}, "fake": false}], [104491, {"py/object": "odf.components.Data", "data": {"py/b64": "6kI="}, "fake": false}], [104553, {"py/object": "odf.components.Data", "data": {"py/b64": "EGQ="}, "fake": false}], [104619, {"py/object": "odf.components.Data", "data": {"py/b64": "I0A="}, "fake": false}], [104683, {"py/object": "odf.components.Data", "data": {"py/b64": "zU0="}, "fake": false}], [104752, {"py/object": "odf.components.Data", "data": {"py/b64": "I0A="}, "fake": false}], [104814, {"py/object": "odf.components.Data", "data": {"py/b64": "bNs="}, "fake": false}], [104874, {"py/object": "odf.components.Data", "data": {"py/b64": "QkA="}, "fake": false}], [104936, {"py/object": "odf.components.Data", "data": {"py/b64": "Xp8="}, "fake": false}], [105008, {"py/object": "odf.components.Data", "data": {"py/b64": "1EM="}, "fake": false}], [105156, {"py/object": "odf.components.Status", "address": 4, "message_error_bit": "0", "instrumentation_bit": "0", "service_request_bit": "0", "reserved_bits": "000", "brdcst_received_bit": "0", "busy_bit": "0", "subsystem_flag_bit": "0", "dynamic_bus_control_accpt_bit": "0", "terminal_flag_bit": "1", "parity_bit": "1", "fake": false}], [105247, {"py/object": "odf.components.Command", "address": 8, "tr": 0, "sub_address": 2, "dword_count": 8, "parity": 0, "fake": false}], [105270, {"py/object": "odf.components.Command", "address": 7, "tr": 1, "sub_address": 2, "dword_count": 8, "parity": 0, "fake": false}], [105322, {"py/object": "odf.components.Data", "data": {"py/b64": "tww="}, "fake": false}], [105338, {"py/object": "odf.components.Data", "data": {"py/b64": "OkQ="}, "fake": false}], [105436, {"py/object": "odf.components.Status", "address": 5, "message_error_bit": "0", "instrumentation_bit": "0", "service_request_bit": "0", "reserved_bits": "000", "brdcst_received_bit": "0", "busy_bit": "0", "subsystem_flag_bit": "0", "dynamic_bus_control_accpt_bit": "0", "terminal_flag_bit": "1", "parity_bit": "1", "fake": false}], [105519, {"py/object": "odf.components.Data", "data": {"py/b64": "lVY="}, "fake": false}], [105607, {"py/object": "odf.components.Data", "data": {"py/b64": "gEM="}, "fake": false}], [105705, {"py/object": "odf.components.Data", "data": {"py/b64": "i0g="}, "fake": false}], [105797, {"py/object": "odf.components.Data", "data": {"py/b64": "2UM="}, "fake": false}], [105897, {"py/object": "odf.components.Data", "data": {"py/b64": "5fU="}, "fake": false}], [106001, {"py/object": "odf.components.Data", "data": {"py/b64": "PUM="}, "fake": false}], [106097, {"py/object": "odf.components.Data", "data": {"py/b64": "Jyo="}, "fake": false}], [106184, {"py/object": "odf.components.Data", "data": {"py/b64": "CEI="}, "fake": false}], [106274, {"py/object": "odf.components.Data", "data": {"py/b64": "FoI="}, "fake": false}], [106363, {"py/object": "odf.components.Data", "data": {"py/b64": "wsM="}, "fake": false}], [106446, {"py/object": "odf.components.Data", "data": {"py/b64": "dyQ="}, "fake": false}], [106537, {"py/object": "odf.components.Data", "data": {"py/b64": "WUE="}, "fake": false}], [106617, {"py/object": "odf.components.Data", "data": {"py/b64": "Hrk="}, "fake": false}], [106692, {"py/object": "odf.components.Data", "data": {"py/b64": "tLw="}, "fake": false}], [106785, {"py/object": "odf.components.Data", "data": {"py/b64": "08Q="}, "fake": false}], [106876, {"py/object": "odf.components.Data", "data": {"py/b64": "zEA="}, "fake": false}], [106964, {"py/object": "odf.components.Data", "data": {"py/b64": "0zo="}, "fake": false}], [107059, {"py/object": "odf.components.Data", "data": {"py/b64": "0cA="}, "fake": false}], [107151, {"py/object": "odf.components.Data", "data": {"py/b64": "bFA="}, "fake": false}], [107255, {"py/object": "odf.components.Data", "data": {"py/b64": "EsE="}, "fake": false}], [107443, {"py/object": "odf.components.Status", "address": 7, "message_error_bit": "0", "instrumentation_bit": "0", "service_request_bit": "0", "reserved_bits": "000", "brdcst_received_bit": "0", "busy_bit": "0", "subsystem_flag_bit": "0", "dynamic_bus_control_accpt_bit": "0", "terminal_flag_bit": "1", "parity_bit": "1", "fake": false}], [107530, {"py/object": "odf.components.Data", "data": {"py/b64": "Q0g="}, "fake": false}], [107604, {"py/object": "odf.components.Command", "address": 10, "tr": 0, "sub_address": 2, "dword_count": 12, "parity": 0, "fake": false}], [107717, {"py/object": "odf.components.Command", "address": 9, "tr": 1, "sub_address": 2, "dword_count": 12, "parity": 0, "fake": false}], [107822, {"py/object": "odf.components.Data", "data": {"py/b64": "qko="}, "fake": false}], [107878, {"py/object": "odf.components.Data", "data": {"py/b64": "2UM="}, "fake": false}], [107939, {"py/object": "odf.components.Data", "data": {"py/b64": "1L0="}, "fake": false}], [108044, {"py/object": "odf.components.Data", "data": {"py/b64": "MVo="}, "fake": false}], [108120, {"py/object": "odf.components.Data", "data": {"py/b64": "VMk="}, "fake": false}], [108259, {"py/object": "odf.components.Data", "data": {"py/b64": "YcE="}, "fake": false}], [108415, {"py/object": "odf.components.Status", "address": 8, "message_error_bit": "0", "instrumentation_bit": "0", "service_request_bit": "0", "reserved_bits": "000", "brdcst_received_bit": "0", "busy_bit": "0", "subsystem_flag_bit": "0", "dynamic_bus_control_accpt_bit": "0", "terminal_flag_bit": "1", "parity_bit": "1", "fake": false}], [108463, {"py/object": "odf.components.Data", "data": {"py/b64": "Af4="}, "fake": false}], [108565, {"py/object": "odf.components.Data", "data": {"py/b64": "4T4="}, "fake": false}], [108603, {"py/object": "odf.components.Status", "address": 6, "message_error_bit": "0", "instrumentation_bit": "0", "service_request_bit": "0", "reserved_bits": "000", "brdcst_received_bit": "0", "busy_bit": "0", "subsystem_flag_bit": "0", "dynamic_bus_control_accpt_bit": "0", "terminal_flag_bit": "1", "parity_bit": "1", "fake": false}], [108671, {"py/object": "odf.components.Command", "address": 12, "tr": 0, "sub_address": 2, "dword_count": 16, "parity": 0, "fake": false}], [108752, {"py/object": "odf.components.Command", "address": 11, "tr": 1, "sub_address": 2, "dword_count": 16, "parity": 0, "fake": false}], [108785, {"py/object": "odf.components.Data", "data": {"py/b64": "4kA="}, "fake": false}], [108877, {"py/object": "odf.components.Data", "data": {"py/b64": "nuw="}, "fake": false}], [108902, {"py/object": "odf.components.Data", "data": {"py/b64": "4jw="}, "fake": false}], [108963, {"py/object": "odf.components.Data", "data": {"py/b64": "JLg="}, "fake": false}], [108993, {"py/object": "odf.components.Data", "data": {"py/b64": "GMM="}, "fake": false}], [109016, {"py/object": "odf.components.Data", "data": {"py/b64": "zD4="}, "fake": false}], [109039, {"py/object": "odf.components.Data", "data": {"py/b64": "jzo="}, "fake": false}], [109620, {"py/object": "odf.components.Status", "address": 9, "message_error_bit": "0", "instrumentation_bit": "0", "service_request_bit": "0", "reserved_bits": "000", "brdcst_received_bit": "0", "busy_bit": "0", "subsystem_flag_bit": "0", "dynamic_bus_control_accpt_bit": "0", "terminal_flag_bit": "1", "parity_bit": "1", "fake": false}], [109686, {"py/object": "odf.components.Data", "data": {"py/b64": "n4g="}, "fake": false}], [109750, {"py/object": "odf.components.Data", "data": {"py/b64": "B0I="}, "fake": false}], [109815, {"py/object": "odf.components.Data", "data": {"py/b64": "Keo="}, "fake": false}], [109883, {"py/object": "odf.components.Data", "data": {"py/b64": "7MI="}, "fake": false}], [109952, {"py/object": "odf.components.Data", "data": {"py/b64": "pCE="}, "fake": false}], [110025, {"py/object": "odf.components.Data", "data": {"py/b64": "V0Q="}, "fake": false}], [110085, {"py/object": "odf.components.Data", "data": {"py/b64": "fog="}, "fake": false}], [110144, {"py/object": "odf.components.Data", "data": {"py/b64": "B0I="}, "fake": false}], [110207, {"py/object": "odf.components.Data", "data": {"py/b64": "Huo="}, "fake": false}], [110270, {"py/object": "odf.components.Data", "data": {"py/b64": "7MI="}, "fake": false}], [110327, {"py/object": "odf.components.Data", "data": {"py/b64": "ZLs="}, "fake": false}], [110400, {"py/object": "odf.components.Data", "data": {"py/b64": "MEU="}, "fake": false}], [110601, {"py/object": "odf.components.Status", "address": 11, "message_error_bit": "0", "instrumentation_bit": "0", "service_request_bit": "0", "reserved_bits": "000", "brdcst_received_bit": "0", "busy_bit": "0", "subsystem_flag_bit": "0", "dynamic_bus_control_accpt_bit": "0", "terminal_flag_bit": "1", "parity_bit": "1", "fake": false}], [110766, {"py/object": "odf.components.Command", "address": 1, "tr": 0, "sub_address": 2, "dword_count": 4, "parity": 0, "fake": false}], [110873, {"py/object": "odf.components.Data", "data": {"py/b64": "AAA="}, "fake": false}], [110996, {"py/object": "odf.components.Data", "data": {"py/b64": "AAA="}, "fake": false}], [111143, {"py/object": "odf.components.Data", "data": {"py/b64": "AAA="}, "fake": false}], [111231, {"py/object": "odf.components.Data", "data": {"py/b64": "gD8="}, "fake": false}], [111254, {"py/object": "odf.components.Data", "data": {"py/b64": "k08="}, "fake": false}], [111301, {"py/object": "odf.components.Status", "address": 10, "message_error_bit": "0", "instrumentation_bit": "0", "service_request_bit": "0", "reserved_bits": "000", "brdcst_received_bit": "0", "busy_bit": "0", "subsystem_flag_bit": "0", "dynamic_bus_control_accpt_bit": "0", "terminal_flag_bit": "1", "parity_bit": "1", "fake": false}], [111316, {"py/object": "odf.components.Command", "address": 31, "tr": 0, "sub_address": 2, "dword_count": 1, "parity": 0, "fake": false}], [111340, {"py/object": "odf.components.Data", "data": {"py/b64": "//8="}, "fake": false}], [111384, {"py/object": "odf.components.Command", "address": 4, "tr": 0, "sub_address": 2, "dword_count": 18, "parity": 0, "fake": false}], [111400, {"py/object": "odf.components.Command", "address": 3, "tr": 1, "sub_address": 2, "dword_count": 18, "parity": 0, "fake": false}], [111446, {"py/object": "odf.components.Data", "data": {"py/b64": "Dzs="}, "fake": false}], [111467, {"py/object": "odf.components.Data", "data": {"py/b64": "wJs="}, "fake": false}], [111516, {"py/object": "odf.components.Data", "data": {"py/b64": "FkE="}, "fake": false}], [111535, {"py/object": "odf.components.Data", "data": {"py/b64": "cvY="}, "fake": false}], [111579, {"py/object": "odf.components.Data", "data": {"py/b64": "10E="}, "fake": false}], [111600, {"py/object": "odf.components.Data", "data": {"py/b64": "tEM="}, "fake": false}], [111659, {"py/object": "odf.components.Data", "data": {"py/b64": "p0A="}, "fake": false}], [111725, {"py/object": "odf.components.Data", "data": {"py/b64": "lAo="}, "fake": false}], [111786, {"py/object": "odf.components.Data", "data": {"py/b64": "KUA="}, "fake": false}], [111854, {"py/object": "odf.components.Data", "data": {"py/b64": "Mmg="}, "fake": false}], [111918, {"py/object": "odf.components.Data", "data": {"py/b64": "K74="}, "fake": false}], [111988, {"py/object": "odf.components.Data", "data": {"py/b64": "hVA="}, "fake": false}], [112065, {"py/object": "odf.components.Data", "data": {"py/b64": "Fb0="}, "fake": false}], [112134, {"py/object": "odf.components.Data", "data": {"py/b64": "t2s="}, "fake": false}], [112204, {"py/object": "odf.components.Data", "data": {"py/b64": "kEE="}, "fake": false}], [112285, {"py/object": "odf.components.Status", "address": 12, "message_error_bit": "0", "instrumentation_bit": "0", "service_request_bit": "0", "reserved_bits": "000", "brdcst_received_bit": "0", "busy_bit": "0", "subsystem_flag_bit": "0", "dynamic_bus_control_accpt_bit": "0", "terminal_flag_bit": "1", "parity_bit": "1", "fake": false}], [112611, {"py/object": "odf.components.Command", "address": 3, "tr": 0, "sub_address": 2, "dword_count": 28, "parity": 0, "fake": true}], [112662, {"py/object": "odf.components.Command", "address": 4, "tr": 1, "sub_address": 2, "dword_count": 28, "parity": 0, "fake": true}], [112904, {"py/object": "odf.components.Status", "address": 1, "message_error_bit": "0", "instrumentation_bit": "0", "service_request_bit": "0", "reserved_bits": "000", "brdcst_received_bit": "0", "busy_bit": "0", "subsystem_flag_bit": "0", "dynamic_bus_control_accpt_bit": "0", "terminal_flag_bit": "1", "parity_bit": "1", "fake": false}], [112972, {"py/object": "odf.components.Command", "address": 6, "tr": 0, "sub_address": 2, "dword_count": 28, "parity": 0, "fake": false}], [113007, {"py/object": "odf.components.Command", "address": 5, "tr": 1, "sub_address": 2, "dword_count": 28, "parity": 0, "fake": false}], [115046, {"py/object": "odf.components.Status", "address": 5, "message_error_bit": "0", "instrumentation_bit": "0", "service_request_bit": "0", "reserved_bits": "000", "brdcst_received_bit": "0", "busy_bit": "0", "subsystem_flag_bit": "0", "dynamic_bus_control_accpt_bit": "0", "terminal_flag_bit": "1", "parity_bit": "1", "fake": false}], [115118, {"py/object": "odf.components.Data", "data": {"py/b64": "XZY="}, "fake": false}], [115192, {"py/object": "odf.components.Data", "data": {"py/b64": "gUM="}, "fake": false}], [115256, {"py/object": "odf.components.Data", "data": {"py/b64": "ImM="}, "fake": false}], [115320, {"py/object": "odf.components.Data", "data": {"py/b64": "20M="}, "fake": false}], [115389, {"py/object": "odf.components.Data", "data": {"py/b64": "qZE="}, "fake": false}], [115449, {"py/object": "odf.components.Data", "data": {"py/b64": "nEM="}, "fake": false}], [115515, {"py/object": "odf.components.Data", "data": {"py/b64": "71I="}, "fake": false}], [115588, {"py/object": "odf.components.Data", "data": {"py/b64": "CEI="}, "fake": false}], [115656, {"py/object": "odf.components.Data", "data": {"py/b64": "U2E="}, "fake": false}], [115730, {"py/object": "odf.components.Data", "data": {"py/b64": "mMM="}, "fake": false}], [115801, {"py/object": "odf.components.Data", "data": {"py/b64": "2w0="}, "fake": false}], [115871, {"py/object": "odf.components.Data", "data": {"py/b64": "KUE="}, "fake": false}], [115947, {"py/object": "odf.components.Data", "data": {"py/b64": "VGw="}, "fake": false}], [116021, {"py/object": "odf.components.Data", "data": {"py/b64": "k74="}, "fake": false}], [116092, {"py/object": "odf.components.Data", "data": {"py/b64": "NRs="}, "fake": false}], [116165, {"py/object": "odf.components.Data", "data": {"py/b64": "JEE="}, "fake": false}], [116232, {"py/object": "odf.components.Data", "data": {"py/b64": "8sk="}, "fake": false}], [116314, {"py/object": "odf.components.Data", "data": {"py/b64": "uMA="}, "fake": false}], [116388, {"py/object": "odf.components.Data", "data": {"py/b64": "QXw="}, "fake": false}], [116457, {"py/object": "odf.components.Data", "data": {"py/b64": "HsE="}, "fake": false}], [116534, {"py/object": "odf.components.Data", "data": {"py/b64": "pl0="}, "fake": false}], [116608, {"py/object": "odf.components.Data", "data": {"py/b64": "20M="}, "fake": false}], [116668, {"py/object": "odf.components.Data", "data": {"py/b64": "TTQ="}, "fake": false}], [116740, {"py/object": "odf.components.Data", "data": {"py/b64": "VcE="}, "fake": false}], [116817, {"py/object": "odf.components.Data", "data": {"py/b64": "OcA="}, "fake": false}], [116889, {"py/object": "odf.components.Data", "data": {"py/b64": "uEA="}, "fake": false}], [116964, {"py/object": "odf.components.Data", "data": {"py/b64": "VIM="}, "fake": false}], [117046, {"py/object": "odf.components.Data", "data": {"py/b64": "pT4="}, "fake": false}], [119159, {"py/object": "odf.components.Status", "address": 6, "message_error_bit": "0", "instrumentation_bit": "0", "service_request_bit": "0", "reserved_bits": "000", "brdcst_received_bit": "0", "busy_bit": "0", "subsystem_flag_bit": "0", "dynamic_bus_control_accpt_bit": "0", "terminal_flag_bit": "1", "parity_bit": "1", "fake": false}], [119206, {"py/object": "odf.components.Command", "address": 8, "tr": 0, "sub_address": 2, "dword_count": 8, "parity": 0, "fake": false}], [119220, {"py/object": "odf.components.Command", "address": 7, "tr": 1, "sub_address": 2, "dword_count": 8, "parity": 0, "fake": false}]], "attack_times": [[68938, 16178, 7065]], "attack_types": ["MITM_attack_on_RTs"], "attack_outcome": [true]}