{"data": [[388, {"py/object": "odf.components.Command", "address": 31, "tr": 0, "sub_address": 2, "dword_count": 1, "parity": 0, "fake": false}], [497, {"py/object": "odf.components.Data", "data": {"py/b64": "//8="}, "fake": false}], [543, {"py/object": "odf.components.Command", "address": 4, "tr": 0, "sub_address": 2, "dword_count": 18, "parity": 0, "fake": false}], [557, {"py/object": "odf.components.Command", "address": 3, "tr": 1, "sub_address": 2, "dword_count": 18, "parity": 0, "fake": false}], [2634, {"py/object": "odf.components.Status", "address": 3, "message_error_bit": "0", "instrumentation_bit": "0", "service_request_bit": "0", "reserved_bits": "000", "brdcst_received_bit": "0", "busy_bit": "0", "subsystem_flag_bit": "0", "dynamic_bus_control_accpt_bit": "0", "terminal_flag_bit": "1", "parity_bit": "1", "fake": false}], [2703, {"py/object": "odf.components.Data", "data": {"py/b64": "iKs="}, "fake": false}], [2775, {"py/object": "odf.components.Data", "data": {"py/b64": "JUI="}, "fake": false}], [2849, {"py/object": "odf.components.Data", "data": {"py/b64": "yLM="}, "fake": false}], [2916, {"py/object": "odf.components.Data", "data": {"py/b64": "fb0="}, "fake": false}], [2986, {"py/object": "odf.components.Data", "data": {"py/b64": "RYY="}, "fake": false}], [3057, {"py/object": "odf.components.Data", "data": {"py/b64": "7kI="}, "fake": false}], [3127, {"py/object": "odf.components.Data", "data": {"py/b64": "q80="}, "fake": false}], [3199, {"py/object": "odf.components.Data", "data": {"py/b64": "iEM="}, "fake": false}], [3273, {"py/object": "odf.components.Data", "data": {"py/b64": "768="}, "fake": false}], [3342, {"py/object": "odf.components.Data", "data": {"py/b64": "i0A="}, "fake": false}], [3413, {"py/object": "odf.components.Data", "data": {"py/b64": "ALA="}, "fake": false}], [3482, {"py/object": "odf.components.Data", "data": {"py/b64": "i0A="}, "fake": false}], [3541, {"py/object": "odf.components.Data", "data": {"py/b64": "2w8="}, "fake": false}], [3613, {"py/object": "odf.components.Data", "data": {"py/b64": "SUA="}, "fake": false}], [3685, {"py/object": "odf.components.Data", "data": {"py/b64": "pKM="}, "fake": false}], [3756, {"py/object": "odf.components.Data", "data": {"py/b64": "1kM="}, "fake": false}], [3827, {"py/object": "odf.components.Data", "data": {"py/b64": "tww="}, "fake": false}], [3906, {"py/object": "odf.components.Data", "data": {"py/b64": "OkQ="}, "fake": false}], [6012, {"py/object": "odf.components.Status", "address": 4, "message_error_bit": "0", "instrumentation_bit": "0", "service_request_bit": "0", "reserved_bits": "000", "brdcst_received_bit": "0", "busy_bit": "0", "subsystem_flag_bit": "0", "dynamic_bus_control_accpt_bit": "0", "terminal_flag_bit": "1", "parity_bit": "1", "fake": false}], [6076, {"py/object": "odf.components.Command", "address": 6, "tr": 0, "sub_address": 2, "dword_count": 28, "parity": 0, "fake": false}], [6090, {"py/object": "odf.components.Command", "address": 5, "tr": 1, "sub_address": 2, "dword_count": 28, "parity": 0, "fake": false}], [8163, {"py/object": "odf.components.Status", "address": 5, "message_error_bit": "0", "instrumentation_bit": "0", "service_request_bit": "0", "reserved_bits": "000", "brdcst_received_bit": "0", "busy_bit": "0", "subsystem_flag_bit": "0", "dynamic_bus_control_accpt_bit": "0", "terminal_flag_bit": "1", "parity_bit": "1", "fake": false}], [8235, {"py/object": "odf.components.Data", "data": {"py/b64": "wpE="}, "fake": false}], [8308, {"py/object": "odf.components.Data", "data": {"py/b64": "rEI="}, "fake": false}], [8380, {"py/object": "odf.components.Data", "data": {"py/b64": "SSg="}, "fake": false}], [8450, {"py/object": "odf.components.Data", "data": {"py/b64": "EkM="}, "fake": false}], [8522, {"py/object": "odf.components.Data", "data": {"py/b64": "z7A="}, "fake": false}], [8592, {"py/object": "odf.components.Data", "data": {"py/b64": "EcM="}, "fake": false}], [8663, {"py/object": "odf.components.Data", "data": {"py/b64": "ahU="}, "fake": false}], [8733, {"py/object": "odf.components.Data", "data": {"py/b64": "Tzw="}, "fake": false}], [8803, {"py/object": "odf.components.Data", "data": {"py/b64": "3ig="}, "fake": false}], [8874, {"py/object": "odf.components.Data", "data": {"py/b64": "kcE="}, "fake": false}], [8942, {"py/object": "odf.components.Data", "data": {"py/b64": "N+8="}, "fake": false}], [9013, {"py/object": "odf.components.Data", "data": {"py/b64": "UsE="}, "fake": false}], [9086, {"py/object": "odf.components.Data", "data": {"py/b64": "Jeg="}, "fake": false}], [9157, {"py/object": "odf.components.Data", "data": {"py/b64": "bL8="}, "fake": false}], [9228, {"py/object": "odf.components.Data", "data": {"py/b64": "KRk="}, "fake": false}], [9291, {"py/object": "odf.components.Data", "data": {"py/b64": "BMA="}, "fake": false}], [9362, {"py/object": "odf.components.Data", "data": {"py/b64": "0GE="}, "fake": false}], [9432, {"py/object": "odf.components.Data", "data": {"py/b64": "Bbw="}, "fake": false}], [9503, {"py/object": "odf.components.Data", "data": {"py/b64": "I64="}, "fake": false}], [9573, {"py/object": "odf.components.Data", "data": {"py/b64": "bkA="}, "fake": false}], [9644, {"py/object": "odf.components.Data", "data": {"py/b64": "rHU="}, "fake": false}], [9715, {"py/object": "odf.components.Data", "data": {"py/b64": "F0M="}, "fake": false}], [9784, {"py/object": "odf.components.Data", "data": {"py/b64": "dbY="}, "fake": false}], [9852, {"py/object": "odf.components.Data", "data": {"py/b64": "Db4="}, "fake": false}], [9923, {"py/object": "odf.components.Data", "data": {"py/b64": "TfE="}, "fake": false}], [9995, {"py/object": "odf.components.Data", "data": {"py/b64": "FsA="}, "fake": false}], [10060, {"py/object": "odf.components.Data", "data": {"py/b64": "cHg="}, "fake": false}], [10134, {"py/object": "odf.components.Data", "data": {"py/b64": "UEE="}, "fake": false}], [12225, {"py/object": "odf.components.Status", "address": 6, "message_error_bit": "0", "instrumentation_bit": "0", "service_request_bit": "0", "reserved_bits": "000", "brdcst_received_bit": "0", "busy_bit": "0", "subsystem_flag_bit": "0", "dynamic_bus_control_accpt_bit": "0", "terminal_flag_bit": "1", "parity_bit": "1", "fake": false}], [12297, {"py/object": "odf.components.Command", "address": 8, "tr": 0, "sub_address": 2, "dword_count": 8, "parity": 0, "fake": false}], [12310, {"py/object": "odf.components.Command", "address": 7, "tr": 1, "sub_address": 2, "dword_count": 8, "parity": 0, "fake": false}], [14386, {"py/object": "odf.components.Status", "address": 7, "message_error_bit": "0", "instrumentation_bit": "0", "service_request_bit": "0", "reserved_bits": "000", "brdcst_received_bit": "0", "busy_bit": "0", "subsystem_flag_bit": "0", "dynamic_bus_control_accpt_bit": "0", "terminal_flag_bit": "1", "parity_bit": "1", "fake": false}], [14456, {"py/object": "odf.components.Data", "data": {"py/b64": "xJ4="}, "fake": false}], [14528, {"py/object": "odf.components.Data", "data": {"py/b64": "YL0="}, "fake": false}], [14601, {"py/object": "odf.components.Data", "data": {"py/b64": "xsM="}, "fake": false}], [14673, {"py/object": "odf.components.Data", "data": {"py/b64": "FTo="}, "fake": false}], [14746, {"py/object": "odf.components.Data", "data": {"py/b64": "lOM="}, "fake": false}], [14819, {"py/object": "odf.components.Data", "data": {"py/b64": "Jz0="}, "fake": false}], [14894, {"py/object": "odf.components.Data", "data": {"py/b64": "z3E="}, "fake": false}], [14973, {"py/object": "odf.components.Data", "data": {"py/b64": "lDk="}, "fake": false}], [17057, {"py/object": "odf.components.Status", "address": 8, "message_error_bit": "0", "instrumentation_bit": "0", "service_request_bit": "0", "reserved_bits": "000", "brdcst_received_bit": "0", "busy_bit": "0", "subsystem_flag_bit": "0", "dynamic_bus_control_accpt_bit": "0", "terminal_flag_bit": "1", "parity_bit": "1", "fake": false}], [17157, {"py/object": "odf.components.Command", "address": 10, "tr": 0, "sub_address": 2, "dword_count": 12, "parity": 0, "fake": false}], [17176, {"py/object": "odf.components.Command", "address": 9, "tr": 1, "sub_address": 2, "dword_count": 12, "parity": 0, "fake": false}], [19253, {"py/object": "odf.components.Status", "address": 9, "message_error_bit": "0", "instrumentation_bit": "0", "service_request_bit": "0", "reserved_bits": "000", "brdcst_received_bit": "0", "busy_bit": "0", "subsystem_flag_bit": "0", "dynamic_bus_control_accpt_bit": "0", "terminal_flag_bit": "1", "parity_bit": "1", "fake": false}], [19324, {"py/object": "odf.components.Data", "data": {"py/b64": "L8E="}, "fake": false}], [19395, {"py/object": "odf.components.Data", "data": {"py/b64": "B0I="}, "fake": false}], [19466, {"py/object": "odf.components.Data", "data": {"py/b64": "ocg="}, "fake": false}], [19538, {"py/object": "odf.components.Data", "data": {"py/b64": "7MI="}, "fake": false}], [19610, {"py/object": "odf.components.Data", "data": {"py/b64": "vNY="}, "fake": false}], [19681, {"py/object": "odf.components.Data", "data": {"py/b64": "MUI="}, "fake": false}], [19754, {"py/object": "odf.components.Data", "data": {"py/b64": "K8E="}, "fake": false}], [19825, {"py/object": "odf.components.Data", "data": {"py/b64": "B0I="}, "fake": false}], [19897, {"py/object": "odf.components.Data", "data": {"py/b64": "tMg="}, "fake": false}], [19970, {"py/object": "odf.components.Data", "data": {"py/b64": "7MI="}, "fake": false}], [20045, {"py/object": "odf.components.Data", "data": {"py/b64": "ivU="}, "fake": false}], [20119, {"py/object": "odf.components.Data", "data": {"py/b64": "FEM="}, "fake": false}], [22226, {"py/object": "odf.components.Status", "address": 10, "message_error_bit": "0", "instrumentation_bit": "0", "service_request_bit": "0", "reserved_bits": "000", "brdcst_received_bit": "0", "busy_bit": "0", "subsystem_flag_bit": "0", "dynamic_bus_control_accpt_bit": "0", "terminal_flag_bit": "1", "parity_bit": "1", "fake": false}], [22305, {"py/object": "odf.components.Command", "address": 12, "tr": 0, "sub_address": 2, "dword_count": 16, "parity": 0, "fake": false}], [22325, {"py/object": "odf.components.Command", "address": 11, "tr": 1, "sub_address": 2, "dword_count": 16, "parity": 0, "fake": false}], [24400, {"py/object": "odf.components.Status", "address": 11, "message_error_bit": "0", "instrumentation_bit": "0", "service_request_bit": "0", "reserved_bits": "000", "brdcst_received_bit": "0", "busy_bit": "0", "subsystem_flag_bit": "0", "dynamic_bus_control_accpt_bit": "0", "terminal_flag_bit": "1", "parity_bit": "1", "fake": false}], [24472, {"py/object": "odf.components.Data", "data": {"py/b64": "d2Y="}, "fake": false}], [24545, {"py/object": "odf.components.Data", "data": {"py/b64": "Gjs="}, "fake": false}], [24617, {"py/object": "odf.components.Data", "data": {"py/b64": "AIo="}, "fake": false}], [24689, {"py/object": "odf.components.Data", "data": {"py/b64": "ZUE="}, "fake": false}], [24760, {"py/object": "odf.components.Data", "data": {"py/b64": "roc="}, "fake": false}], [24833, {"py/object": "odf.components.Data", "data": {"py/b64": "7EE="}, "fake": false}], [24901, {"py/object": "odf.components.Data", "data": {"py/b64": "sAg="}, "fake": false}], [24971, {"py/object": "odf.components.Data", "data": {"py/b64": "YEA="}, "fake": false}], [25042, {"py/object": "odf.components.Data", "data": {"py/b64": "Ac0="}, "fake": false}], [25114, {"py/object": "odf.components.Data", "data": {"py/b64": "5T8="}, "fake": false}], [25183, {"py/object": "odf.components.Data", "data": {"py/b64": "868="}, "fake": false}], [25255, {"py/object": "odf.components.Data", "data": {"py/b64": "Aj4="}, "fake": false}], [25325, {"py/object": "odf.components.Data", "data": {"py/b64": "TQU="}, "fake": false}], [25398, {"py/object": "odf.components.Data", "data": {"py/b64": "9z4="}, "fake": false}], [25468, {"py/object": "odf.components.Data", "data": {"py/b64": "LU0="}, "fake": false}], [25546, {"py/object": "odf.components.Data", "data": {"py/b64": "nEE="}, "fake": false}], [27641, {"py/object": "odf.components.Status", "address": 12, "message_error_bit": "0", "instrumentation_bit": "0", "service_request_bit": "0", "reserved_bits": "000", "brdcst_received_bit": "0", "busy_bit": "0", "subsystem_flag_bit": "0", "dynamic_bus_control_accpt_bit": "0", "terminal_flag_bit": "1", "parity_bit": "1", "fake": false}], [27827, {"py/object": "odf.components.Command", "address": 1, "tr": 0, "sub_address": 2, "dword_count": 4, "parity": 0, "fake": false}], [27887, {"py/object": "odf.components.Data", "data": {"py/b64": "AAA="}, "fake": false}], [27901, {"py/object": "odf.components.Data", "data": {"py/b64": "AAA="}, "fake": false}], [27913, {"py/object": "odf.components.Data", "data": {"py/b64": "AAA="}, "fake": false}], [27927, {"py/object": "odf.components.Data", "data": {"py/b64": "AAA="}, "fake": false}], [30004, {"py/object": "odf.components.Status", "address": 1, "message_error_bit": "0", "instrumentation_bit": "0", "service_request_bit": "0", "reserved_bits": "000", "brdcst_received_bit": "0", "busy_bit": "0", "subsystem_flag_bit": "0", "dynamic_bus_control_accpt_bit": "0", "terminal_flag_bit": "1", "parity_bit": "1", "fake": false}], [30175, {"py/object": "odf.components.Command", "address": 31, "tr": 0, "sub_address": 2, "dword_count": 1, "parity": 0, "fake": false}], [30234, {"py/object": "odf.components.Data", "data": {"py/b64": "//8="}, "fake": false}], [30247, {"py/object": "odf.components.Command", "address": 4, "tr": 0, "sub_address": 2, "dword_count": 18, "parity": 0, "fake": false}], [30258, {"py/object": "odf.components.Command", "address": 3, "tr": 1, "sub_address": 2, "dword_count": 18, "parity": 0, "fake": false}], [32315, {"py/object": "odf.components.Status", "address": 3, "message_error_bit": "0", "instrumentation_bit": "0", "service_request_bit": "0", "reserved_bits": "000", "brdcst_received_bit": "0", "busy_bit": "0", "subsystem_flag_bit": "0", "dynamic_bus_control_accpt_bit": "0", "terminal_flag_bit": "1", "parity_bit": "1", "fake": false}], [32386, {"py/object": "odf.components.Data", "data": {"py/b64": "Z7o="}, "fake": false}], [32458, {"py/object": "odf.components.Data", "data": {"py/b64": "a0M="}, "fake": false}], [32529, {"py/object": "odf.components.Data", "data": {"py/b64": "VEk="}, "fake": false}], [32601, {"py/object": "odf.components.Data", "data": {"py/b64": "lUQ="}, "fake": false}], [32664, {"py/object": "odf.components.Data", "data": {"py/b64": "6so="}, "fake": false}], [32735, {"py/object": "odf.components.Data", "data": {"py/b64": "3EM="}, "fake": false}], [32805, {"py/object": "odf.components.Data", "data": {"py/b64": "t6g="}, "fake": false}], [32876, {"py/object": "odf.components.Data", "data": {"py/b64": "hEM="}, "fake": false}], [32950, {"py/object": "odf.components.Data", "data": {"py/b64": "bs0="}, "fake": false}], [33023, {"py/object": "odf.components.Data", "data": {"py/b64": "i0A="}, "fake": false}], [33094, {"py/object": "odf.components.Data", "data": {"py/b64": "Bs8="}, "fake": false}], [33167, {"py/object": "odf.components.Data", "data": {"py/b64": "i0A="}, "fake": false}], [33240, {"py/object": "odf.components.Data", "data": {"py/b64": "9OA="}, "fake": false}], [33313, {"py/object": "odf.components.Data", "data": {"py/b64": "QkA="}, "fake": false}], [33385, {"py/object": "odf.components.Data", "data": {"py/b64": "Osk="}, "fake": false}], [33457, {"py/object": "odf.components.Data", "data": {"py/b64": "1UM="}, "fake": false}], [33530, {"py/object": "odf.components.Data", "data": {"py/b64": "tww="}, "fake": false}], [33610, {"py/object": "odf.components.Data", "data": {"py/b64": "OkQ="}, "fake": false}], [35695, {"py/object": "odf.components.Status", "address": 4, "message_error_bit": "0", "instrumentation_bit": "0", "service_request_bit": "0", "reserved_bits": "000", "brdcst_received_bit": "0", "busy_bit": "0", "subsystem_flag_bit": "0", "dynamic_bus_control_accpt_bit": "0", "terminal_flag_bit": "1", "parity_bit": "1", "fake": false}], [35775, {"py/object": "odf.components.Command", "address": 6, "tr": 0, "sub_address": 2, "dword_count": 28, "parity": 0, "fake": false}], [35788, {"py/object": "odf.components.Command", "address": 5, "tr": 1, "sub_address": 2, "dword_count": 28, "parity": 0, "fake": false}], [37850, {"py/object": "odf.components.Status", "address": 5, "message_error_bit": "0", "instrumentation_bit": "0", "service_request_bit": "0", "reserved_bits": "000", "brdcst_received_bit": "0", "busy_bit": "0", "subsystem_flag_bit": "0", "dynamic_bus_control_accpt_bit": "0", "terminal_flag_bit": "1", "parity_bit": "1", "fake": false}], [37920, {"py/object": "odf.components.Data", "data": {"py/b64": "AdU="}, "fake": false}], [37991, {"py/object": "odf.components.Data", "data": {"py/b64": "dUM="}, "fake": false}], [38062, {"py/object": "odf.components.Data", "data": {"py/b64": "L6s="}, "fake": false}], [38136, {"py/object": "odf.components.Data", "data": {"py/b64": "z0M="}, "fake": false}], [38207, {"py/object": "odf.components.Data", "data": {"py/b64": "ieI="}, "fake": false}], [38278, {"py/object": "odf.components.Data", "data": {"py/b64": "zcM="}, "fake": false}], [38341, {"py/object": "odf.components.Data", "data": {"py/b64": "yLU="}, "fake": false}], [38407, {"py/object": "odf.components.Data", "data": {"py/b64": "ikE="}, "fake": false}], [38467, {"py/object": "odf.components.Data", "data": {"py/b64": "rBY="}, "fake": false}], [38534, {"py/object": "odf.components.Data", "data": {"py/b64": "T8I="}, "fake": false}], [38587, {"py/object": "odf.components.Data", "data": {"py/b64": "bsM="}, "fake": false}], [38658, {"py/object": "odf.components.Data", "data": {"py/b64": "vb8="}, "fake": false}], [38711, {"py/object": "odf.components.Data", "data": {"py/b64": "bEk="}, "fake": false}], [38778, {"py/object": "odf.components.Data", "data": {"py/b64": "hr4="}, "fake": false}], [38847, {"py/object": "odf.components.Data", "data": {"py/b64": "vk8="}, "fake": false}], [38916, {"py/object": "odf.components.Data", "data": {"py/b64": "yD8="}, "fake": false}], [38989, {"py/object": "odf.components.Data", "data": {"py/b64": "9jM="}, "fake": false}], [39061, {"py/object": "odf.components.Data", "data": {"py/b64": "078="}, "fake": false}], [39130, {"py/object": "odf.components.Data", "data": {"py/b64": "B8k="}, "fake": false}], [39206, {"py/object": "odf.components.Data", "data": {"py/b64": "LcE="}, "fake": false}], [39278, {"py/object": "odf.components.Data", "data": {"py/b64": "19k="}, "fake": false}], [39345, {"py/object": "odf.components.Data", "data": {"py/b64": "z0M="}, "fake": false}], [39416, {"py/object": "odf.components.Data", "data": {"py/b64": "slA="}, "fake": false}], [39487, {"py/object": "odf.components.Data", "data": {"py/b64": "Vr8="}, "fake": false}], [39559, {"py/object": "odf.components.Data", "data": {"py/b64": "9Po="}, "fake": false}], [39636, {"py/object": "odf.components.Data", "data": {"py/b64": "nL4="}, "fake": false}], [39706, {"py/object": "odf.components.Data", "data": {"py/b64": "VeY="}, "fake": false}], [39785, {"py/object": "odf.components.Data", "data": {"py/b64": "gD8="}, "fake": false}], [41883, {"py/object": "odf.components.Status", "address": 6, "message_error_bit": "0", "instrumentation_bit": "0", "service_request_bit": "0", "reserved_bits": "000", "brdcst_received_bit": "0", "busy_bit": "0", "subsystem_flag_bit": "0", "dynamic_bus_control_accpt_bit": "0", "terminal_flag_bit": "1", "parity_bit": "1", "fake": false}], [41941, {"py/object": "odf.components.Command", "address": 8, "tr": 0, "sub_address": 2, "dword_count": 8, "parity": 0, "fake": false}], [41952, {"py/object": "odf.components.Command", "address": 7, "tr": 1, "sub_address": 2, "dword_count": 8, "parity": 0, "fake": false}], [44016, {"py/object": "odf.components.Status", "address": 7, "message_error_bit": "0", "instrumentation_bit": "0", "service_request_bit": "0", "reserved_bits": "000", "brdcst_received_bit": "0", "busy_bit": "0", "subsystem_flag_bit": "0", "dynamic_bus_control_accpt_bit": "0", "terminal_flag_bit": "1", "parity_bit": "1", "fake": false}], [44087, {"py/object": "odf.components.Data", "data": {"py/b64": "fiU="}, "fake": false}], [44160, {"py/object": "odf.components.Data", "data": {"py/b64": "h70="}, "fake": false}], [44233, {"py/object": "odf.components.Data", "data": {"py/b64": "x4U="}, "fake": false}], [44304, {"py/object": "odf.components.Data", "data": {"py/b64": "jbs="}, "fake": false}], [44374, {"py/object": "odf.components.Data", "data": {"py/b64": "DeA="}, "fake": false}], [44449, {"py/object": "odf.components.Data", "data": {"py/b64": "0Tw="}, "fake": false}], [44520, {"py/object": "odf.components.Data", "data": {"py/b64": "ZDQ="}, "fake": false}], [44596, {"py/object": "odf.components.Data", "data": {"py/b64": "Vbo="}, "fake": false}], [46698, {"py/object": "odf.components.Status", "address": 8, "message_error_bit": "0", "instrumentation_bit": "0", "service_request_bit": "0", "reserved_bits": "000", "brdcst_received_bit": "0", "busy_bit": "0", "subsystem_flag_bit": "0", "dynamic_bus_control_accpt_bit": "0", "terminal_flag_bit": "1", "parity_bit": "1", "fake": false}], [46772, {"py/object": "odf.components.Command", "address": 10, "tr": 0, "sub_address": 2, "dword_count": 12, "parity": 0, "fake": false}], [46787, {"py/object": "odf.components.Command", "address": 9, "tr": 1, "sub_address": 2, "dword_count": 12, "parity": 0, "fake": false}], [48841, {"py/object": "odf.components.Status", "address": 9, "message_error_bit": "0", "instrumentation_bit": "0", "service_request_bit": "0", "reserved_bits": "000", "brdcst_received_bit": "0", "busy_bit": "0", "subsystem_flag_bit": "0", "dynamic_bus_control_accpt_bit": "0", "terminal_flag_bit": "1", "parity_bit": "1", "fake": false}], [48894, {"py/object": "odf.components.Data", "data": {"py/b64": "T70="}, "fake": false}], [48963, {"py/object": "odf.components.Data", "data": {"py/b64": "B0I="}, "fake": false}], [49022, {"py/object": "odf.components.Data", "data": {"py/b64": "Sds="}, "fake": false}], [49095, {"py/object": "odf.components.Data", "data": {"py/b64": "7MI="}, "fake": false}], [49161, {"py/object": "odf.components.Data", "data": {"py/b64": "m+o="}, "fake": false}], [49232, {"py/object": "odf.components.Data", "data": {"py/b64": "aEM="}, "fake": false}], [49305, {"py/object": "odf.components.Data", "data": {"py/b64": "Sr0="}, "fake": false}], [49375, {"py/object": "odf.components.Data", "data": {"py/b64": "B0I="}, "fake": false}], [49445, {"py/object": "odf.components.Data", "data": {"py/b64": "Yts="}, "fake": false}], [49519, {"py/object": "odf.components.Data", "data": {"py/b64": "7MI="}, "fake": false}], [49593, {"py/object": "odf.components.Data", "data": {"py/b64": "Ugk="}, "fake": false}], [49670, {"py/object": "odf.components.Data", "data": {"py/b64": "QEQ="}, "fake": false}], [51807, {"py/object": "odf.components.Status", "address": 10, "message_error_bit": "0", "instrumentation_bit": "0", "service_request_bit": "0", "reserved_bits": "000", "brdcst_received_bit": "0", "busy_bit": "0", "subsystem_flag_bit": "0", "dynamic_bus_control_accpt_bit": "0", "terminal_flag_bit": "1", "parity_bit": "1", "fake": false}], [51860, {"py/object": "odf.components.Command", "address": 12, "tr": 0, "sub_address": 2, "dword_count": 16, "parity": 0, "fake": false}], [51874, {"py/object": "odf.components.Command", "address": 11, "tr": 1, "sub_address": 2, "dword_count": 16, "parity": 0, "fake": false}], [53940, {"py/object": "odf.components.Status", "address": 11, "message_error_bit": "0", "instrumentation_bit": "0", "service_request_bit": "0", "reserved_bits": "000", "brdcst_received_bit": "0", "busy_bit": "0", "subsystem_flag_bit": "0", "dynamic_bus_control_accpt_bit": "0", "terminal_flag_bit": "1", "parity_bit": "1", "fake": false}], [54011, {"py/object": "odf.components.Data", "data": {"py/b64": "i5E="}, "fake": false}], [54085, {"py/object": "odf.components.Data", "data": {"py/b64": "Fzs="}, "fake": false}], [54155, {"py/object": "odf.components.Data", "data": {"py/b64": "AIU="}, "fake": false}], [54226, {"py/object": "odf.components.Data", "data": {"py/b64": "UkE="}, "fake": false}], [54298, {"py/object": "odf.components.Data", "data": {"py/b64": "UW8="}, "fake": false}], [54370, {"py/object": "odf.components.Data", "data": {"py/b64": "50E="}, "fake": false}], [54439, {"py/object": "odf.components.Data", "data": {"py/b64": "7gw="}, "fake": false}], [54513, {"py/object": "odf.components.Data", "data": {"py/b64": "t0A="}, "fake": false}], [54585, {"py/object": "odf.components.Data", "data": {"py/b64": "kE0="}, "fake": false}], [54657, {"py/object": "odf.components.Data", "data": {"py/b64": "PEA="}, "fake": false}], [54729, {"py/object": "odf.components.Data", "data": {"py/b64": "ksE="}, "fake": false}], [54787, {"py/object": "odf.components.Data", "data": {"py/b64": "6T0="}, "fake": false}], [54856, {"py/object": "odf.components.Data", "data": {"py/b64": "XXo="}, "fake": false}], [54931, {"py/object": "odf.components.Data", "data": {"py/b64": "ZD4="}, "fake": false}], [55002, {"py/object": "odf.components.Data", "data": {"py/b64": "Ykg="}, "fake": false}], [55073, {"py/object": "odf.components.Data", "data": {"py/b64": "q0E="}, "fake": false}], [57220, {"py/object": "odf.components.Status", "address": 12, "message_error_bit": "0", "instrumentation_bit": "0", "service_request_bit": "0", "reserved_bits": "000", "brdcst_received_bit": "0", "busy_bit": "0", "subsystem_flag_bit": "0", "dynamic_bus_control_accpt_bit": "0", "terminal_flag_bit": "1", "parity_bit": "1", "fake": false}], [57391, {"py/object": "odf.components.Command", "address": 1, "tr": 0, "sub_address": 2, "dword_count": 4, "parity": 0, "fake": false}], [57442, {"py/object": "odf.components.Data", "data": {"py/b64": "AAA="}, "fake": false}], [57455, {"py/object": "odf.components.Data", "data": {"py/b64": "AAA="}, "fake": false}], [57468, {"py/object": "odf.components.Data", "data": {"py/b64": "AAA="}, "fake": false}], [57480, {"py/object": "odf.components.Data", "data": {"py/b64": "AAA="}, "fake": false}], [59476, {"py/object": "odf.components.Status", "address": 1, "message_error_bit": "0", "instrumentation_bit": "0", "service_request_bit": "0", "reserved_bits": "000", "brdcst_received_bit": "0", "busy_bit": "0", "subsystem_flag_bit": "0", "dynamic_bus_control_accpt_bit": "0", "terminal_flag_bit": "1", "parity_bit": "1", "fake": false}], [59613, {"py/object": "odf.components.Command", "address": 31, "tr": 0, "sub_address": 2, "dword_count": 1, "parity": 0, "fake": false}], [59717, {"py/object": "odf.components.Data", "data": {"py/b64": "//8="}, "fake": false}], [59734, {"py/object": "odf.components.Command", "address": 4, "tr": 0, "sub_address": 2, "dword_count": 18, "parity": 0, "fake": false}], [59746, {"py/object": "odf.components.Command", "address": 3, "tr": 1, "sub_address": 2, "dword_count": 18, "parity": 0, "fake": false}], [61807, {"py/object": "odf.components.Status", "address": 3, "message_error_bit": "0", "instrumentation_bit": "0", "service_request_bit": "0", "reserved_bits": "000", "brdcst_received_bit": "0", "busy_bit": "0", "subsystem_flag_bit": "0", "dynamic_bus_control_accpt_bit": "0", "terminal_flag_bit": "1", "parity_bit": "1", "fake": false}], [61886, {"py/object": "odf.components.Data", "data": {"py/b64": "kuU="}, "fake": false}], [61961, {"py/object": "odf.components.Data", "data": {"py/b64": "eUM="}, "fake": false}], [62039, {"py/object": "odf.components.Data", "data": {"py/b64": "r2I="}, "fake": false}], [62116, {"py/object": "odf.components.Data", "data": {"py/b64": "AEU="}, "fake": false}], [62194, {"py/object": "odf.components.Data", "data": {"py/b64": "rWM="}, "fake": false}], [62271, {"py/object": "odf.components.Data", "data": {"py/b64": "kEQ="}, "fake": false}], [62347, {"py/object": "odf.components.Data", "data": {"py/b64": "DzY="}, "fake": false}], [62424, {"py/object": "odf.components.Data", "data": {"py/b64": "WkM="}, "fake": false}], [62502, {"py/object": "odf.components.Data", "data": {"py/b64": "D1o="}, "fake": false}], [62561, {"py/object": "odf.components.Data", "data": {"py/b64": "gUA="}, "fake": false}], [62636, {"py/object": "odf.components.Data", "data": {"py/b64": "nk0="}, "fake": false}], [62714, {"py/object": "odf.components.Data", "data": {"py/b64": "gUA="}, "fake": false}], [62792, {"py/object": "odf.components.Data", "data": {"py/b64": "rfk="}, "fake": false}], [62868, {"py/object": "odf.components.Data", "data": {"py/b64": "QkA="}, "fake": false}], [62945, {"py/object": "odf.components.Data", "data": {"py/b64": "Kk4="}, "fake": false}], [63022, {"py/object": "odf.components.Data", "data": {"py/b64": "1UM="}, "fake": false}], [63100, {"py/object": "odf.components.Data", "data": {"py/b64": "tww="}, "fake": false}], [63184, {"py/object": "odf.components.Data", "data": {"py/b64": "OkQ="}, "fake": false}], [65260, {"py/object": "odf.components.Status", "address": 4, "message_error_bit": "0", "instrumentation_bit": "0", "service_request_bit": "0", "reserved_bits": "000", "brdcst_received_bit": "0", "busy_bit": "0", "subsystem_flag_bit": "0", "dynamic_bus_control_accpt_bit": "0", "terminal_flag_bit": "1", "parity_bit": "1", "fake": false}], [65368, {"py/object": "odf.components.Command", "address": 6, "tr": 0, "sub_address": 2, "dword_count": 28, "parity": 0, "fake": false}], [65390, {"py/object": "odf.components.Command", "address": 5, "tr": 1, "sub_address": 2, "dword_count": 28, "parity": 0, "fake": false}], [65471, {"py/object": "odf.components.Status", "address": 5, "message_error_bit": "0", "instrumentation_bit": "0", "service_request_bit": "0", "reserved_bits": "000", "brdcst_received_bit": "0", "busy_bit": "0", "subsystem_flag_bit": "0", "dynamic_bus_control_accpt_bit": "0", "terminal_flag_bit": "1", "parity_bit": "0", "fake": true}], [75918, {"py/object": "odf.components.Command", "address": 8, "tr": 0, "sub_address": 2, "dword_count": 8, "parity": 0, "fake": false}], [75946, {"py/object": "odf.components.Command", "address": 7, "tr": 1, "sub_address": 2, "dword_count": 8, "parity": 0, "fake": false}], [76029, {"py/object": "odf.components.Status", "address": 7, "message_error_bit": "0", "instrumentation_bit": "0", "service_request_bit": "0", "reserved_bits": "000", "brdcst_received_bit": "0", "busy_bit": "0", "subsystem_flag_bit": "0", "dynamic_bus_control_accpt_bit": "0", "terminal_flag_bit": "1", "parity_bit": "0", "fake": true}], [86464, {"py/object": "odf.components.Command", "address": 10, "tr": 0, "sub_address": 2, "dword_count": 12, "parity": 0, "fake": false}], [86492, {"py/object": "odf.components.Command", "address": 9, "tr": 1, "sub_address": 2, "dword_count": 12, "parity": 0, "fake": false}], [86579, {"py/object": "odf.components.Status", "address": 9, "message_error_bit": "0", "instrumentation_bit": "0", "service_request_bit": "0", "reserved_bits": "000", "brdcst_received_bit": "0", "busy_bit": "0", "subsystem_flag_bit": "0", "dynamic_bus_control_accpt_bit": "0", "terminal_flag_bit": "1", "parity_bit": "0", "fake": true}], [97027, {"py/object": "odf.components.Command", "address": 12, "tr": 0, "sub_address": 2, "dword_count": 16, "parity": 0, "fake": false}], [97046, {"py/object": "odf.components.Command", "address": 11, "tr": 1, "sub_address": 2, "dword_count": 16, "parity": 0, "fake": false}], [97125, {"py/object": "odf.components.Status", "address": 11, "message_error_bit": "0", "instrumentation_bit": "0", "service_request_bit": "0", "reserved_bits": "000", "brdcst_received_bit": "0", "busy_bit": "0", "subsystem_flag_bit": "0", "dynamic_bus_control_accpt_bit": "0", "terminal_flag_bit": "1", "parity_bit": "0", "fake": true}], [107626, {"py/object": "odf.components.Command", "address": 1, "tr": 0, "sub_address": 2, "dword_count": 4, "parity": 0, "fake": false}], [107798, {"py/object": "odf.components.Data", "data": {"py/b64": "AAA="}, "fake": false}], [107967, {"py/object": "odf.components.Data", "data": {"py/b64": "AAA="}, "fake": false}], [108121, {"py/object": "odf.components.Data", "data": {"py/b64": "AAA="}, "fake": false}], [108154, {"py/object": "odf.components.Data", "data": {"py/b64": "gEA="}, "fake": false}], [108175, {"py/object": "odf.components.Command", "address": 31, "tr": 0, "sub_address": 2, "dword_count": 1, "parity": 0, "fake": false}], [108250, {"py/object": "odf.components.Data", "data": {"py/b64": "//8="}, "fake": false}], [108267, {"py/object": "odf.components.Command", "address": 4, "tr": 0, "sub_address": 2, "dword_count": 18, "parity": 0, "fake": false}], [108280, {"py/object": "odf.components.Command", "address": 3, "tr": 1, "sub_address": 2, "dword_count": 18, "parity": 0, "fake": false}], [108292, {"py/object": "odf.components.Status", "address": 3, "message_error_bit": "0", "instrumentation_bit": "0", "service_request_bit": "0", "reserved_bits": "000", "brdcst_received_bit": "0", "busy_bit": "0", "subsystem_flag_bit": "0", "dynamic_bus_control_accpt_bit": "0", "terminal_flag_bit": "1", "parity_bit": "0", "fake": true}], [109901, {"py/object": "odf.components.Status", "address": 1, "message_error_bit": "0", "instrumentation_bit": "0", "service_request_bit": "0", "reserved_bits": "000", "brdcst_received_bit": "0", "busy_bit": "0", "subsystem_flag_bit": "0", "dynamic_bus_control_accpt_bit": "0", "terminal_flag_bit": "1", "parity_bit": "1", "fake": false}], [109983, {"py/object": "odf.components.Command", "address": 6, "tr": 0, "sub_address": 2, "dword_count": 28, "parity": 0, "fake": false}], [110006, {"py/object": "odf.components.Command", "address": 5, "tr": 1, "sub_address": 2, "dword_count": 28, "parity": 0, "fake": false}], [110093, {"py/object": "odf.components.Status", "address": 5, "message_error_bit": "0", "instrumentation_bit": "0", "service_request_bit": "0", "reserved_bits": "000", "brdcst_received_bit": "0", "busy_bit": "0", "subsystem_flag_bit": "0", "dynamic_bus_control_accpt_bit": "0", "terminal_flag_bit": "1", "parity_bit": "0", "fake": true}]], "attack_times": [[65391, 75947, 86495, 97048, 108153, 110000]], "attack_types": ["Fake_Status_trcmd"], "attack_outcome": [true]}