{"data": [[317, {"py/object": "odf.components.Command", "address": 31, "tr": 0, "sub_address": 2, "dword_count": 1, "parity": 0, "fake": false}], [404, {"py/object": "odf.components.Data", "data": {"py/b64": "//8="}, "fake": false}], [449, {"py/object": "odf.components.Command", "address": 4, "tr": 0, "sub_address": 2, "dword_count": 18, "parity": 0, "fake": false}], [465, {"py/object": "odf.components.Command", "address": 3, "tr": 1, "sub_address": 2, "dword_count": 18, "parity": 0, "fake": false}], [2533, {"py/object": "odf.components.Status", "address": 3, "message_error_bit": "0", "instrumentation_bit": "0", "service_request_bit": "0", "reserved_bits": "000", "brdcst_received_bit": "0", "busy_bit": "0", "subsystem_flag_bit": "0", "dynamic_bus_control_accpt_bit": "0", "terminal_flag_bit": "1", "parity_bit": "1", "fake": false}], [2600, {"py/object": "odf.components.Data", "data": {"py/b64": "iKs="}, "fake": false}], [2670, {"py/object": "odf.components.Data", "data": {"py/b64": "JUI="}, "fake": false}], [2736, {"py/object": "odf.components.Data", "data": {"py/b64": "yLM="}, "fake": false}], [2802, {"py/object": "odf.components.Data", "data": {"py/b64": "fb0="}, "fake": false}], [2870, {"py/object": "odf.components.Data", "data": {"py/b64": "RYY="}, "fake": false}], [2932, {"py/object": "odf.components.Data", "data": {"py/b64": "7kI="}, "fake": false}], [3005, {"py/object": "odf.components.Data", "data": {"py/b64": "q80="}, "fake": false}], [3072, {"py/object": "odf.components.Data", "data": {"py/b64": "iEM="}, "fake": false}], [3135, {"py/object": "odf.components.Data", "data": {"py/b64": "768="}, "fake": false}], [3207, {"py/object": "odf.components.Data", "data": {"py/b64": "i0A="}, "fake": false}], [3275, {"py/object": "odf.components.Data", "data": {"py/b64": "ALA="}, "fake": false}], [3342, {"py/object": "odf.components.Data", "data": {"py/b64": "i0A="}, "fake": false}], [3410, {"py/object": "odf.components.Data", "data": {"py/b64": "2w8="}, "fake": false}], [3481, {"py/object": "odf.components.Data", "data": {"py/b64": "SUA="}, "fake": false}], [3544, {"py/object": "odf.components.Data", "data": {"py/b64": "pKM="}, "fake": false}], [3612, {"py/object": "odf.components.Data", "data": {"py/b64": "1kM="}, "fake": false}], [3685, {"py/object": "odf.components.Data", "data": {"py/b64": "tww="}, "fake": false}], [3757, {"py/object": "odf.components.Data", "data": {"py/b64": "OkQ="}, "fake": false}], [5824, {"py/object": "odf.components.Status", "address": 4, "message_error_bit": "0", "instrumentation_bit": "0", "service_request_bit": "0", "reserved_bits": "000", "brdcst_received_bit": "0", "busy_bit": "0", "subsystem_flag_bit": "0", "dynamic_bus_control_accpt_bit": "0", "terminal_flag_bit": "1", "parity_bit": "1", "fake": false}], [5893, {"py/object": "odf.components.Command", "address": 6, "tr": 0, "sub_address": 2, "dword_count": 28, "parity": 0, "fake": false}], [5908, {"py/object": "odf.components.Command", "address": 5, "tr": 1, "sub_address": 2, "dword_count": 28, "parity": 0, "fake": false}], [7973, {"py/object": "odf.components.Status", "address": 5, "message_error_bit": "0", "instrumentation_bit": "0", "service_request_bit": "0", "reserved_bits": "000", "brdcst_received_bit": "0", "busy_bit": "0", "subsystem_flag_bit": "0", "dynamic_bus_control_accpt_bit": "0", "terminal_flag_bit": "1", "parity_bit": "1", "fake": false}], [8029, {"py/object": "odf.components.Data", "data": {"py/b64": "wpE="}, "fake": false}], [8087, {"py/object": "odf.components.Data", "data": {"py/b64": "rEI="}, "fake": false}], [8150, {"py/object": "odf.components.Data", "data": {"py/b64": "SSg="}, "fake": false}], [8216, {"py/object": "odf.components.Data", "data": {"py/b64": "EkM="}, "fake": false}], [8281, {"py/object": "odf.components.Data", "data": {"py/b64": "z7A="}, "fake": false}], [8350, {"py/object": "odf.components.Data", "data": {"py/b64": "EcM="}, "fake": false}], [8417, {"py/object": "odf.components.Data", "data": {"py/b64": "ahU="}, "fake": false}], [8477, {"py/object": "odf.components.Data", "data": {"py/b64": "Tzw="}, "fake": false}], [8542, {"py/object": "odf.components.Data", "data": {"py/b64": "3ig="}, "fake": false}], [8610, {"py/object": "odf.components.Data", "data": {"py/b64": "kcE="}, "fake": false}], [8682, {"py/object": "odf.components.Data", "data": {"py/b64": "N+8="}, "fake": false}], [8740, {"py/object": "odf.components.Data", "data": {"py/b64": "UsE="}, "fake": false}], [8810, {"py/object": "odf.components.Data", "data": {"py/b64": "Jeg="}, "fake": false}], [8874, {"py/object": "odf.components.Data", "data": {"py/b64": "bL8="}, "fake": false}], [8939, {"py/object": "odf.components.Data", "data": {"py/b64": "KRk="}, "fake": false}], [9009, {"py/object": "odf.components.Data", "data": {"py/b64": "BMA="}, "fake": false}], [9078, {"py/object": "odf.components.Data", "data": {"py/b64": "0GE="}, "fake": false}], [9148, {"py/object": "odf.components.Data", "data": {"py/b64": "Bbw="}, "fake": false}], [9217, {"py/object": "odf.components.Data", "data": {"py/b64": "I64="}, "fake": false}], [9286, {"py/object": "odf.components.Data", "data": {"py/b64": "bkA="}, "fake": false}], [9357, {"py/object": "odf.components.Data", "data": {"py/b64": "rHU="}, "fake": false}], [9429, {"py/object": "odf.components.Data", "data": {"py/b64": "F0M="}, "fake": false}], [9499, {"py/object": "odf.components.Data", "data": {"py/b64": "dbY="}, "fake": false}], [9569, {"py/object": "odf.components.Data", "data": {"py/b64": "Db4="}, "fake": false}], [9629, {"py/object": "odf.components.Data", "data": {"py/b64": "TfE="}, "fake": false}], [9696, {"py/object": "odf.components.Data", "data": {"py/b64": "FsA="}, "fake": false}], [9764, {"py/object": "odf.components.Data", "data": {"py/b64": "cHg="}, "fake": false}], [9831, {"py/object": "odf.components.Data", "data": {"py/b64": "UEE="}, "fake": false}], [11922, {"py/object": "odf.components.Status", "address": 6, "message_error_bit": "0", "instrumentation_bit": "0", "service_request_bit": "0", "reserved_bits": "000", "brdcst_received_bit": "0", "busy_bit": "0", "subsystem_flag_bit": "0", "dynamic_bus_control_accpt_bit": "0", "terminal_flag_bit": "1", "parity_bit": "1", "fake": false}], [11998, {"py/object": "odf.components.Command", "address": 8, "tr": 0, "sub_address": 2, "dword_count": 8, "parity": 0, "fake": false}], [12014, {"py/object": "odf.components.Command", "address": 7, "tr": 1, "sub_address": 2, "dword_count": 8, "parity": 0, "fake": false}], [14071, {"py/object": "odf.components.Status", "address": 7, "message_error_bit": "0", "instrumentation_bit": "0", "service_request_bit": "0", "reserved_bits": "000", "brdcst_received_bit": "0", "busy_bit": "0", "subsystem_flag_bit": "0", "dynamic_bus_control_accpt_bit": "0", "terminal_flag_bit": "1", "parity_bit": "1", "fake": false}], [14134, {"py/object": "odf.components.Data", "data": {"py/b64": "xJ4="}, "fake": false}], [14193, {"py/object": "odf.components.Data", "data": {"py/b64": "YL0="}, "fake": false}], [14239, {"py/object": "odf.components.Data", "data": {"py/b64": "xsM="}, "fake": false}], [14294, {"py/object": "odf.components.Data", "data": {"py/b64": "FTo="}, "fake": false}], [14351, {"py/object": "odf.components.Data", "data": {"py/b64": "lOM="}, "fake": false}], [14407, {"py/object": "odf.components.Data", "data": {"py/b64": "Jz0="}, "fake": false}], [14461, {"py/object": "odf.components.Data", "data": {"py/b64": "z3E="}, "fake": false}], [14523, {"py/object": "odf.components.Data", "data": {"py/b64": "lDk="}, "fake": false}], [16633, {"py/object": "odf.components.Status", "address": 8, "message_error_bit": "0", "instrumentation_bit": "0", "service_request_bit": "0", "reserved_bits": "000", "brdcst_received_bit": "0", "busy_bit": "0", "subsystem_flag_bit": "0", "dynamic_bus_control_accpt_bit": "0", "terminal_flag_bit": "1", "parity_bit": "1", "fake": false}], [16674, {"py/object": "odf.components.Command", "address": 10, "tr": 0, "sub_address": 2, "dword_count": 12, "parity": 0, "fake": false}], [16689, {"py/object": "odf.components.Command", "address": 9, "tr": 1, "sub_address": 2, "dword_count": 12, "parity": 0, "fake": false}], [18762, {"py/object": "odf.components.Status", "address": 9, "message_error_bit": "0", "instrumentation_bit": "0", "service_request_bit": "0", "reserved_bits": "000", "brdcst_received_bit": "0", "busy_bit": "0", "subsystem_flag_bit": "0", "dynamic_bus_control_accpt_bit": "0", "terminal_flag_bit": "1", "parity_bit": "1", "fake": false}], [18819, {"py/object": "odf.components.Data", "data": {"py/b64": "L8E="}, "fake": false}], [18882, {"py/object": "odf.components.Data", "data": {"py/b64": "B0I="}, "fake": false}], [18956, {"py/object": "odf.components.Data", "data": {"py/b64": "ocg="}, "fake": false}], [19026, {"py/object": "odf.components.Data", "data": {"py/b64": "7MI="}, "fake": false}], [19098, {"py/object": "odf.components.Data", "data": {"py/b64": "vNY="}, "fake": false}], [19170, {"py/object": "odf.components.Data", "data": {"py/b64": "MUI="}, "fake": false}], [19244, {"py/object": "odf.components.Data", "data": {"py/b64": "K8E="}, "fake": false}], [19312, {"py/object": "odf.components.Data", "data": {"py/b64": "B0I="}, "fake": false}], [19381, {"py/object": "odf.components.Data", "data": {"py/b64": "tMg="}, "fake": false}], [19452, {"py/object": "odf.components.Data", "data": {"py/b64": "7MI="}, "fake": false}], [19517, {"py/object": "odf.components.Data", "data": {"py/b64": "ivU="}, "fake": false}], [19589, {"py/object": "odf.components.Data", "data": {"py/b64": "FEM="}, "fake": false}], [21704, {"py/object": "odf.components.Status", "address": 10, "message_error_bit": "0", "instrumentation_bit": "0", "service_request_bit": "0", "reserved_bits": "000", "brdcst_received_bit": "0", "busy_bit": "0", "subsystem_flag_bit": "0", "dynamic_bus_control_accpt_bit": "0", "terminal_flag_bit": "1", "parity_bit": "1", "fake": false}], [21759, {"py/object": "odf.components.Command", "address": 12, "tr": 0, "sub_address": 2, "dword_count": 16, "parity": 0, "fake": false}], [21776, {"py/object": "odf.components.Command", "address": 11, "tr": 1, "sub_address": 2, "dword_count": 16, "parity": 0, "fake": false}], [23838, {"py/object": "odf.components.Status", "address": 11, "message_error_bit": "0", "instrumentation_bit": "0", "service_request_bit": "0", "reserved_bits": "000", "brdcst_received_bit": "0", "busy_bit": "0", "subsystem_flag_bit": "0", "dynamic_bus_control_accpt_bit": "0", "terminal_flag_bit": "1", "parity_bit": "1", "fake": false}], [23908, {"py/object": "odf.components.Data", "data": {"py/b64": "d2Y="}, "fake": false}], [23977, {"py/object": "odf.components.Data", "data": {"py/b64": "Gjs="}, "fake": false}], [24027, {"py/object": "odf.components.Data", "data": {"py/b64": "AIo="}, "fake": false}], [24084, {"py/object": "odf.components.Data", "data": {"py/b64": "ZUE="}, "fake": false}], [24140, {"py/object": "odf.components.Data", "data": {"py/b64": "roc="}, "fake": false}], [24199, {"py/object": "odf.components.Data", "data": {"py/b64": "7EE="}, "fake": false}], [24258, {"py/object": "odf.components.Data", "data": {"py/b64": "sAg="}, "fake": false}], [24324, {"py/object": "odf.components.Data", "data": {"py/b64": "YEA="}, "fake": false}], [24387, {"py/object": "odf.components.Data", "data": {"py/b64": "Ac0="}, "fake": false}], [24453, {"py/object": "odf.components.Data", "data": {"py/b64": "5T8="}, "fake": false}], [24526, {"py/object": "odf.components.Data", "data": {"py/b64": "868="}, "fake": false}], [24590, {"py/object": "odf.components.Data", "data": {"py/b64": "Aj4="}, "fake": false}], [24646, {"py/object": "odf.components.Data", "data": {"py/b64": "TQU="}, "fake": false}], [24705, {"py/object": "odf.components.Data", "data": {"py/b64": "9z4="}, "fake": false}], [24757, {"py/object": "odf.components.Data", "data": {"py/b64": "LU0="}, "fake": false}], [24816, {"py/object": "odf.components.Data", "data": {"py/b64": "nEE="}, "fake": false}], [26923, {"py/object": "odf.components.Status", "address": 12, "message_error_bit": "0", "instrumentation_bit": "0", "service_request_bit": "0", "reserved_bits": "000", "brdcst_received_bit": "0", "busy_bit": "0", "subsystem_flag_bit": "0", "dynamic_bus_control_accpt_bit": "0", "terminal_flag_bit": "1", "parity_bit": "1", "fake": false}], [27080, {"py/object": "odf.components.Command", "address": 1, "tr": 0, "sub_address": 2, "dword_count": 4, "parity": 0, "fake": false}], [27127, {"py/object": "odf.components.Data", "data": {"py/b64": "AAA="}, "fake": false}], [27137, {"py/object": "odf.components.Data", "data": {"py/b64": "AAA="}, "fake": false}], [27146, {"py/object": "odf.components.Data", "data": {"py/b64": "AAA="}, "fake": false}], [27155, {"py/object": "odf.components.Data", "data": {"py/b64": "AAA="}, "fake": false}], [29225, {"py/object": "odf.components.Status", "address": 1, "message_error_bit": "0", "instrumentation_bit": "0", "service_request_bit": "0", "reserved_bits": "000", "brdcst_received_bit": "0", "busy_bit": "0", "subsystem_flag_bit": "0", "dynamic_bus_control_accpt_bit": "0", "terminal_flag_bit": "1", "parity_bit": "1", "fake": false}], [29381, {"py/object": "odf.components.Command", "address": 31, "tr": 0, "sub_address": 2, "dword_count": 1, "parity": 0, "fake": false}], [29449, {"py/object": "odf.components.Data", "data": {"py/b64": "//8="}, "fake": false}], [29462, {"py/object": "odf.components.Command", "address": 4, "tr": 0, "sub_address": 2, "dword_count": 18, "parity": 0, "fake": false}], [29470, {"py/object": "odf.components.Command", "address": 3, "tr": 1, "sub_address": 2, "dword_count": 18, "parity": 0, "fake": false}], [31524, {"py/object": "odf.components.Status", "address": 3, "message_error_bit": "0", "instrumentation_bit": "0", "service_request_bit": "0", "reserved_bits": "000", "brdcst_received_bit": "0", "busy_bit": "0", "subsystem_flag_bit": "0", "dynamic_bus_control_accpt_bit": "0", "terminal_flag_bit": "1", "parity_bit": "1", "fake": false}], [31591, {"py/object": "odf.components.Data", "data": {"py/b64": "7Q0="}, "fake": false}], [31662, {"py/object": "odf.components.Data", "data": {"py/b64": "WkM="}, "fake": false}], [31719, {"py/object": "odf.components.Data", "data": {"py/b64": "VFU="}, "fake": false}], [31778, {"py/object": "odf.components.Data", "data": {"py/b64": "h0Q="}, "fake": false}], [31840, {"py/object": "odf.components.Data", "data": {"py/b64": "zB4="}, "fake": false}], [31906, {"py/object": "odf.components.Data", "data": {"py/b64": "wkM="}, "fake": false}], [31963, {"py/object": "odf.components.Data", "data": {"py/b64": "tFI="}, "fake": false}], [32022, {"py/object": "odf.components.Data", "data": {"py/b64": "hUM="}, "fake": false}], [32076, {"py/object": "odf.components.Data", "data": {"py/b64": "qcw="}, "fake": false}], [32141, {"py/object": "odf.components.Data", "data": {"py/b64": "i0A="}, "fake": false}], [32201, {"py/object": "odf.components.Data", "data": {"py/b64": "yr8="}, "fake": false}], [32262, {"py/object": "odf.components.Data", "data": {"py/b64": "i0A="}, "fake": false}], [32321, {"py/object": "odf.components.Data", "data": {"py/b64": "Tfo="}, "fake": false}], [32379, {"py/object": "odf.components.Data", "data": {"py/b64": "QEA="}, "fake": false}], [32447, {"py/object": "odf.components.Data", "data": {"py/b64": "89c="}, "fake": false}], [32510, {"py/object": "odf.components.Data", "data": {"py/b64": "1UM="}, "fake": false}], [32562, {"py/object": "odf.components.Data", "data": {"py/b64": "tww="}, "fake": false}], [32621, {"py/object": "odf.components.Data", "data": {"py/b64": "OkQ="}, "fake": false}], [34716, {"py/object": "odf.components.Status", "address": 4, "message_error_bit": "0", "instrumentation_bit": "0", "service_request_bit": "0", "reserved_bits": "000", "brdcst_received_bit": "0", "busy_bit": "0", "subsystem_flag_bit": "0", "dynamic_bus_control_accpt_bit": "0", "terminal_flag_bit": "1", "parity_bit": "1", "fake": false}], [34770, {"py/object": "odf.components.Command", "address": 6, "tr": 0, "sub_address": 2, "dword_count": 28, "parity": 0, "fake": false}], [34784, {"py/object": "odf.components.Command", "address": 5, "tr": 1, "sub_address": 2, "dword_count": 28, "parity": 0, "fake": false}], [36835, {"py/object": "odf.components.Status", "address": 5, "message_error_bit": "0", "instrumentation_bit": "0", "service_request_bit": "0", "reserved_bits": "000", "brdcst_received_bit": "0", "busy_bit": "0", "subsystem_flag_bit": "0", "dynamic_bus_control_accpt_bit": "0", "terminal_flag_bit": "1", "parity_bit": "1", "fake": false}], [36904, {"py/object": "odf.components.Data", "data": {"py/b64": "qro="}, "fake": false}], [36962, {"py/object": "odf.components.Data", "data": {"py/b64": "cUM="}, "fake": false}], [37017, {"py/object": "odf.components.Data", "data": {"py/b64": "uEI="}, "fake": false}], [37070, {"py/object": "odf.components.Data", "data": {"py/b64": "zEM="}, "fake": false}], [37135, {"py/object": "odf.components.Data", "data": {"py/b64": "1p4="}, "fake": false}], [37193, {"py/object": "odf.components.Data", "data": {"py/b64": "ysM="}, "fake": false}], [37248, {"py/object": "odf.components.Data", "data": {"py/b64": "904="}, "fake": false}], [37304, {"py/object": "odf.components.Data", "data": {"py/b64": "i0E="}, "fake": false}], [37360, {"py/object": "odf.components.Data", "data": {"py/b64": "W+I="}, "fake": false}], [37418, {"py/object": "odf.components.Data", "data": {"py/b64": "ScI="}, "fake": false}], [37474, {"py/object": "odf.components.Data", "data": {"py/b64": "qsg="}, "fake": false}], [37538, {"py/object": "odf.components.Data", "data": {"py/b64": "ZcA="}, "fake": false}], [37596, {"py/object": "odf.components.Data", "data": {"py/b64": "MI0="}, "fake": false}], [37650, {"py/object": "odf.components.Data", "data": {"py/b64": "R0A="}, "fake": false}], [37706, {"py/object": "odf.components.Data", "data": {"py/b64": "hAI="}, "fake": false}], [37776, {"py/object": "odf.components.Data", "data": {"py/b64": "Tb8="}, "fake": false}], [37835, {"py/object": "odf.components.Data", "data": {"py/b64": "Q5Q="}, "fake": false}], [37895, {"py/object": "odf.components.Data", "data": {"py/b64": "kb8="}, "fake": false}], [37954, {"py/object": "odf.components.Data", "data": {"py/b64": "UZE="}, "fake": false}], [38014, {"py/object": "odf.components.Data", "data": {"py/b64": "IcE="}, "fake": false}], [38074, {"py/object": "odf.components.Data", "data": {"py/b64": "cfg="}, "fake": false}], [38144, {"py/object": "odf.components.Data", "data": {"py/b64": "zEM="}, "fake": false}], [38213, {"py/object": "odf.components.Data", "data": {"py/b64": "0bU="}, "fake": false}], [38282, {"py/object": "odf.components.Data", "data": {"py/b64": "E78="}, "fake": false}], [38352, {"py/object": "odf.components.Data", "data": {"py/b64": "Zis="}, "fake": false}], [38418, {"py/object": "odf.components.Data", "data": {"py/b64": "vT8="}, "fake": false}], [38475, {"py/object": "odf.components.Data", "data": {"py/b64": "GDg="}, "fake": false}], [38538, {"py/object": "odf.components.Data", "data": {"py/b64": "WUA="}, "fake": false}], [40638, {"py/object": "odf.components.Status", "address": 6, "message_error_bit": "0", "instrumentation_bit": "0", "service_request_bit": "0", "reserved_bits": "000", "brdcst_received_bit": "0", "busy_bit": "0", "subsystem_flag_bit": "0", "dynamic_bus_control_accpt_bit": "0", "terminal_flag_bit": "1", "parity_bit": "1", "fake": false}], [40697, {"py/object": "odf.components.Command", "address": 8, "tr": 0, "sub_address": 2, "dword_count": 8, "parity": 0, "fake": false}], [40708, {"py/object": "odf.components.Command", "address": 7, "tr": 1, "sub_address": 2, "dword_count": 8, "parity": 0, "fake": false}], [42761, {"py/object": "odf.components.Status", "address": 7, "message_error_bit": "0", "instrumentation_bit": "0", "service_request_bit": "0", "reserved_bits": "000", "brdcst_received_bit": "0", "busy_bit": "0", "subsystem_flag_bit": "0", "dynamic_bus_control_accpt_bit": "0", "terminal_flag_bit": "1", "parity_bit": "1", "fake": false}], [42827, {"py/object": "odf.components.Data", "data": {"py/b64": "fiU="}, "fake": false}], [42888, {"py/object": "odf.components.Data", "data": {"py/b64": "h70="}, "fake": false}], [42945, {"py/object": "odf.components.Data", "data": {"py/b64": "x4U="}, "fake": false}], [43007, {"py/object": "odf.components.Data", "data": {"py/b64": "jbs="}, "fake": false}], [43068, {"py/object": "odf.components.Data", "data": {"py/b64": "DeA="}, "fake": false}], [43126, {"py/object": "odf.components.Data", "data": {"py/b64": "0Tw="}, "fake": false}], [43190, {"py/object": "odf.components.Data", "data": {"py/b64": "ZDQ="}, "fake": false}], [43258, {"py/object": "odf.components.Data", "data": {"py/b64": "Vbo="}, "fake": false}], [45339, {"py/object": "odf.components.Status", "address": 8, "message_error_bit": "0", "instrumentation_bit": "0", "service_request_bit": "0", "reserved_bits": "000", "brdcst_received_bit": "0", "busy_bit": "0", "subsystem_flag_bit": "0", "dynamic_bus_control_accpt_bit": "0", "terminal_flag_bit": "1", "parity_bit": "1", "fake": false}], [45405, {"py/object": "odf.components.Command", "address": 10, "tr": 0, "sub_address": 2, "dword_count": 12, "parity": 0, "fake": false}], [45415, {"py/object": "odf.components.Command", "address": 9, "tr": 1, "sub_address": 2, "dword_count": 12, "parity": 0, "fake": false}], [47473, {"py/object": "odf.components.Status", "address": 9, "message_error_bit": "0", "instrumentation_bit": "0", "service_request_bit": "0", "reserved_bits": "000", "brdcst_received_bit": "0", "busy_bit": "0", "subsystem_flag_bit": "0", "dynamic_bus_control_accpt_bit": "0", "terminal_flag_bit": "1", "parity_bit": "1", "fake": false}], [47536, {"py/object": "odf.components.Data", "data": {"py/b64": "rL0="}, "fake": false}], [47602, {"py/object": "odf.components.Data", "data": {"py/b64": "B0I="}, "fake": false}], [47665, {"py/object": "odf.components.Data", "data": {"py/b64": "jdk="}, "fake": false}], [47732, {"py/object": "odf.components.Data", "data": {"py/b64": "7MI="}, "fake": false}], [47790, {"py/object": "odf.components.Data", "data": {"py/b64": "YdU="}, "fake": false}], [47851, {"py/object": "odf.components.Data", "data": {"py/b64": "WEM="}, "fake": false}], [47913, {"py/object": "odf.components.Data", "data": {"py/b64": "pr0="}, "fake": false}], [47974, {"py/object": "odf.components.Data", "data": {"py/b64": "B0I="}, "fake": false}], [48039, {"py/object": "odf.components.Data", "data": {"py/b64": "pdk="}, "fake": false}], [48094, {"py/object": "odf.components.Data", "data": {"py/b64": "7MI="}, "fake": false}], [48160, {"py/object": "odf.components.Data", "data": {"py/b64": "A4c="}, "fake": false}], [48224, {"py/object": "odf.components.Data", "data": {"py/b64": "MkQ="}, "fake": false}], [50336, {"py/object": "odf.components.Status", "address": 10, "message_error_bit": "0", "instrumentation_bit": "0", "service_request_bit": "0", "reserved_bits": "000", "brdcst_received_bit": "0", "busy_bit": "0", "subsystem_flag_bit": "0", "dynamic_bus_control_accpt_bit": "0", "terminal_flag_bit": "1", "parity_bit": "1", "fake": false}], [50379, {"py/object": "odf.components.Command", "address": 12, "tr": 0, "sub_address": 2, "dword_count": 16, "parity": 0, "fake": false}], [50389, {"py/object": "odf.components.Command", "address": 11, "tr": 1, "sub_address": 2, "dword_count": 16, "parity": 0, "fake": false}], [52455, {"py/object": "odf.components.Status", "address": 11, "message_error_bit": "0", "instrumentation_bit": "0", "service_request_bit": "0", "reserved_bits": "000", "brdcst_received_bit": "0", "busy_bit": "0", "subsystem_flag_bit": "0", "dynamic_bus_control_accpt_bit": "0", "terminal_flag_bit": "1", "parity_bit": "1", "fake": false}], [52527, {"py/object": "odf.components.Data", "data": {"py/b64": "dfg="}, "fake": false}], [52601, {"py/object": "odf.components.Data", "data": {"py/b64": "Fzs="}, "fake": false}], [52674, {"py/object": "odf.components.Data", "data": {"py/b64": "YF8="}, "fake": false}], [52743, {"py/object": "odf.components.Data", "data": {"py/b64": "VUE="}, "fake": false}], [52816, {"py/object": "odf.components.Data", "data": {"py/b64": "ejE="}, "fake": false}], [52888, {"py/object": "odf.components.Data", "data": {"py/b64": "6EE="}, "fake": false}], [52948, {"py/object": "odf.components.Data", "data": {"py/b64": "v80="}, "fake": false}], [53011, {"py/object": "odf.components.Data", "data": {"py/b64": "aEA="}, "fake": false}], [53067, {"py/object": "odf.components.Data", "data": {"py/b64": "AAo="}, "fake": false}], [53127, {"py/object": "odf.components.Data", "data": {"py/b64": "8z8="}, "fake": false}], [53188, {"py/object": "odf.components.Data", "data": {"py/b64": "Xe8="}, "fake": false}], [53251, {"py/object": "odf.components.Data", "data": {"py/b64": "0T0="}, "fake": false}], [53311, {"py/object": "odf.components.Data", "data": {"py/b64": "XVw="}, "fake": false}], [53371, {"py/object": "odf.components.Data", "data": {"py/b64": "jz0="}, "fake": false}], [53435, {"py/object": "odf.components.Data", "data": {"py/b64": "3zg="}, "fake": false}], [53508, {"py/object": "odf.components.Data", "data": {"py/b64": "rEE="}, "fake": false}], [55632, {"py/object": "odf.components.Status", "address": 12, "message_error_bit": "0", "instrumentation_bit": "0", "service_request_bit": "0", "reserved_bits": "000", "brdcst_received_bit": "0", "busy_bit": "0", "subsystem_flag_bit": "0", "dynamic_bus_control_accpt_bit": "0", "terminal_flag_bit": "1", "parity_bit": "1", "fake": false}], [55773, {"py/object": "odf.components.Command", "address": 1, "tr": 0, "sub_address": 2, "dword_count": 4, "parity": 0, "fake": false}], [55812, {"py/object": "odf.components.Data", "data": {"py/b64": "AAA="}, "fake": false}], [55823, {"py/object": "odf.components.Data", "data": {"py/b64": "AAA="}, "fake": false}], [55833, {"py/object": "odf.components.Data", "data": {"py/b64": "AAA="}, "fake": false}], [55844, {"py/object": "odf.components.Data", "data": {"py/b64": "AAA="}, "fake": false}], [57922, {"py/object": "odf.components.Status", "address": 1, "message_error_bit": "0", "instrumentation_bit": "0", "service_request_bit": "0", "reserved_bits": "000", "brdcst_received_bit": "0", "busy_bit": "0", "subsystem_flag_bit": "0", "dynamic_bus_control_accpt_bit": "0", "terminal_flag_bit": "1", "parity_bit": "1", "fake": false}], [58063, {"py/object": "odf.components.Command", "address": 31, "tr": 0, "sub_address": 2, "dword_count": 1, "parity": 0, "fake": false}], [58117, {"py/object": "odf.components.Data", "data": {"py/b64": "//8="}, "fake": false}], [58129, {"py/object": "odf.components.Command", "address": 4, "tr": 0, "sub_address": 2, "dword_count": 18, "parity": 0, "fake": false}], [58140, {"py/object": "odf.components.Command", "address": 3, "tr": 1, "sub_address": 2, "dword_count": 18, "parity": 0, "fake": false}], [60185, {"py/object": "odf.components.Status", "address": 3, "message_error_bit": "0", "instrumentation_bit": "0", "service_request_bit": "0", "reserved_bits": "000", "brdcst_received_bit": "0", "busy_bit": "0", "subsystem_flag_bit": "0", "dynamic_bus_control_accpt_bit": "0", "terminal_flag_bit": "1", "parity_bit": "1", "fake": false}], [60267, {"py/object": "odf.components.Data", "data": {"py/b64": "DB4="}, "fake": false}], [60340, {"py/object": "odf.components.Data", "data": {"py/b64": "ekM="}, "fake": false}], [60415, {"py/object": "odf.components.Data", "data": {"py/b64": "CEI="}, "fake": false}], [60496, {"py/object": "odf.components.Data", "data": {"py/b64": "AEU="}, "fake": false}], [60560, {"py/object": "odf.components.Data", "data": {"py/b64": "aLc="}, "fake": false}], [60631, {"py/object": "odf.components.Data", "data": {"py/b64": "h0Q="}, "fake": false}], [60695, {"py/object": "odf.components.Data", "data": {"py/b64": "U9E="}, "fake": false}], [60763, {"py/object": "odf.components.Data", "data": {"py/b64": "YEM="}, "fake": false}], [60838, {"py/object": "odf.components.Data", "data": {"py/b64": "VMw="}, "fake": false}], [60910, {"py/object": "odf.components.Data", "data": {"py/b64": "g0A="}, "fake": false}], [60986, {"py/object": "odf.components.Data", "data": {"py/b64": "sMI="}, "fake": false}], [61067, {"py/object": "odf.components.Data", "data": {"py/b64": "g0A="}, "fake": false}], [61149, {"py/object": "odf.components.Data", "data": {"py/b64": "daY="}, "fake": false}], [61229, {"py/object": "odf.components.Data", "data": {"py/b64": "QkA="}, "fake": false}], [61307, {"py/object": "odf.components.Data", "data": {"py/b64": "oVY="}, "fake": false}], [61380, {"py/object": "odf.components.Data", "data": {"py/b64": "1UM="}, "fake": false}], [61453, {"py/object": "odf.components.Data", "data": {"py/b64": "tww="}, "fake": false}], [61522, {"py/object": "odf.components.Data", "data": {"py/b64": "OkQ="}, "fake": false}], [63609, {"py/object": "odf.components.Status", "address": 4, "message_error_bit": "0", "instrumentation_bit": "0", "service_request_bit": "0", "reserved_bits": "000", "brdcst_received_bit": "0", "busy_bit": "0", "subsystem_flag_bit": "0", "dynamic_bus_control_accpt_bit": "0", "terminal_flag_bit": "1", "parity_bit": "1", "fake": false}], [63676, {"py/object": "odf.components.Command", "address": 6, "tr": 0, "sub_address": 2, "dword_count": 28, "parity": 0, "fake": false}], [63698, {"py/object": "odf.components.Command", "address": 5, "tr": 1, "sub_address": 2, "dword_count": 28, "parity": 0, "fake": false}], [65750, {"py/object": "odf.components.Status", "address": 5, "message_error_bit": "0", "instrumentation_bit": "0", "service_request_bit": "0", "reserved_bits": "000", "brdcst_received_bit": "0", "busy_bit": "0", "subsystem_flag_bit": "0", "dynamic_bus_control_accpt_bit": "0", "terminal_flag_bit": "1", "parity_bit": "1", "fake": false}], [65819, {"py/object": "odf.components.Data", "data": {"py/b64": "ELs="}, "fake": false}], [65898, {"py/object": "odf.components.Data", "data": {"py/b64": "dUM="}, "fake": false}], [65977, {"py/object": "odf.components.Data", "data": {"py/b64": "bRU="}, "fake": false}], [66048, {"py/object": "odf.components.Data", "data": {"py/b64": "0EM="}, "fake": false}], [66115, {"py/object": "odf.components.Data", "data": {"py/b64": "jJc="}, "fake": false}], [66188, {"py/object": "odf.components.Data", "data": {"py/b64": "qsM="}, "fake": false}], [66253, {"py/object": "odf.components.Data", "data": {"py/b64": "IzA="}, "fake": false}], [66326, {"py/object": "odf.components.Data", "data": {"py/b64": "CUI="}, "fake": false}], [66409, {"py/object": "odf.components.Data", "data": {"py/b64": "u+0="}, "fake": false}], [66483, {"py/object": "odf.components.Data", "data": {"py/b64": "bMM="}, "fake": false}], [66553, {"py/object": "odf.components.Data", "data": {"py/b64": "D5o="}, "fake": false}], [66616, {"py/object": "odf.components.Data", "data": {"py/b64": "EEE="}, "fake": false}], [66688, {"py/object": "odf.components.Data", "data": {"py/b64": "1Hs="}, "fake": false}], [66770, {"py/object": "odf.components.Data", "data": {"py/b64": "774="}, "fake": false}], [66837, {"py/object": "odf.components.Data", "data": {"py/b64": "GVk="}, "fake": false}], [66907, {"py/object": "odf.components.Data", "data": {"py/b64": "V8E="}, "fake": false}], [66973, {"py/object": "odf.components.Data", "data": {"py/b64": "u78="}, "fake": false}], [67052, {"py/object": "odf.components.Data", "data": {"py/b64": "jMA="}, "fake": false}], [67123, {"py/object": "odf.components.Data", "data": {"py/b64": "4GI="}, "fake": false}], [67199, {"py/object": "odf.components.Data", "data": {"py/b64": "DME="}, "fake": false}], [67280, {"py/object": "odf.components.Data", "data": {"py/b64": "Zxc="}, "fake": false}], [67359, {"py/object": "odf.components.Data", "data": {"py/b64": "0EM="}, "fake": false}], [67418, {"py/object": "odf.components.Data", "data": {"py/b64": "mLM="}, "fake": false}], [67483, {"py/object": "odf.components.Data", "data": {"py/b64": "WME="}, "fake": false}], [67544, {"py/object": "odf.components.Data", "data": {"py/b64": "Gf8="}, "fake": false}], [67607, {"py/object": "odf.components.Data", "data": {"py/b64": "zUA="}, "fake": false}], [67678, {"py/object": "odf.components.Data", "data": {"py/b64": "Y84="}, "fake": false}], [67753, {"py/object": "odf.components.Data", "data": {"py/b64": "qT4="}, "fake": false}], [69851, {"py/object": "odf.components.Status", "address": 6, "message_error_bit": "0", "instrumentation_bit": "0", "service_request_bit": "0", "reserved_bits": "000", "brdcst_received_bit": "0", "busy_bit": "0", "subsystem_flag_bit": "0", "dynamic_bus_control_accpt_bit": "0", "terminal_flag_bit": "1", "parity_bit": "1", "fake": false}], [69912, {"py/object": "odf.components.Command", "address": 8, "tr": 0, "sub_address": 2, "dword_count": 8, "parity": 0, "fake": false}], [69923, {"py/object": "odf.components.Command", "address": 7, "tr": 1, "sub_address": 2, "dword_count": 8, "parity": 0, "fake": false}], [71989, {"py/object": "odf.components.Status", "address": 7, "message_error_bit": "0", "instrumentation_bit": "0", "service_request_bit": "0", "reserved_bits": "000", "brdcst_received_bit": "0", "busy_bit": "0", "subsystem_flag_bit": "0", "dynamic_bus_control_accpt_bit": "0", "terminal_flag_bit": "1", "parity_bit": "1", "fake": false}], [72070, {"py/object": "odf.components.Data", "data": {"py/b64": "8hg="}, "fake": false}], [72152, {"py/object": "odf.components.Data", "data": {"py/b64": "2L0="}, "fake": false}], [72237, {"py/object": "odf.components.Data", "data": {"py/b64": "LC4="}, "fake": false}], [72316, {"py/object": "odf.components.Data", "data": {"py/b64": "6T4="}, "fake": false}], [72397, {"py/object": "odf.components.Data", "data": {"py/b64": "XKU="}, "fake": false}], [72481, {"py/object": "odf.components.Data", "data": {"py/b64": "3zw="}, "fake": false}], [72551, {"py/object": "odf.components.Data", "data": {"py/b64": "oMk="}, "fake": false}], [72620, {"py/object": "odf.components.Data", "data": {"py/b64": "zrk="}, "fake": false}], [74733, {"py/object": "odf.components.Status", "address": 8, "message_error_bit": "0", "instrumentation_bit": "0", "service_request_bit": "0", "reserved_bits": "000", "brdcst_received_bit": "0", "busy_bit": "0", "subsystem_flag_bit": "0", "dynamic_bus_control_accpt_bit": "0", "terminal_flag_bit": "1", "parity_bit": "1", "fake": false}], [74799, {"py/object": "odf.components.Command", "address": 10, "tr": 0, "sub_address": 2, "dword_count": 12, "parity": 0, "fake": false}], [74816, {"py/object": "odf.components.Command", "address": 9, "tr": 1, "sub_address": 2, "dword_count": 12, "parity": 0, "fake": false}], [74885, {"py/object": "odf.components.Command", "address": 10, "tr": 0, "sub_address": 1, "dword_count": 4, "parity": 0, "fake": true}], [76870, {"py/object": "odf.components.Status", "address": 9, "message_error_bit": "0", "instrumentation_bit": "0", "service_request_bit": "0", "reserved_bits": "000", "brdcst_received_bit": "0", "busy_bit": "0", "subsystem_flag_bit": "0", "dynamic_bus_control_accpt_bit": "0", "terminal_flag_bit": "1", "parity_bit": "1", "fake": false}], [76935, {"py/object": "odf.components.Data", "data": {"py/b64": "464="}, "fake": false}], [76998, {"py/object": "odf.components.Data", "data": {"py/b64": "B0I="}, "fake": false}], [77065, {"py/object": "odf.components.Data", "data": {"py/b64": "1uo="}, "fake": false}], [77124, {"py/object": "odf.components.Data", "data": {"py/b64": "7MI="}, "fake": false}], [77201, {"py/object": "odf.components.Data", "data": {"py/b64": "Npo="}, "fake": false}], [77278, {"py/object": "odf.components.Data", "data": {"py/b64": "/UM="}, "fake": false}], [77340, {"py/object": "odf.components.Data", "data": {"py/b64": "xq4="}, "fake": false}], [77402, {"py/object": "odf.components.Data", "data": {"py/b64": "B0I="}, "fake": false}], [77469, {"py/object": "odf.components.Data", "data": {"py/b64": "5Oo="}, "fake": false}], [77537, {"py/object": "odf.components.Data", "data": {"py/b64": "7MI="}, "fake": false}], [77598, {"py/object": "odf.components.Data", "data": {"py/b64": "nnM="}, "fake": false}], [77664, {"py/object": "odf.components.Data", "data": {"py/b64": "0EQ="}, "fake": false}], [85301, {"py/object": "odf.components.Command", "address": 12, "tr": 0, "sub_address": 2, "dword_count": 16, "parity": 0, "fake": false}], [85318, {"py/object": "odf.components.Command", "address": 11, "tr": 1, "sub_address": 2, "dword_count": 16, "parity": 0, "fake": false}], [87383, {"py/object": "odf.components.Status", "address": 11, "message_error_bit": "0", "instrumentation_bit": "0", "service_request_bit": "0", "reserved_bits": "000", "brdcst_received_bit": "0", "busy_bit": "0", "subsystem_flag_bit": "0", "dynamic_bus_control_accpt_bit": "0", "terminal_flag_bit": "1", "parity_bit": "1", "fake": false}], [87442, {"py/object": "odf.components.Data", "data": {"py/b64": "oIs="}, "fake": false}], [87526, {"py/object": "odf.components.Data", "data": {"py/b64": "Ejs="}, "fake": false}], [87592, {"py/object": "odf.components.Data", "data": {"py/b64": "gEg="}, "fake": false}], [87666, {"py/object": "odf.components.Data", "data": {"py/b64": "LkE="}, "fake": false}], [87739, {"py/object": "odf.components.Data", "data": {"py/b64": "tf8="}, "fake": false}], [87818, {"py/object": "odf.components.Data", "data": {"py/b64": "3UE="}, "fake": false}], [87875, {"py/object": "odf.components.Data", "data": {"py/b64": "RQs="}, "fake": false}], [87950, {"py/object": "odf.components.Data", "data": {"py/b64": "nUA="}, "fake": false}], [88025, {"py/object": "odf.components.Data", "data": {"py/b64": "E6E="}, "fake": false}], [88098, {"py/object": "odf.components.Data", "data": {"py/b64": "IkA="}, "fake": false}], [88177, {"py/object": "odf.components.Data", "data": {"py/b64": "Rto="}, "fake": false}], [88246, {"py/object": "odf.components.Data", "data": {"py/b64": "77s="}, "fake": false}], [88317, {"py/object": "odf.components.Data", "data": {"py/b64": "qsQ="}, "fake": false}], [88377, {"py/object": "odf.components.Data", "data": {"py/b64": "Pbw="}, "fake": false}], [88442, {"py/object": "odf.components.Data", "data": {"py/b64": "sP0="}, "fake": false}], [88509, {"py/object": "odf.components.Data", "data": {"py/b64": "mkE="}, "fake": false}], [90644, {"py/object": "odf.components.Status", "address": 12, "message_error_bit": "0", "instrumentation_bit": "0", "service_request_bit": "0", "reserved_bits": "000", "brdcst_received_bit": "0", "busy_bit": "0", "subsystem_flag_bit": "0", "dynamic_bus_control_accpt_bit": "0", "terminal_flag_bit": "1", "parity_bit": "1", "fake": false}], [90814, {"py/object": "odf.components.Command", "address": 1, "tr": 0, "sub_address": 2, "dword_count": 4, "parity": 0, "fake": false}], [90870, {"py/object": "odf.components.Data", "data": {"py/b64": "AAA="}, "fake": false}], [90886, {"py/object": "odf.components.Data", "data": {"py/b64": "AAA="}, "fake": false}], [90898, {"py/object": "odf.components.Data", "data": {"py/b64": "AAA="}, "fake": false}], [90910, {"py/object": "odf.components.Data", "data": {"py/b64": "gD8="}, "fake": false}], [92958, {"py/object": "odf.components.Status", "address": 1, "message_error_bit": "0", "instrumentation_bit": "0", "service_request_bit": "0", "reserved_bits": "000", "brdcst_received_bit": "0", "busy_bit": "0", "subsystem_flag_bit": "0", "dynamic_bus_control_accpt_bit": "0", "terminal_flag_bit": "1", "parity_bit": "1", "fake": false}], [93100, {"py/object": "odf.components.Command", "address": 31, "tr": 0, "sub_address": 2, "dword_count": 1, "parity": 0, "fake": false}], [93160, {"py/object": "odf.components.Data", "data": {"py/b64": "//8="}, "fake": false}], [93175, {"py/object": "odf.components.Command", "address": 4, "tr": 0, "sub_address": 2, "dword_count": 18, "parity": 0, "fake": false}], [93188, {"py/object": "odf.components.Command", "address": 3, "tr": 1, "sub_address": 2, "dword_count": 18, "parity": 0, "fake": false}], [95244, {"py/object": "odf.components.Status", "address": 3, "message_error_bit": "0", "instrumentation_bit": "0", "service_request_bit": "0", "reserved_bits": "000", "brdcst_received_bit": "0", "busy_bit": "0", "subsystem_flag_bit": "0", "dynamic_bus_control_accpt_bit": "0", "terminal_flag_bit": "1", "parity_bit": "1", "fake": false}], [95314, {"py/object": "odf.components.Data", "data": {"py/b64": "vN0="}, "fake": false}], [95377, {"py/object": "odf.components.Data", "data": {"py/b64": "eUM="}, "fake": false}], [95444, {"py/object": "odf.components.Data", "data": {"py/b64": "FUE="}, "fake": false}], [95509, {"py/object": "odf.components.Data", "data": {"py/b64": "/0Q="}, "fake": false}], [95573, {"py/object": "odf.components.Data", "data": {"py/b64": "Nsw="}, "fake": false}], [95645, {"py/object": "odf.components.Data", "data": {"py/b64": "D0U="}, "fake": false}], [95723, {"py/object": "odf.components.Data", "data": {"py/b64": "ZTE="}, "fake": false}], [95796, {"py/object": "odf.components.Data", "data": {"py/b64": "A0M="}, "fake": false}], [95871, {"py/object": "odf.components.Data", "data": {"py/b64": "lg4="}, "fake": false}], [95948, {"py/object": "odf.components.Data", "data": {"py/b64": "NUA="}, "fake": false}], [96020, {"py/object": "odf.components.Data", "data": {"py/b64": "1/w="}, "fake": false}], [96155, {"py/object": "odf.components.Data", "data": {"py/b64": "NEA="}, "fake": false}], [96179, {"py/object": "odf.components.Data", "data": {"py/b64": "Fps="}, "fake": false}], [96241, {"py/object": "odf.components.Data", "data": {"py/b64": "QkA="}, "fake": false}], [96323, {"py/object": "odf.components.Data", "data": {"py/b64": "o8E="}, "fake": false}], [96396, {"py/object": "odf.components.Data", "data": {"py/b64": "1EM="}, "fake": false}], [96466, {"py/object": "odf.components.Data", "data": {"py/b64": "tww="}, "fake": false}], [96533, {"py/object": "odf.components.Data", "data": {"py/b64": "OkQ="}, "fake": false}], [98640, {"py/object": "odf.components.Status", "address": 4, "message_error_bit": "0", "instrumentation_bit": "0", "service_request_bit": "0", "reserved_bits": "000", "brdcst_received_bit": "0", "busy_bit": "0", "subsystem_flag_bit": "0", "dynamic_bus_control_accpt_bit": "0", "terminal_flag_bit": "1", "parity_bit": "1", "fake": false}], [98690, {"py/object": "odf.components.Command", "address": 6, "tr": 0, "sub_address": 2, "dword_count": 28, "parity": 0, "fake": false}], [98702, {"py/object": "odf.components.Command", "address": 5, "tr": 1, "sub_address": 2, "dword_count": 28, "parity": 0, "fake": false}], [100754, {"py/object": "odf.components.Status", "address": 5, "message_error_bit": "0", "instrumentation_bit": "0", "service_request_bit": "0", "reserved_bits": "000", "brdcst_received_bit": "0", "busy_bit": "0", "subsystem_flag_bit": "0", "dynamic_bus_control_accpt_bit": "0", "terminal_flag_bit": "1", "parity_bit": "1", "fake": false}], [100813, {"py/object": "odf.components.Data", "data": {"py/b64": "a/0="}, "fake": false}], [100878, {"py/object": "odf.components.Data", "data": {"py/b64": "fkM="}, "fake": false}], [100940, {"py/object": "odf.components.Data", "data": {"py/b64": "M+E="}, "fake": false}], [101007, {"py/object": "odf.components.Data", "data": {"py/b64": "10M="}, "fake": false}], [101071, {"py/object": "odf.components.Data", "data": {"py/b64": "8gY="}, "fake": false}], [101142, {"py/object": "odf.components.Data", "data": {"py/b64": "z0I="}, "fake": false}], [101208, {"py/object": "odf.components.Data", "data": {"py/b64": "cZg="}, "fake": false}], [101282, {"py/object": "odf.components.Data", "data": {"py/b64": "CUI="}, "fake": false}], [101352, {"py/object": "odf.components.Data", "data": {"py/b64": "6MY="}, "fake": false}], [101428, {"py/object": "odf.components.Data", "data": {"py/b64": "0MM="}, "fake": false}], [101505, {"py/object": "odf.components.Data", "data": {"py/b64": "A/g="}, "fake": false}], [101590, {"py/object": "odf.components.Data", "data": {"py/b64": "ZkE="}, "fake": false}], [101663, {"py/object": "odf.components.Data", "data": {"py/b64": "sTw="}, "fake": false}], [101738, {"py/object": "odf.components.Data", "data": {"py/b64": "yj4="}, "fake": false}], [101819, {"py/object": "odf.components.Data", "data": {"py/b64": "Olc="}, "fake": false}], [101887, {"py/object": "odf.components.Data", "data": {"py/b64": "TEA="}, "fake": false}], [101946, {"py/object": "odf.components.Data", "data": {"py/b64": "5vM="}, "fake": false}], [102008, {"py/object": "odf.components.Data", "data": {"py/b64": "6MA="}, "fake": false}], [102073, {"py/object": "odf.components.Data", "data": {"py/b64": "OS8="}, "fake": false}], [102144, {"py/object": "odf.components.Data", "data": {"py/b64": "BME="}, "fake": false}], [102210, {"py/object": "odf.components.Data", "data": {"py/b64": "WeI="}, "fake": false}], [102276, {"py/object": "odf.components.Data", "data": {"py/b64": "10M="}, "fake": false}], [102343, {"py/object": "odf.components.Data", "data": {"py/b64": "zU8="}, "fake": false}], [102415, {"py/object": "odf.components.Data", "data": {"py/b64": "XME="}, "fake": false}], [102484, {"py/object": "odf.components.Data", "data": {"py/b64": "dIQ="}, "fake": false}], [102549, {"py/object": "odf.components.Data", "data": {"py/b64": "uEA="}, "fake": false}], [102621, {"py/object": "odf.components.Data", "data": {"py/b64": "TN0="}, "fake": false}], [102686, {"py/object": "odf.components.Data", "data": {"py/b64": "tj4="}, "fake": false}], [104763, {"py/object": "odf.components.Status", "address": 6, "message_error_bit": "0", "instrumentation_bit": "0", "service_request_bit": "0", "reserved_bits": "000", "brdcst_received_bit": "0", "busy_bit": "0", "subsystem_flag_bit": "0", "dynamic_bus_control_accpt_bit": "0", "terminal_flag_bit": "1", "parity_bit": "1", "fake": false}], [104837, {"py/object": "odf.components.Command", "address": 8, "tr": 0, "sub_address": 2, "dword_count": 8, "parity": 0, "fake": false}], [104851, {"py/object": "odf.components.Command", "address": 7, "tr": 1, "sub_address": 2, "dword_count": 8, "parity": 0, "fake": false}], [106915, {"py/object": "odf.components.Status", "address": 7, "message_error_bit": "0", "instrumentation_bit": "0", "service_request_bit": "0", "reserved_bits": "000", "brdcst_received_bit": "0", "busy_bit": "0", "subsystem_flag_bit": "0", "dynamic_bus_control_accpt_bit": "0", "terminal_flag_bit": "1", "parity_bit": "1", "fake": false}], [106987, {"py/object": "odf.components.Data", "data": {"py/b64": "qko="}, "fake": false}], [107055, {"py/object": "odf.components.Data", "data": {"py/b64": "1L0="}, "fake": false}], [107124, {"py/object": "odf.components.Data", "data": {"py/b64": "VMk="}, "fake": false}], [107202, {"py/object": "odf.components.Data", "data": {"py/b64": "4T4="}, "fake": false}], [107270, {"py/object": "odf.components.Data", "data": {"py/b64": "nuw="}, "fake": false}], [107335, {"py/object": "odf.components.Data", "data": {"py/b64": "4jw="}, "fake": false}], [107402, {"py/object": "odf.components.Data", "data": {"py/b64": "GMM="}, "fake": false}], [107472, {"py/object": "odf.components.Data", "data": {"py/b64": "jzo="}, "fake": false}], [109557, {"py/object": "odf.components.Status", "address": 8, "message_error_bit": "0", "instrumentation_bit": "0", "service_request_bit": "0", "reserved_bits": "000", "brdcst_received_bit": "0", "busy_bit": "0", "subsystem_flag_bit": "0", "dynamic_bus_control_accpt_bit": "0", "terminal_flag_bit": "1", "parity_bit": "1", "fake": false}], [109623, {"py/object": "odf.components.Command", "address": 10, "tr": 0, "sub_address": 2, "dword_count": 12, "parity": 0, "fake": false}], [109638, {"py/object": "odf.components.Command", "address": 9, "tr": 1, "sub_address": 2, "dword_count": 12, "parity": 0, "fake": false}], [111706, {"py/object": "odf.components.Status", "address": 9, "message_error_bit": "0", "instrumentation_bit": "0", "service_request_bit": "0", "reserved_bits": "000", "brdcst_received_bit": "0", "busy_bit": "0", "subsystem_flag_bit": "0", "dynamic_bus_control_accpt_bit": "0", "terminal_flag_bit": "1", "parity_bit": "1", "fake": false}], [111785, {"py/object": "odf.components.Data", "data": {"py/b64": "uYY="}, "fake": false}], [111859, {"py/object": "odf.components.Data", "data": {"py/b64": "B0I="}, "fake": false}], [111930, {"py/object": "odf.components.Data", "data": {"py/b64": "Suk="}, "fake": false}], [112009, {"py/object": "odf.components.Data", "data": {"py/b64": "7MI="}, "fake": false}], [112088, {"py/object": "odf.components.Data", "data": {"py/b64": "YzI="}, "fake": false}], [112158, {"py/object": "odf.components.Data", "data": {"py/b64": "XEQ="}, "fake": false}], [112224, {"py/object": "odf.components.Data", "data": {"py/b64": "moY="}, "fake": false}], [112290, {"py/object": "odf.components.Data", "data": {"py/b64": "B0I="}, "fake": false}], [112354, {"py/object": "odf.components.Data", "data": {"py/b64": "Puk="}, "fake": false}], [112424, {"py/object": "odf.components.Data", "data": {"py/b64": "7MI="}, "fake": false}], [112492, {"py/object": "odf.components.Data", "data": {"py/b64": "OeQ="}, "fake": false}], [112559, {"py/object": "odf.components.Data", "data": {"py/b64": "NEU="}, "fake": false}], [120131, {"py/object": "odf.components.Command", "address": 12, "tr": 0, "sub_address": 2, "dword_count": 16, "parity": 0, "fake": false}], [120150, {"py/object": "odf.components.Command", "address": 11, "tr": 1, "sub_address": 2, "dword_count": 16, "parity": 0, "fake": false}]], "attack_times": [[74814]], "attack_types": ["Shutdown_Attack_on_RT"], "attack_outcome": [true]}