{"data": [[380, {"py/object": "odf.components.Command", "address": 31, "tr": 0, "sub_address": 2, "dword_count": 1, "parity": 0, "fake": false}], [484, {"py/object": "odf.components.Data", "data": {"py/b64": "//8="}, "fake": false}], [528, {"py/object": "odf.components.Command", "address": 4, "tr": 0, "sub_address": 2, "dword_count": 18, "parity": 0, "fake": false}], [544, {"py/object": "odf.components.Command", "address": 3, "tr": 1, "sub_address": 2, "dword_count": 18, "parity": 0, "fake": false}], [2612, {"py/object": "odf.components.Status", "address": 3, "message_error_bit": "0", "instrumentation_bit": "0", "service_request_bit": "0", "reserved_bits": "000", "brdcst_received_bit": "0", "busy_bit": "0", "subsystem_flag_bit": "0", "dynamic_bus_control_accpt_bit": "0", "terminal_flag_bit": "1", "parity_bit": "1", "fake": false}], [2683, {"py/object": "odf.components.Data", "data": {"py/b64": "iKs="}, "fake": false}], [2752, {"py/object": "odf.components.Data", "data": {"py/b64": "JUI="}, "fake": false}], [2824, {"py/object": "odf.components.Data", "data": {"py/b64": "yLM="}, "fake": false}], [2892, {"py/object": "odf.components.Data", "data": {"py/b64": "fb0="}, "fake": false}], [2961, {"py/object": "odf.components.Data", "data": {"py/b64": "RYY="}, "fake": false}], [3031, {"py/object": "odf.components.Data", "data": {"py/b64": "7kI="}, "fake": false}], [3099, {"py/object": "odf.components.Data", "data": {"py/b64": "q80="}, "fake": false}], [3171, {"py/object": "odf.components.Data", "data": {"py/b64": "iEM="}, "fake": false}], [3239, {"py/object": "odf.components.Data", "data": {"py/b64": "768="}, "fake": false}], [3310, {"py/object": "odf.components.Data", "data": {"py/b64": "i0A="}, "fake": false}], [3373, {"py/object": "odf.components.Data", "data": {"py/b64": "ALA="}, "fake": false}], [3443, {"py/object": "odf.components.Data", "data": {"py/b64": "i0A="}, "fake": false}], [3514, {"py/object": "odf.components.Data", "data": {"py/b64": "2w8="}, "fake": false}], [3584, {"py/object": "odf.components.Data", "data": {"py/b64": "SUA="}, "fake": false}], [3653, {"py/object": "odf.components.Data", "data": {"py/b64": "pKM="}, "fake": false}], [3727, {"py/object": "odf.components.Data", "data": {"py/b64": "1kM="}, "fake": false}], [3795, {"py/object": "odf.components.Data", "data": {"py/b64": "tww="}, "fake": false}], [3871, {"py/object": "odf.components.Data", "data": {"py/b64": "OkQ="}, "fake": false}], [5956, {"py/object": "odf.components.Status", "address": 4, "message_error_bit": "0", "instrumentation_bit": "0", "service_request_bit": "0", "reserved_bits": "000", "brdcst_received_bit": "0", "busy_bit": "0", "subsystem_flag_bit": "0", "dynamic_bus_control_accpt_bit": "0", "terminal_flag_bit": "1", "parity_bit": "1", "fake": false}], [6042, {"py/object": "odf.components.Command", "address": 6, "tr": 0, "sub_address": 2, "dword_count": 28, "parity": 0, "fake": false}], [6063, {"py/object": "odf.components.Command", "address": 5, "tr": 1, "sub_address": 2, "dword_count": 28, "parity": 0, "fake": false}], [8133, {"py/object": "odf.components.Status", "address": 5, "message_error_bit": "0", "instrumentation_bit": "0", "service_request_bit": "0", "reserved_bits": "000", "brdcst_received_bit": "0", "busy_bit": "0", "subsystem_flag_bit": "0", "dynamic_bus_control_accpt_bit": "0", "terminal_flag_bit": "1", "parity_bit": "1", "fake": false}], [8187, {"py/object": "odf.components.Data", "data": {"py/b64": "wpE="}, "fake": false}], [8257, {"py/object": "odf.components.Data", "data": {"py/b64": "rEI="}, "fake": false}], [8327, {"py/object": "odf.components.Data", "data": {"py/b64": "SSg="}, "fake": false}], [8400, {"py/object": "odf.components.Data", "data": {"py/b64": "EkM="}, "fake": false}], [8469, {"py/object": "odf.components.Data", "data": {"py/b64": "z7A="}, "fake": false}], [8535, {"py/object": "odf.components.Data", "data": {"py/b64": "EcM="}, "fake": false}], [8605, {"py/object": "odf.components.Data", "data": {"py/b64": "ahU="}, "fake": false}], [8676, {"py/object": "odf.components.Data", "data": {"py/b64": "Tzw="}, "fake": false}], [8746, {"py/object": "odf.components.Data", "data": {"py/b64": "3ig="}, "fake": false}], [8813, {"py/object": "odf.components.Data", "data": {"py/b64": "kcE="}, "fake": false}], [8882, {"py/object": "odf.components.Data", "data": {"py/b64": "N+8="}, "fake": false}], [8950, {"py/object": "odf.components.Data", "data": {"py/b64": "UsE="}, "fake": false}], [9019, {"py/object": "odf.components.Data", "data": {"py/b64": "Jeg="}, "fake": false}], [9091, {"py/object": "odf.components.Data", "data": {"py/b64": "bL8="}, "fake": false}], [9162, {"py/object": "odf.components.Data", "data": {"py/b64": "KRk="}, "fake": false}], [9232, {"py/object": "odf.components.Data", "data": {"py/b64": "BMA="}, "fake": false}], [9298, {"py/object": "odf.components.Data", "data": {"py/b64": "0GE="}, "fake": false}], [9370, {"py/object": "odf.components.Data", "data": {"py/b64": "Bbw="}, "fake": false}], [9437, {"py/object": "odf.components.Data", "data": {"py/b64": "I64="}, "fake": false}], [9509, {"py/object": "odf.components.Data", "data": {"py/b64": "bkA="}, "fake": false}], [9581, {"py/object": "odf.components.Data", "data": {"py/b64": "rHU="}, "fake": false}], [9652, {"py/object": "odf.components.Data", "data": {"py/b64": "F0M="}, "fake": false}], [9721, {"py/object": "odf.components.Data", "data": {"py/b64": "dbY="}, "fake": false}], [9789, {"py/object": "odf.components.Data", "data": {"py/b64": "Db4="}, "fake": false}], [9858, {"py/object": "odf.components.Data", "data": {"py/b64": "TfE="}, "fake": false}], [9924, {"py/object": "odf.components.Data", "data": {"py/b64": "FsA="}, "fake": false}], [9995, {"py/object": "odf.components.Data", "data": {"py/b64": "cHg="}, "fake": false}], [10073, {"py/object": "odf.components.Data", "data": {"py/b64": "UEE="}, "fake": false}], [12160, {"py/object": "odf.components.Status", "address": 6, "message_error_bit": "0", "instrumentation_bit": "0", "service_request_bit": "0", "reserved_bits": "000", "brdcst_received_bit": "0", "busy_bit": "0", "subsystem_flag_bit": "0", "dynamic_bus_control_accpt_bit": "0", "terminal_flag_bit": "1", "parity_bit": "1", "fake": false}], [12245, {"py/object": "odf.components.Command", "address": 8, "tr": 0, "sub_address": 2, "dword_count": 8, "parity": 0, "fake": false}], [12263, {"py/object": "odf.components.Command", "address": 7, "tr": 1, "sub_address": 2, "dword_count": 8, "parity": 0, "fake": false}], [14334, {"py/object": "odf.components.Status", "address": 7, "message_error_bit": "0", "instrumentation_bit": "0", "service_request_bit": "0", "reserved_bits": "000", "brdcst_received_bit": "0", "busy_bit": "0", "subsystem_flag_bit": "0", "dynamic_bus_control_accpt_bit": "0", "terminal_flag_bit": "1", "parity_bit": "1", "fake": false}], [14403, {"py/object": "odf.components.Data", "data": {"py/b64": "xJ4="}, "fake": false}], [14475, {"py/object": "odf.components.Data", "data": {"py/b64": "YL0="}, "fake": false}], [14545, {"py/object": "odf.components.Data", "data": {"py/b64": "xsM="}, "fake": false}], [14613, {"py/object": "odf.components.Data", "data": {"py/b64": "FTo="}, "fake": false}], [14688, {"py/object": "odf.components.Data", "data": {"py/b64": "lOM="}, "fake": false}], [14761, {"py/object": "odf.components.Data", "data": {"py/b64": "Jz0="}, "fake": false}], [14839, {"py/object": "odf.components.Data", "data": {"py/b64": "z3E="}, "fake": false}], [14918, {"py/object": "odf.components.Data", "data": {"py/b64": "lDk="}, "fake": false}], [17038, {"py/object": "odf.components.Status", "address": 8, "message_error_bit": "0", "instrumentation_bit": "0", "service_request_bit": "0", "reserved_bits": "000", "brdcst_received_bit": "0", "busy_bit": "0", "subsystem_flag_bit": "0", "dynamic_bus_control_accpt_bit": "0", "terminal_flag_bit": "1", "parity_bit": "1", "fake": false}], [17098, {"py/object": "odf.components.Command", "address": 10, "tr": 0, "sub_address": 2, "dword_count": 12, "parity": 0, "fake": false}], [17117, {"py/object": "odf.components.Command", "address": 9, "tr": 1, "sub_address": 2, "dword_count": 12, "parity": 0, "fake": false}], [19185, {"py/object": "odf.components.Status", "address": 9, "message_error_bit": "0", "instrumentation_bit": "0", "service_request_bit": "0", "reserved_bits": "000", "brdcst_received_bit": "0", "busy_bit": "0", "subsystem_flag_bit": "0", "dynamic_bus_control_accpt_bit": "0", "terminal_flag_bit": "1", "parity_bit": "1", "fake": false}], [19256, {"py/object": "odf.components.Data", "data": {"py/b64": "L8E="}, "fake": false}], [19328, {"py/object": "odf.components.Data", "data": {"py/b64": "B0I="}, "fake": false}], [19397, {"py/object": "odf.components.Data", "data": {"py/b64": "ocg="}, "fake": false}], [19471, {"py/object": "odf.components.Data", "data": {"py/b64": "7MI="}, "fake": false}], [19542, {"py/object": "odf.components.Data", "data": {"py/b64": "vNY="}, "fake": false}], [19612, {"py/object": "odf.components.Data", "data": {"py/b64": "MUI="}, "fake": false}], [19683, {"py/object": "odf.components.Data", "data": {"py/b64": "K8E="}, "fake": false}], [19758, {"py/object": "odf.components.Data", "data": {"py/b64": "B0I="}, "fake": false}], [19829, {"py/object": "odf.components.Data", "data": {"py/b64": "tMg="}, "fake": false}], [19897, {"py/object": "odf.components.Data", "data": {"py/b64": "7MI="}, "fake": false}], [19968, {"py/object": "odf.components.Data", "data": {"py/b64": "ivU="}, "fake": false}], [20039, {"py/object": "odf.components.Data", "data": {"py/b64": "FEM="}, "fake": false}], [22123, {"py/object": "odf.components.Status", "address": 10, "message_error_bit": "0", "instrumentation_bit": "0", "service_request_bit": "0", "reserved_bits": "000", "brdcst_received_bit": "0", "busy_bit": "0", "subsystem_flag_bit": "0", "dynamic_bus_control_accpt_bit": "0", "terminal_flag_bit": "1", "parity_bit": "1", "fake": false}], [22200, {"py/object": "odf.components.Command", "address": 12, "tr": 0, "sub_address": 2, "dword_count": 16, "parity": 0, "fake": false}], [22220, {"py/object": "odf.components.Command", "address": 11, "tr": 1, "sub_address": 2, "dword_count": 16, "parity": 0, "fake": false}], [24296, {"py/object": "odf.components.Status", "address": 11, "message_error_bit": "0", "instrumentation_bit": "0", "service_request_bit": "0", "reserved_bits": "000", "brdcst_received_bit": "0", "busy_bit": "0", "subsystem_flag_bit": "0", "dynamic_bus_control_accpt_bit": "0", "terminal_flag_bit": "1", "parity_bit": "1", "fake": false}], [24371, {"py/object": "odf.components.Data", "data": {"py/b64": "d2Y="}, "fake": false}], [24441, {"py/object": "odf.components.Data", "data": {"py/b64": "Gjs="}, "fake": false}], [24510, {"py/object": "odf.components.Data", "data": {"py/b64": "AIo="}, "fake": false}], [24584, {"py/object": "odf.components.Data", "data": {"py/b64": "ZUE="}, "fake": false}], [24658, {"py/object": "odf.components.Data", "data": {"py/b64": "roc="}, "fake": false}], [24729, {"py/object": "odf.components.Data", "data": {"py/b64": "7EE="}, "fake": false}], [24800, {"py/object": "odf.components.Data", "data": {"py/b64": "sAg="}, "fake": false}], [24874, {"py/object": "odf.components.Data", "data": {"py/b64": "YEA="}, "fake": false}], [24947, {"py/object": "odf.components.Data", "data": {"py/b64": "Ac0="}, "fake": false}], [25016, {"py/object": "odf.components.Data", "data": {"py/b64": "5T8="}, "fake": false}], [25089, {"py/object": "odf.components.Data", "data": {"py/b64": "868="}, "fake": false}], [25162, {"py/object": "odf.components.Data", "data": {"py/b64": "Aj4="}, "fake": false}], [25233, {"py/object": "odf.components.Data", "data": {"py/b64": "TQU="}, "fake": false}], [25305, {"py/object": "odf.components.Data", "data": {"py/b64": "9z4="}, "fake": false}], [25375, {"py/object": "odf.components.Data", "data": {"py/b64": "LU0="}, "fake": false}], [25450, {"py/object": "odf.components.Data", "data": {"py/b64": "nEE="}, "fake": false}], [27569, {"py/object": "odf.components.Status", "address": 12, "message_error_bit": "0", "instrumentation_bit": "0", "service_request_bit": "0", "reserved_bits": "000", "brdcst_received_bit": "0", "busy_bit": "0", "subsystem_flag_bit": "0", "dynamic_bus_control_accpt_bit": "0", "terminal_flag_bit": "1", "parity_bit": "1", "fake": false}], [27750, {"py/object": "odf.components.Command", "address": 1, "tr": 0, "sub_address": 2, "dword_count": 4, "parity": 0, "fake": false}], [27807, {"py/object": "odf.components.Data", "data": {"py/b64": "AAA="}, "fake": false}], [27819, {"py/object": "odf.components.Data", "data": {"py/b64": "AAA="}, "fake": false}], [27833, {"py/object": "odf.components.Data", "data": {"py/b64": "AAA="}, "fake": false}], [27840, {"py/object": "odf.components.Data", "data": {"py/b64": "AAA="}, "fake": false}], [29894, {"py/object": "odf.components.Status", "address": 1, "message_error_bit": "0", "instrumentation_bit": "0", "service_request_bit": "0", "reserved_bits": "000", "brdcst_received_bit": "0", "busy_bit": "0", "subsystem_flag_bit": "0", "dynamic_bus_control_accpt_bit": "0", "terminal_flag_bit": "1", "parity_bit": "1", "fake": false}], [30067, {"py/object": "odf.components.Command", "address": 31, "tr": 0, "sub_address": 2, "dword_count": 1, "parity": 0, "fake": false}], [30128, {"py/object": "odf.components.Data", "data": {"py/b64": "//8="}, "fake": false}], [30144, {"py/object": "odf.components.Command", "address": 4, "tr": 0, "sub_address": 2, "dword_count": 18, "parity": 0, "fake": false}], [30165, {"py/object": "odf.components.Command", "address": 3, "tr": 1, "sub_address": 2, "dword_count": 18, "parity": 0, "fake": false}], [32210, {"py/object": "odf.components.Status", "address": 3, "message_error_bit": "0", "instrumentation_bit": "0", "service_request_bit": "0", "reserved_bits": "000", "brdcst_received_bit": "0", "busy_bit": "0", "subsystem_flag_bit": "0", "dynamic_bus_control_accpt_bit": "0", "terminal_flag_bit": "1", "parity_bit": "1", "fake": false}], [32284, {"py/object": "odf.components.Data", "data": {"py/b64": "Z7o="}, "fake": false}], [32357, {"py/object": "odf.components.Data", "data": {"py/b64": "a0M="}, "fake": false}], [32427, {"py/object": "odf.components.Data", "data": {"py/b64": "VEk="}, "fake": false}], [32496, {"py/object": "odf.components.Data", "data": {"py/b64": "lUQ="}, "fake": false}], [32567, {"py/object": "odf.components.Data", "data": {"py/b64": "6so="}, "fake": false}], [32637, {"py/object": "odf.components.Data", "data": {"py/b64": "3EM="}, "fake": false}], [32709, {"py/object": "odf.components.Data", "data": {"py/b64": "t6g="}, "fake": false}], [32781, {"py/object": "odf.components.Data", "data": {"py/b64": "hEM="}, "fake": false}], [32855, {"py/object": "odf.components.Data", "data": {"py/b64": "bs0="}, "fake": false}], [32910, {"py/object": "odf.components.Data", "data": {"py/b64": "i0A="}, "fake": false}], [32968, {"py/object": "odf.components.Data", "data": {"py/b64": "Bs8="}, "fake": false}], [33026, {"py/object": "odf.components.Data", "data": {"py/b64": "i0A="}, "fake": false}], [33097, {"py/object": "odf.components.Data", "data": {"py/b64": "9OA="}, "fake": false}], [33169, {"py/object": "odf.components.Data", "data": {"py/b64": "QkA="}, "fake": false}], [33237, {"py/object": "odf.components.Data", "data": {"py/b64": "Osk="}, "fake": false}], [33308, {"py/object": "odf.components.Data", "data": {"py/b64": "1UM="}, "fake": false}], [33377, {"py/object": "odf.components.Data", "data": {"py/b64": "tww="}, "fake": false}], [33454, {"py/object": "odf.components.Data", "data": {"py/b64": "OkQ="}, "fake": false}], [35530, {"py/object": "odf.components.Status", "address": 4, "message_error_bit": "0", "instrumentation_bit": "0", "service_request_bit": "0", "reserved_bits": "000", "brdcst_received_bit": "0", "busy_bit": "0", "subsystem_flag_bit": "0", "dynamic_bus_control_accpt_bit": "0", "terminal_flag_bit": "1", "parity_bit": "1", "fake": false}], [35623, {"py/object": "odf.components.Command", "address": 6, "tr": 0, "sub_address": 2, "dword_count": 28, "parity": 0, "fake": false}], [35637, {"py/object": "odf.components.Command", "address": 5, "tr": 1, "sub_address": 2, "dword_count": 28, "parity": 0, "fake": false}], [37708, {"py/object": "odf.components.Status", "address": 5, "message_error_bit": "0", "instrumentation_bit": "0", "service_request_bit": "0", "reserved_bits": "000", "brdcst_received_bit": "0", "busy_bit": "0", "subsystem_flag_bit": "0", "dynamic_bus_control_accpt_bit": "0", "terminal_flag_bit": "1", "parity_bit": "1", "fake": false}], [37783, {"py/object": "odf.components.Data", "data": {"py/b64": "AdU="}, "fake": false}], [37843, {"py/object": "odf.components.Data", "data": {"py/b64": "dUM="}, "fake": false}], [37907, {"py/object": "odf.components.Data", "data": {"py/b64": "L6s="}, "fake": false}], [37978, {"py/object": "odf.components.Data", "data": {"py/b64": "z0M="}, "fake": false}], [38052, {"py/object": "odf.components.Data", "data": {"py/b64": "ieI="}, "fake": false}], [38123, {"py/object": "odf.components.Data", "data": {"py/b64": "zcM="}, "fake": false}], [38193, {"py/object": "odf.components.Data", "data": {"py/b64": "yLU="}, "fake": false}], [38264, {"py/object": "odf.components.Data", "data": {"py/b64": "ikE="}, "fake": false}], [38337, {"py/object": "odf.components.Data", "data": {"py/b64": "rBY="}, "fake": false}], [38410, {"py/object": "odf.components.Data", "data": {"py/b64": "T8I="}, "fake": false}], [38483, {"py/object": "odf.components.Data", "data": {"py/b64": "bsM="}, "fake": false}], [38555, {"py/object": "odf.components.Data", "data": {"py/b64": "vb8="}, "fake": false}], [38626, {"py/object": "odf.components.Data", "data": {"py/b64": "bEk="}, "fake": false}], [38698, {"py/object": "odf.components.Data", "data": {"py/b64": "hr4="}, "fake": false}], [38769, {"py/object": "odf.components.Data", "data": {"py/b64": "vk8="}, "fake": false}], [38840, {"py/object": "odf.components.Data", "data": {"py/b64": "yD8="}, "fake": false}], [38912, {"py/object": "odf.components.Data", "data": {"py/b64": "9jM="}, "fake": false}], [38983, {"py/object": "odf.components.Data", "data": {"py/b64": "078="}, "fake": false}], [39055, {"py/object": "odf.components.Data", "data": {"py/b64": "B8k="}, "fake": false}], [39127, {"py/object": "odf.components.Data", "data": {"py/b64": "LcE="}, "fake": false}], [39192, {"py/object": "odf.components.Data", "data": {"py/b64": "19k="}, "fake": false}], [39260, {"py/object": "odf.components.Data", "data": {"py/b64": "z0M="}, "fake": false}], [39325, {"py/object": "odf.components.Data", "data": {"py/b64": "slA="}, "fake": false}], [39387, {"py/object": "odf.components.Data", "data": {"py/b64": "Vr8="}, "fake": false}], [39459, {"py/object": "odf.components.Data", "data": {"py/b64": "9Po="}, "fake": false}], [39528, {"py/object": "odf.components.Data", "data": {"py/b64": "nL4="}, "fake": false}], [39592, {"py/object": "odf.components.Data", "data": {"py/b64": "VeY="}, "fake": false}], [39667, {"py/object": "odf.components.Data", "data": {"py/b64": "gD8="}, "fake": false}], [41754, {"py/object": "odf.components.Status", "address": 6, "message_error_bit": "0", "instrumentation_bit": "0", "service_request_bit": "0", "reserved_bits": "000", "brdcst_received_bit": "0", "busy_bit": "0", "subsystem_flag_bit": "0", "dynamic_bus_control_accpt_bit": "0", "terminal_flag_bit": "1", "parity_bit": "1", "fake": false}], [41844, {"py/object": "odf.components.Command", "address": 8, "tr": 0, "sub_address": 2, "dword_count": 8, "parity": 0, "fake": false}], [41856, {"py/object": "odf.components.Command", "address": 7, "tr": 1, "sub_address": 2, "dword_count": 8, "parity": 0, "fake": false}], [43920, {"py/object": "odf.components.Status", "address": 7, "message_error_bit": "0", "instrumentation_bit": "0", "service_request_bit": "0", "reserved_bits": "000", "brdcst_received_bit": "0", "busy_bit": "0", "subsystem_flag_bit": "0", "dynamic_bus_control_accpt_bit": "0", "terminal_flag_bit": "1", "parity_bit": "1", "fake": false}], [43995, {"py/object": "odf.components.Data", "data": {"py/b64": "fiU="}, "fake": false}], [44069, {"py/object": "odf.components.Data", "data": {"py/b64": "h70="}, "fake": false}], [44142, {"py/object": "odf.components.Data", "data": {"py/b64": "x4U="}, "fake": false}], [44217, {"py/object": "odf.components.Data", "data": {"py/b64": "jbs="}, "fake": false}], [44291, {"py/object": "odf.components.Data", "data": {"py/b64": "DeA="}, "fake": false}], [44364, {"py/object": "odf.components.Data", "data": {"py/b64": "0Tw="}, "fake": false}], [44440, {"py/object": "odf.components.Data", "data": {"py/b64": "ZDQ="}, "fake": false}], [44517, {"py/object": "odf.components.Data", "data": {"py/b64": "Vbo="}, "fake": false}], [46615, {"py/object": "odf.components.Status", "address": 8, "message_error_bit": "0", "instrumentation_bit": "0", "service_request_bit": "0", "reserved_bits": "000", "brdcst_received_bit": "0", "busy_bit": "0", "subsystem_flag_bit": "0", "dynamic_bus_control_accpt_bit": "0", "terminal_flag_bit": "1", "parity_bit": "1", "fake": false}], [46688, {"py/object": "odf.components.Command", "address": 10, "tr": 0, "sub_address": 2, "dword_count": 12, "parity": 0, "fake": false}], [46701, {"py/object": "odf.components.Command", "address": 9, "tr": 1, "sub_address": 2, "dword_count": 12, "parity": 0, "fake": false}], [48771, {"py/object": "odf.components.Status", "address": 9, "message_error_bit": "0", "instrumentation_bit": "0", "service_request_bit": "0", "reserved_bits": "000", "brdcst_received_bit": "0", "busy_bit": "0", "subsystem_flag_bit": "0", "dynamic_bus_control_accpt_bit": "0", "terminal_flag_bit": "1", "parity_bit": "1", "fake": false}], [48845, {"py/object": "odf.components.Data", "data": {"py/b64": "T70="}, "fake": false}], [48915, {"py/object": "odf.components.Data", "data": {"py/b64": "B0I="}, "fake": false}], [48989, {"py/object": "odf.components.Data", "data": {"py/b64": "Sds="}, "fake": false}], [49062, {"py/object": "odf.components.Data", "data": {"py/b64": "7MI="}, "fake": false}], [49133, {"py/object": "odf.components.Data", "data": {"py/b64": "m+o="}, "fake": false}], [49206, {"py/object": "odf.components.Data", "data": {"py/b64": "aEM="}, "fake": false}], [49282, {"py/object": "odf.components.Data", "data": {"py/b64": "Sr0="}, "fake": false}], [49355, {"py/object": "odf.components.Data", "data": {"py/b64": "B0I="}, "fake": false}], [49425, {"py/object": "odf.components.Data", "data": {"py/b64": "Yts="}, "fake": false}], [49499, {"py/object": "odf.components.Data", "data": {"py/b64": "7MI="}, "fake": false}], [49573, {"py/object": "odf.components.Data", "data": {"py/b64": "Ugk="}, "fake": false}], [49637, {"py/object": "odf.components.Data", "data": {"py/b64": "QEQ="}, "fake": false}], [51778, {"py/object": "odf.components.Status", "address": 10, "message_error_bit": "0", "instrumentation_bit": "0", "service_request_bit": "0", "reserved_bits": "000", "brdcst_received_bit": "0", "busy_bit": "0", "subsystem_flag_bit": "0", "dynamic_bus_control_accpt_bit": "0", "terminal_flag_bit": "1", "parity_bit": "1", "fake": false}], [51830, {"py/object": "odf.components.Command", "address": 12, "tr": 0, "sub_address": 2, "dword_count": 16, "parity": 0, "fake": false}], [51844, {"py/object": "odf.components.Command", "address": 11, "tr": 1, "sub_address": 2, "dword_count": 16, "parity": 0, "fake": false}], [53911, {"py/object": "odf.components.Status", "address": 11, "message_error_bit": "0", "instrumentation_bit": "0", "service_request_bit": "0", "reserved_bits": "000", "brdcst_received_bit": "0", "busy_bit": "0", "subsystem_flag_bit": "0", "dynamic_bus_control_accpt_bit": "0", "terminal_flag_bit": "1", "parity_bit": "1", "fake": false}], [53983, {"py/object": "odf.components.Data", "data": {"py/b64": "i5E="}, "fake": false}], [54056, {"py/object": "odf.components.Data", "data": {"py/b64": "Fzs="}, "fake": false}], [54130, {"py/object": "odf.components.Data", "data": {"py/b64": "AIU="}, "fake": false}], [54203, {"py/object": "odf.components.Data", "data": {"py/b64": "UkE="}, "fake": false}], [54276, {"py/object": "odf.components.Data", "data": {"py/b64": "UW8="}, "fake": false}], [54349, {"py/object": "odf.components.Data", "data": {"py/b64": "50E="}, "fake": false}], [54421, {"py/object": "odf.components.Data", "data": {"py/b64": "7gw="}, "fake": false}], [54494, {"py/object": "odf.components.Data", "data": {"py/b64": "t0A="}, "fake": false}], [54568, {"py/object": "odf.components.Data", "data": {"py/b64": "kE0="}, "fake": false}], [54641, {"py/object": "odf.components.Data", "data": {"py/b64": "PEA="}, "fake": false}], [54713, {"py/object": "odf.components.Data", "data": {"py/b64": "ksE="}, "fake": false}], [54786, {"py/object": "odf.components.Data", "data": {"py/b64": "6T0="}, "fake": false}], [54858, {"py/object": "odf.components.Data", "data": {"py/b64": "XXo="}, "fake": false}], [54931, {"py/object": "odf.components.Data", "data": {"py/b64": "ZD4="}, "fake": false}], [55003, {"py/object": "odf.components.Data", "data": {"py/b64": "Ykg="}, "fake": false}], [55078, {"py/object": "odf.components.Data", "data": {"py/b64": "q0E="}, "fake": false}], [57190, {"py/object": "odf.components.Status", "address": 12, "message_error_bit": "0", "instrumentation_bit": "0", "service_request_bit": "0", "reserved_bits": "000", "brdcst_received_bit": "0", "busy_bit": "0", "subsystem_flag_bit": "0", "dynamic_bus_control_accpt_bit": "0", "terminal_flag_bit": "1", "parity_bit": "1", "fake": false}], [57370, {"py/object": "odf.components.Command", "address": 1, "tr": 0, "sub_address": 2, "dword_count": 4, "parity": 0, "fake": false}], [57454, {"py/object": "odf.components.Data", "data": {"py/b64": "AAA="}, "fake": false}], [57469, {"py/object": "odf.components.Data", "data": {"py/b64": "AAA="}, "fake": false}], [57482, {"py/object": "odf.components.Data", "data": {"py/b64": "AAA="}, "fake": false}], [57494, {"py/object": "odf.components.Data", "data": {"py/b64": "AAA="}, "fake": false}], [59539, {"py/object": "odf.components.Status", "address": 1, "message_error_bit": "0", "instrumentation_bit": "0", "service_request_bit": "0", "reserved_bits": "000", "brdcst_received_bit": "0", "busy_bit": "0", "subsystem_flag_bit": "0", "dynamic_bus_control_accpt_bit": "0", "terminal_flag_bit": "1", "parity_bit": "1", "fake": false}], [59712, {"py/object": "odf.components.Command", "address": 31, "tr": 0, "sub_address": 2, "dword_count": 1, "parity": 0, "fake": false}], [59802, {"py/object": "odf.components.Data", "data": {"py/b64": "//8="}, "fake": false}], [59818, {"py/object": "odf.components.Command", "address": 4, "tr": 0, "sub_address": 2, "dword_count": 18, "parity": 0, "fake": false}], [59831, {"py/object": "odf.components.Command", "address": 3, "tr": 1, "sub_address": 2, "dword_count": 18, "parity": 0, "fake": false}], [61894, {"py/object": "odf.components.Status", "address": 3, "message_error_bit": "0", "instrumentation_bit": "0", "service_request_bit": "0", "reserved_bits": "000", "brdcst_received_bit": "0", "busy_bit": "0", "subsystem_flag_bit": "0", "dynamic_bus_control_accpt_bit": "0", "terminal_flag_bit": "1", "parity_bit": "1", "fake": false}], [61981, {"py/object": "odf.components.Data", "data": {"py/b64": "kuU="}, "fake": false}], [62073, {"py/object": "odf.components.Data", "data": {"py/b64": "eUM="}, "fake": false}], [62157, {"py/object": "odf.components.Data", "data": {"py/b64": "r2I="}, "fake": false}], [62240, {"py/object": "odf.components.Data", "data": {"py/b64": "AEU="}, "fake": false}], [62321, {"py/object": "odf.components.Data", "data": {"py/b64": "rWM="}, "fake": false}], [62403, {"py/object": "odf.components.Data", "data": {"py/b64": "kEQ="}, "fake": false}], [62486, {"py/object": "odf.components.Data", "data": {"py/b64": "DzY="}, "fake": false}], [62571, {"py/object": "odf.components.Data", "data": {"py/b64": "WkM="}, "fake": false}], [62650, {"py/object": "odf.components.Data", "data": {"py/b64": "D1o="}, "fake": false}], [62731, {"py/object": "odf.components.Data", "data": {"py/b64": "gUA="}, "fake": false}], [62810, {"py/object": "odf.components.Data", "data": {"py/b64": "nk0="}, "fake": false}], [62883, {"py/object": "odf.components.Data", "data": {"py/b64": "gUA="}, "fake": false}], [62950, {"py/object": "odf.components.Data", "data": {"py/b64": "rfk="}, "fake": false}], [63021, {"py/object": "odf.components.Data", "data": {"py/b64": "QkA="}, "fake": false}], [63102, {"py/object": "odf.components.Data", "data": {"py/b64": "Kk4="}, "fake": false}], [63182, {"py/object": "odf.components.Data", "data": {"py/b64": "1UM="}, "fake": false}], [63265, {"py/object": "odf.components.Data", "data": {"py/b64": "tww="}, "fake": false}], [63353, {"py/object": "odf.components.Data", "data": {"py/b64": "OkQ="}, "fake": false}], [65479, {"py/object": "odf.components.Status", "address": 4, "message_error_bit": "0", "instrumentation_bit": "0", "service_request_bit": "0", "reserved_bits": "000", "brdcst_received_bit": "0", "busy_bit": "0", "subsystem_flag_bit": "0", "dynamic_bus_control_accpt_bit": "0", "terminal_flag_bit": "1", "parity_bit": "1", "fake": false}], [65540, {"py/object": "odf.components.Command", "address": 6, "tr": 0, "sub_address": 2, "dword_count": 28, "parity": 0, "fake": false}], [65561, {"py/object": "odf.components.Command", "address": 5, "tr": 1, "sub_address": 2, "dword_count": 28, "parity": 0, "fake": false}], [67621, {"py/object": "odf.components.Status", "address": 5, "message_error_bit": "0", "instrumentation_bit": "0", "service_request_bit": "0", "reserved_bits": "000", "brdcst_received_bit": "0", "busy_bit": "0", "subsystem_flag_bit": "0", "dynamic_bus_control_accpt_bit": "0", "terminal_flag_bit": "1", "parity_bit": "1", "fake": false}], [67702, {"py/object": "odf.components.Data", "data": {"py/b64": "Ey4="}, "fake": false}], [67784, {"py/object": "odf.components.Data", "data": {"py/b64": "dkM="}, "fake": false}], [67863, {"py/object": "odf.components.Data", "data": {"py/b64": "sXc="}, "fake": false}], [67944, {"py/object": "odf.components.Data", "data": {"py/b64": "0EM="}, "fake": false}], [68028, {"py/object": "odf.components.Data", "data": {"py/b64": "xLw="}, "fake": false}], [68111, {"py/object": "odf.components.Data", "data": {"py/b64": "ocM="}, "fake": false}], [68189, {"py/object": "odf.components.Data", "data": {"py/b64": "s28="}, "fake": false}], [68269, {"py/object": "odf.components.Data", "data": {"py/b64": "CUI="}, "fake": false}], [68352, {"py/object": "odf.components.Data", "data": {"py/b64": "LeI="}, "fake": false}], [68431, {"py/object": "odf.components.Data", "data": {"py/b64": "gsM="}, "fake": false}], [68510, {"py/object": "odf.components.Data", "data": {"py/b64": "Idw="}, "fake": false}], [68594, {"py/object": "odf.components.Data", "data": {"py/b64": "EEE="}, "fake": false}], [68673, {"py/object": "odf.components.Data", "data": {"py/b64": "DDE="}, "fake": false}], [68755, {"py/object": "odf.components.Data", "data": {"py/b64": "tb8="}, "fake": false}], [68837, {"py/object": "odf.components.Data", "data": {"py/b64": "TDM="}, "fake": false}], [68915, {"py/object": "odf.components.Data", "data": {"py/b64": "P8E="}, "fake": false}], [68999, {"py/object": "odf.components.Data", "data": {"py/b64": "BHI="}, "fake": false}], [69077, {"py/object": "odf.components.Data", "data": {"py/b64": "o8A="}, "fake": false}], [69157, {"py/object": "odf.components.Data", "data": {"py/b64": "7ec="}, "fake": false}], [69240, {"py/object": "odf.components.Data", "data": {"py/b64": "CcE="}, "fake": false}], [69326, {"py/object": "odf.components.Data", "data": {"py/b64": "4XY="}, "fake": false}], [69408, {"py/object": "odf.components.Data", "data": {"py/b64": "0EM="}, "fake": false}], [69486, {"py/object": "odf.components.Data", "data": {"py/b64": "FBA="}, "fake": false}], [69564, {"py/object": "odf.components.Data", "data": {"py/b64": "YcE="}, "fake": false}], [69646, {"py/object": "odf.components.Data", "data": {"py/b64": "AfI="}, "fake": false}], [69725, {"py/object": "odf.components.Data", "data": {"py/b64": "uEA="}, "fake": false}], [69807, {"py/object": "odf.components.Data", "data": {"py/b64": "v9Y="}, "fake": false}], [69878, {"py/object": "odf.components.Data", "data": {"py/b64": "oz4="}, "fake": false}], [71984, {"py/object": "odf.components.Status", "address": 6, "message_error_bit": "0", "instrumentation_bit": "0", "service_request_bit": "0", "reserved_bits": "000", "brdcst_received_bit": "0", "busy_bit": "0", "subsystem_flag_bit": "0", "dynamic_bus_control_accpt_bit": "0", "terminal_flag_bit": "1", "parity_bit": "1", "fake": false}], [72064, {"py/object": "odf.components.Command", "address": 8, "tr": 0, "sub_address": 2, "dword_count": 8, "parity": 0, "fake": false}], [72081, {"py/object": "odf.components.Command", "address": 7, "tr": 1, "sub_address": 2, "dword_count": 8, "parity": 0, "fake": false}], [74151, {"py/object": "odf.components.Status", "address": 7, "message_error_bit": "0", "instrumentation_bit": "0", "service_request_bit": "0", "reserved_bits": "000", "brdcst_received_bit": "0", "busy_bit": "0", "subsystem_flag_bit": "0", "dynamic_bus_control_accpt_bit": "0", "terminal_flag_bit": "1", "parity_bit": "1", "fake": false}], [74230, {"py/object": "odf.components.Data", "data": {"py/b64": "BwQ="}, "fake": false}], [74312, {"py/object": "odf.components.Data", "data": {"py/b64": "2L0="}, "fake": false}], [74392, {"py/object": "odf.components.Data", "data": {"py/b64": "/3Q="}, "fake": false}], [74474, {"py/object": "odf.components.Data", "data": {"py/b64": "5z4="}, "fake": false}], [74557, {"py/object": "odf.components.Data", "data": {"py/b64": "khE="}, "fake": false}], [74639, {"py/object": "odf.components.Data", "data": {"py/b64": "5zw="}, "fake": false}], [74721, {"py/object": "odf.components.Data", "data": {"py/b64": "CvU="}, "fake": false}], [74806, {"py/object": "odf.components.Data", "data": {"py/b64": "1bk="}, "fake": false}], [76942, {"py/object": "odf.components.Status", "address": 8, "message_error_bit": "0", "instrumentation_bit": "0", "service_request_bit": "0", "reserved_bits": "000", "brdcst_received_bit": "0", "busy_bit": "0", "subsystem_flag_bit": "0", "dynamic_bus_control_accpt_bit": "0", "terminal_flag_bit": "1", "parity_bit": "1", "fake": false}], [77008, {"py/object": "odf.components.Command", "address": 10, "tr": 0, "sub_address": 2, "dword_count": 12, "parity": 0, "fake": false}], [77026, {"py/object": "odf.components.Command", "address": 9, "tr": 1, "sub_address": 2, "dword_count": 12, "parity": 0, "fake": false}], [79098, {"py/object": "odf.components.Status", "address": 9, "message_error_bit": "0", "instrumentation_bit": "0", "service_request_bit": "0", "reserved_bits": "000", "brdcst_received_bit": "0", "busy_bit": "0", "subsystem_flag_bit": "0", "dynamic_bus_control_accpt_bit": "0", "terminal_flag_bit": "1", "parity_bit": "1", "fake": false}], [79179, {"py/object": "odf.components.Data", "data": {"py/b64": "66w="}, "fake": false}], [79262, {"py/object": "odf.components.Data", "data": {"py/b64": "B0I="}, "fake": false}], [79345, {"py/object": "odf.components.Data", "data": {"py/b64": "k+s="}, "fake": false}], [79427, {"py/object": "odf.components.Data", "data": {"py/b64": "7MI="}, "fake": false}], [79505, {"py/object": "odf.components.Data", "data": {"py/b64": "Guk="}, "fake": false}], [79587, {"py/object": "odf.components.Data", "data": {"py/b64": "A0Q="}, "fake": false}], [79666, {"py/object": "odf.components.Data", "data": {"py/b64": "yKw="}, "fake": false}], [79748, {"py/object": "odf.components.Data", "data": {"py/b64": "B0I="}, "fake": false}], [79826, {"py/object": "odf.components.Data", "data": {"py/b64": "nOs="}, "fake": false}], [79900, {"py/object": "odf.components.Data", "data": {"py/b64": "7MI="}, "fake": false}], [79983, {"py/object": "odf.components.Data", "data": {"py/b64": "Ico="}, "fake": false}], [80071, {"py/object": "odf.components.Data", "data": {"py/b64": "2EQ="}, "fake": false}], [82182, {"py/object": "odf.components.Status", "address": 10, "message_error_bit": "0", "instrumentation_bit": "0", "service_request_bit": "0", "reserved_bits": "000", "brdcst_received_bit": "0", "busy_bit": "0", "subsystem_flag_bit": "0", "dynamic_bus_control_accpt_bit": "0", "terminal_flag_bit": "1", "parity_bit": "1", "fake": false}], [82276, {"py/object": "odf.components.Command", "address": 12, "tr": 0, "sub_address": 2, "dword_count": 16, "parity": 0, "fake": false}], [82301, {"py/object": "odf.components.Command", "address": 11, "tr": 1, "sub_address": 2, "dword_count": 16, "parity": 0, "fake": false}], [82395, {"py/object": "odf.components.Data", "data": {"py/b64": "//8="}, "fake": true}], [84375, {"py/object": "odf.components.Status", "address": 11, "message_error_bit": "0", "instrumentation_bit": "0", "service_request_bit": "0", "reserved_bits": "000", "brdcst_received_bit": "0", "busy_bit": "0", "subsystem_flag_bit": "0", "dynamic_bus_control_accpt_bit": "0", "terminal_flag_bit": "1", "parity_bit": "1", "fake": false}], [84456, {"py/object": "odf.components.Data", "data": {"py/b64": "jh4="}, "fake": false}], [84553, {"py/object": "odf.components.Data", "data": {"py/b64": "Ezs="}, "fake": false}], [84696, {"py/object": "odf.components.Data", "data": {"py/b64": "//8="}, "fake": true}], [84731, {"py/object": "odf.components.Data", "data": {"py/b64": "oIY="}, "fake": false}], [84810, {"py/object": "odf.components.Data", "data": {"py/b64": "MkE="}, "fake": false}], [84961, {"py/object": "odf.components.Data", "data": {"py/b64": "jBA="}, "fake": false}], [84997, {"py/object": "odf.components.Data", "data": {"py/b64": "//8="}, "fake": true}], [85080, {"py/object": "odf.components.Data", "data": {"py/b64": "30E="}, "fake": false}], [85182, {"py/object": "odf.components.Data", "data": {"py/b64": "6Nw="}, "fake": false}], [85270, {"py/object": "odf.components.Data", "data": {"py/b64": "//8="}, "fake": true}], [85348, {"py/object": "odf.components.Data", "data": {"py/b64": "oEA="}, "fake": false}], [85450, {"py/object": "odf.components.Data", "data": {"py/b64": "vdY="}, "fake": false}], [85565, {"py/object": "odf.components.Data", "data": {"py/b64": "//8="}, "fake": true}], [85612, {"py/object": "odf.components.Data", "data": {"py/b64": "IUA="}, "fake": false}], [85709, {"py/object": "odf.components.Data", "data": {"py/b64": "oWc="}, "fake": false}], [85856, {"py/object": "odf.components.Data", "data": {"py/b64": "ULs="}, "fake": false}], [85887, {"py/object": "odf.components.Data", "data": {"py/b64": "//8="}, "fake": true}], [85965, {"py/object": "odf.components.Data", "data": {"py/b64": "bw8="}, "fake": false}], [86061, {"py/object": "odf.components.Data", "data": {"py/b64": "ED0="}, "fake": false}], [86128, {"py/object": "odf.components.Data", "data": {"py/b64": "//8="}, "fake": true}], [86207, {"py/object": "odf.components.Data", "data": {"py/b64": "5rU="}, "fake": false}], [86304, {"py/object": "odf.components.Data", "data": {"py/b64": "nEE="}, "fake": false}], [86386, {"py/object": "odf.components.Data", "data": {"py/b64": "//8="}, "fake": true}], [86500, {"py/object": "odf.components.Data", "data": {"py/b64": "//8="}, "fake": true}], [86607, {"py/object": "odf.components.Data", "data": {"py/b64": "//8="}, "fake": true}], [86728, {"py/object": "odf.components.Data", "data": {"py/b64": "//8="}, "fake": true}], [86844, {"py/object": "odf.components.Data", "data": {"py/b64": "//8="}, "fake": true}], [86963, {"py/object": "odf.components.Data", "data": {"py/b64": "//8="}, "fake": true}], [87089, {"py/object": "odf.components.Data", "data": {"py/b64": "//8="}, "fake": true}], [87210, {"py/object": "odf.components.Data", "data": {"py/b64": "//8="}, "fake": true}], [87334, {"py/object": "odf.components.Data", "data": {"py/b64": "//8="}, "fake": true}], [87454, {"py/object": "odf.components.Data", "data": {"py/b64": "//8="}, "fake": true}], [87870, {"py/object": "odf.components.Status", "address": 12, "message_error_bit": "0", "instrumentation_bit": "0", "service_request_bit": "0", "reserved_bits": "000", "brdcst_received_bit": "0", "busy_bit": "0", "subsystem_flag_bit": "0", "dynamic_bus_control_accpt_bit": "0", "terminal_flag_bit": "1", "parity_bit": "1", "fake": false}], [88049, {"py/object": "odf.components.Command", "address": 1, "tr": 0, "sub_address": 2, "dword_count": 4, "parity": 0, "fake": false}], [88105, {"py/object": "odf.components.Data", "data": {"py/b64": "AAA="}, "fake": false}], [88128, {"py/object": "odf.components.Data", "data": {"py/b64": "AAA="}, "fake": false}], [88198, {"py/object": "odf.components.Data", "data": {"py/b64": "AAA="}, "fake": false}], [88220, {"py/object": "odf.components.Data", "data": {"py/b64": "AAA="}, "fake": false}], [88240, {"py/object": "odf.components.Data", "data": {"py/b64": "//8="}, "fake": true}], [90190, {"py/object": "odf.components.Status", "address": 1, "message_error_bit": "0", "instrumentation_bit": "0", "service_request_bit": "0", "reserved_bits": "000", "brdcst_received_bit": "0", "busy_bit": "0", "subsystem_flag_bit": "0", "dynamic_bus_control_accpt_bit": "0", "terminal_flag_bit": "1", "parity_bit": "1", "fake": false}], [90371, {"py/object": "odf.components.Command", "address": 31, "tr": 0, "sub_address": 2, "dword_count": 1, "parity": 0, "fake": false}], [90476, {"py/object": "odf.components.Data", "data": {"py/b64": "//8="}, "fake": false}], [90500, {"py/object": "odf.components.Command", "address": 4, "tr": 0, "sub_address": 2, "dword_count": 18, "parity": 0, "fake": false}], [90512, {"py/object": "odf.components.Command", "address": 3, "tr": 1, "sub_address": 2, "dword_count": 18, "parity": 0, "fake": false}], [92570, {"py/object": "odf.components.Status", "address": 3, "message_error_bit": "0", "instrumentation_bit": "0", "service_request_bit": "0", "reserved_bits": "000", "brdcst_received_bit": "0", "busy_bit": "0", "subsystem_flag_bit": "0", "dynamic_bus_control_accpt_bit": "0", "terminal_flag_bit": "1", "parity_bit": "1", "fake": false}], [92652, {"py/object": "odf.components.Data", "data": {"py/b64": "t+A="}, "fake": false}], [92736, {"py/object": "odf.components.Data", "data": {"py/b64": "eUM="}, "fake": false}], [92815, {"py/object": "odf.components.Data", "data": {"py/b64": "uvk="}, "fake": false}], [92888, {"py/object": "odf.components.Data", "data": {"py/b64": "AEU="}, "fake": false}], [92943, {"py/object": "odf.components.Data", "data": {"py/b64": "6FE="}, "fake": false}], [93018, {"py/object": "odf.components.Data", "data": {"py/b64": "B0U="}, "fake": false}], [93092, {"py/object": "odf.components.Data", "data": {"py/b64": "ImQ="}, "fake": false}], [93176, {"py/object": "odf.components.Data", "data": {"py/b64": "C0M="}, "fake": false}], [93259, {"py/object": "odf.components.Data", "data": {"py/b64": "jTA="}, "fake": false}], [93340, {"py/object": "odf.components.Data", "data": {"py/b64": "PkA="}, "fake": false}], [93424, {"py/object": "odf.components.Data", "data": {"py/b64": "ox0="}, "fake": false}], [93503, {"py/object": "odf.components.Data", "data": {"py/b64": "PkA="}, "fake": false}], [93585, {"py/object": "odf.components.Data", "data": {"py/b64": "NQQ="}, "fake": false}], [93668, {"py/object": "odf.components.Data", "data": {"py/b64": "Q0A="}, "fake": false}], [93748, {"py/object": "odf.components.Data", "data": {"py/b64": "wdI="}, "fake": false}], [93832, {"py/object": "odf.components.Data", "data": {"py/b64": "1EM="}, "fake": false}], [93918, {"py/object": "odf.components.Data", "data": {"py/b64": "tww="}, "fake": false}], [94003, {"py/object": "odf.components.Data", "data": {"py/b64": "OkQ="}, "fake": false}], [96131, {"py/object": "odf.components.Status", "address": 4, "message_error_bit": "0", "instrumentation_bit": "0", "service_request_bit": "0", "reserved_bits": "000", "brdcst_received_bit": "0", "busy_bit": "0", "subsystem_flag_bit": "0", "dynamic_bus_control_accpt_bit": "0", "terminal_flag_bit": "1", "parity_bit": "1", "fake": false}], [96192, {"py/object": "odf.components.Command", "address": 6, "tr": 0, "sub_address": 2, "dword_count": 28, "parity": 0, "fake": false}], [96210, {"py/object": "odf.components.Command", "address": 5, "tr": 1, "sub_address": 2, "dword_count": 28, "parity": 0, "fake": false}], [98279, {"py/object": "odf.components.Status", "address": 5, "message_error_bit": "0", "instrumentation_bit": "0", "service_request_bit": "0", "reserved_bits": "000", "brdcst_received_bit": "0", "busy_bit": "0", "subsystem_flag_bit": "0", "dynamic_bus_control_accpt_bit": "0", "terminal_flag_bit": "1", "parity_bit": "1", "fake": false}], [98360, {"py/object": "odf.components.Data", "data": {"py/b64": "uW0="}, "fake": false}], [98445, {"py/object": "odf.components.Data", "data": {"py/b64": "fkM="}, "fake": false}], [98528, {"py/object": "odf.components.Data", "data": {"py/b64": "lWY="}, "fake": false}], [98609, {"py/object": "odf.components.Data", "data": {"py/b64": "10M="}, "fake": false}], [98691, {"py/object": "odf.components.Data", "data": {"py/b64": "/mo="}, "fake": false}], [98775, {"py/object": "odf.components.Data", "data": {"py/b64": "lUI="}, "fake": false}], [98857, {"py/object": "odf.components.Data", "data": {"py/b64": "YCI="}, "fake": false}], [98938, {"py/object": "odf.components.Data", "data": {"py/b64": "CUI="}, "fake": false}], [99019, {"py/object": "odf.components.Data", "data": {"py/b64": "bWE="}, "fake": false}], [99102, {"py/object": "odf.components.Data", "data": {"py/b64": "08M="}, "fake": false}], [99178, {"py/object": "odf.components.Data", "data": {"py/b64": "llI="}, "fake": false}], [99260, {"py/object": "odf.components.Data", "data": {"py/b64": "bUE="}, "fake": false}], [99344, {"py/object": "odf.components.Data", "data": {"py/b64": "W9I="}, "fake": false}], [99427, {"py/object": "odf.components.Data", "data": {"py/b64": "xD4="}, "fake": false}], [99509, {"py/object": "odf.components.Data", "data": {"py/b64": "2jM="}, "fake": false}], [99589, {"py/object": "odf.components.Data", "data": {"py/b64": "D0A="}, "fake": false}], [99674, {"py/object": "odf.components.Data", "data": {"py/b64": "kE0="}, "fake": false}], [99755, {"py/object": "odf.components.Data", "data": {"py/b64": "7cA="}, "fake": false}], [99828, {"py/object": "odf.components.Data", "data": {"py/b64": "rDs="}, "fake": false}], [99889, {"py/object": "odf.components.Data", "data": {"py/b64": "BME="}, "fake": false}], [99967, {"py/object": "odf.components.Data", "data": {"py/b64": "12c="}, "fake": false}], [100050, {"py/object": "odf.components.Data", "data": {"py/b64": "10M="}, "fake": false}], [100131, {"py/object": "odf.components.Data", "data": {"py/b64": "hJg="}, "fake": false}], [100213, {"py/object": "odf.components.Data", "data": {"py/b64": "WcE="}, "fake": false}], [100295, {"py/object": "odf.components.Data", "data": {"py/b64": "BpA="}, "fake": false}], [100376, {"py/object": "odf.components.Data", "data": {"py/b64": "2kA="}, "fake": false}], [100456, {"py/object": "odf.components.Data", "data": {"py/b64": "C0Q="}, "fake": false}], [100546, {"py/object": "odf.components.Data", "data": {"py/b64": "1T4="}, "fake": false}], [102681, {"py/object": "odf.components.Status", "address": 6, "message_error_bit": "0", "instrumentation_bit": "0", "service_request_bit": "0", "reserved_bits": "000", "brdcst_received_bit": "0", "busy_bit": "0", "subsystem_flag_bit": "0", "dynamic_bus_control_accpt_bit": "0", "terminal_flag_bit": "1", "parity_bit": "1", "fake": false}], [102737, {"py/object": "odf.components.Command", "address": 8, "tr": 0, "sub_address": 2, "dword_count": 8, "parity": 0, "fake": false}], [102753, {"py/object": "odf.components.Command", "address": 7, "tr": 1, "sub_address": 2, "dword_count": 8, "parity": 0, "fake": false}], [104819, {"py/object": "odf.components.Status", "address": 7, "message_error_bit": "0", "instrumentation_bit": "0", "service_request_bit": "0", "reserved_bits": "000", "brdcst_received_bit": "0", "busy_bit": "0", "subsystem_flag_bit": "0", "dynamic_bus_control_accpt_bit": "0", "terminal_flag_bit": "1", "parity_bit": "1", "fake": false}], [104901, {"py/object": "odf.components.Data", "data": {"py/b64": "HjI="}, "fake": false}], [104981, {"py/object": "odf.components.Data", "data": {"py/b64": "1b0="}, "fake": false}], [105064, {"py/object": "odf.components.Data", "data": {"py/b64": "oQ8="}, "fake": false}], [105145, {"py/object": "odf.components.Data", "data": {"py/b64": "4z4="}, "fake": false}], [105231, {"py/object": "odf.components.Data", "data": {"py/b64": "EvI="}, "fake": false}], [105313, {"py/object": "odf.components.Data", "data": {"py/b64": "5Tw="}, "fake": false}], [105395, {"py/object": "odf.components.Data", "data": {"py/b64": "a4c="}, "fake": false}], [105486, {"py/object": "odf.components.Data", "data": {"py/b64": "mDk="}, "fake": false}], [107612, {"py/object": "odf.components.Status", "address": 8, "message_error_bit": "0", "instrumentation_bit": "0", "service_request_bit": "0", "reserved_bits": "000", "brdcst_received_bit": "0", "busy_bit": "0", "subsystem_flag_bit": "0", "dynamic_bus_control_accpt_bit": "0", "terminal_flag_bit": "1", "parity_bit": "1", "fake": false}], [107687, {"py/object": "odf.components.Command", "address": 10, "tr": 0, "sub_address": 2, "dword_count": 12, "parity": 0, "fake": false}], [107704, {"py/object": "odf.components.Command", "address": 9, "tr": 1, "sub_address": 2, "dword_count": 12, "parity": 0, "fake": false}], [109769, {"py/object": "odf.components.Status", "address": 9, "message_error_bit": "0", "instrumentation_bit": "0", "service_request_bit": "0", "reserved_bits": "000", "brdcst_received_bit": "0", "busy_bit": "0", "subsystem_flag_bit": "0", "dynamic_bus_control_accpt_bit": "0", "terminal_flag_bit": "1", "parity_bit": "1", "fake": false}], [109855, {"py/object": "odf.components.Data", "data": {"py/b64": "n4g="}, "fake": false}], [109931, {"py/object": "odf.components.Data", "data": {"py/b64": "B0I="}, "fake": false}], [110015, {"py/object": "odf.components.Data", "data": {"py/b64": "Keo="}, "fake": false}], [110100, {"py/object": "odf.components.Data", "data": {"py/b64": "7MI="}, "fake": false}], [110179, {"py/object": "odf.components.Data", "data": {"py/b64": "pCE="}, "fake": false}], [110262, {"py/object": "odf.components.Data", "data": {"py/b64": "V0Q="}, "fake": false}], [110348, {"py/object": "odf.components.Data", "data": {"py/b64": "fog="}, "fake": false}], [110431, {"py/object": "odf.components.Data", "data": {"py/b64": "B0I="}, "fake": false}], [110515, {"py/object": "odf.components.Data", "data": {"py/b64": "Huo="}, "fake": false}], [110598, {"py/object": "odf.components.Data", "data": {"py/b64": "7MI="}, "fake": false}], [110681, {"py/object": "odf.components.Data", "data": {"py/b64": "ZLs="}, "fake": false}], [110769, {"py/object": "odf.components.Data", "data": {"py/b64": "MEU="}, "fake": false}], [112895, {"py/object": "odf.components.Status", "address": 10, "message_error_bit": "0", "instrumentation_bit": "0", "service_request_bit": "0", "reserved_bits": "000", "brdcst_received_bit": "0", "busy_bit": "0", "subsystem_flag_bit": "0", "dynamic_bus_control_accpt_bit": "0", "terminal_flag_bit": "1", "parity_bit": "1", "fake": false}], [112944, {"py/object": "odf.components.Command", "address": 12, "tr": 0, "sub_address": 2, "dword_count": 16, "parity": 0, "fake": false}], [112959, {"py/object": "odf.components.Command", "address": 11, "tr": 1, "sub_address": 2, "dword_count": 16, "parity": 0, "fake": false}], [113043, {"py/object": "odf.components.Data", "data": {"py/b64": "//8="}, "fake": true}], [115030, {"py/object": "odf.components.Status", "address": 11, "message_error_bit": "0", "instrumentation_bit": "0", "service_request_bit": "0", "reserved_bits": "000", "brdcst_received_bit": "0", "busy_bit": "0", "subsystem_flag_bit": "0", "dynamic_bus_control_accpt_bit": "0", "terminal_flag_bit": "1", "parity_bit": "1", "fake": false}], [115119, {"py/object": "odf.components.Data", "data": {"py/b64": "QWo="}, "fake": false}], [115217, {"py/object": "odf.components.Data", "data": {"py/b64": "Djs="}, "fake": false}], [115363, {"py/object": "odf.components.Data", "data": {"py/b64": "//8="}, "fake": true}], [115398, {"py/object": "odf.components.Data", "data": {"py/b64": "oPM="}, "fake": false}], [115464, {"py/object": "odf.components.Data", "data": {"py/b64": "D0E="}, "fake": false}], [115609, {"py/object": "odf.components.Data", "data": {"py/b64": "8Us="}, "fake": false}], [115641, {"py/object": "odf.components.Data", "data": {"py/b64": "//8="}, "fake": true}], [115716, {"py/object": "odf.components.Data", "data": {"py/b64": "1kE="}, "fake": false}], [115814, {"py/object": "odf.components.Data", "data": {"py/b64": "4yE="}, "fake": false}], [115924, {"py/object": "odf.components.Data", "data": {"py/b64": "//8="}, "fake": true}], [115983, {"py/object": "odf.components.Data", "data": {"py/b64": "o0A="}, "fake": false}], [116075, {"py/object": "odf.components.Data", "data": {"py/b64": "u5o="}, "fake": false}], [116219, {"py/object": "odf.components.Data", "data": {"py/b64": "//8="}, "fake": true}], [116253, {"py/object": "odf.components.Data", "data": {"py/b64": "JkA="}, "fake": false}], [116336, {"py/object": "odf.components.Data", "data": {"py/b64": "/dw="}, "fake": false}], [116487, {"py/object": "odf.components.Data", "data": {"py/b64": "Ybw="}, "fake": false}], [116522, {"py/object": "odf.components.Data", "data": {"py/b64": "//8="}, "fake": true}], [116603, {"py/object": "odf.components.Data", "data": {"py/b64": "hXA="}, "fake": false}], [116700, {"py/object": "odf.components.Data", "data": {"py/b64": "Gr0="}, "fake": false}], [116787, {"py/object": "odf.components.Data", "data": {"py/b64": "//8="}, "fake": true}], [116862, {"py/object": "odf.components.Data", "data": {"py/b64": "N3E="}, "fake": false}], [116961, {"py/object": "odf.components.Data", "data": {"py/b64": "jUE="}, "fake": false}], [117029, {"py/object": "odf.components.Data", "data": {"py/b64": "//8="}, "fake": true}], [117150, {"py/object": "odf.components.Data", "data": {"py/b64": "//8="}, "fake": true}], [117270, {"py/object": "odf.components.Data", "data": {"py/b64": "//8="}, "fake": true}], [117396, {"py/object": "odf.components.Data", "data": {"py/b64": "//8="}, "fake": true}], [117514, {"py/object": "odf.components.Data", "data": {"py/b64": "//8="}, "fake": true}], [117635, {"py/object": "odf.components.Data", "data": {"py/b64": "//8="}, "fake": true}], [117760, {"py/object": "odf.components.Data", "data": {"py/b64": "//8="}, "fake": true}], [117877, {"py/object": "odf.components.Data", "data": {"py/b64": "//8="}, "fake": true}], [118002, {"py/object": "odf.components.Data", "data": {"py/b64": "//8="}, "fake": true}], [118122, {"py/object": "odf.components.Data", "data": {"py/b64": "//8="}, "fake": true}], [118468, {"py/object": "odf.components.Status", "address": 12, "message_error_bit": "0", "instrumentation_bit": "0", "service_request_bit": "0", "reserved_bits": "000", "brdcst_received_bit": "0", "busy_bit": "0", "subsystem_flag_bit": "0", "dynamic_bus_control_accpt_bit": "0", "terminal_flag_bit": "1", "parity_bit": "1", "fake": false}], [118670, {"py/object": "odf.components.Command", "address": 1, "tr": 0, "sub_address": 2, "dword_count": 4, "parity": 0, "fake": false}], [118736, {"py/object": "odf.components.Data", "data": {"py/b64": "AAA="}, "fake": false}], [118759, {"py/object": "odf.components.Data", "data": {"py/b64": "AAA="}, "fake": false}], [118798, {"py/object": "odf.components.Data", "data": {"py/b64": "AAA="}, "fake": false}], [118856, {"py/object": "odf.components.Data", "data": {"py/b64": "AAA="}, "fake": false}], [118869, {"py/object": "odf.components.Data", "data": {"py/b64": "//8="}, "fake": true}]], "attack_times": [[82306, 84512, 84813, 85099, 85376, 85698, 85981, 86232, 86421, 86528, 86639, 86757, 86873, 86997, 87117, 87245, 87362, 88100, 112962, 115172, 115467, 115741, 116028, 116340, 116620, 116889, 117059, 117177, 117305, 117424, 117542, 117668, 117788, 117910, 118033, 118733]], "attack_types": ["Collision_Attack_against_an_RT"], "attack_outcome": [true]}