{"data": [[371, {"py/object": "odf.components.Command", "address": 31, "tr": 0, "sub_address": 2, "dword_count": 1, "parity": 0, "fake": false}], [487, {"py/object": "odf.components.Data", "data": {"py/b64": "//8="}, "fake": false}], [538, {"py/object": "odf.components.Command", "address": 4, "tr": 0, "sub_address": 2, "dword_count": 18, "parity": 0, "fake": false}], [556, {"py/object": "odf.components.Command", "address": 3, "tr": 1, "sub_address": 2, "dword_count": 18, "parity": 0, "fake": false}], [2615, {"py/object": "odf.components.Status", "address": 3, "message_error_bit": "0", "instrumentation_bit": "0", "service_request_bit": "0", "reserved_bits": "000", "brdcst_received_bit": "0", "busy_bit": "0", "subsystem_flag_bit": "0", "dynamic_bus_control_accpt_bit": "0", "terminal_flag_bit": "1", "parity_bit": "1", "fake": false}], [2686, {"py/object": "odf.components.Data", "data": {"py/b64": "iKs="}, "fake": false}], [2746, {"py/object": "odf.components.Data", "data": {"py/b64": "JUI="}, "fake": false}], [2803, {"py/object": "odf.components.Data", "data": {"py/b64": "yLM="}, "fake": false}], [2871, {"py/object": "odf.components.Data", "data": {"py/b64": "fb0="}, "fake": false}], [2941, {"py/object": "odf.components.Data", "data": {"py/b64": "RYY="}, "fake": false}], [3014, {"py/object": "odf.components.Data", "data": {"py/b64": "7kI="}, "fake": false}], [3090, {"py/object": "odf.components.Data", "data": {"py/b64": "q80="}, "fake": false}], [3159, {"py/object": "odf.components.Data", "data": {"py/b64": "iEM="}, "fake": false}], [3227, {"py/object": "odf.components.Data", "data": {"py/b64": "768="}, "fake": false}], [3297, {"py/object": "odf.components.Data", "data": {"py/b64": "i0A="}, "fake": false}], [3368, {"py/object": "odf.components.Data", "data": {"py/b64": "ALA="}, "fake": false}], [3437, {"py/object": "odf.components.Data", "data": {"py/b64": "i0A="}, "fake": false}], [3511, {"py/object": "odf.components.Data", "data": {"py/b64": "2w8="}, "fake": false}], [3580, {"py/object": "odf.components.Data", "data": {"py/b64": "SUA="}, "fake": false}], [3653, {"py/object": "odf.components.Data", "data": {"py/b64": "pKM="}, "fake": false}], [3725, {"py/object": "odf.components.Data", "data": {"py/b64": "1kM="}, "fake": false}], [3794, {"py/object": "odf.components.Data", "data": {"py/b64": "tww="}, "fake": false}], [3872, {"py/object": "odf.components.Data", "data": {"py/b64": "OkQ="}, "fake": false}], [5964, {"py/object": "odf.components.Status", "address": 4, "message_error_bit": "0", "instrumentation_bit": "0", "service_request_bit": "0", "reserved_bits": "000", "brdcst_received_bit": "0", "busy_bit": "0", "subsystem_flag_bit": "0", "dynamic_bus_control_accpt_bit": "0", "terminal_flag_bit": "1", "parity_bit": "1", "fake": false}], [6037, {"py/object": "odf.components.Command", "address": 6, "tr": 0, "sub_address": 2, "dword_count": 28, "parity": 0, "fake": false}], [6053, {"py/object": "odf.components.Command", "address": 5, "tr": 1, "sub_address": 2, "dword_count": 28, "parity": 0, "fake": false}], [8129, {"py/object": "odf.components.Status", "address": 5, "message_error_bit": "0", "instrumentation_bit": "0", "service_request_bit": "0", "reserved_bits": "000", "brdcst_received_bit": "0", "busy_bit": "0", "subsystem_flag_bit": "0", "dynamic_bus_control_accpt_bit": "0", "terminal_flag_bit": "1", "parity_bit": "1", "fake": false}], [8198, {"py/object": "odf.components.Data", "data": {"py/b64": "wpE="}, "fake": false}], [8270, {"py/object": "odf.components.Data", "data": {"py/b64": "rEI="}, "fake": false}], [8332, {"py/object": "odf.components.Data", "data": {"py/b64": "SSg="}, "fake": false}], [8403, {"py/object": "odf.components.Data", "data": {"py/b64": "EkM="}, "fake": false}], [8475, {"py/object": "odf.components.Data", "data": {"py/b64": "z7A="}, "fake": false}], [8544, {"py/object": "odf.components.Data", "data": {"py/b64": "EcM="}, "fake": false}], [8604, {"py/object": "odf.components.Data", "data": {"py/b64": "ahU="}, "fake": false}], [8669, {"py/object": "odf.components.Data", "data": {"py/b64": "Tzw="}, "fake": false}], [8739, {"py/object": "odf.components.Data", "data": {"py/b64": "3ig="}, "fake": false}], [8812, {"py/object": "odf.components.Data", "data": {"py/b64": "kcE="}, "fake": false}], [8881, {"py/object": "odf.components.Data", "data": {"py/b64": "N+8="}, "fake": false}], [8952, {"py/object": "odf.components.Data", "data": {"py/b64": "UsE="}, "fake": false}], [9025, {"py/object": "odf.components.Data", "data": {"py/b64": "Jeg="}, "fake": false}], [9094, {"py/object": "odf.components.Data", "data": {"py/b64": "bL8="}, "fake": false}], [9168, {"py/object": "odf.components.Data", "data": {"py/b64": "KRk="}, "fake": false}], [9236, {"py/object": "odf.components.Data", "data": {"py/b64": "BMA="}, "fake": false}], [9310, {"py/object": "odf.components.Data", "data": {"py/b64": "0GE="}, "fake": false}], [9366, {"py/object": "odf.components.Data", "data": {"py/b64": "Bbw="}, "fake": false}], [9436, {"py/object": "odf.components.Data", "data": {"py/b64": "I64="}, "fake": false}], [9505, {"py/object": "odf.components.Data", "data": {"py/b64": "bkA="}, "fake": false}], [9578, {"py/object": "odf.components.Data", "data": {"py/b64": "rHU="}, "fake": false}], [9647, {"py/object": "odf.components.Data", "data": {"py/b64": "F0M="}, "fake": false}], [9718, {"py/object": "odf.components.Data", "data": {"py/b64": "dbY="}, "fake": false}], [9787, {"py/object": "odf.components.Data", "data": {"py/b64": "Db4="}, "fake": false}], [9859, {"py/object": "odf.components.Data", "data": {"py/b64": "TfE="}, "fake": false}], [9930, {"py/object": "odf.components.Data", "data": {"py/b64": "FsA="}, "fake": false}], [10002, {"py/object": "odf.components.Data", "data": {"py/b64": "cHg="}, "fake": false}], [10076, {"py/object": "odf.components.Data", "data": {"py/b64": "UEE="}, "fake": false}], [12166, {"py/object": "odf.components.Status", "address": 6, "message_error_bit": "0", "instrumentation_bit": "0", "service_request_bit": "0", "reserved_bits": "000", "brdcst_received_bit": "0", "busy_bit": "0", "subsystem_flag_bit": "0", "dynamic_bus_control_accpt_bit": "0", "terminal_flag_bit": "1", "parity_bit": "1", "fake": false}], [12248, {"py/object": "odf.components.Command", "address": 8, "tr": 0, "sub_address": 2, "dword_count": 8, "parity": 0, "fake": false}], [12267, {"py/object": "odf.components.Command", "address": 7, "tr": 1, "sub_address": 2, "dword_count": 8, "parity": 0, "fake": false}], [14341, {"py/object": "odf.components.Status", "address": 7, "message_error_bit": "0", "instrumentation_bit": "0", "service_request_bit": "0", "reserved_bits": "000", "brdcst_received_bit": "0", "busy_bit": "0", "subsystem_flag_bit": "0", "dynamic_bus_control_accpt_bit": "0", "terminal_flag_bit": "1", "parity_bit": "1", "fake": false}], [14414, {"py/object": "odf.components.Data", "data": {"py/b64": "xJ4="}, "fake": false}], [14484, {"py/object": "odf.components.Data", "data": {"py/b64": "YL0="}, "fake": false}], [14554, {"py/object": "odf.components.Data", "data": {"py/b64": "xsM="}, "fake": false}], [14616, {"py/object": "odf.components.Data", "data": {"py/b64": "FTo="}, "fake": false}], [14680, {"py/object": "odf.components.Data", "data": {"py/b64": "lOM="}, "fake": false}], [14735, {"py/object": "odf.components.Data", "data": {"py/b64": "Jz0="}, "fake": false}], [14809, {"py/object": "odf.components.Data", "data": {"py/b64": "z3E="}, "fake": false}], [14870, {"py/object": "odf.components.Data", "data": {"py/b64": "lDk="}, "fake": false}], [16968, {"py/object": "odf.components.Status", "address": 8, "message_error_bit": "0", "instrumentation_bit": "0", "service_request_bit": "0", "reserved_bits": "000", "brdcst_received_bit": "0", "busy_bit": "0", "subsystem_flag_bit": "0", "dynamic_bus_control_accpt_bit": "0", "terminal_flag_bit": "1", "parity_bit": "1", "fake": false}], [17063, {"py/object": "odf.components.Command", "address": 10, "tr": 0, "sub_address": 2, "dword_count": 12, "parity": 0, "fake": false}], [17084, {"py/object": "odf.components.Command", "address": 9, "tr": 1, "sub_address": 2, "dword_count": 12, "parity": 0, "fake": false}], [19159, {"py/object": "odf.components.Status", "address": 9, "message_error_bit": "0", "instrumentation_bit": "0", "service_request_bit": "0", "reserved_bits": "000", "brdcst_received_bit": "0", "busy_bit": "0", "subsystem_flag_bit": "0", "dynamic_bus_control_accpt_bit": "0", "terminal_flag_bit": "1", "parity_bit": "1", "fake": false}], [19229, {"py/object": "odf.components.Data", "data": {"py/b64": "L8E="}, "fake": false}], [19285, {"py/object": "odf.components.Data", "data": {"py/b64": "B0I="}, "fake": false}], [19353, {"py/object": "odf.components.Data", "data": {"py/b64": "ocg="}, "fake": false}], [19426, {"py/object": "odf.components.Data", "data": {"py/b64": "7MI="}, "fake": false}], [19495, {"py/object": "odf.components.Data", "data": {"py/b64": "vNY="}, "fake": false}], [19567, {"py/object": "odf.components.Data", "data": {"py/b64": "MUI="}, "fake": false}], [19638, {"py/object": "odf.components.Data", "data": {"py/b64": "K8E="}, "fake": false}], [19709, {"py/object": "odf.components.Data", "data": {"py/b64": "B0I="}, "fake": false}], [19783, {"py/object": "odf.components.Data", "data": {"py/b64": "tMg="}, "fake": false}], [19854, {"py/object": "odf.components.Data", "data": {"py/b64": "7MI="}, "fake": false}], [19926, {"py/object": "odf.components.Data", "data": {"py/b64": "ivU="}, "fake": false}], [20000, {"py/object": "odf.components.Data", "data": {"py/b64": "FEM="}, "fake": false}], [22133, {"py/object": "odf.components.Status", "address": 10, "message_error_bit": "0", "instrumentation_bit": "0", "service_request_bit": "0", "reserved_bits": "000", "brdcst_received_bit": "0", "busy_bit": "0", "subsystem_flag_bit": "0", "dynamic_bus_control_accpt_bit": "0", "terminal_flag_bit": "1", "parity_bit": "1", "fake": false}], [22194, {"py/object": "odf.components.Command", "address": 12, "tr": 0, "sub_address": 2, "dword_count": 16, "parity": 0, "fake": false}], [22212, {"py/object": "odf.components.Command", "address": 11, "tr": 1, "sub_address": 2, "dword_count": 16, "parity": 0, "fake": false}], [24285, {"py/object": "odf.components.Status", "address": 11, "message_error_bit": "0", "instrumentation_bit": "0", "service_request_bit": "0", "reserved_bits": "000", "brdcst_received_bit": "0", "busy_bit": "0", "subsystem_flag_bit": "0", "dynamic_bus_control_accpt_bit": "0", "terminal_flag_bit": "1", "parity_bit": "1", "fake": false}], [24355, {"py/object": "odf.components.Data", "data": {"py/b64": "d2Y="}, "fake": false}], [24424, {"py/object": "odf.components.Data", "data": {"py/b64": "Gjs="}, "fake": false}], [24498, {"py/object": "odf.components.Data", "data": {"py/b64": "AIo="}, "fake": false}], [24568, {"py/object": "odf.components.Data", "data": {"py/b64": "ZUE="}, "fake": false}], [24640, {"py/object": "odf.components.Data", "data": {"py/b64": "roc="}, "fake": false}], [24710, {"py/object": "odf.components.Data", "data": {"py/b64": "7EE="}, "fake": false}], [24781, {"py/object": "odf.components.Data", "data": {"py/b64": "sAg="}, "fake": false}], [24853, {"py/object": "odf.components.Data", "data": {"py/b64": "YEA="}, "fake": false}], [24924, {"py/object": "odf.components.Data", "data": {"py/b64": "Ac0="}, "fake": false}], [24995, {"py/object": "odf.components.Data", "data": {"py/b64": "5T8="}, "fake": false}], [25064, {"py/object": "odf.components.Data", "data": {"py/b64": "868="}, "fake": false}], [25135, {"py/object": "odf.components.Data", "data": {"py/b64": "Aj4="}, "fake": false}], [25206, {"py/object": "odf.components.Data", "data": {"py/b64": "TQU="}, "fake": false}], [25259, {"py/object": "odf.components.Data", "data": {"py/b64": "9z4="}, "fake": false}], [25326, {"py/object": "odf.components.Data", "data": {"py/b64": "LU0="}, "fake": false}], [25390, {"py/object": "odf.components.Data", "data": {"py/b64": "nEE="}, "fake": false}], [27504, {"py/object": "odf.components.Status", "address": 12, "message_error_bit": "0", "instrumentation_bit": "0", "service_request_bit": "0", "reserved_bits": "000", "brdcst_received_bit": "0", "busy_bit": "0", "subsystem_flag_bit": "0", "dynamic_bus_control_accpt_bit": "0", "terminal_flag_bit": "1", "parity_bit": "1", "fake": false}], [27690, {"py/object": "odf.components.Command", "address": 1, "tr": 0, "sub_address": 2, "dword_count": 4, "parity": 0, "fake": false}], [27752, {"py/object": "odf.components.Data", "data": {"py/b64": "AAA="}, "fake": false}], [27765, {"py/object": "odf.components.Data", "data": {"py/b64": "AAA="}, "fake": false}], [27775, {"py/object": "odf.components.Data", "data": {"py/b64": "AAA="}, "fake": false}], [27787, {"py/object": "odf.components.Data", "data": {"py/b64": "AAA="}, "fake": false}], [29844, {"py/object": "odf.components.Status", "address": 1, "message_error_bit": "0", "instrumentation_bit": "0", "service_request_bit": "0", "reserved_bits": "000", "brdcst_received_bit": "0", "busy_bit": "0", "subsystem_flag_bit": "0", "dynamic_bus_control_accpt_bit": "0", "terminal_flag_bit": "1", "parity_bit": "1", "fake": false}], [29999, {"py/object": "odf.components.Command", "address": 31, "tr": 0, "sub_address": 2, "dword_count": 1, "parity": 0, "fake": false}], [30097, {"py/object": "odf.components.Data", "data": {"py/b64": "//8="}, "fake": false}], [30111, {"py/object": "odf.components.Command", "address": 4, "tr": 0, "sub_address": 2, "dword_count": 18, "parity": 0, "fake": false}], [30122, {"py/object": "odf.components.Command", "address": 3, "tr": 1, "sub_address": 2, "dword_count": 18, "parity": 0, "fake": false}], [32170, {"py/object": "odf.components.Status", "address": 3, "message_error_bit": "0", "instrumentation_bit": "0", "service_request_bit": "0", "reserved_bits": "000", "brdcst_received_bit": "0", "busy_bit": "0", "subsystem_flag_bit": "0", "dynamic_bus_control_accpt_bit": "0", "terminal_flag_bit": "1", "parity_bit": "1", "fake": false}], [32236, {"py/object": "odf.components.Data", "data": {"py/b64": "Z7o="}, "fake": false}], [32308, {"py/object": "odf.components.Data", "data": {"py/b64": "a0M="}, "fake": false}], [32380, {"py/object": "odf.components.Data", "data": {"py/b64": "VEk="}, "fake": false}], [32450, {"py/object": "odf.components.Data", "data": {"py/b64": "lUQ="}, "fake": false}], [32524, {"py/object": "odf.components.Data", "data": {"py/b64": "6so="}, "fake": false}], [32595, {"py/object": "odf.components.Data", "data": {"py/b64": "3EM="}, "fake": false}], [32665, {"py/object": "odf.components.Data", "data": {"py/b64": "t6g="}, "fake": false}], [32736, {"py/object": "odf.components.Data", "data": {"py/b64": "hEM="}, "fake": false}], [32809, {"py/object": "odf.components.Data", "data": {"py/b64": "bs0="}, "fake": false}], [32879, {"py/object": "odf.components.Data", "data": {"py/b64": "i0A="}, "fake": false}], [32950, {"py/object": "odf.components.Data", "data": {"py/b64": "Bs8="}, "fake": false}], [33021, {"py/object": "odf.components.Data", "data": {"py/b64": "i0A="}, "fake": false}], [33094, {"py/object": "odf.components.Data", "data": {"py/b64": "9OA="}, "fake": false}], [33166, {"py/object": "odf.components.Data", "data": {"py/b64": "QkA="}, "fake": false}], [33236, {"py/object": "odf.components.Data", "data": {"py/b64": "Osk="}, "fake": false}], [33307, {"py/object": "odf.components.Data", "data": {"py/b64": "1UM="}, "fake": false}], [33379, {"py/object": "odf.components.Data", "data": {"py/b64": "tww="}, "fake": false}], [33457, {"py/object": "odf.components.Data", "data": {"py/b64": "OkQ="}, "fake": false}], [35538, {"py/object": "odf.components.Status", "address": 4, "message_error_bit": "0", "instrumentation_bit": "0", "service_request_bit": "0", "reserved_bits": "000", "brdcst_received_bit": "0", "busy_bit": "0", "subsystem_flag_bit": "0", "dynamic_bus_control_accpt_bit": "0", "terminal_flag_bit": "1", "parity_bit": "1", "fake": false}], [35605, {"py/object": "odf.components.Command", "address": 6, "tr": 0, "sub_address": 2, "dword_count": 28, "parity": 0, "fake": false}], [35612, {"py/object": "odf.components.Command", "address": 5, "tr": 1, "sub_address": 2, "dword_count": 28, "parity": 0, "fake": false}], [37682, {"py/object": "odf.components.Status", "address": 5, "message_error_bit": "0", "instrumentation_bit": "0", "service_request_bit": "0", "reserved_bits": "000", "brdcst_received_bit": "0", "busy_bit": "0", "subsystem_flag_bit": "0", "dynamic_bus_control_accpt_bit": "0", "terminal_flag_bit": "1", "parity_bit": "1", "fake": false}], [37751, {"py/object": "odf.components.Data", "data": {"py/b64": "AdU="}, "fake": false}], [37823, {"py/object": "odf.components.Data", "data": {"py/b64": "dUM="}, "fake": false}], [37896, {"py/object": "odf.components.Data", "data": {"py/b64": "L6s="}, "fake": false}], [37970, {"py/object": "odf.components.Data", "data": {"py/b64": "z0M="}, "fake": false}], [38041, {"py/object": "odf.components.Data", "data": {"py/b64": "ieI="}, "fake": false}], [38112, {"py/object": "odf.components.Data", "data": {"py/b64": "zcM="}, "fake": false}], [38185, {"py/object": "odf.components.Data", "data": {"py/b64": "yLU="}, "fake": false}], [38255, {"py/object": "odf.components.Data", "data": {"py/b64": "ikE="}, "fake": false}], [38329, {"py/object": "odf.components.Data", "data": {"py/b64": "rBY="}, "fake": false}], [38402, {"py/object": "odf.components.Data", "data": {"py/b64": "T8I="}, "fake": false}], [38462, {"py/object": "odf.components.Data", "data": {"py/b64": "bsM="}, "fake": false}], [38523, {"py/object": "odf.components.Data", "data": {"py/b64": "vb8="}, "fake": false}], [38593, {"py/object": "odf.components.Data", "data": {"py/b64": "bEk="}, "fake": false}], [38660, {"py/object": "odf.components.Data", "data": {"py/b64": "hr4="}, "fake": false}], [38732, {"py/object": "odf.components.Data", "data": {"py/b64": "vk8="}, "fake": false}], [38806, {"py/object": "odf.components.Data", "data": {"py/b64": "yD8="}, "fake": false}], [38874, {"py/object": "odf.components.Data", "data": {"py/b64": "9jM="}, "fake": false}], [38946, {"py/object": "odf.components.Data", "data": {"py/b64": "078="}, "fake": false}], [39018, {"py/object": "odf.components.Data", "data": {"py/b64": "B8k="}, "fake": false}], [39089, {"py/object": "odf.components.Data", "data": {"py/b64": "LcE="}, "fake": false}], [39161, {"py/object": "odf.components.Data", "data": {"py/b64": "19k="}, "fake": false}], [39231, {"py/object": "odf.components.Data", "data": {"py/b64": "z0M="}, "fake": false}], [39299, {"py/object": "odf.components.Data", "data": {"py/b64": "slA="}, "fake": false}], [39371, {"py/object": "odf.components.Data", "data": {"py/b64": "Vr8="}, "fake": false}], [39442, {"py/object": "odf.components.Data", "data": {"py/b64": "9Po="}, "fake": false}], [39514, {"py/object": "odf.components.Data", "data": {"py/b64": "nL4="}, "fake": false}], [39587, {"py/object": "odf.components.Data", "data": {"py/b64": "VeY="}, "fake": false}], [39667, {"py/object": "odf.components.Data", "data": {"py/b64": "gD8="}, "fake": false}], [41760, {"py/object": "odf.components.Status", "address": 6, "message_error_bit": "0", "instrumentation_bit": "0", "service_request_bit": "0", "reserved_bits": "000", "brdcst_received_bit": "0", "busy_bit": "0", "subsystem_flag_bit": "0", "dynamic_bus_control_accpt_bit": "0", "terminal_flag_bit": "1", "parity_bit": "1", "fake": false}], [41842, {"py/object": "odf.components.Command", "address": 8, "tr": 0, "sub_address": 2, "dword_count": 8, "parity": 0, "fake": false}], [41855, {"py/object": "odf.components.Command", "address": 7, "tr": 1, "sub_address": 2, "dword_count": 8, "parity": 0, "fake": false}], [43918, {"py/object": "odf.components.Status", "address": 7, "message_error_bit": "0", "instrumentation_bit": "0", "service_request_bit": "0", "reserved_bits": "000", "brdcst_received_bit": "0", "busy_bit": "0", "subsystem_flag_bit": "0", "dynamic_bus_control_accpt_bit": "0", "terminal_flag_bit": "1", "parity_bit": "1", "fake": false}], [43990, {"py/object": "odf.components.Data", "data": {"py/b64": "fiU="}, "fake": false}], [44064, {"py/object": "odf.components.Data", "data": {"py/b64": "h70="}, "fake": false}], [44134, {"py/object": "odf.components.Data", "data": {"py/b64": "x4U="}, "fake": false}], [44207, {"py/object": "odf.components.Data", "data": {"py/b64": "jbs="}, "fake": false}], [44281, {"py/object": "odf.components.Data", "data": {"py/b64": "DeA="}, "fake": false}], [44351, {"py/object": "odf.components.Data", "data": {"py/b64": "0Tw="}, "fake": false}], [44424, {"py/object": "odf.components.Data", "data": {"py/b64": "ZDQ="}, "fake": false}], [44501, {"py/object": "odf.components.Data", "data": {"py/b64": "Vbo="}, "fake": false}], [46595, {"py/object": "odf.components.Status", "address": 8, "message_error_bit": "0", "instrumentation_bit": "0", "service_request_bit": "0", "reserved_bits": "000", "brdcst_received_bit": "0", "busy_bit": "0", "subsystem_flag_bit": "0", "dynamic_bus_control_accpt_bit": "0", "terminal_flag_bit": "1", "parity_bit": "1", "fake": false}], [46662, {"py/object": "odf.components.Command", "address": 10, "tr": 0, "sub_address": 2, "dword_count": 12, "parity": 0, "fake": false}], [46676, {"py/object": "odf.components.Command", "address": 9, "tr": 1, "sub_address": 2, "dword_count": 12, "parity": 0, "fake": false}], [48740, {"py/object": "odf.components.Status", "address": 9, "message_error_bit": "0", "instrumentation_bit": "0", "service_request_bit": "0", "reserved_bits": "000", "brdcst_received_bit": "0", "busy_bit": "0", "subsystem_flag_bit": "0", "dynamic_bus_control_accpt_bit": "0", "terminal_flag_bit": "1", "parity_bit": "1", "fake": false}], [48813, {"py/object": "odf.components.Data", "data": {"py/b64": "T70="}, "fake": false}], [48887, {"py/object": "odf.components.Data", "data": {"py/b64": "B0I="}, "fake": false}], [48959, {"py/object": "odf.components.Data", "data": {"py/b64": "Sds="}, "fake": false}], [49031, {"py/object": "odf.components.Data", "data": {"py/b64": "7MI="}, "fake": false}], [49107, {"py/object": "odf.components.Data", "data": {"py/b64": "m+o="}, "fake": false}], [49175, {"py/object": "odf.components.Data", "data": {"py/b64": "aEM="}, "fake": false}], [49249, {"py/object": "odf.components.Data", "data": {"py/b64": "Sr0="}, "fake": false}], [49318, {"py/object": "odf.components.Data", "data": {"py/b64": "B0I="}, "fake": false}], [49380, {"py/object": "odf.components.Data", "data": {"py/b64": "Yts="}, "fake": false}], [49451, {"py/object": "odf.components.Data", "data": {"py/b64": "7MI="}, "fake": false}], [49523, {"py/object": "odf.components.Data", "data": {"py/b64": "Ugk="}, "fake": false}], [49600, {"py/object": "odf.components.Data", "data": {"py/b64": "QEQ="}, "fake": false}], [51697, {"py/object": "odf.components.Status", "address": 10, "message_error_bit": "0", "instrumentation_bit": "0", "service_request_bit": "0", "reserved_bits": "000", "brdcst_received_bit": "0", "busy_bit": "0", "subsystem_flag_bit": "0", "dynamic_bus_control_accpt_bit": "0", "terminal_flag_bit": "1", "parity_bit": "1", "fake": false}], [51761, {"py/object": "odf.components.Command", "address": 12, "tr": 0, "sub_address": 2, "dword_count": 16, "parity": 0, "fake": false}], [51769, {"py/object": "odf.components.Command", "address": 11, "tr": 1, "sub_address": 2, "dword_count": 16, "parity": 0, "fake": false}], [53840, {"py/object": "odf.components.Status", "address": 11, "message_error_bit": "0", "instrumentation_bit": "0", "service_request_bit": "0", "reserved_bits": "000", "brdcst_received_bit": "0", "busy_bit": "0", "subsystem_flag_bit": "0", "dynamic_bus_control_accpt_bit": "0", "terminal_flag_bit": "1", "parity_bit": "1", "fake": false}], [53912, {"py/object": "odf.components.Data", "data": {"py/b64": "i5E="}, "fake": false}], [53987, {"py/object": "odf.components.Data", "data": {"py/b64": "Fzs="}, "fake": false}], [54061, {"py/object": "odf.components.Data", "data": {"py/b64": "AIU="}, "fake": false}], [54132, {"py/object": "odf.components.Data", "data": {"py/b64": "UkE="}, "fake": false}], [54207, {"py/object": "odf.components.Data", "data": {"py/b64": "UW8="}, "fake": false}], [54278, {"py/object": "odf.components.Data", "data": {"py/b64": "50E="}, "fake": false}], [54352, {"py/object": "odf.components.Data", "data": {"py/b64": "7gw="}, "fake": false}], [54423, {"py/object": "odf.components.Data", "data": {"py/b64": "t0A="}, "fake": false}], [54496, {"py/object": "odf.components.Data", "data": {"py/b64": "kE0="}, "fake": false}], [54572, {"py/object": "odf.components.Data", "data": {"py/b64": "PEA="}, "fake": false}], [54645, {"py/object": "odf.components.Data", "data": {"py/b64": "ksE="}, "fake": false}], [54715, {"py/object": "odf.components.Data", "data": {"py/b64": "6T0="}, "fake": false}], [54789, {"py/object": "odf.components.Data", "data": {"py/b64": "XXo="}, "fake": false}], [54863, {"py/object": "odf.components.Data", "data": {"py/b64": "ZD4="}, "fake": false}], [54932, {"py/object": "odf.components.Data", "data": {"py/b64": "Ykg="}, "fake": false}], [55008, {"py/object": "odf.components.Data", "data": {"py/b64": "q0E="}, "fake": false}], [57146, {"py/object": "odf.components.Status", "address": 12, "message_error_bit": "0", "instrumentation_bit": "0", "service_request_bit": "0", "reserved_bits": "000", "brdcst_received_bit": "0", "busy_bit": "0", "subsystem_flag_bit": "0", "dynamic_bus_control_accpt_bit": "0", "terminal_flag_bit": "1", "parity_bit": "1", "fake": false}], [57323, {"py/object": "odf.components.Command", "address": 1, "tr": 0, "sub_address": 2, "dword_count": 4, "parity": 0, "fake": false}], [57368, {"py/object": "odf.components.Data", "data": {"py/b64": "AAA="}, "fake": false}], [57377, {"py/object": "odf.components.Data", "data": {"py/b64": "AAA="}, "fake": false}], [57386, {"py/object": "odf.components.Data", "data": {"py/b64": "AAA="}, "fake": false}], [57397, {"py/object": "odf.components.Data", "data": {"py/b64": "AAA="}, "fake": false}], [59459, {"py/object": "odf.components.Status", "address": 1, "message_error_bit": "0", "instrumentation_bit": "0", "service_request_bit": "0", "reserved_bits": "000", "brdcst_received_bit": "0", "busy_bit": "0", "subsystem_flag_bit": "0", "dynamic_bus_control_accpt_bit": "0", "terminal_flag_bit": "1", "parity_bit": "1", "fake": false}], [59618, {"py/object": "odf.components.Command", "address": 31, "tr": 0, "sub_address": 2, "dword_count": 1, "parity": 0, "fake": false}], [59717, {"py/object": "odf.components.Data", "data": {"py/b64": "//8="}, "fake": false}], [59733, {"py/object": "odf.components.Command", "address": 4, "tr": 0, "sub_address": 2, "dword_count": 18, "parity": 0, "fake": false}], [59745, {"py/object": "odf.components.Command", "address": 3, "tr": 1, "sub_address": 2, "dword_count": 18, "parity": 0, "fake": false}], [61808, {"py/object": "odf.components.Status", "address": 3, "message_error_bit": "0", "instrumentation_bit": "0", "service_request_bit": "0", "reserved_bits": "000", "brdcst_received_bit": "0", "busy_bit": "0", "subsystem_flag_bit": "0", "dynamic_bus_control_accpt_bit": "0", "terminal_flag_bit": "1", "parity_bit": "1", "fake": false}], [61892, {"py/object": "odf.components.Data", "data": {"py/b64": "kuU="}, "fake": false}], [61976, {"py/object": "odf.components.Data", "data": {"py/b64": "eUM="}, "fake": false}], [62056, {"py/object": "odf.components.Data", "data": {"py/b64": "r2I="}, "fake": false}], [62141, {"py/object": "odf.components.Data", "data": {"py/b64": "AEU="}, "fake": false}], [62223, {"py/object": "odf.components.Data", "data": {"py/b64": "rWM="}, "fake": false}], [62306, {"py/object": "odf.components.Data", "data": {"py/b64": "kEQ="}, "fake": false}], [62386, {"py/object": "odf.components.Data", "data": {"py/b64": "DzY="}, "fake": false}], [62475, {"py/object": "odf.components.Data", "data": {"py/b64": "WkM="}, "fake": false}], [62566, {"py/object": "odf.components.Data", "data": {"py/b64": "D1o="}, "fake": false}], [62638, {"py/object": "odf.components.Data", "data": {"py/b64": "gUA="}, "fake": false}], [62722, {"py/object": "odf.components.Data", "data": {"py/b64": "nk0="}, "fake": false}], [62805, {"py/object": "odf.components.Data", "data": {"py/b64": "gUA="}, "fake": false}], [62892, {"py/object": "odf.components.Data", "data": {"py/b64": "rfk="}, "fake": false}], [62974, {"py/object": "odf.components.Data", "data": {"py/b64": "QkA="}, "fake": false}], [63058, {"py/object": "odf.components.Data", "data": {"py/b64": "Kk4="}, "fake": false}], [63140, {"py/object": "odf.components.Data", "data": {"py/b64": "1UM="}, "fake": false}], [63222, {"py/object": "odf.components.Data", "data": {"py/b64": "tww="}, "fake": false}], [63308, {"py/object": "odf.components.Data", "data": {"py/b64": "OkQ="}, "fake": false}], [65387, {"py/object": "odf.components.Status", "address": 4, "message_error_bit": "0", "instrumentation_bit": "0", "service_request_bit": "0", "reserved_bits": "000", "brdcst_received_bit": "0", "busy_bit": "0", "subsystem_flag_bit": "0", "dynamic_bus_control_accpt_bit": "0", "terminal_flag_bit": "1", "parity_bit": "1", "fake": false}], [65494, {"py/object": "odf.components.Command", "address": 6, "tr": 0, "sub_address": 2, "dword_count": 28, "parity": 0, "fake": false}], [65517, {"py/object": "odf.components.Command", "address": 5, "tr": 1, "sub_address": 2, "dword_count": 28, "parity": 0, "fake": false}], [67583, {"py/object": "odf.components.Status", "address": 5, "message_error_bit": "0", "instrumentation_bit": "0", "service_request_bit": "0", "reserved_bits": "000", "brdcst_received_bit": "0", "busy_bit": "0", "subsystem_flag_bit": "0", "dynamic_bus_control_accpt_bit": "0", "terminal_flag_bit": "1", "parity_bit": "1", "fake": false}], [67660, {"py/object": "odf.components.Data", "data": {"py/b64": "Ey4="}, "fake": false}], [67743, {"py/object": "odf.components.Data", "data": {"py/b64": "dkM="}, "fake": false}], [67825, {"py/object": "odf.components.Data", "data": {"py/b64": "sXc="}, "fake": false}], [67907, {"py/object": "odf.components.Data", "data": {"py/b64": "0EM="}, "fake": false}], [67989, {"py/object": "odf.components.Data", "data": {"py/b64": "xLw="}, "fake": false}], [68072, {"py/object": "odf.components.Data", "data": {"py/b64": "ocM="}, "fake": false}], [68158, {"py/object": "odf.components.Data", "data": {"py/b64": "s28="}, "fake": false}], [68239, {"py/object": "odf.components.Data", "data": {"py/b64": "CUI="}, "fake": false}], [68318, {"py/object": "odf.components.Data", "data": {"py/b64": "LeI="}, "fake": false}], [68404, {"py/object": "odf.components.Data", "data": {"py/b64": "gsM="}, "fake": false}], [68487, {"py/object": "odf.components.Data", "data": {"py/b64": "Idw="}, "fake": false}], [68558, {"py/object": "odf.components.Data", "data": {"py/b64": "EEE="}, "fake": false}], [68640, {"py/object": "odf.components.Data", "data": {"py/b64": "DDE="}, "fake": false}], [68699, {"py/object": "odf.components.Data", "data": {"py/b64": "tb8="}, "fake": false}], [68782, {"py/object": "odf.components.Data", "data": {"py/b64": "TDM="}, "fake": false}], [68868, {"py/object": "odf.components.Data", "data": {"py/b64": "P8E="}, "fake": false}], [68947, {"py/object": "odf.components.Data", "data": {"py/b64": "BHI="}, "fake": false}], [69028, {"py/object": "odf.components.Data", "data": {"py/b64": "o8A="}, "fake": false}], [69113, {"py/object": "odf.components.Data", "data": {"py/b64": "7ec="}, "fake": false}], [69194, {"py/object": "odf.components.Data", "data": {"py/b64": "CcE="}, "fake": false}], [69260, {"py/object": "odf.components.Data", "data": {"py/b64": "4XY="}, "fake": false}], [69342, {"py/object": "odf.components.Data", "data": {"py/b64": "0EM="}, "fake": false}], [69422, {"py/object": "odf.components.Data", "data": {"py/b64": "FBA="}, "fake": false}], [69507, {"py/object": "odf.components.Data", "data": {"py/b64": "YcE="}, "fake": false}], [69587, {"py/object": "odf.components.Data", "data": {"py/b64": "AfI="}, "fake": false}], [69672, {"py/object": "odf.components.Data", "data": {"py/b64": "uEA="}, "fake": false}], [69755, {"py/object": "odf.components.Data", "data": {"py/b64": "v9Y="}, "fake": false}], [69846, {"py/object": "odf.components.Data", "data": {"py/b64": "oz4="}, "fake": false}], [71928, {"py/object": "odf.components.Status", "address": 6, "message_error_bit": "0", "instrumentation_bit": "0", "service_request_bit": "0", "reserved_bits": "000", "brdcst_received_bit": "0", "busy_bit": "0", "subsystem_flag_bit": "0", "dynamic_bus_control_accpt_bit": "0", "terminal_flag_bit": "1", "parity_bit": "1", "fake": false}], [72025, {"py/object": "odf.components.Command", "address": 8, "tr": 0, "sub_address": 2, "dword_count": 8, "parity": 0, "fake": false}], [72037, {"py/object": "odf.components.Command", "address": 7, "tr": 1, "sub_address": 2, "dword_count": 8, "parity": 0, "fake": false}], [74112, {"py/object": "odf.components.Status", "address": 7, "message_error_bit": "0", "instrumentation_bit": "0", "service_request_bit": "0", "reserved_bits": "000", "brdcst_received_bit": "0", "busy_bit": "0", "subsystem_flag_bit": "0", "dynamic_bus_control_accpt_bit": "0", "terminal_flag_bit": "1", "parity_bit": "1", "fake": false}], [74193, {"py/object": "odf.components.Data", "data": {"py/b64": "BwQ="}, "fake": false}], [74278, {"py/object": "odf.components.Data", "data": {"py/b64": "2L0="}, "fake": false}], [74362, {"py/object": "odf.components.Data", "data": {"py/b64": "/3Q="}, "fake": false}], [74450, {"py/object": "odf.components.Data", "data": {"py/b64": "5z4="}, "fake": false}], [74528, {"py/object": "odf.components.Data", "data": {"py/b64": "khE="}, "fake": false}], [74616, {"py/object": "odf.components.Data", "data": {"py/b64": "5zw="}, "fake": false}], [74705, {"py/object": "odf.components.Data", "data": {"py/b64": "CvU="}, "fake": false}], [74792, {"py/object": "odf.components.Data", "data": {"py/b64": "1bk="}, "fake": false}], [76925, {"py/object": "odf.components.Status", "address": 8, "message_error_bit": "0", "instrumentation_bit": "0", "service_request_bit": "0", "reserved_bits": "000", "brdcst_received_bit": "0", "busy_bit": "0", "subsystem_flag_bit": "0", "dynamic_bus_control_accpt_bit": "0", "terminal_flag_bit": "1", "parity_bit": "1", "fake": false}], [76965, {"py/object": "odf.components.Command", "address": 10, "tr": 0, "sub_address": 2, "dword_count": 12, "parity": 0, "fake": false}], [76978, {"py/object": "odf.components.Command", "address": 9, "tr": 1, "sub_address": 2, "dword_count": 12, "parity": 0, "fake": false}], [79034, {"py/object": "odf.components.Status", "address": 9, "message_error_bit": "0", "instrumentation_bit": "0", "service_request_bit": "0", "reserved_bits": "000", "brdcst_received_bit": "0", "busy_bit": "0", "subsystem_flag_bit": "0", "dynamic_bus_control_accpt_bit": "0", "terminal_flag_bit": "1", "parity_bit": "1", "fake": false}], [79113, {"py/object": "odf.components.Data", "data": {"py/b64": "66w="}, "fake": false}], [79198, {"py/object": "odf.components.Data", "data": {"py/b64": "B0I="}, "fake": false}], [79276, {"py/object": "odf.components.Data", "data": {"py/b64": "k+s="}, "fake": false}], [79361, {"py/object": "odf.components.Data", "data": {"py/b64": "7MI="}, "fake": false}], [79448, {"py/object": "odf.components.Data", "data": {"py/b64": "Guk="}, "fake": false}], [79530, {"py/object": "odf.components.Data", "data": {"py/b64": "A0Q="}, "fake": false}], [79612, {"py/object": "odf.components.Data", "data": {"py/b64": "yKw="}, "fake": false}], [79697, {"py/object": "odf.components.Data", "data": {"py/b64": "B0I="}, "fake": false}], [79781, {"py/object": "odf.components.Data", "data": {"py/b64": "nOs="}, "fake": false}], [79867, {"py/object": "odf.components.Data", "data": {"py/b64": "7MI="}, "fake": false}], [79952, {"py/object": "odf.components.Data", "data": {"py/b64": "Ico="}, "fake": false}], [80040, {"py/object": "odf.components.Data", "data": {"py/b64": "2EQ="}, "fake": false}], [82150, {"py/object": "odf.components.Status", "address": 10, "message_error_bit": "0", "instrumentation_bit": "0", "service_request_bit": "0", "reserved_bits": "000", "brdcst_received_bit": "0", "busy_bit": "0", "subsystem_flag_bit": "0", "dynamic_bus_control_accpt_bit": "0", "terminal_flag_bit": "1", "parity_bit": "1", "fake": false}], [82227, {"py/object": "odf.components.Command", "address": 12, "tr": 0, "sub_address": 2, "dword_count": 16, "parity": 0, "fake": false}], [82237, {"py/object": "odf.components.Command", "address": 11, "tr": 1, "sub_address": 2, "dword_count": 16, "parity": 0, "fake": false}], [84317, {"py/object": "odf.components.Status", "address": 11, "message_error_bit": "0", "instrumentation_bit": "0", "service_request_bit": "0", "reserved_bits": "000", "brdcst_received_bit": "0", "busy_bit": "0", "subsystem_flag_bit": "0", "dynamic_bus_control_accpt_bit": "0", "terminal_flag_bit": "1", "parity_bit": "1", "fake": false}], [84400, {"py/object": "odf.components.Data", "data": {"py/b64": "jh4="}, "fake": false}], [84480, {"py/object": "odf.components.Data", "data": {"py/b64": "Ezs="}, "fake": false}], [84567, {"py/object": "odf.components.Data", "data": {"py/b64": "oIY="}, "fake": false}], [84652, {"py/object": "odf.components.Data", "data": {"py/b64": "MkE="}, "fake": false}], [84737, {"py/object": "odf.components.Data", "data": {"py/b64": "jBA="}, "fake": false}], [84823, {"py/object": "odf.components.Data", "data": {"py/b64": "30E="}, "fake": false}], [84905, {"py/object": "odf.components.Data", "data": {"py/b64": "6Nw="}, "fake": false}], [84989, {"py/object": "odf.components.Data", "data": {"py/b64": "oEA="}, "fake": false}], [85074, {"py/object": "odf.components.Data", "data": {"py/b64": "vdY="}, "fake": false}], [85155, {"py/object": "odf.components.Data", "data": {"py/b64": "IUA="}, "fake": false}], [85243, {"py/object": "odf.components.Data", "data": {"py/b64": "oWc="}, "fake": false}], [85325, {"py/object": "odf.components.Data", "data": {"py/b64": "ULs="}, "fake": false}], [85407, {"py/object": "odf.components.Data", "data": {"py/b64": "bw8="}, "fake": false}], [85491, {"py/object": "odf.components.Data", "data": {"py/b64": "ED0="}, "fake": false}], [85576, {"py/object": "odf.components.Data", "data": {"py/b64": "5rU="}, "fake": false}], [85664, {"py/object": "odf.components.Data", "data": {"py/b64": "nEE="}, "fake": false}], [87805, {"py/object": "odf.components.Status", "address": 12, "message_error_bit": "0", "instrumentation_bit": "0", "service_request_bit": "0", "reserved_bits": "000", "brdcst_received_bit": "0", "busy_bit": "0", "subsystem_flag_bit": "0", "dynamic_bus_control_accpt_bit": "0", "terminal_flag_bit": "1", "parity_bit": "1", "fake": false}], [87973, {"py/object": "odf.components.Command", "address": 1, "tr": 0, "sub_address": 2, "dword_count": 4, "parity": 0, "fake": false}], [88036, {"py/object": "odf.components.Data", "data": {"py/b64": "AAA="}, "fake": false}], [88056, {"py/object": "odf.components.Data", "data": {"py/b64": "AAA="}, "fake": false}], [88078, {"py/object": "odf.components.Data", "data": {"py/b64": "AAA="}, "fake": false}], [88135, {"py/object": "odf.components.Data", "data": {"py/b64": "AAA="}, "fake": false}], [88154, {"py/object": "odf.components.Command", "address": 1, "tr": 0, "sub_address": 1, "dword_count": 4, "parity": 0, "fake": true}], [93121, {"py/object": "odf.components.Command", "address": 31, "tr": 0, "sub_address": 2, "dword_count": 1, "parity": 0, "fake": false}], [93256, {"py/object": "odf.components.Data", "data": {"py/b64": "//8="}, "fake": false}], [93290, {"py/object": "odf.components.Command", "address": 4, "tr": 0, "sub_address": 2, "dword_count": 18, "parity": 0, "fake": false}], [93302, {"py/object": "odf.components.Command", "address": 3, "tr": 1, "sub_address": 2, "dword_count": 18, "parity": 0, "fake": false}], [95370, {"py/object": "odf.components.Status", "address": 3, "message_error_bit": "0", "instrumentation_bit": "0", "service_request_bit": "0", "reserved_bits": "000", "brdcst_received_bit": "0", "busy_bit": "0", "subsystem_flag_bit": "0", "dynamic_bus_control_accpt_bit": "0", "terminal_flag_bit": "1", "parity_bit": "1", "fake": false}], [95447, {"py/object": "odf.components.Data", "data": {"py/b64": "vN0="}, "fake": false}], [95528, {"py/object": "odf.components.Data", "data": {"py/b64": "eUM="}, "fake": false}], [95606, {"py/object": "odf.components.Data", "data": {"py/b64": "FUE="}, "fake": false}], [95686, {"py/object": "odf.components.Data", "data": {"py/b64": "/0Q="}, "fake": false}], [95765, {"py/object": "odf.components.Data", "data": {"py/b64": "Nsw="}, "fake": false}], [95846, {"py/object": "odf.components.Data", "data": {"py/b64": "D0U="}, "fake": false}], [95922, {"py/object": "odf.components.Data", "data": {"py/b64": "ZTE="}, "fake": false}], [96002, {"py/object": "odf.components.Data", "data": {"py/b64": "A0M="}, "fake": false}], [96084, {"py/object": "odf.components.Data", "data": {"py/b64": "lg4="}, "fake": false}], [96164, {"py/object": "odf.components.Data", "data": {"py/b64": "NUA="}, "fake": false}], [96243, {"py/object": "odf.components.Data", "data": {"py/b64": "1/w="}, "fake": false}], [96322, {"py/object": "odf.components.Data", "data": {"py/b64": "NEA="}, "fake": false}], [96404, {"py/object": "odf.components.Data", "data": {"py/b64": "Fps="}, "fake": false}], [96483, {"py/object": "odf.components.Data", "data": {"py/b64": "QkA="}, "fake": false}], [96564, {"py/object": "odf.components.Data", "data": {"py/b64": "o8E="}, "fake": false}], [96646, {"py/object": "odf.components.Data", "data": {"py/b64": "1EM="}, "fake": false}], [96725, {"py/object": "odf.components.Data", "data": {"py/b64": "tww="}, "fake": false}], [96812, {"py/object": "odf.components.Data", "data": {"py/b64": "OkQ="}, "fake": false}], [98909, {"py/object": "odf.components.Status", "address": 4, "message_error_bit": "0", "instrumentation_bit": "0", "service_request_bit": "0", "reserved_bits": "000", "brdcst_received_bit": "0", "busy_bit": "0", "subsystem_flag_bit": "0", "dynamic_bus_control_accpt_bit": "0", "terminal_flag_bit": "1", "parity_bit": "1", "fake": false}], [98998, {"py/object": "odf.components.Command", "address": 6, "tr": 0, "sub_address": 2, "dword_count": 28, "parity": 0, "fake": false}], [99013, {"py/object": "odf.components.Command", "address": 5, "tr": 1, "sub_address": 2, "dword_count": 28, "parity": 0, "fake": false}], [101084, {"py/object": "odf.components.Status", "address": 5, "message_error_bit": "0", "instrumentation_bit": "0", "service_request_bit": "0", "reserved_bits": "000", "brdcst_received_bit": "0", "busy_bit": "0", "subsystem_flag_bit": "0", "dynamic_bus_control_accpt_bit": "0", "terminal_flag_bit": "1", "parity_bit": "1", "fake": false}], [101164, {"py/object": "odf.components.Data", "data": {"py/b64": "vpA="}, "fake": false}], [101242, {"py/object": "odf.components.Data", "data": {"py/b64": "f0M="}, "fake": false}], [101308, {"py/object": "odf.components.Data", "data": {"py/b64": "S1g="}, "fake": false}], [101390, {"py/object": "odf.components.Data", "data": {"py/b64": "2EM="}, "fake": false}], [101469, {"py/object": "odf.components.Data", "data": {"py/b64": "T+o="}, "fake": false}], [101550, {"py/object": "odf.components.Data", "data": {"py/b64": "A0M="}, "fake": false}], [101629, {"py/object": "odf.components.Data", "data": {"py/b64": "udA="}, "fake": false}], [101710, {"py/object": "odf.components.Data", "data": {"py/b64": "B0I="}, "fake": false}], [101789, {"py/object": "odf.components.Data", "data": {"py/b64": "TD0="}, "fake": false}], [101871, {"py/object": "odf.components.Data", "data": {"py/b64": "zcM="}, "fake": false}], [101952, {"py/object": "odf.components.Data", "data": {"py/b64": "Y9I="}, "fake": false}], [102029, {"py/object": "odf.components.Data", "data": {"py/b64": "YkE="}, "fake": false}], [102113, {"py/object": "odf.components.Data", "data": {"py/b64": "qpU="}, "fake": false}], [102193, {"py/object": "odf.components.Data", "data": {"py/b64": "PT4="}, "fake": false}], [102271, {"py/object": "odf.components.Data", "data": {"py/b64": "z2g="}, "fake": false}], [102350, {"py/object": "odf.components.Data", "data": {"py/b64": "g0A="}, "fake": false}], [102431, {"py/object": "odf.components.Data", "data": {"py/b64": "M0Q="}, "fake": false}], [102512, {"py/object": "odf.components.Data", "data": {"py/b64": "8cA="}, "fake": false}], [102596, {"py/object": "odf.components.Data", "data": {"py/b64": "krA="}, "fake": false}], [102675, {"py/object": "odf.components.Data", "data": {"py/b64": "DsE="}, "fake": false}], [102755, {"py/object": "odf.components.Data", "data": {"py/b64": "eFY="}, "fake": false}], [102834, {"py/object": "odf.components.Data", "data": {"py/b64": "2EM="}, "fake": false}], [102915, {"py/object": "odf.components.Data", "data": {"py/b64": "2AY="}, "fake": false}], [102994, {"py/object": "odf.components.Data", "data": {"py/b64": "WME="}, "fake": false}], [103077, {"py/object": "odf.components.Data", "data": {"py/b64": "qK4="}, "fake": false}], [103154, {"py/object": "odf.components.Data", "data": {"py/b64": "yEA="}, "fake": false}], [103234, {"py/object": "odf.components.Data", "data": {"py/b64": "r0Y="}, "fake": false}], [103312, {"py/object": "odf.components.Data", "data": {"py/b64": "uz4="}, "fake": false}], [105442, {"py/object": "odf.components.Status", "address": 6, "message_error_bit": "0", "instrumentation_bit": "0", "service_request_bit": "0", "reserved_bits": "000", "brdcst_received_bit": "0", "busy_bit": "0", "subsystem_flag_bit": "0", "dynamic_bus_control_accpt_bit": "0", "terminal_flag_bit": "1", "parity_bit": "1", "fake": false}], [105504, {"py/object": "odf.components.Command", "address": 8, "tr": 0, "sub_address": 2, "dword_count": 8, "parity": 0, "fake": false}], [105518, {"py/object": "odf.components.Command", "address": 7, "tr": 1, "sub_address": 2, "dword_count": 8, "parity": 0, "fake": false}], [107587, {"py/object": "odf.components.Status", "address": 7, "message_error_bit": "0", "instrumentation_bit": "0", "service_request_bit": "0", "reserved_bits": "000", "brdcst_received_bit": "0", "busy_bit": "0", "subsystem_flag_bit": "0", "dynamic_bus_control_accpt_bit": "0", "terminal_flag_bit": "1", "parity_bit": "1", "fake": false}], [107667, {"py/object": "odf.components.Data", "data": {"py/b64": "qko="}, "fake": false}], [107748, {"py/object": "odf.components.Data", "data": {"py/b64": "1L0="}, "fake": false}], [107827, {"py/object": "odf.components.Data", "data": {"py/b64": "VMk="}, "fake": false}], [107909, {"py/object": "odf.components.Data", "data": {"py/b64": "4T4="}, "fake": false}], [107989, {"py/object": "odf.components.Data", "data": {"py/b64": "nuw="}, "fake": false}], [108069, {"py/object": "odf.components.Data", "data": {"py/b64": "4jw="}, "fake": false}], [108149, {"py/object": "odf.components.Data", "data": {"py/b64": "GMM="}, "fake": false}], [108232, {"py/object": "odf.components.Data", "data": {"py/b64": "jzo="}, "fake": false}], [110356, {"py/object": "odf.components.Status", "address": 8, "message_error_bit": "0", "instrumentation_bit": "0", "service_request_bit": "0", "reserved_bits": "000", "brdcst_received_bit": "0", "busy_bit": "0", "subsystem_flag_bit": "0", "dynamic_bus_control_accpt_bit": "0", "terminal_flag_bit": "1", "parity_bit": "1", "fake": false}], [110427, {"py/object": "odf.components.Command", "address": 10, "tr": 0, "sub_address": 2, "dword_count": 12, "parity": 0, "fake": false}], [110444, {"py/object": "odf.components.Command", "address": 9, "tr": 1, "sub_address": 2, "dword_count": 12, "parity": 0, "fake": false}], [112502, {"py/object": "odf.components.Status", "address": 9, "message_error_bit": "0", "instrumentation_bit": "0", "service_request_bit": "0", "reserved_bits": "000", "brdcst_received_bit": "0", "busy_bit": "0", "subsystem_flag_bit": "0", "dynamic_bus_control_accpt_bit": "0", "terminal_flag_bit": "1", "parity_bit": "1", "fake": false}], [112571, {"py/object": "odf.components.Data", "data": {"py/b64": "uYY="}, "fake": false}], [112652, {"py/object": "odf.components.Data", "data": {"py/b64": "B0I="}, "fake": false}], [112710, {"py/object": "odf.components.Data", "data": {"py/b64": "Suk="}, "fake": false}], [112789, {"py/object": "odf.components.Data", "data": {"py/b64": "7MI="}, "fake": false}], [112868, {"py/object": "odf.components.Data", "data": {"py/b64": "YzI="}, "fake": false}], [112950, {"py/object": "odf.components.Data", "data": {"py/b64": "XEQ="}, "fake": false}], [113030, {"py/object": "odf.components.Data", "data": {"py/b64": "moY="}, "fake": false}], [113112, {"py/object": "odf.components.Data", "data": {"py/b64": "B0I="}, "fake": false}], [113190, {"py/object": "odf.components.Data", "data": {"py/b64": "Puk="}, "fake": false}], [113273, {"py/object": "odf.components.Data", "data": {"py/b64": "7MI="}, "fake": false}], [113346, {"py/object": "odf.components.Data", "data": {"py/b64": "OeQ="}, "fake": false}], [113430, {"py/object": "odf.components.Data", "data": {"py/b64": "NEU="}, "fake": false}], [115549, {"py/object": "odf.components.Status", "address": 10, "message_error_bit": "0", "instrumentation_bit": "0", "service_request_bit": "0", "reserved_bits": "000", "brdcst_received_bit": "0", "busy_bit": "0", "subsystem_flag_bit": "0", "dynamic_bus_control_accpt_bit": "0", "terminal_flag_bit": "1", "parity_bit": "1", "fake": false}], [115638, {"py/object": "odf.components.Command", "address": 12, "tr": 0, "sub_address": 2, "dword_count": 16, "parity": 0, "fake": false}], [115653, {"py/object": "odf.components.Command", "address": 11, "tr": 1, "sub_address": 2, "dword_count": 16, "parity": 0, "fake": false}], [117725, {"py/object": "odf.components.Status", "address": 11, "message_error_bit": "0", "instrumentation_bit": "0", "service_request_bit": "0", "reserved_bits": "000", "brdcst_received_bit": "0", "busy_bit": "0", "subsystem_flag_bit": "0", "dynamic_bus_control_accpt_bit": "0", "terminal_flag_bit": "1", "parity_bit": "1", "fake": false}], [117804, {"py/object": "odf.components.Data", "data": {"py/b64": "7yg="}, "fake": false}], [117885, {"py/object": "odf.components.Data", "data": {"py/b64": "Djs="}, "fake": false}], [117965, {"py/object": "odf.components.Data", "data": {"py/b64": "oAw="}, "fake": false}], [118043, {"py/object": "odf.components.Data", "data": {"py/b64": "DkE="}, "fake": false}], [118124, {"py/object": "odf.components.Data", "data": {"py/b64": "ktI="}, "fake": false}], [118204, {"py/object": "odf.components.Data", "data": {"py/b64": "1UE="}, "fake": false}], [118286, {"py/object": "odf.components.Data", "data": {"py/b64": "V/Y="}, "fake": false}], [118367, {"py/object": "odf.components.Data", "data": {"py/b64": "m0A="}, "fake": false}], [118446, {"py/object": "odf.components.Data", "data": {"py/b64": "BEg="}, "fake": false}], [118518, {"py/object": "odf.components.Data", "data": {"py/b64": "IUA="}, "fake": false}], [118587, {"py/object": "odf.components.Data", "data": {"py/b64": "5pU="}, "fake": false}], [118665, {"py/object": "odf.components.Data", "data": {"py/b64": "DTs="}, "fake": false}], [118746, {"py/object": "odf.components.Data", "data": {"py/b64": "a6I="}, "fake": false}], [118829, {"py/object": "odf.components.Data", "data": {"py/b64": "pTs="}, "fake": false}], [118908, {"py/object": "odf.components.Data", "data": {"py/b64": "pj0="}, "fake": false}], [118989, {"py/object": "odf.components.Data", "data": {"py/b64": "jEE="}, "fake": false}]], "attack_times": [[88035]], "attack_types": ["Shutdown_Attack_on_RT"], "attack_outcome": [true]}