{"data": [[385, {"py/object": "odf.components.Command", "address": 31, "tr": 0, "sub_address": 2, "dword_count": 1, "parity": 0, "fake": false}], [502, {"py/object": "odf.components.Data", "data": {"py/b64": "//8="}, "fake": false}], [553, {"py/object": "odf.components.Command", "address": 4, "tr": 0, "sub_address": 2, "dword_count": 18, "parity": 0, "fake": false}], [571, {"py/object": "odf.components.Command", "address": 3, "tr": 1, "sub_address": 2, "dword_count": 18, "parity": 0, "fake": false}], [2646, {"py/object": "odf.components.Status", "address": 3, "message_error_bit": "0", "instrumentation_bit": "0", "service_request_bit": "0", "reserved_bits": "000", "brdcst_received_bit": "0", "busy_bit": "0", "subsystem_flag_bit": "0", "dynamic_bus_control_accpt_bit": "0", "terminal_flag_bit": "1", "parity_bit": "1", "fake": false}], [2718, {"py/object": "odf.components.Data", "data": {"py/b64": "iKs="}, "fake": false}], [2792, {"py/object": "odf.components.Data", "data": {"py/b64": "JUI="}, "fake": false}], [2865, {"py/object": "odf.components.Data", "data": {"py/b64": "yLM="}, "fake": false}], [2938, {"py/object": "odf.components.Data", "data": {"py/b64": "fb0="}, "fake": false}], [3000, {"py/object": "odf.components.Data", "data": {"py/b64": "RYY="}, "fake": false}], [3072, {"py/object": "odf.components.Data", "data": {"py/b64": "7kI="}, "fake": false}], [3145, {"py/object": "odf.components.Data", "data": {"py/b64": "q80="}, "fake": false}], [3217, {"py/object": "odf.components.Data", "data": {"py/b64": "iEM="}, "fake": false}], [3291, {"py/object": "odf.components.Data", "data": {"py/b64": "768="}, "fake": false}], [3361, {"py/object": "odf.components.Data", "data": {"py/b64": "i0A="}, "fake": false}], [3431, {"py/object": "odf.components.Data", "data": {"py/b64": "ALA="}, "fake": false}], [3504, {"py/object": "odf.components.Data", "data": {"py/b64": "i0A="}, "fake": false}], [3575, {"py/object": "odf.components.Data", "data": {"py/b64": "2w8="}, "fake": false}], [3646, {"py/object": "odf.components.Data", "data": {"py/b64": "SUA="}, "fake": false}], [3719, {"py/object": "odf.components.Data", "data": {"py/b64": "pKM="}, "fake": false}], [3789, {"py/object": "odf.components.Data", "data": {"py/b64": "1kM="}, "fake": false}], [3861, {"py/object": "odf.components.Data", "data": {"py/b64": "tww="}, "fake": false}], [3937, {"py/object": "odf.components.Data", "data": {"py/b64": "OkQ="}, "fake": false}], [6057, {"py/object": "odf.components.Status", "address": 4, "message_error_bit": "0", "instrumentation_bit": "0", "service_request_bit": "0", "reserved_bits": "000", "brdcst_received_bit": "0", "busy_bit": "0", "subsystem_flag_bit": "0", "dynamic_bus_control_accpt_bit": "0", "terminal_flag_bit": "1", "parity_bit": "1", "fake": false}], [6108, {"py/object": "odf.components.Command", "address": 6, "tr": 0, "sub_address": 2, "dword_count": 28, "parity": 0, "fake": false}], [6125, {"py/object": "odf.components.Command", "address": 5, "tr": 1, "sub_address": 2, "dword_count": 28, "parity": 0, "fake": false}], [8199, {"py/object": "odf.components.Status", "address": 5, "message_error_bit": "0", "instrumentation_bit": "0", "service_request_bit": "0", "reserved_bits": "000", "brdcst_received_bit": "0", "busy_bit": "0", "subsystem_flag_bit": "0", "dynamic_bus_control_accpt_bit": "0", "terminal_flag_bit": "1", "parity_bit": "1", "fake": false}], [8261, {"py/object": "odf.components.Data", "data": {"py/b64": "wpE="}, "fake": false}], [8328, {"py/object": "odf.components.Data", "data": {"py/b64": "rEI="}, "fake": false}], [8401, {"py/object": "odf.components.Data", "data": {"py/b64": "SSg="}, "fake": false}], [8472, {"py/object": "odf.components.Data", "data": {"py/b64": "EkM="}, "fake": false}], [8544, {"py/object": "odf.components.Data", "data": {"py/b64": "z7A="}, "fake": false}], [8614, {"py/object": "odf.components.Data", "data": {"py/b64": "EcM="}, "fake": false}], [8685, {"py/object": "odf.components.Data", "data": {"py/b64": "ahU="}, "fake": false}], [8757, {"py/object": "odf.components.Data", "data": {"py/b64": "Tzw="}, "fake": false}], [8828, {"py/object": "odf.components.Data", "data": {"py/b64": "3ig="}, "fake": false}], [8900, {"py/object": "odf.components.Data", "data": {"py/b64": "kcE="}, "fake": false}], [8974, {"py/object": "odf.components.Data", "data": {"py/b64": "N+8="}, "fake": false}], [9048, {"py/object": "odf.components.Data", "data": {"py/b64": "UsE="}, "fake": false}], [9117, {"py/object": "odf.components.Data", "data": {"py/b64": "Jeg="}, "fake": false}], [9188, {"py/object": "odf.components.Data", "data": {"py/b64": "bL8="}, "fake": false}], [9260, {"py/object": "odf.components.Data", "data": {"py/b64": "KRk="}, "fake": false}], [9330, {"py/object": "odf.components.Data", "data": {"py/b64": "BMA="}, "fake": false}], [9404, {"py/object": "odf.components.Data", "data": {"py/b64": "0GE="}, "fake": false}], [9476, {"py/object": "odf.components.Data", "data": {"py/b64": "Bbw="}, "fake": false}], [9550, {"py/object": "odf.components.Data", "data": {"py/b64": "I64="}, "fake": false}], [9623, {"py/object": "odf.components.Data", "data": {"py/b64": "bkA="}, "fake": false}], [9695, {"py/object": "odf.components.Data", "data": {"py/b64": "rHU="}, "fake": false}], [9766, {"py/object": "odf.components.Data", "data": {"py/b64": "F0M="}, "fake": false}], [9840, {"py/object": "odf.components.Data", "data": {"py/b64": "dbY="}, "fake": false}], [9909, {"py/object": "odf.components.Data", "data": {"py/b64": "Db4="}, "fake": false}], [9980, {"py/object": "odf.components.Data", "data": {"py/b64": "TfE="}, "fake": false}], [10051, {"py/object": "odf.components.Data", "data": {"py/b64": "FsA="}, "fake": false}], [10121, {"py/object": "odf.components.Data", "data": {"py/b64": "cHg="}, "fake": false}], [10200, {"py/object": "odf.components.Data", "data": {"py/b64": "UEE="}, "fake": false}], [12304, {"py/object": "odf.components.Status", "address": 6, "message_error_bit": "0", "instrumentation_bit": "0", "service_request_bit": "0", "reserved_bits": "000", "brdcst_received_bit": "0", "busy_bit": "0", "subsystem_flag_bit": "0", "dynamic_bus_control_accpt_bit": "0", "terminal_flag_bit": "1", "parity_bit": "1", "fake": false}], [12375, {"py/object": "odf.components.Command", "address": 8, "tr": 0, "sub_address": 2, "dword_count": 8, "parity": 0, "fake": false}], [12393, {"py/object": "odf.components.Command", "address": 7, "tr": 1, "sub_address": 2, "dword_count": 8, "parity": 0, "fake": false}], [14462, {"py/object": "odf.components.Status", "address": 7, "message_error_bit": "0", "instrumentation_bit": "0", "service_request_bit": "0", "reserved_bits": "000", "brdcst_received_bit": "0", "busy_bit": "0", "subsystem_flag_bit": "0", "dynamic_bus_control_accpt_bit": "0", "terminal_flag_bit": "1", "parity_bit": "1", "fake": false}], [14534, {"py/object": "odf.components.Data", "data": {"py/b64": "xJ4="}, "fake": false}], [14595, {"py/object": "odf.components.Data", "data": {"py/b64": "YL0="}, "fake": false}], [14663, {"py/object": "odf.components.Data", "data": {"py/b64": "xsM="}, "fake": false}], [14734, {"py/object": "odf.components.Data", "data": {"py/b64": "FTo="}, "fake": false}], [14806, {"py/object": "odf.components.Data", "data": {"py/b64": "lOM="}, "fake": false}], [14889, {"py/object": "odf.components.Data", "data": {"py/b64": "Jz0="}, "fake": false}], [14960, {"py/object": "odf.components.Data", "data": {"py/b64": "z3E="}, "fake": false}], [15036, {"py/object": "odf.components.Data", "data": {"py/b64": "lDk="}, "fake": false}], [17152, {"py/object": "odf.components.Status", "address": 8, "message_error_bit": "0", "instrumentation_bit": "0", "service_request_bit": "0", "reserved_bits": "000", "brdcst_received_bit": "0", "busy_bit": "0", "subsystem_flag_bit": "0", "dynamic_bus_control_accpt_bit": "0", "terminal_flag_bit": "1", "parity_bit": "1", "fake": false}], [17228, {"py/object": "odf.components.Command", "address": 10, "tr": 0, "sub_address": 2, "dword_count": 12, "parity": 0, "fake": false}], [17247, {"py/object": "odf.components.Command", "address": 9, "tr": 1, "sub_address": 2, "dword_count": 12, "parity": 0, "fake": false}], [19326, {"py/object": "odf.components.Status", "address": 9, "message_error_bit": "0", "instrumentation_bit": "0", "service_request_bit": "0", "reserved_bits": "000", "brdcst_received_bit": "0", "busy_bit": "0", "subsystem_flag_bit": "0", "dynamic_bus_control_accpt_bit": "0", "terminal_flag_bit": "1", "parity_bit": "1", "fake": false}], [19397, {"py/object": "odf.components.Data", "data": {"py/b64": "L8E="}, "fake": false}], [19469, {"py/object": "odf.components.Data", "data": {"py/b64": "B0I="}, "fake": false}], [19543, {"py/object": "odf.components.Data", "data": {"py/b64": "ocg="}, "fake": false}], [19616, {"py/object": "odf.components.Data", "data": {"py/b64": "7MI="}, "fake": false}], [19688, {"py/object": "odf.components.Data", "data": {"py/b64": "vNY="}, "fake": false}], [19761, {"py/object": "odf.components.Data", "data": {"py/b64": "MUI="}, "fake": false}], [19830, {"py/object": "odf.components.Data", "data": {"py/b64": "K8E="}, "fake": false}], [19902, {"py/object": "odf.components.Data", "data": {"py/b64": "B0I="}, "fake": false}], [19975, {"py/object": "odf.components.Data", "data": {"py/b64": "tMg="}, "fake": false}], [20052, {"py/object": "odf.components.Data", "data": {"py/b64": "7MI="}, "fake": false}], [20126, {"py/object": "odf.components.Data", "data": {"py/b64": "ivU="}, "fake": false}], [20199, {"py/object": "odf.components.Data", "data": {"py/b64": "FEM="}, "fake": false}], [22300, {"py/object": "odf.components.Status", "address": 10, "message_error_bit": "0", "instrumentation_bit": "0", "service_request_bit": "0", "reserved_bits": "000", "brdcst_received_bit": "0", "busy_bit": "0", "subsystem_flag_bit": "0", "dynamic_bus_control_accpt_bit": "0", "terminal_flag_bit": "1", "parity_bit": "1", "fake": false}], [22366, {"py/object": "odf.components.Command", "address": 12, "tr": 0, "sub_address": 2, "dword_count": 16, "parity": 0, "fake": false}], [22386, {"py/object": "odf.components.Command", "address": 11, "tr": 1, "sub_address": 2, "dword_count": 16, "parity": 0, "fake": false}], [24459, {"py/object": "odf.components.Status", "address": 11, "message_error_bit": "0", "instrumentation_bit": "0", "service_request_bit": "0", "reserved_bits": "000", "brdcst_received_bit": "0", "busy_bit": "0", "subsystem_flag_bit": "0", "dynamic_bus_control_accpt_bit": "0", "terminal_flag_bit": "1", "parity_bit": "1", "fake": false}], [24527, {"py/object": "odf.components.Data", "data": {"py/b64": "d2Y="}, "fake": false}], [24601, {"py/object": "odf.components.Data", "data": {"py/b64": "Gjs="}, "fake": false}], [24673, {"py/object": "odf.components.Data", "data": {"py/b64": "AIo="}, "fake": false}], [24744, {"py/object": "odf.components.Data", "data": {"py/b64": "ZUE="}, "fake": false}], [24817, {"py/object": "odf.components.Data", "data": {"py/b64": "roc="}, "fake": false}], [24890, {"py/object": "odf.components.Data", "data": {"py/b64": "7EE="}, "fake": false}], [24961, {"py/object": "odf.components.Data", "data": {"py/b64": "sAg="}, "fake": false}], [25036, {"py/object": "odf.components.Data", "data": {"py/b64": "YEA="}, "fake": false}], [25110, {"py/object": "odf.components.Data", "data": {"py/b64": "Ac0="}, "fake": false}], [25184, {"py/object": "odf.components.Data", "data": {"py/b64": "5T8="}, "fake": false}], [25258, {"py/object": "odf.components.Data", "data": {"py/b64": "868="}, "fake": false}], [25330, {"py/object": "odf.components.Data", "data": {"py/b64": "Aj4="}, "fake": false}], [25399, {"py/object": "odf.components.Data", "data": {"py/b64": "TQU="}, "fake": false}], [25472, {"py/object": "odf.components.Data", "data": {"py/b64": "9z4="}, "fake": false}], [25543, {"py/object": "odf.components.Data", "data": {"py/b64": "LU0="}, "fake": false}], [25614, {"py/object": "odf.components.Data", "data": {"py/b64": "nEE="}, "fake": false}], [27727, {"py/object": "odf.components.Status", "address": 12, "message_error_bit": "0", "instrumentation_bit": "0", "service_request_bit": "0", "reserved_bits": "000", "brdcst_received_bit": "0", "busy_bit": "0", "subsystem_flag_bit": "0", "dynamic_bus_control_accpt_bit": "0", "terminal_flag_bit": "1", "parity_bit": "1", "fake": false}], [27907, {"py/object": "odf.components.Command", "address": 1, "tr": 0, "sub_address": 2, "dword_count": 4, "parity": 0, "fake": false}], [27983, {"py/object": "odf.components.Data", "data": {"py/b64": "AAA="}, "fake": false}], [27995, {"py/object": "odf.components.Data", "data": {"py/b64": "AAA="}, "fake": false}], [28006, {"py/object": "odf.components.Data", "data": {"py/b64": "AAA="}, "fake": false}], [28017, {"py/object": "odf.components.Data", "data": {"py/b64": "AAA="}, "fake": false}], [30078, {"py/object": "odf.components.Status", "address": 1, "message_error_bit": "0", "instrumentation_bit": "0", "service_request_bit": "0", "reserved_bits": "000", "brdcst_received_bit": "0", "busy_bit": "0", "subsystem_flag_bit": "0", "dynamic_bus_control_accpt_bit": "0", "terminal_flag_bit": "1", "parity_bit": "1", "fake": false}], [30251, {"py/object": "odf.components.Command", "address": 31, "tr": 0, "sub_address": 2, "dword_count": 1, "parity": 0, "fake": false}], [30318, {"py/object": "odf.components.Data", "data": {"py/b64": "//8="}, "fake": false}], [30331, {"py/object": "odf.components.Command", "address": 4, "tr": 0, "sub_address": 2, "dword_count": 18, "parity": 0, "fake": false}], [30342, {"py/object": "odf.components.Command", "address": 3, "tr": 1, "sub_address": 2, "dword_count": 18, "parity": 0, "fake": false}], [32399, {"py/object": "odf.components.Status", "address": 3, "message_error_bit": "0", "instrumentation_bit": "0", "service_request_bit": "0", "reserved_bits": "000", "brdcst_received_bit": "0", "busy_bit": "0", "subsystem_flag_bit": "0", "dynamic_bus_control_accpt_bit": "0", "terminal_flag_bit": "1", "parity_bit": "1", "fake": false}], [32471, {"py/object": "odf.components.Data", "data": {"py/b64": "Z7o="}, "fake": false}], [32541, {"py/object": "odf.components.Data", "data": {"py/b64": "a0M="}, "fake": false}], [32609, {"py/object": "odf.components.Data", "data": {"py/b64": "VEk="}, "fake": false}], [32663, {"py/object": "odf.components.Data", "data": {"py/b64": "lUQ="}, "fake": false}], [32726, {"py/object": "odf.components.Data", "data": {"py/b64": "6so="}, "fake": false}], [32779, {"py/object": "odf.components.Data", "data": {"py/b64": "3EM="}, "fake": false}], [32853, {"py/object": "odf.components.Data", "data": {"py/b64": "t6g="}, "fake": false}], [32913, {"py/object": "odf.components.Data", "data": {"py/b64": "hEM="}, "fake": false}], [32978, {"py/object": "odf.components.Data", "data": {"py/b64": "bs0="}, "fake": false}], [33048, {"py/object": "odf.components.Data", "data": {"py/b64": "i0A="}, "fake": false}], [33120, {"py/object": "odf.components.Data", "data": {"py/b64": "Bs8="}, "fake": false}], [33193, {"py/object": "odf.components.Data", "data": {"py/b64": "i0A="}, "fake": false}], [33268, {"py/object": "odf.components.Data", "data": {"py/b64": "9OA="}, "fake": false}], [33341, {"py/object": "odf.components.Data", "data": {"py/b64": "QkA="}, "fake": false}], [33414, {"py/object": "odf.components.Data", "data": {"py/b64": "Osk="}, "fake": false}], [33487, {"py/object": "odf.components.Data", "data": {"py/b64": "1UM="}, "fake": false}], [33560, {"py/object": "odf.components.Data", "data": {"py/b64": "tww="}, "fake": false}], [33639, {"py/object": "odf.components.Data", "data": {"py/b64": "OkQ="}, "fake": false}], [35723, {"py/object": "odf.components.Status", "address": 4, "message_error_bit": "0", "instrumentation_bit": "0", "service_request_bit": "0", "reserved_bits": "000", "brdcst_received_bit": "0", "busy_bit": "0", "subsystem_flag_bit": "0", "dynamic_bus_control_accpt_bit": "0", "terminal_flag_bit": "1", "parity_bit": "1", "fake": false}], [35814, {"py/object": "odf.components.Command", "address": 6, "tr": 0, "sub_address": 2, "dword_count": 28, "parity": 0, "fake": false}], [35828, {"py/object": "odf.components.Command", "address": 5, "tr": 1, "sub_address": 2, "dword_count": 28, "parity": 0, "fake": false}], [37889, {"py/object": "odf.components.Status", "address": 5, "message_error_bit": "0", "instrumentation_bit": "0", "service_request_bit": "0", "reserved_bits": "000", "brdcst_received_bit": "0", "busy_bit": "0", "subsystem_flag_bit": "0", "dynamic_bus_control_accpt_bit": "0", "terminal_flag_bit": "1", "parity_bit": "1", "fake": false}], [37956, {"py/object": "odf.components.Data", "data": {"py/b64": "AdU="}, "fake": false}], [38026, {"py/object": "odf.components.Data", "data": {"py/b64": "dUM="}, "fake": false}], [38096, {"py/object": "odf.components.Data", "data": {"py/b64": "L6s="}, "fake": false}], [38166, {"py/object": "odf.components.Data", "data": {"py/b64": "z0M="}, "fake": false}], [38239, {"py/object": "odf.components.Data", "data": {"py/b64": "ieI="}, "fake": false}], [38311, {"py/object": "odf.components.Data", "data": {"py/b64": "zcM="}, "fake": false}], [38383, {"py/object": "odf.components.Data", "data": {"py/b64": "yLU="}, "fake": false}], [38453, {"py/object": "odf.components.Data", "data": {"py/b64": "ikE="}, "fake": false}], [38526, {"py/object": "odf.components.Data", "data": {"py/b64": "rBY="}, "fake": false}], [38597, {"py/object": "odf.components.Data", "data": {"py/b64": "T8I="}, "fake": false}], [38670, {"py/object": "odf.components.Data", "data": {"py/b64": "bsM="}, "fake": false}], [38738, {"py/object": "odf.components.Data", "data": {"py/b64": "vb8="}, "fake": false}], [38811, {"py/object": "odf.components.Data", "data": {"py/b64": "bEk="}, "fake": false}], [38881, {"py/object": "odf.components.Data", "data": {"py/b64": "hr4="}, "fake": false}], [38949, {"py/object": "odf.components.Data", "data": {"py/b64": "vk8="}, "fake": false}], [39022, {"py/object": "odf.components.Data", "data": {"py/b64": "yD8="}, "fake": false}], [39094, {"py/object": "odf.components.Data", "data": {"py/b64": "9jM="}, "fake": false}], [39166, {"py/object": "odf.components.Data", "data": {"py/b64": "078="}, "fake": false}], [39238, {"py/object": "odf.components.Data", "data": {"py/b64": "B8k="}, "fake": false}], [39310, {"py/object": "odf.components.Data", "data": {"py/b64": "LcE="}, "fake": false}], [39382, {"py/object": "odf.components.Data", "data": {"py/b64": "19k="}, "fake": false}], [39453, {"py/object": "odf.components.Data", "data": {"py/b64": "z0M="}, "fake": false}], [39526, {"py/object": "odf.components.Data", "data": {"py/b64": "slA="}, "fake": false}], [39598, {"py/object": "odf.components.Data", "data": {"py/b64": "Vr8="}, "fake": false}], [39670, {"py/object": "odf.components.Data", "data": {"py/b64": "9Po="}, "fake": false}], [39742, {"py/object": "odf.components.Data", "data": {"py/b64": "nL4="}, "fake": false}], [39814, {"py/object": "odf.components.Data", "data": {"py/b64": "VeY="}, "fake": false}], [39892, {"py/object": "odf.components.Data", "data": {"py/b64": "gD8="}, "fake": false}], [41990, {"py/object": "odf.components.Status", "address": 6, "message_error_bit": "0", "instrumentation_bit": "0", "service_request_bit": "0", "reserved_bits": "000", "brdcst_received_bit": "0", "busy_bit": "0", "subsystem_flag_bit": "0", "dynamic_bus_control_accpt_bit": "0", "terminal_flag_bit": "1", "parity_bit": "1", "fake": false}], [42058, {"py/object": "odf.components.Command", "address": 8, "tr": 0, "sub_address": 2, "dword_count": 8, "parity": 0, "fake": false}], [42072, {"py/object": "odf.components.Command", "address": 7, "tr": 1, "sub_address": 2, "dword_count": 8, "parity": 0, "fake": false}], [44139, {"py/object": "odf.components.Status", "address": 7, "message_error_bit": "0", "instrumentation_bit": "0", "service_request_bit": "0", "reserved_bits": "000", "brdcst_received_bit": "0", "busy_bit": "0", "subsystem_flag_bit": "0", "dynamic_bus_control_accpt_bit": "0", "terminal_flag_bit": "1", "parity_bit": "1", "fake": false}], [44210, {"py/object": "odf.components.Data", "data": {"py/b64": "fiU="}, "fake": false}], [44274, {"py/object": "odf.components.Data", "data": {"py/b64": "h70="}, "fake": false}], [44332, {"py/object": "odf.components.Data", "data": {"py/b64": "x4U="}, "fake": false}], [44405, {"py/object": "odf.components.Data", "data": {"py/b64": "jbs="}, "fake": false}], [44478, {"py/object": "odf.components.Data", "data": {"py/b64": "DeA="}, "fake": false}], [44550, {"py/object": "odf.components.Data", "data": {"py/b64": "0Tw="}, "fake": false}], [44622, {"py/object": "odf.components.Data", "data": {"py/b64": "ZDQ="}, "fake": false}], [44699, {"py/object": "odf.components.Data", "data": {"py/b64": "Vbo="}, "fake": false}], [46806, {"py/object": "odf.components.Status", "address": 8, "message_error_bit": "0", "instrumentation_bit": "0", "service_request_bit": "0", "reserved_bits": "000", "brdcst_received_bit": "0", "busy_bit": "0", "subsystem_flag_bit": "0", "dynamic_bus_control_accpt_bit": "0", "terminal_flag_bit": "1", "parity_bit": "1", "fake": false}], [46885, {"py/object": "odf.components.Command", "address": 10, "tr": 0, "sub_address": 2, "dword_count": 12, "parity": 0, "fake": false}], [46899, {"py/object": "odf.components.Command", "address": 9, "tr": 1, "sub_address": 2, "dword_count": 12, "parity": 0, "fake": false}], [48966, {"py/object": "odf.components.Status", "address": 9, "message_error_bit": "0", "instrumentation_bit": "0", "service_request_bit": "0", "reserved_bits": "000", "brdcst_received_bit": "0", "busy_bit": "0", "subsystem_flag_bit": "0", "dynamic_bus_control_accpt_bit": "0", "terminal_flag_bit": "1", "parity_bit": "1", "fake": false}], [49038, {"py/object": "odf.components.Data", "data": {"py/b64": "T70="}, "fake": false}], [49113, {"py/object": "odf.components.Data", "data": {"py/b64": "B0I="}, "fake": false}], [49185, {"py/object": "odf.components.Data", "data": {"py/b64": "Sds="}, "fake": false}], [49257, {"py/object": "odf.components.Data", "data": {"py/b64": "7MI="}, "fake": false}], [49330, {"py/object": "odf.components.Data", "data": {"py/b64": "m+o="}, "fake": false}], [49402, {"py/object": "odf.components.Data", "data": {"py/b64": "aEM="}, "fake": false}], [49477, {"py/object": "odf.components.Data", "data": {"py/b64": "Sr0="}, "fake": false}], [49550, {"py/object": "odf.components.Data", "data": {"py/b64": "B0I="}, "fake": false}], [49619, {"py/object": "odf.components.Data", "data": {"py/b64": "Yts="}, "fake": false}], [49694, {"py/object": "odf.components.Data", "data": {"py/b64": "7MI="}, "fake": false}], [49768, {"py/object": "odf.components.Data", "data": {"py/b64": "Ugk="}, "fake": false}], [49842, {"py/object": "odf.components.Data", "data": {"py/b64": "QEQ="}, "fake": false}], [51958, {"py/object": "odf.components.Status", "address": 10, "message_error_bit": "0", "instrumentation_bit": "0", "service_request_bit": "0", "reserved_bits": "000", "brdcst_received_bit": "0", "busy_bit": "0", "subsystem_flag_bit": "0", "dynamic_bus_control_accpt_bit": "0", "terminal_flag_bit": "1", "parity_bit": "1", "fake": false}], [52038, {"py/object": "odf.components.Command", "address": 12, "tr": 0, "sub_address": 2, "dword_count": 16, "parity": 0, "fake": false}], [52053, {"py/object": "odf.components.Command", "address": 11, "tr": 1, "sub_address": 2, "dword_count": 16, "parity": 0, "fake": false}], [54120, {"py/object": "odf.components.Status", "address": 11, "message_error_bit": "0", "instrumentation_bit": "0", "service_request_bit": "0", "reserved_bits": "000", "brdcst_received_bit": "0", "busy_bit": "0", "subsystem_flag_bit": "0", "dynamic_bus_control_accpt_bit": "0", "terminal_flag_bit": "1", "parity_bit": "1", "fake": false}], [54196, {"py/object": "odf.components.Data", "data": {"py/b64": "i5E="}, "fake": false}], [54257, {"py/object": "odf.components.Data", "data": {"py/b64": "Fzs="}, "fake": false}], [54310, {"py/object": "odf.components.Data", "data": {"py/b64": "AIU="}, "fake": false}], [54377, {"py/object": "odf.components.Data", "data": {"py/b64": "UkE="}, "fake": false}], [54450, {"py/object": "odf.components.Data", "data": {"py/b64": "UW8="}, "fake": false}], [54524, {"py/object": "odf.components.Data", "data": {"py/b64": "50E="}, "fake": false}], [54596, {"py/object": "odf.components.Data", "data": {"py/b64": "7gw="}, "fake": false}], [54668, {"py/object": "odf.components.Data", "data": {"py/b64": "t0A="}, "fake": false}], [54744, {"py/object": "odf.components.Data", "data": {"py/b64": "kE0="}, "fake": false}], [54817, {"py/object": "odf.components.Data", "data": {"py/b64": "PEA="}, "fake": false}], [54891, {"py/object": "odf.components.Data", "data": {"py/b64": "ksE="}, "fake": false}], [54962, {"py/object": "odf.components.Data", "data": {"py/b64": "6T0="}, "fake": false}], [55036, {"py/object": "odf.components.Data", "data": {"py/b64": "XXo="}, "fake": false}], [55109, {"py/object": "odf.components.Data", "data": {"py/b64": "ZD4="}, "fake": false}], [55184, {"py/object": "odf.components.Data", "data": {"py/b64": "Ykg="}, "fake": false}], [55263, {"py/object": "odf.components.Data", "data": {"py/b64": "q0E="}, "fake": false}], [57361, {"py/object": "odf.components.Status", "address": 12, "message_error_bit": "0", "instrumentation_bit": "0", "service_request_bit": "0", "reserved_bits": "000", "brdcst_received_bit": "0", "busy_bit": "0", "subsystem_flag_bit": "0", "dynamic_bus_control_accpt_bit": "0", "terminal_flag_bit": "1", "parity_bit": "1", "fake": false}], [57563, {"py/object": "odf.components.Command", "address": 1, "tr": 0, "sub_address": 2, "dword_count": 4, "parity": 0, "fake": false}], [57634, {"py/object": "odf.components.Data", "data": {"py/b64": "AAA="}, "fake": false}], [57646, {"py/object": "odf.components.Data", "data": {"py/b64": "AAA="}, "fake": false}], [57657, {"py/object": "odf.components.Data", "data": {"py/b64": "AAA="}, "fake": false}], [57669, {"py/object": "odf.components.Data", "data": {"py/b64": "AAA="}, "fake": false}], [59725, {"py/object": "odf.components.Status", "address": 1, "message_error_bit": "0", "instrumentation_bit": "0", "service_request_bit": "0", "reserved_bits": "000", "brdcst_received_bit": "0", "busy_bit": "0", "subsystem_flag_bit": "0", "dynamic_bus_control_accpt_bit": "0", "terminal_flag_bit": "1", "parity_bit": "1", "fake": false}], [59903, {"py/object": "odf.components.Command", "address": 31, "tr": 0, "sub_address": 2, "dword_count": 1, "parity": 0, "fake": false}], [59978, {"py/object": "odf.components.Data", "data": {"py/b64": "//8="}, "fake": false}], [59992, {"py/object": "odf.components.Command", "address": 4, "tr": 0, "sub_address": 2, "dword_count": 18, "parity": 0, "fake": false}], [60004, {"py/object": "odf.components.Command", "address": 3, "tr": 1, "sub_address": 2, "dword_count": 18, "parity": 0, "fake": false}], [62065, {"py/object": "odf.components.Status", "address": 3, "message_error_bit": "0", "instrumentation_bit": "0", "service_request_bit": "0", "reserved_bits": "000", "brdcst_received_bit": "0", "busy_bit": "0", "subsystem_flag_bit": "0", "dynamic_bus_control_accpt_bit": "0", "terminal_flag_bit": "1", "parity_bit": "1", "fake": false}], [62163, {"py/object": "odf.components.Data", "data": {"py/b64": "kuU="}, "fake": false}], [62262, {"py/object": "odf.components.Data", "data": {"py/b64": "eUM="}, "fake": false}], [62350, {"py/object": "odf.components.Data", "data": {"py/b64": "//8="}, "fake": true}], [62422, {"py/object": "odf.components.Data", "data": {"py/b64": "r2I="}, "fake": false}], [62520, {"py/object": "odf.components.Data", "data": {"py/b64": "AEU="}, "fake": false}], [62643, {"py/object": "odf.components.Data", "data": {"py/b64": "//8="}, "fake": true}], [62673, {"py/object": "odf.components.Data", "data": {"py/b64": "rWM="}, "fake": false}], [62754, {"py/object": "odf.components.Data", "data": {"py/b64": "kEQ="}, "fake": false}], [62874, {"py/object": "odf.components.Data", "data": {"py/b64": "//8="}, "fake": true}], [62926, {"py/object": "odf.components.Data", "data": {"py/b64": "DzY="}, "fake": false}], [63015, {"py/object": "odf.components.Data", "data": {"py/b64": "WkM="}, "fake": false}], [63155, {"py/object": "odf.components.Data", "data": {"py/b64": "//8="}, "fake": true}], [63188, {"py/object": "odf.components.Data", "data": {"py/b64": "D1o="}, "fake": false}], [63264, {"py/object": "odf.components.Data", "data": {"py/b64": "gUA="}, "fake": false}], [63393, {"py/object": "odf.components.Data", "data": {"py/b64": "//8="}, "fake": true}], [63436, {"py/object": "odf.components.Data", "data": {"py/b64": "nk0="}, "fake": false}], [63526, {"py/object": "odf.components.Data", "data": {"py/b64": "gUA="}, "fake": false}], [63676, {"py/object": "odf.components.Data", "data": {"py/b64": "//8="}, "fake": true}], [63709, {"py/object": "odf.components.Data", "data": {"py/b64": "rfk="}, "fake": false}], [63786, {"py/object": "odf.components.Data", "data": {"py/b64": "QkA="}, "fake": false}], [63911, {"py/object": "odf.components.Data", "data": {"py/b64": "//8="}, "fake": true}], [63936, {"py/object": "odf.components.Data", "data": {"py/b64": "Kk4="}, "fake": false}], [64009, {"py/object": "odf.components.Data", "data": {"py/b64": "1UM="}, "fake": false}], [64137, {"py/object": "odf.components.Data", "data": {"py/b64": "tww="}, "fake": false}], [64160, {"py/object": "odf.components.Data", "data": {"py/b64": "//8="}, "fake": true}], [64220, {"py/object": "odf.components.Data", "data": {"py/b64": "OkQ="}, "fake": false}], [64300, {"py/object": "odf.components.Data", "data": {"py/b64": "//8="}, "fake": true}], [64395, {"py/object": "odf.components.Data", "data": {"py/b64": "//8="}, "fake": true}], [64511, {"py/object": "odf.components.Data", "data": {"py/b64": "//8="}, "fake": true}], [64624, {"py/object": "odf.components.Data", "data": {"py/b64": "//8="}, "fake": true}], [64725, {"py/object": "odf.components.Data", "data": {"py/b64": "//8="}, "fake": true}], [64839, {"py/object": "odf.components.Data", "data": {"py/b64": "//8="}, "fake": true}], [64951, {"py/object": "odf.components.Data", "data": {"py/b64": "//8="}, "fake": true}], [65064, {"py/object": "odf.components.Data", "data": {"py/b64": "//8="}, "fake": true}], [65172, {"py/object": "odf.components.Data", "data": {"py/b64": "//8="}, "fake": true}], [65286, {"py/object": "odf.components.Data", "data": {"py/b64": "//8="}, "fake": true}], [65394, {"py/object": "odf.components.Data", "data": {"py/b64": "//8="}, "fake": true}], [65762, {"py/object": "odf.components.Status", "address": 4, "message_error_bit": "0", "instrumentation_bit": "0", "service_request_bit": "0", "reserved_bits": "000", "brdcst_received_bit": "0", "busy_bit": "0", "subsystem_flag_bit": "0", "dynamic_bus_control_accpt_bit": "0", "terminal_flag_bit": "1", "parity_bit": "1", "fake": false}], [65825, {"py/object": "odf.components.Command", "address": 6, "tr": 0, "sub_address": 2, "dword_count": 28, "parity": 0, "fake": false}], [65846, {"py/object": "odf.components.Command", "address": 5, "tr": 1, "sub_address": 2, "dword_count": 28, "parity": 0, "fake": false}], [65925, {"py/object": "odf.components.Data", "data": {"py/b64": "//8="}, "fake": true}], [66046, {"py/object": "odf.components.Data", "data": {"py/b64": "//8="}, "fake": true}], [66166, {"py/object": "odf.components.Data", "data": {"py/b64": "//8="}, "fake": true}], [67906, {"py/object": "odf.components.Status", "address": 5, "message_error_bit": "0", "instrumentation_bit": "0", "service_request_bit": "0", "reserved_bits": "000", "brdcst_received_bit": "0", "busy_bit": "0", "subsystem_flag_bit": "0", "dynamic_bus_control_accpt_bit": "0", "terminal_flag_bit": "1", "parity_bit": "1", "fake": false}], [68004, {"py/object": "odf.components.Data", "data": {"py/b64": "Ey4="}, "fake": false}], [68094, {"py/object": "odf.components.Data", "data": {"py/b64": "//8="}, "fake": true}], [68162, {"py/object": "odf.components.Data", "data": {"py/b64": "dkM="}, "fake": false}], [68260, {"py/object": "odf.components.Data", "data": {"py/b64": "sXc="}, "fake": false}], [68341, {"py/object": "odf.components.Data", "data": {"py/b64": "//8="}, "fake": true}], [68419, {"py/object": "odf.components.Data", "data": {"py/b64": "0EM="}, "fake": false}], [68518, {"py/object": "odf.components.Data", "data": {"py/b64": "xLw="}, "fake": false}], [68604, {"py/object": "odf.components.Data", "data": {"py/b64": "//8="}, "fake": true}], [68677, {"py/object": "odf.components.Data", "data": {"py/b64": "ocM="}, "fake": false}], [68772, {"py/object": "odf.components.Data", "data": {"py/b64": "s28="}, "fake": false}], [68855, {"py/object": "odf.components.Data", "data": {"py/b64": "//8="}, "fake": true}], [68934, {"py/object": "odf.components.Data", "data": {"py/b64": "CUI="}, "fake": false}], [69033, {"py/object": "odf.components.Data", "data": {"py/b64": "LeI="}, "fake": false}], [69117, {"py/object": "odf.components.Data", "data": {"py/b64": "//8="}, "fake": true}], [69197, {"py/object": "odf.components.Data", "data": {"py/b64": "gsM="}, "fake": false}], [69297, {"py/object": "odf.components.Data", "data": {"py/b64": "Idw="}, "fake": false}], [69377, {"py/object": "odf.components.Data", "data": {"py/b64": "//8="}, "fake": true}], [69460, {"py/object": "odf.components.Data", "data": {"py/b64": "EEE="}, "fake": false}], [69556, {"py/object": "odf.components.Data", "data": {"py/b64": "DDE="}, "fake": false}], [69642, {"py/object": "odf.components.Data", "data": {"py/b64": "//8="}, "fake": true}], [69718, {"py/object": "odf.components.Data", "data": {"py/b64": "tb8="}, "fake": false}], [69818, {"py/object": "odf.components.Data", "data": {"py/b64": "TDM="}, "fake": false}], [69896, {"py/object": "odf.components.Data", "data": {"py/b64": "//8="}, "fake": true}], [69979, {"py/object": "odf.components.Data", "data": {"py/b64": "P8E="}, "fake": false}], [70083, {"py/object": "odf.components.Data", "data": {"py/b64": "BHI="}, "fake": false}], [70162, {"py/object": "odf.components.Data", "data": {"py/b64": "//8="}, "fake": true}], [70240, {"py/object": "odf.components.Data", "data": {"py/b64": "o8A="}, "fake": false}], [70379, {"py/object": "odf.components.Data", "data": {"py/b64": "7ec="}, "fake": false}], [70415, {"py/object": "odf.components.Data", "data": {"py/b64": "//8="}, "fake": true}], [70493, {"py/object": "odf.components.Data", "data": {"py/b64": "CcE="}, "fake": false}], [70600, {"py/object": "odf.components.Data", "data": {"py/b64": "4XY="}, "fake": false}], [70672, {"py/object": "odf.components.Data", "data": {"py/b64": "//8="}, "fake": true}], [70747, {"py/object": "odf.components.Data", "data": {"py/b64": "0EM="}, "fake": false}], [70879, {"py/object": "odf.components.Data", "data": {"py/b64": "FBA="}, "fake": false}], [70929, {"py/object": "odf.components.Data", "data": {"py/b64": "//8="}, "fake": true}], [71002, {"py/object": "odf.components.Data", "data": {"py/b64": "YcE="}, "fake": false}], [71116, {"py/object": "odf.components.Data", "data": {"py/b64": "AfI="}, "fake": false}], [71178, {"py/object": "odf.components.Data", "data": {"py/b64": "//8="}, "fake": true}], [71259, {"py/object": "odf.components.Data", "data": {"py/b64": "uEA="}, "fake": false}], [71402, {"py/object": "odf.components.Data", "data": {"py/b64": "v9Y="}, "fake": false}], [71437, {"py/object": "odf.components.Data", "data": {"py/b64": "//8="}, "fake": true}], [71514, {"py/object": "odf.components.Data", "data": {"py/b64": "oz4="}, "fake": false}], [71609, {"py/object": "odf.components.Data", "data": {"py/b64": "//8="}, "fake": true}], [71715, {"py/object": "odf.components.Data", "data": {"py/b64": "//8="}, "fake": true}], [71826, {"py/object": "odf.components.Data", "data": {"py/b64": "//8="}, "fake": true}], [71930, {"py/object": "odf.components.Data", "data": {"py/b64": "//8="}, "fake": true}], [72046, {"py/object": "odf.components.Data", "data": {"py/b64": "//8="}, "fake": true}], [72213, {"py/object": "odf.components.Status", "address": 6, "message_error_bit": "0", "instrumentation_bit": "0", "service_request_bit": "0", "reserved_bits": "000", "brdcst_received_bit": "0", "busy_bit": "0", "subsystem_flag_bit": "0", "dynamic_bus_control_accpt_bit": "0", "terminal_flag_bit": "1", "parity_bit": "1", "fake": false}], [72285, {"py/object": "odf.components.Command", "address": 8, "tr": 0, "sub_address": 2, "dword_count": 8, "parity": 0, "fake": false}], [72354, {"py/object": "odf.components.Command", "address": 7, "tr": 1, "sub_address": 2, "dword_count": 8, "parity": 0, "fake": false}], [72375, {"py/object": "odf.components.Data", "data": {"py/b64": "//8="}, "fake": true}], [72480, {"py/object": "odf.components.Data", "data": {"py/b64": "//8="}, "fake": true}], [72587, {"py/object": "odf.components.Data", "data": {"py/b64": "//8="}, "fake": true}], [72706, {"py/object": "odf.components.Data", "data": {"py/b64": "//8="}, "fake": true}], [72817, {"py/object": "odf.components.Data", "data": {"py/b64": "//8="}, "fake": true}], [72931, {"py/object": "odf.components.Data", "data": {"py/b64": "//8="}, "fake": true}], [73038, {"py/object": "odf.components.Data", "data": {"py/b64": "//8="}, "fake": true}], [73160, {"py/object": "odf.components.Data", "data": {"py/b64": "//8="}, "fake": true}], [73268, {"py/object": "odf.components.Data", "data": {"py/b64": "//8="}, "fake": true}], [73385, {"py/object": "odf.components.Data", "data": {"py/b64": "//8="}, "fake": true}], [73525, {"py/object": "odf.components.Data", "data": {"py/b64": "//8="}, "fake": true}], [73632, {"py/object": "odf.components.Data", "data": {"py/b64": "//8="}, "fake": true}], [73737, {"py/object": "odf.components.Data", "data": {"py/b64": "//8="}, "fake": true}], [74359, {"py/object": "odf.components.Status", "address": 7, "message_error_bit": "0", "instrumentation_bit": "0", "service_request_bit": "0", "reserved_bits": "000", "brdcst_received_bit": "0", "busy_bit": "0", "subsystem_flag_bit": "0", "dynamic_bus_control_accpt_bit": "0", "terminal_flag_bit": "1", "parity_bit": "1", "fake": false}], [74457, {"py/object": "odf.components.Data", "data": {"py/b64": "BwQ="}, "fake": false}], [74523, {"py/object": "odf.components.Data", "data": {"py/b64": "//8="}, "fake": true}], [74592, {"py/object": "odf.components.Data", "data": {"py/b64": "2L0="}, "fake": false}], [74668, {"py/object": "odf.components.Data", "data": {"py/b64": "/3Q="}, "fake": false}], [74744, {"py/object": "odf.components.Data", "data": {"py/b64": "//8="}, "fake": true}], [74813, {"py/object": "odf.components.Data", "data": {"py/b64": "5z4="}, "fake": false}], [74901, {"py/object": "odf.components.Data", "data": {"py/b64": "khE="}, "fake": false}], [74980, {"py/object": "odf.components.Data", "data": {"py/b64": "//8="}, "fake": true}], [75044, {"py/object": "odf.components.Data", "data": {"py/b64": "5zw="}, "fake": false}], [75161, {"py/object": "odf.components.Data", "data": {"py/b64": "CvU="}, "fake": false}], [75237, {"py/object": "odf.components.Data", "data": {"py/b64": "//8="}, "fake": true}], [75413, {"py/object": "odf.components.Status", "address": 8, "message_error_bit": "0", "instrumentation_bit": "0", "service_request_bit": "0", "reserved_bits": "000", "brdcst_received_bit": "0", "busy_bit": "0", "subsystem_flag_bit": "0", "dynamic_bus_control_accpt_bit": "0", "terminal_flag_bit": "1", "parity_bit": "1", "fake": false}], [75497, {"py/object": "odf.components.Command", "address": 10, "tr": 0, "sub_address": 2, "dword_count": 12, "parity": 0, "fake": false}], [75524, {"py/object": "odf.components.Data", "data": {"py/b64": "1bk="}, "fake": false}], [75547, {"py/object": "odf.components.Command", "address": 9, "tr": 1, "sub_address": 2, "dword_count": 12, "parity": 0, "fake": false}], [75627, {"py/object": "odf.components.Data", "data": {"py/b64": "//8="}, "fake": true}], [75736, {"py/object": "odf.components.Data", "data": {"py/b64": "//8="}, "fake": true}], [75851, {"py/object": "odf.components.Data", "data": {"py/b64": "//8="}, "fake": true}], [75960, {"py/object": "odf.components.Data", "data": {"py/b64": "//8="}, "fake": true}], [76072, {"py/object": "odf.components.Data", "data": {"py/b64": "//8="}, "fake": true}], [76181, {"py/object": "odf.components.Data", "data": {"py/b64": "//8="}, "fake": true}], [76291, {"py/object": "odf.components.Data", "data": {"py/b64": "//8="}, "fake": true}], [76401, {"py/object": "odf.components.Data", "data": {"py/b64": "//8="}, "fake": true}], [77600, {"py/object": "odf.components.Status", "address": 9, "message_error_bit": "0", "instrumentation_bit": "0", "service_request_bit": "0", "reserved_bits": "000", "brdcst_received_bit": "0", "busy_bit": "0", "subsystem_flag_bit": "0", "dynamic_bus_control_accpt_bit": "0", "terminal_flag_bit": "1", "parity_bit": "1", "fake": false}], [77700, {"py/object": "odf.components.Data", "data": {"py/b64": "66w="}, "fake": false}], [77786, {"py/object": "odf.components.Data", "data": {"py/b64": "//8="}, "fake": true}], [77866, {"py/object": "odf.components.Data", "data": {"py/b64": "B0I="}, "fake": false}], [77980, {"py/object": "odf.components.Data", "data": {"py/b64": "k+s="}, "fake": false}], [78047, {"py/object": "odf.components.Data", "data": {"py/b64": "//8="}, "fake": true}], [78119, {"py/object": "odf.components.Data", "data": {"py/b64": "7MI="}, "fake": false}], [78218, {"py/object": "odf.components.Data", "data": {"py/b64": "Guk="}, "fake": false}], [78298, {"py/object": "odf.components.Data", "data": {"py/b64": "//8="}, "fake": true}], [78376, {"py/object": "odf.components.Data", "data": {"py/b64": "A0Q="}, "fake": false}], [78495, {"py/object": "odf.components.Data", "data": {"py/b64": "yKw="}, "fake": false}], [78553, {"py/object": "odf.components.Data", "data": {"py/b64": "//8="}, "fake": true}], [78634, {"py/object": "odf.components.Data", "data": {"py/b64": "B0I="}, "fake": false}], [78739, {"py/object": "odf.components.Data", "data": {"py/b64": "nOs="}, "fake": false}], [78814, {"py/object": "odf.components.Data", "data": {"py/b64": "//8="}, "fake": true}], [78892, {"py/object": "odf.components.Data", "data": {"py/b64": "7MI="}, "fake": false}], [79013, {"py/object": "odf.components.Data", "data": {"py/b64": "Ico="}, "fake": false}], [79066, {"py/object": "odf.components.Data", "data": {"py/b64": "//8="}, "fake": true}], [79148, {"py/object": "odf.components.Data", "data": {"py/b64": "2EQ="}, "fake": false}], [79247, {"py/object": "odf.components.Data", "data": {"py/b64": "//8="}, "fake": true}], [79358, {"py/object": "odf.components.Data", "data": {"py/b64": "//8="}, "fake": true}], [79475, {"py/object": "odf.components.Data", "data": {"py/b64": "//8="}, "fake": true}], [79582, {"py/object": "odf.components.Data", "data": {"py/b64": "//8="}, "fake": true}], [79700, {"py/object": "odf.components.Data", "data": {"py/b64": "//8="}, "fake": true}], [79806, {"py/object": "odf.components.Data", "data": {"py/b64": "//8="}, "fake": true}], [79931, {"py/object": "odf.components.Data", "data": {"py/b64": "//8="}, "fake": true}], [80066, {"py/object": "odf.components.Status", "address": 10, "message_error_bit": "0", "instrumentation_bit": "0", "service_request_bit": "0", "reserved_bits": "000", "brdcst_received_bit": "0", "busy_bit": "0", "subsystem_flag_bit": "0", "dynamic_bus_control_accpt_bit": "0", "terminal_flag_bit": "1", "parity_bit": "1", "fake": false}], [80146, {"py/object": "odf.components.Command", "address": 12, "tr": 0, "sub_address": 2, "dword_count": 16, "parity": 0, "fake": false}], [80169, {"py/object": "odf.components.Command", "address": 11, "tr": 1, "sub_address": 2, "dword_count": 16, "parity": 0, "fake": false}], [80292, {"py/object": "odf.components.Data", "data": {"py/b64": "//8="}, "fake": true}], [80401, {"py/object": "odf.components.Data", "data": {"py/b64": "//8="}, "fake": true}], [80511, {"py/object": "odf.components.Data", "data": {"py/b64": "//8="}, "fake": true}], [82232, {"py/object": "odf.components.Status", "address": 11, "message_error_bit": "0", "instrumentation_bit": "0", "service_request_bit": "0", "reserved_bits": "000", "brdcst_received_bit": "0", "busy_bit": "0", "subsystem_flag_bit": "0", "dynamic_bus_control_accpt_bit": "0", "terminal_flag_bit": "1", "parity_bit": "1", "fake": false}], [82331, {"py/object": "odf.components.Data", "data": {"py/b64": "BHY="}, "fake": false}], [82419, {"py/object": "odf.components.Data", "data": {"py/b64": "//8="}, "fake": true}], [82491, {"py/object": "odf.components.Data", "data": {"py/b64": "Ezs="}, "fake": false}], [82591, {"py/object": "odf.components.Data", "data": {"py/b64": "IAo="}, "fake": false}], [82682, {"py/object": "odf.components.Data", "data": {"py/b64": "//8="}, "fake": true}], [82753, {"py/object": "odf.components.Data", "data": {"py/b64": "NUE="}, "fake": false}], [82853, {"py/object": "odf.components.Data", "data": {"py/b64": "H5k="}, "fake": false}], [82954, {"py/object": "odf.components.Data", "data": {"py/b64": "//8="}, "fake": true}], [83016, {"py/object": "odf.components.Data", "data": {"py/b64": "30E="}, "fake": false}], [83109, {"py/object": "odf.components.Data", "data": {"py/b64": "lcU="}, "fake": false}], [83198, {"py/object": "odf.components.Data", "data": {"py/b64": "//8="}, "fake": true}], [83273, {"py/object": "odf.components.Data", "data": {"py/b64": "n0A="}, "fake": false}], [83372, {"py/object": "odf.components.Data", "data": {"py/b64": "IYk="}, "fake": false}], [83519, {"py/object": "odf.components.Data", "data": {"py/b64": "//8="}, "fake": true}], [83554, {"py/object": "odf.components.Data", "data": {"py/b64": "JUA="}, "fake": false}], [83636, {"py/object": "odf.components.Data", "data": {"py/b64": "l6s="}, "fake": false}], [83722, {"py/object": "odf.components.Data", "data": {"py/b64": "//8="}, "fake": true}], [83796, {"py/object": "odf.components.Data", "data": {"py/b64": "Zj0="}, "fake": false}], [83895, {"py/object": "odf.components.Data", "data": {"py/b64": "BL8="}, "fake": false}], [83995, {"py/object": "odf.components.Data", "data": {"py/b64": "//8="}, "fake": true}], [84056, {"py/object": "odf.components.Data", "data": {"py/b64": "Vj0="}, "fake": false}], [84148, {"py/object": "odf.components.Data", "data": {"py/b64": "d60="}, "fake": false}], [84234, {"py/object": "odf.components.Data", "data": {"py/b64": "//8="}, "fake": true}], [84300, {"py/object": "odf.components.Data", "data": {"py/b64": "nUE="}, "fake": false}], [84404, {"py/object": "odf.components.Data", "data": {"py/b64": "//8="}, "fake": true}], [84516, {"py/object": "odf.components.Data", "data": {"py/b64": "//8="}, "fake": true}], [84636, {"py/object": "odf.components.Data", "data": {"py/b64": "//8="}, "fake": true}], [84734, {"py/object": "odf.components.Data", "data": {"py/b64": "//8="}, "fake": true}], [84849, {"py/object": "odf.components.Data", "data": {"py/b64": "//8="}, "fake": true}], [84958, {"py/object": "odf.components.Data", "data": {"py/b64": "//8="}, "fake": true}], [85052, {"py/object": "odf.components.Data", "data": {"py/b64": "//8="}, "fake": true}], [85146, {"py/object": "odf.components.Data", "data": {"py/b64": "//8="}, "fake": true}], [85247, {"py/object": "odf.components.Data", "data": {"py/b64": "//8="}, "fake": true}], [85508, {"py/object": "odf.components.Status", "address": 12, "message_error_bit": "0", "instrumentation_bit": "0", "service_request_bit": "0", "reserved_bits": "000", "brdcst_received_bit": "0", "busy_bit": "0", "subsystem_flag_bit": "0", "dynamic_bus_control_accpt_bit": "0", "terminal_flag_bit": "1", "parity_bit": "1", "fake": false}], [85710, {"py/object": "odf.components.Command", "address": 1, "tr": 0, "sub_address": 2, "dword_count": 4, "parity": 0, "fake": false}], [85773, {"py/object": "odf.components.Data", "data": {"py/b64": "AAA="}, "fake": false}], [85799, {"py/object": "odf.components.Data", "data": {"py/b64": "AAA="}, "fake": false}], [85864, {"py/object": "odf.components.Data", "data": {"py/b64": "AAA="}, "fake": false}], [85888, {"py/object": "odf.components.Data", "data": {"py/b64": "AAA="}, "fake": false}], [85910, {"py/object": "odf.components.Data", "data": {"py/b64": "//8="}, "fake": true}], [85993, {"py/object": "odf.components.Data", "data": {"py/b64": "//8="}, "fake": true}], [86101, {"py/object": "odf.components.Data", "data": {"py/b64": "//8="}, "fake": true}], [86208, {"py/object": "odf.components.Data", "data": {"py/b64": "//8="}, "fake": true}], [86317, {"py/object": "odf.components.Data", "data": {"py/b64": "//8="}, "fake": true}], [86424, {"py/object": "odf.components.Data", "data": {"py/b64": "//8="}, "fake": true}], [87894, {"py/object": "odf.components.Status", "address": 1, "message_error_bit": "0", "instrumentation_bit": "0", "service_request_bit": "0", "reserved_bits": "000", "brdcst_received_bit": "0", "busy_bit": "0", "subsystem_flag_bit": "0", "dynamic_bus_control_accpt_bit": "0", "terminal_flag_bit": "1", "parity_bit": "1", "fake": false}], [88078, {"py/object": "odf.components.Command", "address": 31, "tr": 0, "sub_address": 2, "dword_count": 1, "parity": 0, "fake": false}], [88149, {"py/object": "odf.components.Data", "data": {"py/b64": "//8="}, "fake": false}], [88188, {"py/object": "odf.components.Command", "address": 4, "tr": 0, "sub_address": 2, "dword_count": 18, "parity": 0, "fake": false}], [88244, {"py/object": "odf.components.Command", "address": 3, "tr": 1, "sub_address": 2, "dword_count": 18, "parity": 0, "fake": false}], [88266, {"py/object": "odf.components.Data", "data": {"py/b64": "//8="}, "fake": true}], [88364, {"py/object": "odf.components.Data", "data": {"py/b64": "//8="}, "fake": true}], [88480, {"py/object": "odf.components.Data", "data": {"py/b64": "//8="}, "fake": true}], [88590, {"py/object": "odf.components.Data", "data": {"py/b64": "//8="}, "fake": true}], [90236, {"py/object": "odf.components.Status", "address": 3, "message_error_bit": "0", "instrumentation_bit": "0", "service_request_bit": "0", "reserved_bits": "000", "brdcst_received_bit": "0", "busy_bit": "0", "subsystem_flag_bit": "0", "dynamic_bus_control_accpt_bit": "0", "terminal_flag_bit": "1", "parity_bit": "1", "fake": false}], [90335, {"py/object": "odf.components.Data", "data": {"py/b64": "QQY="}, "fake": false}], [90426, {"py/object": "odf.components.Data", "data": {"py/b64": "//8="}, "fake": true}], [90504, {"py/object": "odf.components.Data", "data": {"py/b64": "ekM="}, "fake": false}], [90611, {"py/object": "odf.components.Data", "data": {"py/b64": "7QQ="}, "fake": false}], [90694, {"py/object": "odf.components.Data", "data": {"py/b64": "//8="}, "fake": true}], [90775, {"py/object": "odf.components.Data", "data": {"py/b64": "AUU="}, "fake": false}], [90873, {"py/object": "odf.components.Data", "data": {"py/b64": "IS0="}, "fake": false}], [90961, {"py/object": "odf.components.Data", "data": {"py/b64": "//8="}, "fake": true}], [91038, {"py/object": "odf.components.Data", "data": {"py/b64": "A0U="}, "fake": false}], [91141, {"py/object": "odf.components.Data", "data": {"py/b64": "+3s="}, "fake": false}], [91223, {"py/object": "odf.components.Data", "data": {"py/b64": "//8="}, "fake": true}], [91305, {"py/object": "odf.components.Data", "data": {"py/b64": "D0M="}, "fake": false}], [91405, {"py/object": "odf.components.Data", "data": {"py/b64": "i30="}, "fake": false}], [91499, {"py/object": "odf.components.Data", "data": {"py/b64": "//8="}, "fake": true}], [91577, {"py/object": "odf.components.Data", "data": {"py/b64": "QkA="}, "fake": false}], [91686, {"py/object": "odf.components.Data", "data": {"py/b64": "xmw="}, "fake": false}], [91758, {"py/object": "odf.components.Data", "data": {"py/b64": "//8="}, "fake": true}], [91840, {"py/object": "odf.components.Data", "data": {"py/b64": "QkA="}, "fake": false}], [91935, {"py/object": "odf.components.Data", "data": {"py/b64": "yQA="}, "fake": false}], [92018, {"py/object": "odf.components.Data", "data": {"py/b64": "//8="}, "fake": true}], [92094, {"py/object": "odf.components.Data", "data": {"py/b64": "Q0A="}, "fake": false}], [92198, {"py/object": "odf.components.Data", "data": {"py/b64": "T9s="}, "fake": false}], [92277, {"py/object": "odf.components.Data", "data": {"py/b64": "//8="}, "fake": true}], [92354, {"py/object": "odf.components.Data", "data": {"py/b64": "1EM="}, "fake": false}], [92452, {"py/object": "odf.components.Data", "data": {"py/b64": "tww="}, "fake": false}], [92542, {"py/object": "odf.components.Data", "data": {"py/b64": "//8="}, "fake": true}], [92613, {"py/object": "odf.components.Data", "data": {"py/b64": "OkQ="}, "fake": false}], [92711, {"py/object": "odf.components.Data", "data": {"py/b64": "//8="}, "fake": true}], [92829, {"py/object": "odf.components.Data", "data": {"py/b64": "//8="}, "fake": true}], [92939, {"py/object": "odf.components.Data", "data": {"py/b64": "//8="}, "fake": true}], [93048, {"py/object": "odf.components.Data", "data": {"py/b64": "//8="}, "fake": true}], [93161, {"py/object": "odf.components.Data", "data": {"py/b64": "//8="}, "fake": true}], [93238, {"py/object": "odf.components.Data", "data": {"py/b64": "//8="}, "fake": true}], [93377, {"py/object": "odf.components.Data", "data": {"py/b64": "//8="}, "fake": true}], [93467, {"py/object": "odf.components.Data", "data": {"py/b64": "//8="}, "fake": true}], [93635, {"py/object": "odf.components.Status", "address": 4, "message_error_bit": "0", "instrumentation_bit": "0", "service_request_bit": "0", "reserved_bits": "000", "brdcst_received_bit": "0", "busy_bit": "0", "subsystem_flag_bit": "0", "dynamic_bus_control_accpt_bit": "0", "terminal_flag_bit": "1", "parity_bit": "1", "fake": false}], [93696, {"py/object": "odf.components.Command", "address": 6, "tr": 0, "sub_address": 2, "dword_count": 28, "parity": 0, "fake": false}], [93759, {"py/object": "odf.components.Command", "address": 5, "tr": 1, "sub_address": 2, "dword_count": 28, "parity": 0, "fake": false}], [93793, {"py/object": "odf.components.Data", "data": {"py/b64": "//8="}, "fake": true}], [93911, {"py/object": "odf.components.Data", "data": {"py/b64": "//8="}, "fake": true}], [94072, {"py/object": "odf.components.Data", "data": {"py/b64": "//8="}, "fake": true}], [94181, {"py/object": "odf.components.Data", "data": {"py/b64": "//8="}, "fake": true}], [94283, {"py/object": "odf.components.Data", "data": {"py/b64": "//8="}, "fake": true}], [95777, {"py/object": "odf.components.Status", "address": 5, "message_error_bit": "0", "instrumentation_bit": "0", "service_request_bit": "0", "reserved_bits": "000", "brdcst_received_bit": "0", "busy_bit": "0", "subsystem_flag_bit": "0", "dynamic_bus_control_accpt_bit": "0", "terminal_flag_bit": "1", "parity_bit": "1", "fake": false}], [95873, {"py/object": "odf.components.Data", "data": {"py/b64": "dtg="}, "fake": false}], [95969, {"py/object": "odf.components.Data", "data": {"py/b64": "//8="}, "fake": true}], [96036, {"py/object": "odf.components.Data", "data": {"py/b64": "fUM="}, "fake": false}], [96136, {"py/object": "odf.components.Data", "data": {"py/b64": "wuk="}, "fake": false}], [96224, {"py/object": "odf.components.Data", "data": {"py/b64": "//8="}, "fake": true}], [96301, {"py/object": "odf.components.Data", "data": {"py/b64": "1kM="}, "fake": false}], [96401, {"py/object": "odf.components.Data", "data": {"py/b64": "H5k="}, "fake": false}], [96492, {"py/object": "odf.components.Data", "data": {"py/b64": "//8="}, "fake": true}], [96562, {"py/object": "odf.components.Data", "data": {"py/b64": "MkI="}, "fake": false}], [96662, {"py/object": "odf.components.Data", "data": {"py/b64": "UCk="}, "fake": false}], [96746, {"py/object": "odf.components.Data", "data": {"py/b64": "//8="}, "fake": true}], [96831, {"py/object": "odf.components.Data", "data": {"py/b64": "CUI="}, "fake": false}], [96928, {"py/object": "odf.components.Data", "data": {"py/b64": "dwo="}, "fake": false}], [97010, {"py/object": "odf.components.Data", "data": {"py/b64": "//8="}, "fake": true}], [97079, {"py/object": "odf.components.Data", "data": {"py/b64": "1cM="}, "fake": false}], [97181, {"py/object": "odf.components.Data", "data": {"py/b64": "itI="}, "fake": false}], [97262, {"py/object": "odf.components.Data", "data": {"py/b64": "//8="}, "fake": true}], [97344, {"py/object": "odf.components.Data", "data": {"py/b64": "ckE="}, "fake": false}], [97440, {"py/object": "odf.components.Data", "data": {"py/b64": "pdg="}, "fake": false}], [97531, {"py/object": "odf.components.Data", "data": {"py/b64": "//8="}, "fake": true}], [97603, {"py/object": "odf.components.Data", "data": {"py/b64": "vL0="}, "fake": false}], [97698, {"py/object": "odf.components.Data", "data": {"py/b64": "aXc="}, "fake": false}], [97785, {"py/object": "odf.components.Data", "data": {"py/b64": "//8="}, "fake": true}], [97868, {"py/object": "odf.components.Data", "data": {"py/b64": "mD8="}, "fake": false}], [97967, {"py/object": "odf.components.Data", "data": {"py/b64": "b3M="}, "fake": false}], [98050, {"py/object": "odf.components.Data", "data": {"py/b64": "//8="}, "fake": true}], [98127, {"py/object": "odf.components.Data", "data": {"py/b64": "9sA="}, "fake": false}], [98237, {"py/object": "odf.components.Data", "data": {"py/b64": "5C8="}, "fake": false}], [98310, {"py/object": "odf.components.Data", "data": {"py/b64": "//8="}, "fake": true}], [98396, {"py/object": "odf.components.Data", "data": {"py/b64": "BcE="}, "fake": false}], [98497, {"py/object": "odf.components.Data", "data": {"py/b64": "yuo="}, "fake": false}], [98581, {"py/object": "odf.components.Data", "data": {"py/b64": "//8="}, "fake": true}], [98659, {"py/object": "odf.components.Data", "data": {"py/b64": "1kM="}, "fake": false}], [98790, {"py/object": "odf.components.Data", "data": {"py/b64": "fmU="}, "fake": false}], [98838, {"py/object": "odf.components.Data", "data": {"py/b64": "//8="}, "fake": true}], [98919, {"py/object": "odf.components.Data", "data": {"py/b64": "WME="}, "fake": false}], [99042, {"py/object": "odf.components.Data", "data": {"py/b64": "x04="}, "fake": false}], [99099, {"py/object": "odf.components.Data", "data": {"py/b64": "//8="}, "fake": true}], [99181, {"py/object": "odf.components.Data", "data": {"py/b64": "0EA="}, "fake": false}], [99325, {"py/object": "odf.components.Data", "data": {"py/b64": "xFc="}, "fake": false}], [99360, {"py/object": "odf.components.Data", "data": {"py/b64": "//8="}, "fake": true}], [99439, {"py/object": "odf.components.Data", "data": {"py/b64": "zj4="}, "fake": false}], [99536, {"py/object": "odf.components.Data", "data": {"py/b64": "//8="}, "fake": true}], [99646, {"py/object": "odf.components.Data", "data": {"py/b64": "//8="}, "fake": true}], [99767, {"py/object": "odf.components.Data", "data": {"py/b64": "//8="}, "fake": true}], [99926, {"py/object": "odf.components.Status", "address": 6, "message_error_bit": "0", "instrumentation_bit": "0", "service_request_bit": "0", "reserved_bits": "000", "brdcst_received_bit": "0", "busy_bit": "0", "subsystem_flag_bit": "0", "dynamic_bus_control_accpt_bit": "0", "terminal_flag_bit": "1", "parity_bit": "1", "fake": false}], [99995, {"py/object": "odf.components.Command", "address": 8, "tr": 0, "sub_address": 2, "dword_count": 8, "parity": 0, "fake": false}], [100027, {"py/object": "odf.components.Command", "address": 7, "tr": 1, "sub_address": 2, "dword_count": 8, "parity": 0, "fake": false}], [100090, {"py/object": "odf.components.Data", "data": {"py/b64": "//8="}, "fake": true}], [100207, {"py/object": "odf.components.Data", "data": {"py/b64": "//8="}, "fake": true}], [100318, {"py/object": "odf.components.Data", "data": {"py/b64": "//8="}, "fake": true}], [100435, {"py/object": "odf.components.Data", "data": {"py/b64": "//8="}, "fake": true}], [100544, {"py/object": "odf.components.Data", "data": {"py/b64": "//8="}, "fake": true}], [100661, {"py/object": "odf.components.Data", "data": {"py/b64": "//8="}, "fake": true}], [100770, {"py/object": "odf.components.Data", "data": {"py/b64": "//8="}, "fake": true}], [100887, {"py/object": "odf.components.Data", "data": {"py/b64": "//8="}, "fake": true}], [100998, {"py/object": "odf.components.Data", "data": {"py/b64": "//8="}, "fake": true}], [101116, {"py/object": "odf.components.Data", "data": {"py/b64": "//8="}, "fake": true}], [101224, {"py/object": "odf.components.Data", "data": {"py/b64": "//8="}, "fake": true}], [101340, {"py/object": "odf.components.Data", "data": {"py/b64": "//8="}, "fake": true}], [101471, {"py/object": "odf.components.Data", "data": {"py/b64": "//8="}, "fake": true}], [101581, {"py/object": "odf.components.Data", "data": {"py/b64": "//8="}, "fake": true}], [101688, {"py/object": "odf.components.Data", "data": {"py/b64": "//8="}, "fake": true}], [102083, {"py/object": "odf.components.Status", "address": 7, "message_error_bit": "0", "instrumentation_bit": "0", "service_request_bit": "0", "reserved_bits": "000", "brdcst_received_bit": "0", "busy_bit": "0", "subsystem_flag_bit": "0", "dynamic_bus_control_accpt_bit": "0", "terminal_flag_bit": "1", "parity_bit": "1", "fake": false}], [102179, {"py/object": "odf.components.Data", "data": {"py/b64": "19Q="}, "fake": false}], [102275, {"py/object": "odf.components.Data", "data": {"py/b64": "//8="}, "fake": true}], [102344, {"py/object": "odf.components.Data", "data": {"py/b64": "1b0="}, "fake": false}], [102440, {"py/object": "odf.components.Data", "data": {"py/b64": "CV4="}, "fake": false}], [102525, {"py/object": "odf.components.Data", "data": {"py/b64": "//8="}, "fake": true}], [102603, {"py/object": "odf.components.Data", "data": {"py/b64": "4j4="}, "fake": false}], [102701, {"py/object": "odf.components.Data", "data": {"py/b64": "xIE="}, "fake": false}], [102781, {"py/object": "odf.components.Data", "data": {"py/b64": "//8="}, "fake": true}], [102855, {"py/object": "odf.components.Data", "data": {"py/b64": "5Dw="}, "fake": false}], [103016, {"py/object": "odf.components.Data", "data": {"py/b64": "AdE="}, "fake": false}], [103188, {"py/object": "odf.components.Status", "address": 8, "message_error_bit": "0", "instrumentation_bit": "0", "service_request_bit": "0", "reserved_bits": "000", "brdcst_received_bit": "0", "busy_bit": "0", "subsystem_flag_bit": "0", "dynamic_bus_control_accpt_bit": "0", "terminal_flag_bit": "1", "parity_bit": "1", "fake": false}], [103258, {"py/object": "odf.components.Command", "address": 10, "tr": 0, "sub_address": 2, "dword_count": 12, "parity": 0, "fake": false}], [103307, {"py/object": "odf.components.Data", "data": {"py/b64": "//8="}, "fake": true}], [103330, {"py/object": "odf.components.Command", "address": 9, "tr": 1, "sub_address": 2, "dword_count": 12, "parity": 0, "fake": false}], [103361, {"py/object": "odf.components.Data", "data": {"py/b64": "Yjk="}, "fake": false}], [103425, {"py/object": "odf.components.Data", "data": {"py/b64": "//8="}, "fake": true}], [103535, {"py/object": "odf.components.Data", "data": {"py/b64": "//8="}, "fake": true}], [103654, {"py/object": "odf.components.Data", "data": {"py/b64": "//8="}, "fake": true}], [103763, {"py/object": "odf.components.Data", "data": {"py/b64": "//8="}, "fake": true}], [103874, {"py/object": "odf.components.Data", "data": {"py/b64": "//8="}, "fake": true}], [103982, {"py/object": "odf.components.Data", "data": {"py/b64": "//8="}, "fake": true}], [104099, {"py/object": "odf.components.Data", "data": {"py/b64": "//8="}, "fake": true}], [104212, {"py/object": "odf.components.Data", "data": {"py/b64": "//8="}, "fake": true}], [105315, {"py/object": "odf.components.Status", "address": 9, "message_error_bit": "0", "instrumentation_bit": "0", "service_request_bit": "0", "reserved_bits": "000", "brdcst_received_bit": "0", "busy_bit": "0", "subsystem_flag_bit": "0", "dynamic_bus_control_accpt_bit": "0", "terminal_flag_bit": "1", "parity_bit": "1", "fake": false}], [105411, {"py/object": "odf.components.Data", "data": {"py/b64": "5Yw="}, "fake": false}], [105511, {"py/object": "odf.components.Data", "data": {"py/b64": "//8="}, "fake": true}], [105585, {"py/object": "odf.components.Data", "data": {"py/b64": "B0I="}, "fake": false}], [105680, {"py/object": "odf.components.Data", "data": {"py/b64": "wOs="}, "fake": false}], [105767, {"py/object": "odf.components.Data", "data": {"py/b64": "//8="}, "fake": true}], [105839, {"py/object": "odf.components.Data", "data": {"py/b64": "7MI="}, "fake": false}], [105921, {"py/object": "odf.components.Data", "data": {"py/b64": "S20="}, "fake": false}], [105992, {"py/object": "odf.components.Data", "data": {"py/b64": "//8="}, "fake": true}], [106063, {"py/object": "odf.components.Data", "data": {"py/b64": "TEQ="}, "fake": false}], [106149, {"py/object": "odf.components.Data", "data": {"py/b64": "x4w="}, "fake": false}], [106230, {"py/object": "odf.components.Data", "data": {"py/b64": "//8="}, "fake": true}], [106306, {"py/object": "odf.components.Data", "data": {"py/b64": "B0I="}, "fake": false}], [106407, {"py/object": "odf.components.Data", "data": {"py/b64": "s+s="}, "fake": false}], [106511, {"py/object": "odf.components.Data", "data": {"py/b64": "//8="}, "fake": true}], [106574, {"py/object": "odf.components.Data", "data": {"py/b64": "7MI="}, "fake": false}], [106667, {"py/object": "odf.components.Data", "data": {"py/b64": "nOc="}, "fake": false}], [106750, {"py/object": "odf.components.Data", "data": {"py/b64": "//8="}, "fake": true}], [106828, {"py/object": "odf.components.Data", "data": {"py/b64": "J0U="}, "fake": false}], [106935, {"py/object": "odf.components.Data", "data": {"py/b64": "//8="}, "fake": true}], [107035, {"py/object": "odf.components.Data", "data": {"py/b64": "//8="}, "fake": true}], [107122, {"py/object": "odf.components.Data", "data": {"py/b64": "//8="}, "fake": true}], [107230, {"py/object": "odf.components.Data", "data": {"py/b64": "//8="}, "fake": true}], [107328, {"py/object": "odf.components.Data", "data": {"py/b64": "//8="}, "fake": true}], [107438, {"py/object": "odf.components.Data", "data": {"py/b64": "//8="}, "fake": true}], [107559, {"py/object": "odf.components.Data", "data": {"py/b64": "//8="}, "fake": true}], [107685, {"py/object": "odf.components.Status", "address": 10, "message_error_bit": "0", "instrumentation_bit": "0", "service_request_bit": "0", "reserved_bits": "000", "brdcst_received_bit": "0", "busy_bit": "0", "subsystem_flag_bit": "0", "dynamic_bus_control_accpt_bit": "0", "terminal_flag_bit": "1", "parity_bit": "1", "fake": false}], [107779, {"py/object": "odf.components.Command", "address": 12, "tr": 0, "sub_address": 2, "dword_count": 16, "parity": 0, "fake": false}], [107806, {"py/object": "odf.components.Command", "address": 11, "tr": 1, "sub_address": 2, "dword_count": 16, "parity": 0, "fake": false}], [107927, {"py/object": "odf.components.Data", "data": {"py/b64": "//8="}, "fake": true}], [108039, {"py/object": "odf.components.Data", "data": {"py/b64": "//8="}, "fake": true}], [108157, {"py/object": "odf.components.Data", "data": {"py/b64": "//8="}, "fake": true}], [109878, {"py/object": "odf.components.Status", "address": 11, "message_error_bit": "0", "instrumentation_bit": "0", "service_request_bit": "0", "reserved_bits": "000", "brdcst_received_bit": "0", "busy_bit": "0", "subsystem_flag_bit": "0", "dynamic_bus_control_accpt_bit": "0", "terminal_flag_bit": "1", "parity_bit": "1", "fake": false}], [109970, {"py/object": "odf.components.Data", "data": {"py/b64": "k08="}, "fake": false}], [110066, {"py/object": "odf.components.Data", "data": {"py/b64": "//8="}, "fake": true}], [110136, {"py/object": "odf.components.Data", "data": {"py/b64": "Dzs="}, "fake": false}], [110234, {"py/object": "odf.components.Data", "data": {"py/b64": "wJs="}, "fake": false}], [110323, {"py/object": "odf.components.Data", "data": {"py/b64": "//8="}, "fake": true}], [110399, {"py/object": "odf.components.Data", "data": {"py/b64": "FkE="}, "fake": false}], [110496, {"py/object": "odf.components.Data", "data": {"py/b64": "cvY="}, "fake": false}], [110605, {"py/object": "odf.components.Data", "data": {"py/b64": "//8="}, "fake": true}], [110667, {"py/object": "odf.components.Data", "data": {"py/b64": "10E="}, "fake": false}], [110762, {"py/object": "odf.components.Data", "data": {"py/b64": "tEM="}, "fake": false}], [110856, {"py/object": "odf.components.Data", "data": {"py/b64": "//8="}, "fake": true}], [110926, {"py/object": "odf.components.Data", "data": {"py/b64": "p0A="}, "fake": false}], [111026, {"py/object": "odf.components.Data", "data": {"py/b64": "lAo="}, "fake": false}], [111147, {"py/object": "odf.components.Data", "data": {"py/b64": "//8="}, "fake": true}], [111205, {"py/object": "odf.components.Data", "data": {"py/b64": "KUA="}, "fake": false}], [111310, {"py/object": "odf.components.Data", "data": {"py/b64": "Mmg="}, "fake": false}], [111406, {"py/object": "odf.components.Data", "data": {"py/b64": "//8="}, "fake": true}], [111484, {"py/object": "odf.components.Data", "data": {"py/b64": "K74="}, "fake": false}], [111581, {"py/object": "odf.components.Data", "data": {"py/b64": "hVA="}, "fake": false}], [111675, {"py/object": "odf.components.Data", "data": {"py/b64": "//8="}, "fake": true}], [111747, {"py/object": "odf.components.Data", "data": {"py/b64": "Fb0="}, "fake": false}], [111842, {"py/object": "odf.components.Data", "data": {"py/b64": "t2s="}, "fake": false}], [111938, {"py/object": "odf.components.Data", "data": {"py/b64": "//8="}, "fake": true}], [112020, {"py/object": "odf.components.Data", "data": {"py/b64": "kEE="}, "fake": false}], [112133, {"py/object": "odf.components.Data", "data": {"py/b64": "//8="}, "fake": true}], [112246, {"py/object": "odf.components.Data", "data": {"py/b64": "//8="}, "fake": true}], [112368, {"py/object": "odf.components.Data", "data": {"py/b64": "//8="}, "fake": true}], [112490, {"py/object": "odf.components.Data", "data": {"py/b64": "//8="}, "fake": true}], [112609, {"py/object": "odf.components.Data", "data": {"py/b64": "//8="}, "fake": true}], [112722, {"py/object": "odf.components.Data", "data": {"py/b64": "//8="}, "fake": true}], [112839, {"py/object": "odf.components.Data", "data": {"py/b64": "//8="}, "fake": true}], [112956, {"py/object": "odf.components.Data", "data": {"py/b64": "//8="}, "fake": true}], [113051, {"py/object": "odf.components.Data", "data": {"py/b64": "//8="}, "fake": true}], [113195, {"py/object": "odf.components.Status", "address": 12, "message_error_bit": "0", "instrumentation_bit": "0", "service_request_bit": "0", "reserved_bits": "000", "brdcst_received_bit": "0", "busy_bit": "0", "subsystem_flag_bit": "0", "dynamic_bus_control_accpt_bit": "0", "terminal_flag_bit": "1", "parity_bit": "1", "fake": false}], [113395, {"py/object": "odf.components.Command", "address": 1, "tr": 0, "sub_address": 2, "dword_count": 4, "parity": 0, "fake": false}], [113461, {"py/object": "odf.components.Data", "data": {"py/b64": "AAA="}, "fake": false}], [113484, {"py/object": "odf.components.Data", "data": {"py/b64": "AAA="}, "fake": false}], [113506, {"py/object": "odf.components.Data", "data": {"py/b64": "AAA="}, "fake": false}], [113530, {"py/object": "odf.components.Data", "data": {"py/b64": "AAA="}, "fake": false}], [113624, {"py/object": "odf.components.Data", "data": {"py/b64": "//8="}, "fake": true}], [113734, {"py/object": "odf.components.Data", "data": {"py/b64": "//8="}, "fake": true}], [113842, {"py/object": "odf.components.Data", "data": {"py/b64": "//8="}, "fake": true}], [113953, {"py/object": "odf.components.Data", "data": {"py/b64": "//8="}, "fake": true}], [114061, {"py/object": "odf.components.Data", "data": {"py/b64": "//8="}, "fake": true}], [114160, {"py/object": "odf.components.Data", "data": {"py/b64": "//8="}, "fake": true}], [115566, {"py/object": "odf.components.Status", "address": 1, "message_error_bit": "0", "instrumentation_bit": "0", "service_request_bit": "0", "reserved_bits": "000", "brdcst_received_bit": "0", "busy_bit": "0", "subsystem_flag_bit": "0", "dynamic_bus_control_accpt_bit": "0", "terminal_flag_bit": "1", "parity_bit": "1", "fake": false}], [115748, {"py/object": "odf.components.Command", "address": 31, "tr": 0, "sub_address": 2, "dword_count": 1, "parity": 0, "fake": false}], [115842, {"py/object": "odf.components.Data", "data": {"py/b64": "//8="}, "fake": false}], [115882, {"py/object": "odf.components.Command", "address": 4, "tr": 0, "sub_address": 2, "dword_count": 18, "parity": 0, "fake": false}], [115938, {"py/object": "odf.components.Command", "address": 3, "tr": 1, "sub_address": 2, "dword_count": 18, "parity": 0, "fake": false}], [115960, {"py/object": "odf.components.Data", "data": {"py/b64": "//8="}, "fake": true}], [116054, {"py/object": "odf.components.Data", "data": {"py/b64": "//8="}, "fake": true}], [116180, {"py/object": "odf.components.Data", "data": {"py/b64": "//8="}, "fake": true}], [116293, {"py/object": "odf.components.Data", "data": {"py/b64": "//8="}, "fake": true}], [117935, {"py/object": "odf.components.Status", "address": 3, "message_error_bit": "0", "instrumentation_bit": "0", "service_request_bit": "0", "reserved_bits": "000", "brdcst_received_bit": "0", "busy_bit": "0", "subsystem_flag_bit": "0", "dynamic_bus_control_accpt_bit": "0", "terminal_flag_bit": "1", "parity_bit": "1", "fake": false}], [118035, {"py/object": "odf.components.Data", "data": {"py/b64": "GHw="}, "fake": false}], [118128, {"py/object": "odf.components.Data", "data": {"py/b64": "//8="}, "fake": true}], [118199, {"py/object": "odf.components.Data", "data": {"py/b64": "eUM="}, "fake": false}], [118299, {"py/object": "odf.components.Data", "data": {"py/b64": "ejY="}, "fake": false}], [118383, {"py/object": "odf.components.Data", "data": {"py/b64": "//8="}, "fake": true}], [118465, {"py/object": "odf.components.Data", "data": {"py/b64": "/0Q="}, "fake": false}], [118560, {"py/object": "odf.components.Data", "data": {"py/b64": "v9w="}, "fake": false}], [118651, {"py/object": "odf.components.Data", "data": {"py/b64": "//8="}, "fake": true}], [118725, {"py/object": "odf.components.Data", "data": {"py/b64": "PkU="}, "fake": false}], [118824, {"py/object": "odf.components.Data", "data": {"py/b64": "tt8="}, "fake": false}], [118910, {"py/object": "odf.components.Data", "data": {"py/b64": "//8="}, "fake": true}], [118986, {"py/object": "odf.components.Data", "data": {"py/b64": "wkI="}, "fake": false}], [119137, {"py/object": "odf.components.Data", "data": {"py/b64": "dtc="}, "fake": false}], [119208, {"py/object": "odf.components.Data", "data": {"py/b64": "//8="}, "fake": true}], [119262, {"py/object": "odf.components.Data", "data": {"py/b64": "A0A="}, "fake": false}], [119354, {"py/object": "odf.components.Data", "data": {"py/b64": "7MI="}, "fake": false}], [119440, {"py/object": "odf.components.Data", "data": {"py/b64": "//8="}, "fake": true}], [119515, {"py/object": "odf.components.Data", "data": {"py/b64": "A0A="}, "fake": false}], [119614, {"py/object": "odf.components.Data", "data": {"py/b64": "p7w="}, "fake": false}], [119702, {"py/object": "odf.components.Data", "data": {"py/b64": "//8="}, "fake": true}], [119770, {"py/object": "odf.components.Data", "data": {"py/b64": "QkA="}, "fake": false}], [119868, {"py/object": "odf.components.Data", "data": {"py/b64": "+GI="}, "fake": false}], [119944, {"py/object": "odf.components.Data", "data": {"py/b64": "//8="}, "fake": true}], [120023, {"py/object": "odf.components.Data", "data": {"py/b64": "1EM="}, "fake": false}], [120116, {"py/object": "odf.components.Data", "data": {"py/b64": "tww="}, "fake": false}], [120213, {"py/object": "odf.components.Data", "data": {"py/b64": "//8="}, "fake": true}], [120287, {"py/object": "odf.components.Data", "data": {"py/b64": "OkQ="}, "fake": false}]], "attack_times": [[62184]], "attack_types": ["Collision_Attack_against_the_Bus"], "attack_outcome": [true]}