{"data": [[397, {"py/object": "odf.components.Command", "address": 31, "tr": 0, "sub_address": 2, "dword_count": 1, "parity": 0, "fake": false}], [499, {"py/object": "odf.components.Data", "data": {"py/b64": "//8="}, "fake": false}], [548, {"py/object": "odf.components.Command", "address": 4, "tr": 0, "sub_address": 2, "dword_count": 18, "parity": 0, "fake": false}], [566, {"py/object": "odf.components.Command", "address": 3, "tr": 1, "sub_address": 2, "dword_count": 18, "parity": 0, "fake": false}], [2640, {"py/object": "odf.components.Status", "address": 3, "message_error_bit": "0", "instrumentation_bit": "0", "service_request_bit": "0", "reserved_bits": "000", "brdcst_received_bit": "0", "busy_bit": "0", "subsystem_flag_bit": "0", "dynamic_bus_control_accpt_bit": "0", "terminal_flag_bit": "1", "parity_bit": "1", "fake": false}], [2710, {"py/object": "odf.components.Data", "data": {"py/b64": "iKs="}, "fake": false}], [2784, {"py/object": "odf.components.Data", "data": {"py/b64": "JUI="}, "fake": false}], [2857, {"py/object": "odf.components.Data", "data": {"py/b64": "yLM="}, "fake": false}], [2930, {"py/object": "odf.components.Data", "data": {"py/b64": "fb0="}, "fake": false}], [3001, {"py/object": "odf.components.Data", "data": {"py/b64": "RYY="}, "fake": false}], [3070, {"py/object": "odf.components.Data", "data": {"py/b64": "7kI="}, "fake": false}], [3142, {"py/object": "odf.components.Data", "data": {"py/b64": "q80="}, "fake": false}], [3214, {"py/object": "odf.components.Data", "data": {"py/b64": "iEM="}, "fake": false}], [3284, {"py/object": "odf.components.Data", "data": {"py/b64": "768="}, "fake": false}], [3357, {"py/object": "odf.components.Data", "data": {"py/b64": "i0A="}, "fake": false}], [3425, {"py/object": "odf.components.Data", "data": {"py/b64": "ALA="}, "fake": false}], [3494, {"py/object": "odf.components.Data", "data": {"py/b64": "i0A="}, "fake": false}], [3563, {"py/object": "odf.components.Data", "data": {"py/b64": "2w8="}, "fake": false}], [3632, {"py/object": "odf.components.Data", "data": {"py/b64": "SUA="}, "fake": false}], [3701, {"py/object": "odf.components.Data", "data": {"py/b64": "pKM="}, "fake": false}], [3772, {"py/object": "odf.components.Data", "data": {"py/b64": "1kM="}, "fake": false}], [3841, {"py/object": "odf.components.Data", "data": {"py/b64": "tww="}, "fake": false}], [3917, {"py/object": "odf.components.Data", "data": {"py/b64": "OkQ="}, "fake": false}], [6021, {"py/object": "odf.components.Status", "address": 4, "message_error_bit": "0", "instrumentation_bit": "0", "service_request_bit": "0", "reserved_bits": "000", "brdcst_received_bit": "0", "busy_bit": "0", "subsystem_flag_bit": "0", "dynamic_bus_control_accpt_bit": "0", "terminal_flag_bit": "1", "parity_bit": "1", "fake": false}], [6088, {"py/object": "odf.components.Command", "address": 6, "tr": 0, "sub_address": 2, "dword_count": 28, "parity": 0, "fake": false}], [6105, {"py/object": "odf.components.Command", "address": 5, "tr": 1, "sub_address": 2, "dword_count": 28, "parity": 0, "fake": false}], [8178, {"py/object": "odf.components.Status", "address": 5, "message_error_bit": "0", "instrumentation_bit": "0", "service_request_bit": "0", "reserved_bits": "000", "brdcst_received_bit": "0", "busy_bit": "0", "subsystem_flag_bit": "0", "dynamic_bus_control_accpt_bit": "0", "terminal_flag_bit": "1", "parity_bit": "1", "fake": false}], [8247, {"py/object": "odf.components.Data", "data": {"py/b64": "wpE="}, "fake": false}], [8318, {"py/object": "odf.components.Data", "data": {"py/b64": "rEI="}, "fake": false}], [8390, {"py/object": "odf.components.Data", "data": {"py/b64": "SSg="}, "fake": false}], [8459, {"py/object": "odf.components.Data", "data": {"py/b64": "EkM="}, "fake": false}], [8530, {"py/object": "odf.components.Data", "data": {"py/b64": "z7A="}, "fake": false}], [8602, {"py/object": "odf.components.Data", "data": {"py/b64": "EcM="}, "fake": false}], [8673, {"py/object": "odf.components.Data", "data": {"py/b64": "ahU="}, "fake": false}], [8742, {"py/object": "odf.components.Data", "data": {"py/b64": "Tzw="}, "fake": false}], [8813, {"py/object": "odf.components.Data", "data": {"py/b64": "3ig="}, "fake": false}], [8885, {"py/object": "odf.components.Data", "data": {"py/b64": "kcE="}, "fake": false}], [8957, {"py/object": "odf.components.Data", "data": {"py/b64": "N+8="}, "fake": false}], [9029, {"py/object": "odf.components.Data", "data": {"py/b64": "UsE="}, "fake": false}], [9099, {"py/object": "odf.components.Data", "data": {"py/b64": "Jeg="}, "fake": false}], [9173, {"py/object": "odf.components.Data", "data": {"py/b64": "bL8="}, "fake": false}], [9241, {"py/object": "odf.components.Data", "data": {"py/b64": "KRk="}, "fake": false}], [9314, {"py/object": "odf.components.Data", "data": {"py/b64": "BMA="}, "fake": false}], [9384, {"py/object": "odf.components.Data", "data": {"py/b64": "0GE="}, "fake": false}], [9454, {"py/object": "odf.components.Data", "data": {"py/b64": "Bbw="}, "fake": false}], [9527, {"py/object": "odf.components.Data", "data": {"py/b64": "I64="}, "fake": false}], [9595, {"py/object": "odf.components.Data", "data": {"py/b64": "bkA="}, "fake": false}], [9667, {"py/object": "odf.components.Data", "data": {"py/b64": "rHU="}, "fake": false}], [9724, {"py/object": "odf.components.Data", "data": {"py/b64": "F0M="}, "fake": false}], [9796, {"py/object": "odf.components.Data", "data": {"py/b64": "dbY="}, "fake": false}], [9868, {"py/object": "odf.components.Data", "data": {"py/b64": "Db4="}, "fake": false}], [9938, {"py/object": "odf.components.Data", "data": {"py/b64": "TfE="}, "fake": false}], [10009, {"py/object": "odf.components.Data", "data": {"py/b64": "FsA="}, "fake": false}], [10079, {"py/object": "odf.components.Data", "data": {"py/b64": "cHg="}, "fake": false}], [10154, {"py/object": "odf.components.Data", "data": {"py/b64": "UEE="}, "fake": false}], [12273, {"py/object": "odf.components.Status", "address": 6, "message_error_bit": "0", "instrumentation_bit": "0", "service_request_bit": "0", "reserved_bits": "000", "brdcst_received_bit": "0", "busy_bit": "0", "subsystem_flag_bit": "0", "dynamic_bus_control_accpt_bit": "0", "terminal_flag_bit": "1", "parity_bit": "1", "fake": false}], [12327, {"py/object": "odf.components.Command", "address": 8, "tr": 0, "sub_address": 2, "dword_count": 8, "parity": 0, "fake": false}], [12345, {"py/object": "odf.components.Command", "address": 7, "tr": 1, "sub_address": 2, "dword_count": 8, "parity": 0, "fake": false}], [14419, {"py/object": "odf.components.Status", "address": 7, "message_error_bit": "0", "instrumentation_bit": "0", "service_request_bit": "0", "reserved_bits": "000", "brdcst_received_bit": "0", "busy_bit": "0", "subsystem_flag_bit": "0", "dynamic_bus_control_accpt_bit": "0", "terminal_flag_bit": "1", "parity_bit": "1", "fake": false}], [14490, {"py/object": "odf.components.Data", "data": {"py/b64": "xJ4="}, "fake": false}], [14563, {"py/object": "odf.components.Data", "data": {"py/b64": "YL0="}, "fake": false}], [14635, {"py/object": "odf.components.Data", "data": {"py/b64": "xsM="}, "fake": false}], [14705, {"py/object": "odf.components.Data", "data": {"py/b64": "FTo="}, "fake": false}], [14781, {"py/object": "odf.components.Data", "data": {"py/b64": "lOM="}, "fake": false}], [14854, {"py/object": "odf.components.Data", "data": {"py/b64": "Jz0="}, "fake": false}], [14927, {"py/object": "odf.components.Data", "data": {"py/b64": "z3E="}, "fake": false}], [14991, {"py/object": "odf.components.Data", "data": {"py/b64": "lDk="}, "fake": false}], [17100, {"py/object": "odf.components.Status", "address": 8, "message_error_bit": "0", "instrumentation_bit": "0", "service_request_bit": "0", "reserved_bits": "000", "brdcst_received_bit": "0", "busy_bit": "0", "subsystem_flag_bit": "0", "dynamic_bus_control_accpt_bit": "0", "terminal_flag_bit": "1", "parity_bit": "1", "fake": false}], [17169, {"py/object": "odf.components.Command", "address": 10, "tr": 0, "sub_address": 2, "dword_count": 12, "parity": 0, "fake": false}], [17188, {"py/object": "odf.components.Command", "address": 9, "tr": 1, "sub_address": 2, "dword_count": 12, "parity": 0, "fake": false}], [19264, {"py/object": "odf.components.Status", "address": 9, "message_error_bit": "0", "instrumentation_bit": "0", "service_request_bit": "0", "reserved_bits": "000", "brdcst_received_bit": "0", "busy_bit": "0", "subsystem_flag_bit": "0", "dynamic_bus_control_accpt_bit": "0", "terminal_flag_bit": "1", "parity_bit": "1", "fake": false}], [19335, {"py/object": "odf.components.Data", "data": {"py/b64": "L8E="}, "fake": false}], [19407, {"py/object": "odf.components.Data", "data": {"py/b64": "B0I="}, "fake": false}], [19478, {"py/object": "odf.components.Data", "data": {"py/b64": "ocg="}, "fake": false}], [19550, {"py/object": "odf.components.Data", "data": {"py/b64": "7MI="}, "fake": false}], [19621, {"py/object": "odf.components.Data", "data": {"py/b64": "vNY="}, "fake": false}], [19692, {"py/object": "odf.components.Data", "data": {"py/b64": "MUI="}, "fake": false}], [19764, {"py/object": "odf.components.Data", "data": {"py/b64": "K8E="}, "fake": false}], [19835, {"py/object": "odf.components.Data", "data": {"py/b64": "B0I="}, "fake": false}], [19908, {"py/object": "odf.components.Data", "data": {"py/b64": "tMg="}, "fake": false}], [19978, {"py/object": "odf.components.Data", "data": {"py/b64": "7MI="}, "fake": false}], [20041, {"py/object": "odf.components.Data", "data": {"py/b64": "ivU="}, "fake": false}], [20103, {"py/object": "odf.components.Data", "data": {"py/b64": "FEM="}, "fake": false}], [22211, {"py/object": "odf.components.Status", "address": 10, "message_error_bit": "0", "instrumentation_bit": "0", "service_request_bit": "0", "reserved_bits": "000", "brdcst_received_bit": "0", "busy_bit": "0", "subsystem_flag_bit": "0", "dynamic_bus_control_accpt_bit": "0", "terminal_flag_bit": "1", "parity_bit": "1", "fake": false}], [22290, {"py/object": "odf.components.Command", "address": 12, "tr": 0, "sub_address": 2, "dword_count": 16, "parity": 0, "fake": false}], [22308, {"py/object": "odf.components.Command", "address": 11, "tr": 1, "sub_address": 2, "dword_count": 16, "parity": 0, "fake": false}], [24384, {"py/object": "odf.components.Status", "address": 11, "message_error_bit": "0", "instrumentation_bit": "0", "service_request_bit": "0", "reserved_bits": "000", "brdcst_received_bit": "0", "busy_bit": "0", "subsystem_flag_bit": "0", "dynamic_bus_control_accpt_bit": "0", "terminal_flag_bit": "1", "parity_bit": "1", "fake": false}], [24463, {"py/object": "odf.components.Data", "data": {"py/b64": "d2Y="}, "fake": false}], [24532, {"py/object": "odf.components.Data", "data": {"py/b64": "Gjs="}, "fake": false}], [24606, {"py/object": "odf.components.Data", "data": {"py/b64": "AIo="}, "fake": false}], [24677, {"py/object": "odf.components.Data", "data": {"py/b64": "ZUE="}, "fake": false}], [24749, {"py/object": "odf.components.Data", "data": {"py/b64": "roc="}, "fake": false}], [24821, {"py/object": "odf.components.Data", "data": {"py/b64": "7EE="}, "fake": false}], [24892, {"py/object": "odf.components.Data", "data": {"py/b64": "sAg="}, "fake": false}], [24963, {"py/object": "odf.components.Data", "data": {"py/b64": "YEA="}, "fake": false}], [25036, {"py/object": "odf.components.Data", "data": {"py/b64": "Ac0="}, "fake": false}], [25108, {"py/object": "odf.components.Data", "data": {"py/b64": "5T8="}, "fake": false}], [25180, {"py/object": "odf.components.Data", "data": {"py/b64": "868="}, "fake": false}], [25254, {"py/object": "odf.components.Data", "data": {"py/b64": "Aj4="}, "fake": false}], [25326, {"py/object": "odf.components.Data", "data": {"py/b64": "TQU="}, "fake": false}], [25400, {"py/object": "odf.components.Data", "data": {"py/b64": "9z4="}, "fake": false}], [25472, {"py/object": "odf.components.Data", "data": {"py/b64": "LU0="}, "fake": false}], [25546, {"py/object": "odf.components.Data", "data": {"py/b64": "nEE="}, "fake": false}], [27652, {"py/object": "odf.components.Status", "address": 12, "message_error_bit": "0", "instrumentation_bit": "0", "service_request_bit": "0", "reserved_bits": "000", "brdcst_received_bit": "0", "busy_bit": "0", "subsystem_flag_bit": "0", "dynamic_bus_control_accpt_bit": "0", "terminal_flag_bit": "1", "parity_bit": "1", "fake": false}], [27839, {"py/object": "odf.components.Command", "address": 1, "tr": 0, "sub_address": 2, "dword_count": 4, "parity": 0, "fake": false}], [27911, {"py/object": "odf.components.Data", "data": {"py/b64": "AAA="}, "fake": false}], [27923, {"py/object": "odf.components.Data", "data": {"py/b64": "AAA="}, "fake": false}], [27934, {"py/object": "odf.components.Data", "data": {"py/b64": "AAA="}, "fake": false}], [27946, {"py/object": "odf.components.Data", "data": {"py/b64": "AAA="}, "fake": false}], [30023, {"py/object": "odf.components.Status", "address": 1, "message_error_bit": "0", "instrumentation_bit": "0", "service_request_bit": "0", "reserved_bits": "000", "brdcst_received_bit": "0", "busy_bit": "0", "subsystem_flag_bit": "0", "dynamic_bus_control_accpt_bit": "0", "terminal_flag_bit": "1", "parity_bit": "1", "fake": false}], [30188, {"py/object": "odf.components.Command", "address": 31, "tr": 0, "sub_address": 2, "dword_count": 1, "parity": 0, "fake": false}], [30249, {"py/object": "odf.components.Data", "data": {"py/b64": "//8="}, "fake": false}], [30263, {"py/object": "odf.components.Command", "address": 4, "tr": 0, "sub_address": 2, "dword_count": 18, "parity": 0, "fake": false}], [30273, {"py/object": "odf.components.Command", "address": 3, "tr": 1, "sub_address": 2, "dword_count": 18, "parity": 0, "fake": false}], [32324, {"py/object": "odf.components.Status", "address": 3, "message_error_bit": "0", "instrumentation_bit": "0", "service_request_bit": "0", "reserved_bits": "000", "brdcst_received_bit": "0", "busy_bit": "0", "subsystem_flag_bit": "0", "dynamic_bus_control_accpt_bit": "0", "terminal_flag_bit": "1", "parity_bit": "1", "fake": false}], [32392, {"py/object": "odf.components.Data", "data": {"py/b64": "Z7o="}, "fake": false}], [32463, {"py/object": "odf.components.Data", "data": {"py/b64": "a0M="}, "fake": false}], [32538, {"py/object": "odf.components.Data", "data": {"py/b64": "VEk="}, "fake": false}], [32607, {"py/object": "odf.components.Data", "data": {"py/b64": "lUQ="}, "fake": false}], [32679, {"py/object": "odf.components.Data", "data": {"py/b64": "6so="}, "fake": false}], [32750, {"py/object": "odf.components.Data", "data": {"py/b64": "3EM="}, "fake": false}], [32823, {"py/object": "odf.components.Data", "data": {"py/b64": "t6g="}, "fake": false}], [32893, {"py/object": "odf.components.Data", "data": {"py/b64": "hEM="}, "fake": false}], [32965, {"py/object": "odf.components.Data", "data": {"py/b64": "bs0="}, "fake": false}], [33039, {"py/object": "odf.components.Data", "data": {"py/b64": "i0A="}, "fake": false}], [33112, {"py/object": "odf.components.Data", "data": {"py/b64": "Bs8="}, "fake": false}], [33185, {"py/object": "odf.components.Data", "data": {"py/b64": "i0A="}, "fake": false}], [33260, {"py/object": "odf.components.Data", "data": {"py/b64": "9OA="}, "fake": false}], [33333, {"py/object": "odf.components.Data", "data": {"py/b64": "QkA="}, "fake": false}], [33401, {"py/object": "odf.components.Data", "data": {"py/b64": "Osk="}, "fake": false}], [33472, {"py/object": "odf.components.Data", "data": {"py/b64": "1UM="}, "fake": false}], [33547, {"py/object": "odf.components.Data", "data": {"py/b64": "tww="}, "fake": false}], [33623, {"py/object": "odf.components.Data", "data": {"py/b64": "OkQ="}, "fake": false}], [35730, {"py/object": "odf.components.Status", "address": 4, "message_error_bit": "0", "instrumentation_bit": "0", "service_request_bit": "0", "reserved_bits": "000", "brdcst_received_bit": "0", "busy_bit": "0", "subsystem_flag_bit": "0", "dynamic_bus_control_accpt_bit": "0", "terminal_flag_bit": "1", "parity_bit": "1", "fake": false}], [35795, {"py/object": "odf.components.Command", "address": 6, "tr": 0, "sub_address": 2, "dword_count": 28, "parity": 0, "fake": false}], [35807, {"py/object": "odf.components.Command", "address": 5, "tr": 1, "sub_address": 2, "dword_count": 28, "parity": 0, "fake": false}], [37872, {"py/object": "odf.components.Status", "address": 5, "message_error_bit": "0", "instrumentation_bit": "0", "service_request_bit": "0", "reserved_bits": "000", "brdcst_received_bit": "0", "busy_bit": "0", "subsystem_flag_bit": "0", "dynamic_bus_control_accpt_bit": "0", "terminal_flag_bit": "1", "parity_bit": "1", "fake": false}], [37941, {"py/object": "odf.components.Data", "data": {"py/b64": "AdU="}, "fake": false}], [38013, {"py/object": "odf.components.Data", "data": {"py/b64": "dUM="}, "fake": false}], [38084, {"py/object": "odf.components.Data", "data": {"py/b64": "L6s="}, "fake": false}], [38157, {"py/object": "odf.components.Data", "data": {"py/b64": "z0M="}, "fake": false}], [38226, {"py/object": "odf.components.Data", "data": {"py/b64": "ieI="}, "fake": false}], [38300, {"py/object": "odf.components.Data", "data": {"py/b64": "zcM="}, "fake": false}], [38373, {"py/object": "odf.components.Data", "data": {"py/b64": "yLU="}, "fake": false}], [38445, {"py/object": "odf.components.Data", "data": {"py/b64": "ikE="}, "fake": false}], [38517, {"py/object": "odf.components.Data", "data": {"py/b64": "rBY="}, "fake": false}], [38590, {"py/object": "odf.components.Data", "data": {"py/b64": "T8I="}, "fake": false}], [38660, {"py/object": "odf.components.Data", "data": {"py/b64": "bsM="}, "fake": false}], [38731, {"py/object": "odf.components.Data", "data": {"py/b64": "vb8="}, "fake": false}], [38806, {"py/object": "odf.components.Data", "data": {"py/b64": "bEk="}, "fake": false}], [38878, {"py/object": "odf.components.Data", "data": {"py/b64": "hr4="}, "fake": false}], [38951, {"py/object": "odf.components.Data", "data": {"py/b64": "vk8="}, "fake": false}], [39024, {"py/object": "odf.components.Data", "data": {"py/b64": "yD8="}, "fake": false}], [39096, {"py/object": "odf.components.Data", "data": {"py/b64": "9jM="}, "fake": false}], [39168, {"py/object": "odf.components.Data", "data": {"py/b64": "078="}, "fake": false}], [39246, {"py/object": "odf.components.Data", "data": {"py/b64": "B8k="}, "fake": false}], [39320, {"py/object": "odf.components.Data", "data": {"py/b64": "LcE="}, "fake": false}], [39393, {"py/object": "odf.components.Data", "data": {"py/b64": "19k="}, "fake": false}], [39464, {"py/object": "odf.components.Data", "data": {"py/b64": "z0M="}, "fake": false}], [39537, {"py/object": "odf.components.Data", "data": {"py/b64": "slA="}, "fake": false}], [39594, {"py/object": "odf.components.Data", "data": {"py/b64": "Vr8="}, "fake": false}], [39665, {"py/object": "odf.components.Data", "data": {"py/b64": "9Po="}, "fake": false}], [39737, {"py/object": "odf.components.Data", "data": {"py/b64": "nL4="}, "fake": false}], [39808, {"py/object": "odf.components.Data", "data": {"py/b64": "VeY="}, "fake": false}], [39886, {"py/object": "odf.components.Data", "data": {"py/b64": "gD8="}, "fake": false}], [41955, {"py/object": "odf.components.Status", "address": 6, "message_error_bit": "0", "instrumentation_bit": "0", "service_request_bit": "0", "reserved_bits": "000", "brdcst_received_bit": "0", "busy_bit": "0", "subsystem_flag_bit": "0", "dynamic_bus_control_accpt_bit": "0", "terminal_flag_bit": "1", "parity_bit": "1", "fake": false}], [42060, {"py/object": "odf.components.Command", "address": 8, "tr": 0, "sub_address": 2, "dword_count": 8, "parity": 0, "fake": false}], [42075, {"py/object": "odf.components.Command", "address": 7, "tr": 1, "sub_address": 2, "dword_count": 8, "parity": 0, "fake": false}], [44146, {"py/object": "odf.components.Status", "address": 7, "message_error_bit": "0", "instrumentation_bit": "0", "service_request_bit": "0", "reserved_bits": "000", "brdcst_received_bit": "0", "busy_bit": "0", "subsystem_flag_bit": "0", "dynamic_bus_control_accpt_bit": "0", "terminal_flag_bit": "1", "parity_bit": "1", "fake": false}], [44216, {"py/object": "odf.components.Data", "data": {"py/b64": "fiU="}, "fake": false}], [44289, {"py/object": "odf.components.Data", "data": {"py/b64": "h70="}, "fake": false}], [44361, {"py/object": "odf.components.Data", "data": {"py/b64": "x4U="}, "fake": false}], [44435, {"py/object": "odf.components.Data", "data": {"py/b64": "jbs="}, "fake": false}], [44510, {"py/object": "odf.components.Data", "data": {"py/b64": "DeA="}, "fake": false}], [44584, {"py/object": "odf.components.Data", "data": {"py/b64": "0Tw="}, "fake": false}], [44657, {"py/object": "odf.components.Data", "data": {"py/b64": "ZDQ="}, "fake": false}], [44733, {"py/object": "odf.components.Data", "data": {"py/b64": "Vbo="}, "fake": false}], [46809, {"py/object": "odf.components.Status", "address": 8, "message_error_bit": "0", "instrumentation_bit": "0", "service_request_bit": "0", "reserved_bits": "000", "brdcst_received_bit": "0", "busy_bit": "0", "subsystem_flag_bit": "0", "dynamic_bus_control_accpt_bit": "0", "terminal_flag_bit": "1", "parity_bit": "1", "fake": false}], [46869, {"py/object": "odf.components.Command", "address": 10, "tr": 0, "sub_address": 2, "dword_count": 12, "parity": 0, "fake": false}], [46882, {"py/object": "odf.components.Command", "address": 9, "tr": 1, "sub_address": 2, "dword_count": 12, "parity": 0, "fake": false}], [48954, {"py/object": "odf.components.Status", "address": 9, "message_error_bit": "0", "instrumentation_bit": "0", "service_request_bit": "0", "reserved_bits": "000", "brdcst_received_bit": "0", "busy_bit": "0", "subsystem_flag_bit": "0", "dynamic_bus_control_accpt_bit": "0", "terminal_flag_bit": "1", "parity_bit": "1", "fake": false}], [49024, {"py/object": "odf.components.Data", "data": {"py/b64": "T70="}, "fake": false}], [49097, {"py/object": "odf.components.Data", "data": {"py/b64": "B0I="}, "fake": false}], [49171, {"py/object": "odf.components.Data", "data": {"py/b64": "Sds="}, "fake": false}], [49241, {"py/object": "odf.components.Data", "data": {"py/b64": "7MI="}, "fake": false}], [49315, {"py/object": "odf.components.Data", "data": {"py/b64": "m+o="}, "fake": false}], [49390, {"py/object": "odf.components.Data", "data": {"py/b64": "aEM="}, "fake": false}], [49461, {"py/object": "odf.components.Data", "data": {"py/b64": "Sr0="}, "fake": false}], [49533, {"py/object": "odf.components.Data", "data": {"py/b64": "B0I="}, "fake": false}], [49605, {"py/object": "odf.components.Data", "data": {"py/b64": "Yts="}, "fake": false}], [49678, {"py/object": "odf.components.Data", "data": {"py/b64": "7MI="}, "fake": false}], [49751, {"py/object": "odf.components.Data", "data": {"py/b64": "Ugk="}, "fake": false}], [49829, {"py/object": "odf.components.Data", "data": {"py/b64": "QEQ="}, "fake": false}], [51955, {"py/object": "odf.components.Status", "address": 10, "message_error_bit": "0", "instrumentation_bit": "0", "service_request_bit": "0", "reserved_bits": "000", "brdcst_received_bit": "0", "busy_bit": "0", "subsystem_flag_bit": "0", "dynamic_bus_control_accpt_bit": "0", "terminal_flag_bit": "1", "parity_bit": "1", "fake": false}], [52020, {"py/object": "odf.components.Command", "address": 12, "tr": 0, "sub_address": 2, "dword_count": 16, "parity": 0, "fake": false}], [52033, {"py/object": "odf.components.Command", "address": 11, "tr": 1, "sub_address": 2, "dword_count": 16, "parity": 0, "fake": false}], [54098, {"py/object": "odf.components.Status", "address": 11, "message_error_bit": "0", "instrumentation_bit": "0", "service_request_bit": "0", "reserved_bits": "000", "brdcst_received_bit": "0", "busy_bit": "0", "subsystem_flag_bit": "0", "dynamic_bus_control_accpt_bit": "0", "terminal_flag_bit": "1", "parity_bit": "1", "fake": false}], [54170, {"py/object": "odf.components.Data", "data": {"py/b64": "i5E="}, "fake": false}], [54227, {"py/object": "odf.components.Data", "data": {"py/b64": "Fzs="}, "fake": false}], [54298, {"py/object": "odf.components.Data", "data": {"py/b64": "AIU="}, "fake": false}], [54369, {"py/object": "odf.components.Data", "data": {"py/b64": "UkE="}, "fake": false}], [54443, {"py/object": "odf.components.Data", "data": {"py/b64": "UW8="}, "fake": false}], [54516, {"py/object": "odf.components.Data", "data": {"py/b64": "50E="}, "fake": false}], [54590, {"py/object": "odf.components.Data", "data": {"py/b64": "7gw="}, "fake": false}], [54661, {"py/object": "odf.components.Data", "data": {"py/b64": "t0A="}, "fake": false}], [54737, {"py/object": "odf.components.Data", "data": {"py/b64": "kE0="}, "fake": false}], [54800, {"py/object": "odf.components.Data", "data": {"py/b64": "PEA="}, "fake": false}], [54868, {"py/object": "odf.components.Data", "data": {"py/b64": "ksE="}, "fake": false}], [54943, {"py/object": "odf.components.Data", "data": {"py/b64": "6T0="}, "fake": false}], [55017, {"py/object": "odf.components.Data", "data": {"py/b64": "XXo="}, "fake": false}], [55092, {"py/object": "odf.components.Data", "data": {"py/b64": "ZD4="}, "fake": false}], [55163, {"py/object": "odf.components.Data", "data": {"py/b64": "Ykg="}, "fake": false}], [55238, {"py/object": "odf.components.Data", "data": {"py/b64": "q0E="}, "fake": false}], [57349, {"py/object": "odf.components.Status", "address": 12, "message_error_bit": "0", "instrumentation_bit": "0", "service_request_bit": "0", "reserved_bits": "000", "brdcst_received_bit": "0", "busy_bit": "0", "subsystem_flag_bit": "0", "dynamic_bus_control_accpt_bit": "0", "terminal_flag_bit": "1", "parity_bit": "1", "fake": false}], [57538, {"py/object": "odf.components.Command", "address": 1, "tr": 0, "sub_address": 2, "dword_count": 4, "parity": 0, "fake": false}], [57601, {"py/object": "odf.components.Data", "data": {"py/b64": "AAA="}, "fake": false}], [57609, {"py/object": "odf.components.Data", "data": {"py/b64": "AAA="}, "fake": false}], [57617, {"py/object": "odf.components.Data", "data": {"py/b64": "AAA="}, "fake": false}], [57626, {"py/object": "odf.components.Data", "data": {"py/b64": "AAA="}, "fake": false}], [59717, {"py/object": "odf.components.Status", "address": 1, "message_error_bit": "0", "instrumentation_bit": "0", "service_request_bit": "0", "reserved_bits": "000", "brdcst_received_bit": "0", "busy_bit": "0", "subsystem_flag_bit": "0", "dynamic_bus_control_accpt_bit": "0", "terminal_flag_bit": "1", "parity_bit": "1", "fake": false}], [59884, {"py/object": "odf.components.Command", "address": 31, "tr": 0, "sub_address": 2, "dword_count": 1, "parity": 0, "fake": false}], [59946, {"py/object": "odf.components.Data", "data": {"py/b64": "//8="}, "fake": false}], [59960, {"py/object": "odf.components.Command", "address": 4, "tr": 0, "sub_address": 2, "dword_count": 18, "parity": 0, "fake": false}], [59973, {"py/object": "odf.components.Command", "address": 3, "tr": 1, "sub_address": 2, "dword_count": 18, "parity": 0, "fake": false}], [62030, {"py/object": "odf.components.Status", "address": 3, "message_error_bit": "0", "instrumentation_bit": "0", "service_request_bit": "0", "reserved_bits": "000", "brdcst_received_bit": "0", "busy_bit": "0", "subsystem_flag_bit": "0", "dynamic_bus_control_accpt_bit": "0", "terminal_flag_bit": "1", "parity_bit": "1", "fake": false}], [62125, {"py/object": "odf.components.Data", "data": {"py/b64": "kuU="}, "fake": false}], [62221, {"py/object": "odf.components.Data", "data": {"py/b64": "eUM="}, "fake": false}], [62308, {"py/object": "odf.components.Data", "data": {"py/b64": "//8="}, "fake": true}], [62385, {"py/object": "odf.components.Data", "data": {"py/b64": "r2I="}, "fake": false}], [62483, {"py/object": "odf.components.Data", "data": {"py/b64": "AEU="}, "fake": false}], [62630, {"py/object": "odf.components.Data", "data": {"py/b64": "//8="}, "fake": true}], [62662, {"py/object": "odf.components.Data", "data": {"py/b64": "rWM="}, "fake": false}], [62743, {"py/object": "odf.components.Data", "data": {"py/b64": "kEQ="}, "fake": false}], [62882, {"py/object": "odf.components.Data", "data": {"py/b64": "//8="}, "fake": true}], [62916, {"py/object": "odf.components.Data", "data": {"py/b64": "DzY="}, "fake": false}], [62997, {"py/object": "odf.components.Data", "data": {"py/b64": "WkM="}, "fake": false}], [63138, {"py/object": "odf.components.Data", "data": {"py/b64": "D1o="}, "fake": false}], [63175, {"py/object": "odf.components.Data", "data": {"py/b64": "//8="}, "fake": true}], [63257, {"py/object": "odf.components.Data", "data": {"py/b64": "gUA="}, "fake": false}], [63399, {"py/object": "odf.components.Data", "data": {"py/b64": "//8="}, "fake": true}], [63429, {"py/object": "odf.components.Data", "data": {"py/b64": "nk0="}, "fake": false}], [63507, {"py/object": "odf.components.Data", "data": {"py/b64": "gUA="}, "fake": false}], [63654, {"py/object": "odf.components.Data", "data": {"py/b64": "rfk="}, "fake": false}], [63690, {"py/object": "odf.components.Data", "data": {"py/b64": "//8="}, "fake": true}], [63770, {"py/object": "odf.components.Data", "data": {"py/b64": "QkA="}, "fake": false}], [63916, {"py/object": "odf.components.Data", "data": {"py/b64": "//8="}, "fake": true}], [63946, {"py/object": "odf.components.Data", "data": {"py/b64": "Kk4="}, "fake": false}], [64025, {"py/object": "odf.components.Data", "data": {"py/b64": "1UM="}, "fake": false}], [64168, {"py/object": "odf.components.Data", "data": {"py/b64": "tww="}, "fake": false}], [64201, {"py/object": "odf.components.Data", "data": {"py/b64": "//8="}, "fake": true}], [64280, {"py/object": "odf.components.Data", "data": {"py/b64": "OkQ="}, "fake": false}], [64364, {"py/object": "odf.components.Data", "data": {"py/b64": "//8="}, "fake": true}], [64472, {"py/object": "odf.components.Data", "data": {"py/b64": "//8="}, "fake": true}], [64589, {"py/object": "odf.components.Data", "data": {"py/b64": "//8="}, "fake": true}], [64701, {"py/object": "odf.components.Data", "data": {"py/b64": "//8="}, "fake": true}], [64806, {"py/object": "odf.components.Data", "data": {"py/b64": "//8="}, "fake": true}], [64895, {"py/object": "odf.components.Data", "data": {"py/b64": "//8="}, "fake": true}], [65010, {"py/object": "odf.components.Data", "data": {"py/b64": "//8="}, "fake": true}], [65126, {"py/object": "odf.components.Data", "data": {"py/b64": "//8="}, "fake": true}], [65236, {"py/object": "odf.components.Data", "data": {"py/b64": "//8="}, "fake": true}], [65344, {"py/object": "odf.components.Data", "data": {"py/b64": "//8="}, "fake": true}], [65459, {"py/object": "odf.components.Data", "data": {"py/b64": "//8="}, "fake": true}], [65698, {"py/object": "odf.components.Status", "address": 4, "message_error_bit": "0", "instrumentation_bit": "0", "service_request_bit": "0", "reserved_bits": "000", "brdcst_received_bit": "0", "busy_bit": "0", "subsystem_flag_bit": "0", "dynamic_bus_control_accpt_bit": "0", "terminal_flag_bit": "1", "parity_bit": "1", "fake": false}], [65796, {"py/object": "odf.components.Command", "address": 6, "tr": 0, "sub_address": 2, "dword_count": 28, "parity": 0, "fake": false}], [65819, {"py/object": "odf.components.Command", "address": 5, "tr": 1, "sub_address": 2, "dword_count": 28, "parity": 0, "fake": false}], [65894, {"py/object": "odf.components.Data", "data": {"py/b64": "//8="}, "fake": true}], [66013, {"py/object": "odf.components.Data", "data": {"py/b64": "//8="}, "fake": true}], [66132, {"py/object": "odf.components.Data", "data": {"py/b64": "//8="}, "fake": true}], [67883, {"py/object": "odf.components.Status", "address": 5, "message_error_bit": "0", "instrumentation_bit": "0", "service_request_bit": "0", "reserved_bits": "000", "brdcst_received_bit": "0", "busy_bit": "0", "subsystem_flag_bit": "0", "dynamic_bus_control_accpt_bit": "0", "terminal_flag_bit": "1", "parity_bit": "1", "fake": false}], [67977, {"py/object": "odf.components.Data", "data": {"py/b64": "Ey4="}, "fake": false}], [68069, {"py/object": "odf.components.Data", "data": {"py/b64": "//8="}, "fake": true}], [68117, {"py/object": "odf.components.Data", "data": {"py/b64": "dkM="}, "fake": false}], [68211, {"py/object": "odf.components.Data", "data": {"py/b64": "sXc="}, "fake": false}], [68279, {"py/object": "odf.components.Data", "data": {"py/b64": "//8="}, "fake": true}], [68349, {"py/object": "odf.components.Data", "data": {"py/b64": "0EM="}, "fake": false}], [68422, {"py/object": "odf.components.Data", "data": {"py/b64": "xLw="}, "fake": false}], [68511, {"py/object": "odf.components.Data", "data": {"py/b64": "//8="}, "fake": true}], [68578, {"py/object": "odf.components.Data", "data": {"py/b64": "ocM="}, "fake": false}], [68671, {"py/object": "odf.components.Data", "data": {"py/b64": "s28="}, "fake": false}], [68753, {"py/object": "odf.components.Data", "data": {"py/b64": "//8="}, "fake": true}], [68839, {"py/object": "odf.components.Data", "data": {"py/b64": "CUI="}, "fake": false}], [68936, {"py/object": "odf.components.Data", "data": {"py/b64": "LeI="}, "fake": false}], [69027, {"py/object": "odf.components.Data", "data": {"py/b64": "//8="}, "fake": true}], [69097, {"py/object": "odf.components.Data", "data": {"py/b64": "gsM="}, "fake": false}], [69194, {"py/object": "odf.components.Data", "data": {"py/b64": "Idw="}, "fake": false}], [69276, {"py/object": "odf.components.Data", "data": {"py/b64": "//8="}, "fake": true}], [69357, {"py/object": "odf.components.Data", "data": {"py/b64": "EEE="}, "fake": false}], [69453, {"py/object": "odf.components.Data", "data": {"py/b64": "DDE="}, "fake": false}], [69523, {"py/object": "odf.components.Data", "data": {"py/b64": "//8="}, "fake": true}], [69593, {"py/object": "odf.components.Data", "data": {"py/b64": "tb8="}, "fake": false}], [69693, {"py/object": "odf.components.Data", "data": {"py/b64": "TDM="}, "fake": false}], [69772, {"py/object": "odf.components.Data", "data": {"py/b64": "//8="}, "fake": true}], [69851, {"py/object": "odf.components.Data", "data": {"py/b64": "P8E="}, "fake": false}], [69956, {"py/object": "odf.components.Data", "data": {"py/b64": "BHI="}, "fake": false}], [70036, {"py/object": "odf.components.Data", "data": {"py/b64": "//8="}, "fake": true}], [70116, {"py/object": "odf.components.Data", "data": {"py/b64": "o8A="}, "fake": false}], [70260, {"py/object": "odf.components.Data", "data": {"py/b64": "7ec="}, "fake": false}], [70295, {"py/object": "odf.components.Data", "data": {"py/b64": "//8="}, "fake": true}], [70371, {"py/object": "odf.components.Data", "data": {"py/b64": "CcE="}, "fake": false}], [70487, {"py/object": "odf.components.Data", "data": {"py/b64": "4XY="}, "fake": false}], [70543, {"py/object": "odf.components.Data", "data": {"py/b64": "//8="}, "fake": true}], [70623, {"py/object": "odf.components.Data", "data": {"py/b64": "0EM="}, "fake": false}], [70766, {"py/object": "odf.components.Data", "data": {"py/b64": "FBA="}, "fake": false}], [70798, {"py/object": "odf.components.Data", "data": {"py/b64": "//8="}, "fake": true}], [70877, {"py/object": "odf.components.Data", "data": {"py/b64": "YcE="}, "fake": false}], [71020, {"py/object": "odf.components.Data", "data": {"py/b64": "AfI="}, "fake": false}], [71054, {"py/object": "odf.components.Data", "data": {"py/b64": "//8="}, "fake": true}], [71131, {"py/object": "odf.components.Data", "data": {"py/b64": "uEA="}, "fake": false}], [71269, {"py/object": "odf.components.Data", "data": {"py/b64": "//8="}, "fake": true}], [71301, {"py/object": "odf.components.Data", "data": {"py/b64": "v9Y="}, "fake": false}], [71381, {"py/object": "odf.components.Data", "data": {"py/b64": "oz4="}, "fake": false}], [71471, {"py/object": "odf.components.Data", "data": {"py/b64": "//8="}, "fake": true}], [71580, {"py/object": "odf.components.Data", "data": {"py/b64": "//8="}, "fake": true}], [71696, {"py/object": "odf.components.Data", "data": {"py/b64": "//8="}, "fake": true}], [71798, {"py/object": "odf.components.Data", "data": {"py/b64": "//8="}, "fake": true}], [71907, {"py/object": "odf.components.Data", "data": {"py/b64": "//8="}, "fake": true}], [72082, {"py/object": "odf.components.Status", "address": 6, "message_error_bit": "0", "instrumentation_bit": "0", "service_request_bit": "0", "reserved_bits": "000", "brdcst_received_bit": "0", "busy_bit": "0", "subsystem_flag_bit": "0", "dynamic_bus_control_accpt_bit": "0", "terminal_flag_bit": "1", "parity_bit": "1", "fake": false}], [72206, {"py/object": "odf.components.Command", "address": 8, "tr": 0, "sub_address": 2, "dword_count": 8, "parity": 0, "fake": false}], [72233, {"py/object": "odf.components.Data", "data": {"py/b64": "//8="}, "fake": true}], [72253, {"py/object": "odf.components.Command", "address": 7, "tr": 1, "sub_address": 2, "dword_count": 8, "parity": 0, "fake": false}], [72343, {"py/object": "odf.components.Data", "data": {"py/b64": "//8="}, "fake": true}], [72448, {"py/object": "odf.components.Data", "data": {"py/b64": "//8="}, "fake": true}], [72568, {"py/object": "odf.components.Data", "data": {"py/b64": "//8="}, "fake": true}], [72677, {"py/object": "odf.components.Data", "data": {"py/b64": "//8="}, "fake": true}], [72791, {"py/object": "odf.components.Data", "data": {"py/b64": "//8="}, "fake": true}], [72897, {"py/object": "odf.components.Data", "data": {"py/b64": "//8="}, "fake": true}], [73020, {"py/object": "odf.components.Data", "data": {"py/b64": "//8="}, "fake": true}], [73135, {"py/object": "odf.components.Data", "data": {"py/b64": "//8="}, "fake": true}], [73243, {"py/object": "odf.components.Data", "data": {"py/b64": "//8="}, "fake": true}], [73378, {"py/object": "odf.components.Data", "data": {"py/b64": "//8="}, "fake": true}], [73474, {"py/object": "odf.components.Data", "data": {"py/b64": "//8="}, "fake": true}], [73566, {"py/object": "odf.components.Data", "data": {"py/b64": "//8="}, "fake": true}], [74308, {"py/object": "odf.components.Status", "address": 7, "message_error_bit": "0", "instrumentation_bit": "0", "service_request_bit": "0", "reserved_bits": "000", "brdcst_received_bit": "0", "busy_bit": "0", "subsystem_flag_bit": "0", "dynamic_bus_control_accpt_bit": "0", "terminal_flag_bit": "1", "parity_bit": "1", "fake": false}], [74407, {"py/object": "odf.components.Data", "data": {"py/b64": "BwQ="}, "fake": false}], [74493, {"py/object": "odf.components.Data", "data": {"py/b64": "//8="}, "fake": true}], [74565, {"py/object": "odf.components.Data", "data": {"py/b64": "2L0="}, "fake": false}], [74661, {"py/object": "odf.components.Data", "data": {"py/b64": "/3Q="}, "fake": false}], [74743, {"py/object": "odf.components.Data", "data": {"py/b64": "//8="}, "fake": true}], [74823, {"py/object": "odf.components.Data", "data": {"py/b64": "5z4="}, "fake": false}], [74917, {"py/object": "odf.components.Data", "data": {"py/b64": "khE="}, "fake": false}], [75007, {"py/object": "odf.components.Data", "data": {"py/b64": "//8="}, "fake": true}], [75088, {"py/object": "odf.components.Data", "data": {"py/b64": "5zw="}, "fake": false}], [75224, {"py/object": "odf.components.Status", "address": 8, "message_error_bit": "0", "instrumentation_bit": "0", "service_request_bit": "0", "reserved_bits": "000", "brdcst_received_bit": "0", "busy_bit": "0", "subsystem_flag_bit": "0", "dynamic_bus_control_accpt_bit": "0", "terminal_flag_bit": "1", "parity_bit": "1", "fake": false}], [75344, {"py/object": "odf.components.Command", "address": 10, "tr": 0, "sub_address": 2, "dword_count": 12, "parity": 0, "fake": false}], [75423, {"py/object": "odf.components.Command", "address": 9, "tr": 1, "sub_address": 2, "dword_count": 12, "parity": 0, "fake": false}], [75474, {"py/object": "odf.components.Data", "data": {"py/b64": "CvU="}, "fake": false}], [75541, {"py/object": "odf.components.Data", "data": {"py/b64": "//8="}, "fake": true}], [75573, {"py/object": "odf.components.Data", "data": {"py/b64": "1bk="}, "fake": false}], [75664, {"py/object": "odf.components.Data", "data": {"py/b64": "//8="}, "fake": true}], [75775, {"py/object": "odf.components.Data", "data": {"py/b64": "//8="}, "fake": true}], [75890, {"py/object": "odf.components.Data", "data": {"py/b64": "//8="}, "fake": true}], [75995, {"py/object": "odf.components.Data", "data": {"py/b64": "//8="}, "fake": true}], [76105, {"py/object": "odf.components.Data", "data": {"py/b64": "//8="}, "fake": true}], [76218, {"py/object": "odf.components.Data", "data": {"py/b64": "//8="}, "fake": true}], [76330, {"py/object": "odf.components.Data", "data": {"py/b64": "//8="}, "fake": true}], [76445, {"py/object": "odf.components.Data", "data": {"py/b64": "//8="}, "fake": true}], [77442, {"py/object": "odf.components.Status", "address": 9, "message_error_bit": "0", "instrumentation_bit": "0", "service_request_bit": "0", "reserved_bits": "000", "brdcst_received_bit": "0", "busy_bit": "0", "subsystem_flag_bit": "0", "dynamic_bus_control_accpt_bit": "0", "terminal_flag_bit": "1", "parity_bit": "1", "fake": false}], [77539, {"py/object": "odf.components.Data", "data": {"py/b64": "66w="}, "fake": false}], [77629, {"py/object": "odf.components.Data", "data": {"py/b64": "//8="}, "fake": true}], [77700, {"py/object": "odf.components.Data", "data": {"py/b64": "B0I="}, "fake": false}], [77783, {"py/object": "odf.components.Data", "data": {"py/b64": "k+s="}, "fake": false}], [77863, {"py/object": "odf.components.Data", "data": {"py/b64": "//8="}, "fake": true}], [77942, {"py/object": "odf.components.Data", "data": {"py/b64": "7MI="}, "fake": false}], [78039, {"py/object": "odf.components.Data", "data": {"py/b64": "Guk="}, "fake": false}], [78126, {"py/object": "odf.components.Data", "data": {"py/b64": "//8="}, "fake": true}], [78200, {"py/object": "odf.components.Data", "data": {"py/b64": "A0Q="}, "fake": false}], [78295, {"py/object": "odf.components.Data", "data": {"py/b64": "yKw="}, "fake": false}], [78384, {"py/object": "odf.components.Data", "data": {"py/b64": "//8="}, "fake": true}], [78454, {"py/object": "odf.components.Data", "data": {"py/b64": "B0I="}, "fake": false}], [78558, {"py/object": "odf.components.Data", "data": {"py/b64": "nOs="}, "fake": false}], [78643, {"py/object": "odf.components.Data", "data": {"py/b64": "//8="}, "fake": true}], [78692, {"py/object": "odf.components.Data", "data": {"py/b64": "7MI="}, "fake": false}], [78755, {"py/object": "odf.components.Data", "data": {"py/b64": "Ico="}, "fake": false}], [78868, {"py/object": "odf.components.Data", "data": {"py/b64": "//8="}, "fake": true}], [78897, {"py/object": "odf.components.Data", "data": {"py/b64": "2EQ="}, "fake": false}], [78999, {"py/object": "odf.components.Data", "data": {"py/b64": "//8="}, "fake": true}], [79107, {"py/object": "odf.components.Data", "data": {"py/b64": "//8="}, "fake": true}], [79222, {"py/object": "odf.components.Data", "data": {"py/b64": "//8="}, "fake": true}], [79331, {"py/object": "odf.components.Data", "data": {"py/b64": "//8="}, "fake": true}], [79446, {"py/object": "odf.components.Data", "data": {"py/b64": "//8="}, "fake": true}], [79565, {"py/object": "odf.components.Data", "data": {"py/b64": "//8="}, "fake": true}], [79723, {"py/object": "odf.components.Status", "address": 10, "message_error_bit": "0", "instrumentation_bit": "0", "service_request_bit": "0", "reserved_bits": "000", "brdcst_received_bit": "0", "busy_bit": "0", "subsystem_flag_bit": "0", "dynamic_bus_control_accpt_bit": "0", "terminal_flag_bit": "1", "parity_bit": "1", "fake": false}], [79775, {"py/object": "odf.components.Command", "address": 12, "tr": 0, "sub_address": 2, "dword_count": 16, "parity": 0, "fake": false}], [79795, {"py/object": "odf.components.Command", "address": 11, "tr": 1, "sub_address": 2, "dword_count": 16, "parity": 0, "fake": false}], [79869, {"py/object": "odf.components.Data", "data": {"py/b64": "//8="}, "fake": true}], [80015, {"py/object": "odf.components.Data", "data": {"py/b64": "//8="}, "fake": true}], [80123, {"py/object": "odf.components.Data", "data": {"py/b64": "//8="}, "fake": true}], [80229, {"py/object": "odf.components.Data", "data": {"py/b64": "//8="}, "fake": true}], [81859, {"py/object": "odf.components.Status", "address": 11, "message_error_bit": "0", "instrumentation_bit": "0", "service_request_bit": "0", "reserved_bits": "000", "brdcst_received_bit": "0", "busy_bit": "0", "subsystem_flag_bit": "0", "dynamic_bus_control_accpt_bit": "0", "terminal_flag_bit": "1", "parity_bit": "1", "fake": false}], [81954, {"py/object": "odf.components.Data", "data": {"py/b64": "BHY="}, "fake": false}], [82047, {"py/object": "odf.components.Data", "data": {"py/b64": "//8="}, "fake": true}], [82177, {"py/object": "odf.components.Data", "data": {"py/b64": "Ezs="}, "fake": false}], [82232, {"py/object": "odf.components.Data", "data": {"py/b64": "IAo="}, "fake": false}], [82300, {"py/object": "odf.components.Data", "data": {"py/b64": "//8="}, "fake": true}], [82369, {"py/object": "odf.components.Data", "data": {"py/b64": "NUE="}, "fake": false}], [82462, {"py/object": "odf.components.Data", "data": {"py/b64": "H5k="}, "fake": false}], [82562, {"py/object": "odf.components.Data", "data": {"py/b64": "//8="}, "fake": true}], [82623, {"py/object": "odf.components.Data", "data": {"py/b64": "30E="}, "fake": false}], [82713, {"py/object": "odf.components.Data", "data": {"py/b64": "lcU="}, "fake": false}], [82799, {"py/object": "odf.components.Data", "data": {"py/b64": "//8="}, "fake": true}], [82883, {"py/object": "odf.components.Data", "data": {"py/b64": "n0A="}, "fake": false}], [82986, {"py/object": "odf.components.Data", "data": {"py/b64": "IYk="}, "fake": false}], [83072, {"py/object": "odf.components.Data", "data": {"py/b64": "//8="}, "fake": true}], [83144, {"py/object": "odf.components.Data", "data": {"py/b64": "JUA="}, "fake": false}], [83246, {"py/object": "odf.components.Data", "data": {"py/b64": "l6s="}, "fake": false}], [83322, {"py/object": "odf.components.Data", "data": {"py/b64": "//8="}, "fake": true}], [83399, {"py/object": "odf.components.Data", "data": {"py/b64": "Zj0="}, "fake": false}], [83499, {"py/object": "odf.components.Data", "data": {"py/b64": "BL8="}, "fake": false}], [83576, {"py/object": "odf.components.Data", "data": {"py/b64": "//8="}, "fake": true}], [83650, {"py/object": "odf.components.Data", "data": {"py/b64": "Vj0="}, "fake": false}], [83745, {"py/object": "odf.components.Data", "data": {"py/b64": "d60="}, "fake": false}], [83829, {"py/object": "odf.components.Data", "data": {"py/b64": "//8="}, "fake": true}], [83901, {"py/object": "odf.components.Data", "data": {"py/b64": "nUE="}, "fake": false}], [84005, {"py/object": "odf.components.Data", "data": {"py/b64": "//8="}, "fake": true}], [84113, {"py/object": "odf.components.Data", "data": {"py/b64": "//8="}, "fake": true}], [84225, {"py/object": "odf.components.Data", "data": {"py/b64": "//8="}, "fake": true}], [84333, {"py/object": "odf.components.Data", "data": {"py/b64": "//8="}, "fake": true}], [84445, {"py/object": "odf.components.Data", "data": {"py/b64": "//8="}, "fake": true}], [84552, {"py/object": "odf.components.Data", "data": {"py/b64": "//8="}, "fake": true}], [84665, {"py/object": "odf.components.Data", "data": {"py/b64": "//8="}, "fake": true}], [84775, {"py/object": "odf.components.Data", "data": {"py/b64": "//8="}, "fake": true}], [84896, {"py/object": "odf.components.Data", "data": {"py/b64": "//8="}, "fake": true}], [85067, {"py/object": "odf.components.Status", "address": 12, "message_error_bit": "0", "instrumentation_bit": "0", "service_request_bit": "0", "reserved_bits": "000", "brdcst_received_bit": "0", "busy_bit": "0", "subsystem_flag_bit": "0", "dynamic_bus_control_accpt_bit": "0", "terminal_flag_bit": "1", "parity_bit": "1", "fake": false}], [85247, {"py/object": "odf.components.Command", "address": 1, "tr": 0, "sub_address": 2, "dword_count": 4, "parity": 0, "fake": false}], [85302, {"py/object": "odf.components.Data", "data": {"py/b64": "AAA="}, "fake": false}], [85324, {"py/object": "odf.components.Data", "data": {"py/b64": "AAA="}, "fake": false}], [85344, {"py/object": "odf.components.Data", "data": {"py/b64": "AAA="}, "fake": false}], [85364, {"py/object": "odf.components.Data", "data": {"py/b64": "AAA="}, "fake": false}], [85456, {"py/object": "odf.components.Data", "data": {"py/b64": "//8="}, "fake": true}], [85563, {"py/object": "odf.components.Data", "data": {"py/b64": "//8="}, "fake": true}], [85672, {"py/object": "odf.components.Data", "data": {"py/b64": "//8="}, "fake": true}], [85780, {"py/object": "odf.components.Data", "data": {"py/b64": "//8="}, "fake": true}], [85888, {"py/object": "odf.components.Data", "data": {"py/b64": "//8="}, "fake": true}], [85993, {"py/object": "odf.components.Data", "data": {"py/b64": "//8="}, "fake": true}], [87427, {"py/object": "odf.components.Status", "address": 1, "message_error_bit": "0", "instrumentation_bit": "0", "service_request_bit": "0", "reserved_bits": "000", "brdcst_received_bit": "0", "busy_bit": "0", "subsystem_flag_bit": "0", "dynamic_bus_control_accpt_bit": "0", "terminal_flag_bit": "1", "parity_bit": "1", "fake": false}], [87601, {"py/object": "odf.components.Command", "address": 31, "tr": 0, "sub_address": 2, "dword_count": 1, "parity": 0, "fake": false}], [87666, {"py/object": "odf.components.Data", "data": {"py/b64": "//8="}, "fake": false}], [87691, {"py/object": "odf.components.Command", "address": 4, "tr": 0, "sub_address": 2, "dword_count": 18, "parity": 0, "fake": false}], [87759, {"py/object": "odf.components.Command", "address": 3, "tr": 1, "sub_address": 2, "dword_count": 18, "parity": 0, "fake": false}], [87782, {"py/object": "odf.components.Data", "data": {"py/b64": "//8="}, "fake": true}], [87876, {"py/object": "odf.components.Data", "data": {"py/b64": "//8="}, "fake": true}], [87996, {"py/object": "odf.components.Data", "data": {"py/b64": "//8="}, "fake": true}], [88104, {"py/object": "odf.components.Data", "data": {"py/b64": "//8="}, "fake": true}], [89753, {"py/object": "odf.components.Status", "address": 3, "message_error_bit": "0", "instrumentation_bit": "0", "service_request_bit": "0", "reserved_bits": "000", "brdcst_received_bit": "0", "busy_bit": "0", "subsystem_flag_bit": "0", "dynamic_bus_control_accpt_bit": "0", "terminal_flag_bit": "1", "parity_bit": "1", "fake": false}], [89851, {"py/object": "odf.components.Data", "data": {"py/b64": "QQY="}, "fake": false}], [89943, {"py/object": "odf.components.Data", "data": {"py/b64": "//8="}, "fake": true}], [90013, {"py/object": "odf.components.Data", "data": {"py/b64": "ekM="}, "fake": false}], [90113, {"py/object": "odf.components.Data", "data": {"py/b64": "7QQ="}, "fake": false}], [90194, {"py/object": "odf.components.Data", "data": {"py/b64": "//8="}, "fake": true}], [90272, {"py/object": "odf.components.Data", "data": {"py/b64": "AUU="}, "fake": false}], [90365, {"py/object": "odf.components.Data", "data": {"py/b64": "IS0="}, "fake": false}], [90457, {"py/object": "odf.components.Data", "data": {"py/b64": "//8="}, "fake": true}], [90527, {"py/object": "odf.components.Data", "data": {"py/b64": "A0U="}, "fake": false}], [90628, {"py/object": "odf.components.Data", "data": {"py/b64": "+3s="}, "fake": false}], [90707, {"py/object": "odf.components.Data", "data": {"py/b64": "//8="}, "fake": true}], [90788, {"py/object": "odf.components.Data", "data": {"py/b64": "D0M="}, "fake": false}], [90881, {"py/object": "odf.components.Data", "data": {"py/b64": "i30="}, "fake": false}], [90972, {"py/object": "odf.components.Data", "data": {"py/b64": "//8="}, "fake": true}], [91047, {"py/object": "odf.components.Data", "data": {"py/b64": "QkA="}, "fake": false}], [91160, {"py/object": "odf.components.Data", "data": {"py/b64": "xmw="}, "fake": false}], [91218, {"py/object": "odf.components.Data", "data": {"py/b64": "//8="}, "fake": true}], [91292, {"py/object": "odf.components.Data", "data": {"py/b64": "QkA="}, "fake": false}], [91396, {"py/object": "odf.components.Data", "data": {"py/b64": "yQA="}, "fake": false}], [91471, {"py/object": "odf.components.Data", "data": {"py/b64": "//8="}, "fake": true}], [91549, {"py/object": "odf.components.Data", "data": {"py/b64": "Q0A="}, "fake": false}], [91652, {"py/object": "odf.components.Data", "data": {"py/b64": "T9s="}, "fake": false}], [91723, {"py/object": "odf.components.Data", "data": {"py/b64": "//8="}, "fake": true}], [91805, {"py/object": "odf.components.Data", "data": {"py/b64": "1EM="}, "fake": false}], [91900, {"py/object": "odf.components.Data", "data": {"py/b64": "tww="}, "fake": false}], [91977, {"py/object": "odf.components.Data", "data": {"py/b64": "//8="}, "fake": true}], [92053, {"py/object": "odf.components.Data", "data": {"py/b64": "OkQ="}, "fake": false}], [92149, {"py/object": "odf.components.Data", "data": {"py/b64": "//8="}, "fake": true}], [92263, {"py/object": "odf.components.Data", "data": {"py/b64": "//8="}, "fake": true}], [92370, {"py/object": "odf.components.Data", "data": {"py/b64": "//8="}, "fake": true}], [92485, {"py/object": "odf.components.Data", "data": {"py/b64": "//8="}, "fake": true}], [92591, {"py/object": "odf.components.Data", "data": {"py/b64": "//8="}, "fake": true}], [92705, {"py/object": "odf.components.Data", "data": {"py/b64": "//8="}, "fake": true}], [92815, {"py/object": "odf.components.Data", "data": {"py/b64": "//8="}, "fake": true}], [92927, {"py/object": "odf.components.Data", "data": {"py/b64": "//8="}, "fake": true}], [93101, {"py/object": "odf.components.Status", "address": 4, "message_error_bit": "0", "instrumentation_bit": "0", "service_request_bit": "0", "reserved_bits": "000", "brdcst_received_bit": "0", "busy_bit": "0", "subsystem_flag_bit": "0", "dynamic_bus_control_accpt_bit": "0", "terminal_flag_bit": "1", "parity_bit": "1", "fake": false}], [93172, {"py/object": "odf.components.Command", "address": 6, "tr": 0, "sub_address": 2, "dword_count": 28, "parity": 0, "fake": false}], [93242, {"py/object": "odf.components.Command", "address": 5, "tr": 1, "sub_address": 2, "dword_count": 28, "parity": 0, "fake": false}], [93265, {"py/object": "odf.components.Data", "data": {"py/b64": "//8="}, "fake": true}], [93364, {"py/object": "odf.components.Data", "data": {"py/b64": "//8="}, "fake": true}], [93529, {"py/object": "odf.components.Data", "data": {"py/b64": "//8="}, "fake": true}], [93616, {"py/object": "odf.components.Data", "data": {"py/b64": "//8="}, "fake": true}], [93724, {"py/object": "odf.components.Data", "data": {"py/b64": "//8="}, "fake": true}], [95255, {"py/object": "odf.components.Status", "address": 5, "message_error_bit": "0", "instrumentation_bit": "0", "service_request_bit": "0", "reserved_bits": "000", "brdcst_received_bit": "0", "busy_bit": "0", "subsystem_flag_bit": "0", "dynamic_bus_control_accpt_bit": "0", "terminal_flag_bit": "1", "parity_bit": "1", "fake": false}], [95357, {"py/object": "odf.components.Data", "data": {"py/b64": "dtg="}, "fake": false}], [95447, {"py/object": "odf.components.Data", "data": {"py/b64": "//8="}, "fake": true}], [95525, {"py/object": "odf.components.Data", "data": {"py/b64": "fUM="}, "fake": false}], [95627, {"py/object": "odf.components.Data", "data": {"py/b64": "wuk="}, "fake": false}], [95701, {"py/object": "odf.components.Data", "data": {"py/b64": "//8="}, "fake": true}], [95782, {"py/object": "odf.components.Data", "data": {"py/b64": "1kM="}, "fake": false}], [95881, {"py/object": "odf.components.Data", "data": {"py/b64": "H5k="}, "fake": false}], [95959, {"py/object": "odf.components.Data", "data": {"py/b64": "//8="}, "fake": true}], [96037, {"py/object": "odf.components.Data", "data": {"py/b64": "MkI="}, "fake": false}], [96145, {"py/object": "odf.components.Data", "data": {"py/b64": "UCk="}, "fake": false}], [96211, {"py/object": "odf.components.Data", "data": {"py/b64": "//8="}, "fake": true}], [96291, {"py/object": "odf.components.Data", "data": {"py/b64": "CUI="}, "fake": false}], [96388, {"py/object": "odf.components.Data", "data": {"py/b64": "dwo="}, "fake": false}], [96469, {"py/object": "odf.components.Data", "data": {"py/b64": "//8="}, "fake": true}], [96547, {"py/object": "odf.components.Data", "data": {"py/b64": "1cM="}, "fake": false}], [96676, {"py/object": "odf.components.Data", "data": {"py/b64": "itI="}, "fake": false}], [96726, {"py/object": "odf.components.Data", "data": {"py/b64": "//8="}, "fake": true}], [96806, {"py/object": "odf.components.Data", "data": {"py/b64": "ckE="}, "fake": false}], [96892, {"py/object": "odf.components.Data", "data": {"py/b64": "pdg="}, "fake": false}], [96956, {"py/object": "odf.components.Data", "data": {"py/b64": "//8="}, "fake": true}], [97019, {"py/object": "odf.components.Data", "data": {"py/b64": "vL0="}, "fake": false}], [97138, {"py/object": "odf.components.Data", "data": {"py/b64": "aXc="}, "fake": false}], [97204, {"py/object": "odf.components.Data", "data": {"py/b64": "//8="}, "fake": true}], [97285, {"py/object": "odf.components.Data", "data": {"py/b64": "mD8="}, "fake": false}], [97396, {"py/object": "odf.components.Data", "data": {"py/b64": "b3M="}, "fake": false}], [97464, {"py/object": "odf.components.Data", "data": {"py/b64": "//8="}, "fake": true}], [97543, {"py/object": "odf.components.Data", "data": {"py/b64": "9sA="}, "fake": false}], [97685, {"py/object": "odf.components.Data", "data": {"py/b64": "5C8="}, "fake": false}], [97721, {"py/object": "odf.components.Data", "data": {"py/b64": "//8="}, "fake": true}], [97801, {"py/object": "odf.components.Data", "data": {"py/b64": "BcE="}, "fake": false}], [97944, {"py/object": "odf.components.Data", "data": {"py/b64": "yuo="}, "fake": false}], [97982, {"py/object": "odf.components.Data", "data": {"py/b64": "//8="}, "fake": true}], [98084, {"py/object": "odf.components.Data", "data": {"py/b64": "1kM="}, "fake": false}], [98198, {"py/object": "odf.components.Data", "data": {"py/b64": "fmU="}, "fake": false}], [98230, {"py/object": "odf.components.Data", "data": {"py/b64": "//8="}, "fake": true}], [98311, {"py/object": "odf.components.Data", "data": {"py/b64": "WME="}, "fake": false}], [98455, {"py/object": "odf.components.Data", "data": {"py/b64": "x04="}, "fake": false}], [98489, {"py/object": "odf.components.Data", "data": {"py/b64": "//8="}, "fake": true}], [98566, {"py/object": "odf.components.Data", "data": {"py/b64": "0EA="}, "fake": false}], [98707, {"py/object": "odf.components.Data", "data": {"py/b64": "//8="}, "fake": true}], [98739, {"py/object": "odf.components.Data", "data": {"py/b64": "xFc="}, "fake": false}], [98821, {"py/object": "odf.components.Data", "data": {"py/b64": "zj4="}, "fake": false}], [98910, {"py/object": "odf.components.Data", "data": {"py/b64": "//8="}, "fake": true}], [99019, {"py/object": "odf.components.Data", "data": {"py/b64": "//8="}, "fake": true}], [99133, {"py/object": "odf.components.Data", "data": {"py/b64": "//8="}, "fake": true}], [99321, {"py/object": "odf.components.Data", "data": {"py/b64": "//8="}, "fake": true}], [99424, {"py/object": "odf.components.Status", "address": 6, "message_error_bit": "0", "instrumentation_bit": "0", "service_request_bit": "0", "reserved_bits": "000", "brdcst_received_bit": "0", "busy_bit": "0", "subsystem_flag_bit": "0", "dynamic_bus_control_accpt_bit": "0", "terminal_flag_bit": "1", "parity_bit": "1", "fake": false}], [99447, {"py/object": "odf.components.Command", "address": 8, "tr": 0, "sub_address": 2, "dword_count": 8, "parity": 0, "fake": false}], [99469, {"py/object": "odf.components.Command", "address": 7, "tr": 1, "sub_address": 2, "dword_count": 8, "parity": 0, "fake": false}], [99532, {"py/object": "odf.components.Data", "data": {"py/b64": "//8="}, "fake": true}], [99630, {"py/object": "odf.components.Data", "data": {"py/b64": "//8="}, "fake": true}], [99732, {"py/object": "odf.components.Data", "data": {"py/b64": "//8="}, "fake": true}], [99837, {"py/object": "odf.components.Data", "data": {"py/b64": "//8="}, "fake": true}], [99958, {"py/object": "odf.components.Data", "data": {"py/b64": "//8="}, "fake": true}], [100077, {"py/object": "odf.components.Data", "data": {"py/b64": "//8="}, "fake": true}], [100186, {"py/object": "odf.components.Data", "data": {"py/b64": "//8="}, "fake": true}], [100296, {"py/object": "odf.components.Data", "data": {"py/b64": "//8="}, "fake": true}], [100413, {"py/object": "odf.components.Data", "data": {"py/b64": "//8="}, "fake": true}], [100521, {"py/object": "odf.components.Data", "data": {"py/b64": "//8="}, "fake": true}], [100633, {"py/object": "odf.components.Data", "data": {"py/b64": "//8="}, "fake": true}], [100769, {"py/object": "odf.components.Data", "data": {"py/b64": "//8="}, "fake": true}], [100882, {"py/object": "odf.components.Data", "data": {"py/b64": "//8="}, "fake": true}], [100993, {"py/object": "odf.components.Data", "data": {"py/b64": "//8="}, "fake": true}], [101515, {"py/object": "odf.components.Status", "address": 7, "message_error_bit": "0", "instrumentation_bit": "0", "service_request_bit": "0", "reserved_bits": "000", "brdcst_received_bit": "0", "busy_bit": "0", "subsystem_flag_bit": "0", "dynamic_bus_control_accpt_bit": "0", "terminal_flag_bit": "1", "parity_bit": "1", "fake": false}], [101612, {"py/object": "odf.components.Data", "data": {"py/b64": "19Q="}, "fake": false}], [101701, {"py/object": "odf.components.Data", "data": {"py/b64": "//8="}, "fake": true}], [101771, {"py/object": "odf.components.Data", "data": {"py/b64": "1b0="}, "fake": false}], [101874, {"py/object": "odf.components.Data", "data": {"py/b64": "CV4="}, "fake": false}], [101959, {"py/object": "odf.components.Data", "data": {"py/b64": "//8="}, "fake": true}], [102033, {"py/object": "odf.components.Data", "data": {"py/b64": "4j4="}, "fake": false}], [102134, {"py/object": "odf.components.Data", "data": {"py/b64": "xIE="}, "fake": false}], [102223, {"py/object": "odf.components.Data", "data": {"py/b64": "//8="}, "fake": true}], [102302, {"py/object": "odf.components.Data", "data": {"py/b64": "5Dw="}, "fake": false}], [102481, {"py/object": "odf.components.Status", "address": 8, "message_error_bit": "0", "instrumentation_bit": "0", "service_request_bit": "0", "reserved_bits": "000", "brdcst_received_bit": "0", "busy_bit": "0", "subsystem_flag_bit": "0", "dynamic_bus_control_accpt_bit": "0", "terminal_flag_bit": "1", "parity_bit": "1", "fake": false}], [102596, {"py/object": "odf.components.Command", "address": 10, "tr": 0, "sub_address": 2, "dword_count": 12, "parity": 0, "fake": false}], [102681, {"py/object": "odf.components.Data", "data": {"py/b64": "AdE="}, "fake": false}], [102752, {"py/object": "odf.components.Command", "address": 9, "tr": 1, "sub_address": 2, "dword_count": 12, "parity": 0, "fake": false}], [102781, {"py/object": "odf.components.Data", "data": {"py/b64": "//8="}, "fake": true}], [102803, {"py/object": "odf.components.Data", "data": {"py/b64": "Yjk="}, "fake": false}], [102882, {"py/object": "odf.components.Data", "data": {"py/b64": "//8="}, "fake": true}], [102977, {"py/object": "odf.components.Data", "data": {"py/b64": "//8="}, "fake": true}], [103094, {"py/object": "odf.components.Data", "data": {"py/b64": "//8="}, "fake": true}], [103205, {"py/object": "odf.components.Data", "data": {"py/b64": "//8="}, "fake": true}], [103315, {"py/object": "odf.components.Data", "data": {"py/b64": "//8="}, "fake": true}], [103426, {"py/object": "odf.components.Data", "data": {"py/b64": "//8="}, "fake": true}], [103538, {"py/object": "odf.components.Data", "data": {"py/b64": "//8="}, "fake": true}], [103629, {"py/object": "odf.components.Data", "data": {"py/b64": "//8="}, "fake": true}], [104737, {"py/object": "odf.components.Status", "address": 9, "message_error_bit": "0", "instrumentation_bit": "0", "service_request_bit": "0", "reserved_bits": "000", "brdcst_received_bit": "0", "busy_bit": "0", "subsystem_flag_bit": "0", "dynamic_bus_control_accpt_bit": "0", "terminal_flag_bit": "1", "parity_bit": "1", "fake": false}], [104837, {"py/object": "odf.components.Data", "data": {"py/b64": "5Yw="}, "fake": false}], [104931, {"py/object": "odf.components.Data", "data": {"py/b64": "//8="}, "fake": true}], [105003, {"py/object": "odf.components.Data", "data": {"py/b64": "B0I="}, "fake": false}], [105102, {"py/object": "odf.components.Data", "data": {"py/b64": "wOs="}, "fake": false}], [105187, {"py/object": "odf.components.Data", "data": {"py/b64": "//8="}, "fake": true}], [105265, {"py/object": "odf.components.Data", "data": {"py/b64": "7MI="}, "fake": false}], [105364, {"py/object": "odf.components.Data", "data": {"py/b64": "S20="}, "fake": false}], [105449, {"py/object": "odf.components.Data", "data": {"py/b64": "//8="}, "fake": true}], [105518, {"py/object": "odf.components.Data", "data": {"py/b64": "TEQ="}, "fake": false}], [105616, {"py/object": "odf.components.Data", "data": {"py/b64": "x4w="}, "fake": false}], [105690, {"py/object": "odf.components.Data", "data": {"py/b64": "//8="}, "fake": true}], [105770, {"py/object": "odf.components.Data", "data": {"py/b64": "B0I="}, "fake": false}], [105864, {"py/object": "odf.components.Data", "data": {"py/b64": "s+s="}, "fake": false}], [105954, {"py/object": "odf.components.Data", "data": {"py/b64": "//8="}, "fake": true}], [106028, {"py/object": "odf.components.Data", "data": {"py/b64": "7MI="}, "fake": false}], [106130, {"py/object": "odf.components.Data", "data": {"py/b64": "nOc="}, "fake": false}], [106211, {"py/object": "odf.components.Data", "data": {"py/b64": "//8="}, "fake": true}], [106287, {"py/object": "odf.components.Data", "data": {"py/b64": "J0U="}, "fake": false}], [106391, {"py/object": "odf.components.Data", "data": {"py/b64": "//8="}, "fake": true}], [106500, {"py/object": "odf.components.Data", "data": {"py/b64": "//8="}, "fake": true}], [106621, {"py/object": "odf.components.Data", "data": {"py/b64": "//8="}, "fake": true}], [106730, {"py/object": "odf.components.Data", "data": {"py/b64": "//8="}, "fake": true}], [106832, {"py/object": "odf.components.Data", "data": {"py/b64": "//8="}, "fake": true}], [106954, {"py/object": "odf.components.Status", "address": 10, "message_error_bit": "0", "instrumentation_bit": "0", "service_request_bit": "0", "reserved_bits": "000", "brdcst_received_bit": "0", "busy_bit": "0", "subsystem_flag_bit": "0", "dynamic_bus_control_accpt_bit": "0", "terminal_flag_bit": "1", "parity_bit": "1", "fake": false}], [107043, {"py/object": "odf.components.Command", "address": 12, "tr": 0, "sub_address": 2, "dword_count": 16, "parity": 0, "fake": false}], [107098, {"py/object": "odf.components.Command", "address": 11, "tr": 1, "sub_address": 2, "dword_count": 16, "parity": 0, "fake": false}], [107141, {"py/object": "odf.components.Data", "data": {"py/b64": "//8="}, "fake": true}], [107253, {"py/object": "odf.components.Data", "data": {"py/b64": "//8="}, "fake": true}], [107395, {"py/object": "odf.components.Data", "data": {"py/b64": "//8="}, "fake": true}], [107508, {"py/object": "odf.components.Data", "data": {"py/b64": "//8="}, "fake": true}], [107616, {"py/object": "odf.components.Data", "data": {"py/b64": "//8="}, "fake": true}], [109137, {"py/object": "odf.components.Status", "address": 11, "message_error_bit": "0", "instrumentation_bit": "0", "service_request_bit": "0", "reserved_bits": "000", "brdcst_received_bit": "0", "busy_bit": "0", "subsystem_flag_bit": "0", "dynamic_bus_control_accpt_bit": "0", "terminal_flag_bit": "1", "parity_bit": "1", "fake": false}], [109237, {"py/object": "odf.components.Data", "data": {"py/b64": "k08="}, "fake": false}], [109330, {"py/object": "odf.components.Data", "data": {"py/b64": "//8="}, "fake": true}], [109403, {"py/object": "odf.components.Data", "data": {"py/b64": "Dzs="}, "fake": false}], [109501, {"py/object": "odf.components.Data", "data": {"py/b64": "wJs="}, "fake": false}], [109587, {"py/object": "odf.components.Data", "data": {"py/b64": "//8="}, "fake": true}], [109658, {"py/object": "odf.components.Data", "data": {"py/b64": "FkE="}, "fake": false}], [109761, {"py/object": "odf.components.Data", "data": {"py/b64": "cvY="}, "fake": false}], [109858, {"py/object": "odf.components.Data", "data": {"py/b64": "//8="}, "fake": true}], [109920, {"py/object": "odf.components.Data", "data": {"py/b64": "10E="}, "fake": false}], [109994, {"py/object": "odf.components.Data", "data": {"py/b64": "tEM="}, "fake": false}], [110077, {"py/object": "odf.components.Data", "data": {"py/b64": "//8="}, "fake": true}], [110143, {"py/object": "odf.components.Data", "data": {"py/b64": "p0A="}, "fake": false}], [110225, {"py/object": "odf.components.Data", "data": {"py/b64": "lAo="}, "fake": false}], [110312, {"py/object": "odf.components.Data", "data": {"py/b64": "//8="}, "fake": true}], [110389, {"py/object": "odf.components.Data", "data": {"py/b64": "KUA="}, "fake": false}], [110505, {"py/object": "odf.components.Data", "data": {"py/b64": "Mmg="}, "fake": false}], [110569, {"py/object": "odf.components.Data", "data": {"py/b64": "//8="}, "fake": true}], [110656, {"py/object": "odf.components.Data", "data": {"py/b64": "K74="}, "fake": false}], [110747, {"py/object": "odf.components.Data", "data": {"py/b64": "hVA="}, "fake": false}], [110818, {"py/object": "odf.components.Data", "data": {"py/b64": "//8="}, "fake": true}], [110896, {"py/object": "odf.components.Data", "data": {"py/b64": "Fb0="}, "fake": false}], [111031, {"py/object": "odf.components.Data", "data": {"py/b64": "t2s="}, "fake": false}], [111082, {"py/object": "odf.components.Data", "data": {"py/b64": "//8="}, "fake": true}], [111160, {"py/object": "odf.components.Data", "data": {"py/b64": "kEE="}, "fake": false}], [111260, {"py/object": "odf.components.Data", "data": {"py/b64": "//8="}, "fake": true}], [111367, {"py/object": "odf.components.Data", "data": {"py/b64": "//8="}, "fake": true}], [111485, {"py/object": "odf.components.Data", "data": {"py/b64": "//8="}, "fake": true}], [111593, {"py/object": "odf.components.Data", "data": {"py/b64": "//8="}, "fake": true}], [111708, {"py/object": "odf.components.Data", "data": {"py/b64": "//8="}, "fake": true}], [111819, {"py/object": "odf.components.Data", "data": {"py/b64": "//8="}, "fake": true}], [111936, {"py/object": "odf.components.Data", "data": {"py/b64": "//8="}, "fake": true}], [112045, {"py/object": "odf.components.Data", "data": {"py/b64": "//8="}, "fake": true}], [112237, {"py/object": "odf.components.Status", "address": 12, "message_error_bit": "0", "instrumentation_bit": "0", "service_request_bit": "0", "reserved_bits": "000", "brdcst_received_bit": "0", "busy_bit": "0", "subsystem_flag_bit": "0", "dynamic_bus_control_accpt_bit": "0", "terminal_flag_bit": "1", "parity_bit": "1", "fake": false}], [112434, {"py/object": "odf.components.Command", "address": 1, "tr": 0, "sub_address": 2, "dword_count": 4, "parity": 0, "fake": false}], [112532, {"py/object": "odf.components.Data", "data": {"py/b64": "AAA="}, "fake": false}], [112556, {"py/object": "odf.components.Data", "data": {"py/b64": "//8="}, "fake": true}], [112579, {"py/object": "odf.components.Data", "data": {"py/b64": "AAA="}, "fake": false}], [112603, {"py/object": "odf.components.Data", "data": {"py/b64": "AAA="}, "fake": false}], [112625, {"py/object": "odf.components.Data", "data": {"py/b64": "AAA="}, "fake": false}], [112723, {"py/object": "odf.components.Data", "data": {"py/b64": "//8="}, "fake": true}], [112830, {"py/object": "odf.components.Data", "data": {"py/b64": "//8="}, "fake": true}], [112942, {"py/object": "odf.components.Data", "data": {"py/b64": "//8="}, "fake": true}], [113057, {"py/object": "odf.components.Data", "data": {"py/b64": "//8="}, "fake": true}], [113161, {"py/object": "odf.components.Data", "data": {"py/b64": "//8="}, "fake": true}], [113271, {"py/object": "odf.components.Data", "data": {"py/b64": "//8="}, "fake": true}], [114605, {"py/object": "odf.components.Status", "address": 1, "message_error_bit": "0", "instrumentation_bit": "0", "service_request_bit": "0", "reserved_bits": "000", "brdcst_received_bit": "0", "busy_bit": "0", "subsystem_flag_bit": "0", "dynamic_bus_control_accpt_bit": "0", "terminal_flag_bit": "1", "parity_bit": "1", "fake": false}], [114782, {"py/object": "odf.components.Command", "address": 31, "tr": 0, "sub_address": 2, "dword_count": 1, "parity": 0, "fake": false}], [114857, {"py/object": "odf.components.Data", "data": {"py/b64": "//8="}, "fake": false}], [114905, {"py/object": "odf.components.Command", "address": 4, "tr": 0, "sub_address": 2, "dword_count": 18, "parity": 0, "fake": false}], [114957, {"py/object": "odf.components.Command", "address": 3, "tr": 1, "sub_address": 2, "dword_count": 18, "parity": 0, "fake": false}], [114978, {"py/object": "odf.components.Data", "data": {"py/b64": "//8="}, "fake": true}], [115069, {"py/object": "odf.components.Data", "data": {"py/b64": "//8="}, "fake": true}], [115188, {"py/object": "odf.components.Data", "data": {"py/b64": "//8="}, "fake": true}], [115294, {"py/object": "odf.components.Data", "data": {"py/b64": "//8="}, "fake": true}], [116944, {"py/object": "odf.components.Status", "address": 3, "message_error_bit": "0", "instrumentation_bit": "0", "service_request_bit": "0", "reserved_bits": "000", "brdcst_received_bit": "0", "busy_bit": "0", "subsystem_flag_bit": "0", "dynamic_bus_control_accpt_bit": "0", "terminal_flag_bit": "1", "parity_bit": "1", "fake": false}], [117042, {"py/object": "odf.components.Data", "data": {"py/b64": "GHw="}, "fake": false}], [117131, {"py/object": "odf.components.Data", "data": {"py/b64": "//8="}, "fake": true}], [117204, {"py/object": "odf.components.Data", "data": {"py/b64": "eUM="}, "fake": false}], [117305, {"py/object": "odf.components.Data", "data": {"py/b64": "ejY="}, "fake": false}], [117390, {"py/object": "odf.components.Data", "data": {"py/b64": "//8="}, "fake": true}], [117467, {"py/object": "odf.components.Data", "data": {"py/b64": "/0Q="}, "fake": false}], [117561, {"py/object": "odf.components.Data", "data": {"py/b64": "v9w="}, "fake": false}], [117653, {"py/object": "odf.components.Data", "data": {"py/b64": "//8="}, "fake": true}], [117725, {"py/object": "odf.components.Data", "data": {"py/b64": "PkU="}, "fake": false}], [117823, {"py/object": "odf.components.Data", "data": {"py/b64": "tt8="}, "fake": false}], [117904, {"py/object": "odf.components.Data", "data": {"py/b64": "//8="}, "fake": true}], [117981, {"py/object": "odf.components.Data", "data": {"py/b64": "wkI="}, "fake": false}], [118084, {"py/object": "odf.components.Data", "data": {"py/b64": "dtc="}, "fake": false}], [118175, {"py/object": "odf.components.Data", "data": {"py/b64": "//8="}, "fake": true}], [118252, {"py/object": "odf.components.Data", "data": {"py/b64": "A0A="}, "fake": false}], [118354, {"py/object": "odf.components.Data", "data": {"py/b64": "7MI="}, "fake": false}], [118432, {"py/object": "odf.components.Data", "data": {"py/b64": "//8="}, "fake": true}], [118509, {"py/object": "odf.components.Data", "data": {"py/b64": "A0A="}, "fake": false}], [118607, {"py/object": "odf.components.Data", "data": {"py/b64": "p7w="}, "fake": false}], [118695, {"py/object": "odf.components.Data", "data": {"py/b64": "//8="}, "fake": true}], [118764, {"py/object": "odf.components.Data", "data": {"py/b64": "QkA="}, "fake": false}], [118865, {"py/object": "odf.components.Data", "data": {"py/b64": "+GI="}, "fake": false}], [118946, {"py/object": "odf.components.Data", "data": {"py/b64": "//8="}, "fake": true}], [119024, {"py/object": "odf.components.Data", "data": {"py/b64": "1EM="}, "fake": false}], [119124, {"py/object": "odf.components.Data", "data": {"py/b64": "tww="}, "fake": false}], [119209, {"py/object": "odf.components.Data", "data": {"py/b64": "//8="}, "fake": true}], [119286, {"py/object": "odf.components.Data", "data": {"py/b64": "OkQ="}, "fake": false}], [119387, {"py/object": "odf.components.Data", "data": {"py/b64": "//8="}, "fake": true}], [119500, {"py/object": "odf.components.Data", "data": {"py/b64": "//8="}, "fake": true}], [119591, {"py/object": "odf.components.Data", "data": {"py/b64": "//8="}, "fake": true}], [119705, {"py/object": "odf.components.Data", "data": {"py/b64": "//8="}, "fake": true}], [119815, {"py/object": "odf.components.Data", "data": {"py/b64": "//8="}, "fake": true}], [119931, {"py/object": "odf.components.Data", "data": {"py/b64": "//8="}, "fake": true}], [120038, {"py/object": "odf.components.Data", "data": {"py/b64": "//8="}, "fake": true}], [120160, {"py/object": "odf.components.Data", "data": {"py/b64": "//8="}, "fake": true}], [120332, {"py/object": "odf.components.Status", "address": 4, "message_error_bit": "0", "instrumentation_bit": "0", "service_request_bit": "0", "reserved_bits": "000", "brdcst_received_bit": "0", "busy_bit": "0", "subsystem_flag_bit": "0", "dynamic_bus_control_accpt_bit": "0", "terminal_flag_bit": "1", "parity_bit": "1", "fake": false}]], "attack_times": [[62146]], "attack_types": ["Collision_Attack_against_the_Bus"], "attack_outcome": [true]}