{"data": [[371, {"py/object": "odf.components.Command", "address": 31, "tr": 0, "sub_address": 2, "dword_count": 1, "parity": 0, "fake": false}], [450, {"py/object": "odf.components.Data", "data": {"py/b64": "//8="}, "fake": false}], [486, {"py/object": "odf.components.Command", "address": 4, "tr": 0, "sub_address": 2, "dword_count": 18, "parity": 0, "fake": false}], [497, {"py/object": "odf.components.Command", "address": 3, "tr": 1, "sub_address": 2, "dword_count": 18, "parity": 0, "fake": false}], [2572, {"py/object": "odf.components.Status", "address": 3, "message_error_bit": "0", "instrumentation_bit": "0", "service_request_bit": "0", "reserved_bits": "000", "brdcst_received_bit": "0", "busy_bit": "0", "subsystem_flag_bit": "0", "dynamic_bus_control_accpt_bit": "0", "terminal_flag_bit": "1", "parity_bit": "1", "fake": false}], [2644, {"py/object": "odf.components.Data", "data": {"py/b64": "iKs="}, "fake": false}], [2717, {"py/object": "odf.components.Data", "data": {"py/b64": "JUI="}, "fake": false}], [2788, {"py/object": "odf.components.Data", "data": {"py/b64": "yLM="}, "fake": false}], [2860, {"py/object": "odf.components.Data", "data": {"py/b64": "fb0="}, "fake": false}], [2931, {"py/object": "odf.components.Data", "data": {"py/b64": "RYY="}, "fake": false}], [3003, {"py/object": "odf.components.Data", "data": {"py/b64": "7kI="}, "fake": false}], [3074, {"py/object": "odf.components.Data", "data": {"py/b64": "q80="}, "fake": false}], [3145, {"py/object": "odf.components.Data", "data": {"py/b64": "iEM="}, "fake": false}], [3216, {"py/object": "odf.components.Data", "data": {"py/b64": "768="}, "fake": false}], [3287, {"py/object": "odf.components.Data", "data": {"py/b64": "i0A="}, "fake": false}], [3357, {"py/object": "odf.components.Data", "data": {"py/b64": "ALA="}, "fake": false}], [3431, {"py/object": "odf.components.Data", "data": {"py/b64": "i0A="}, "fake": false}], [3501, {"py/object": "odf.components.Data", "data": {"py/b64": "2w8="}, "fake": false}], [3575, {"py/object": "odf.components.Data", "data": {"py/b64": "SUA="}, "fake": false}], [3646, {"py/object": "odf.components.Data", "data": {"py/b64": "pKM="}, "fake": false}], [3718, {"py/object": "odf.components.Data", "data": {"py/b64": "1kM="}, "fake": false}], [3790, {"py/object": "odf.components.Data", "data": {"py/b64": "tww="}, "fake": false}], [3865, {"py/object": "odf.components.Data", "data": {"py/b64": "OkQ="}, "fake": false}], [5977, {"py/object": "odf.components.Status", "address": 4, "message_error_bit": "0", "instrumentation_bit": "0", "service_request_bit": "0", "reserved_bits": "000", "brdcst_received_bit": "0", "busy_bit": "0", "subsystem_flag_bit": "0", "dynamic_bus_control_accpt_bit": "0", "terminal_flag_bit": "1", "parity_bit": "1", "fake": false}], [6032, {"py/object": "odf.components.Command", "address": 6, "tr": 0, "sub_address": 2, "dword_count": 28, "parity": 0, "fake": false}], [6047, {"py/object": "odf.components.Command", "address": 5, "tr": 1, "sub_address": 2, "dword_count": 28, "parity": 0, "fake": false}], [8119, {"py/object": "odf.components.Status", "address": 5, "message_error_bit": "0", "instrumentation_bit": "0", "service_request_bit": "0", "reserved_bits": "000", "brdcst_received_bit": "0", "busy_bit": "0", "subsystem_flag_bit": "0", "dynamic_bus_control_accpt_bit": "0", "terminal_flag_bit": "1", "parity_bit": "1", "fake": false}], [8190, {"py/object": "odf.components.Data", "data": {"py/b64": "wpE="}, "fake": false}], [8261, {"py/object": "odf.components.Data", "data": {"py/b64": "rEI="}, "fake": false}], [8331, {"py/object": "odf.components.Data", "data": {"py/b64": "SSg="}, "fake": false}], [8400, {"py/object": "odf.components.Data", "data": {"py/b64": "EkM="}, "fake": false}], [8471, {"py/object": "odf.components.Data", "data": {"py/b64": "z7A="}, "fake": false}], [8542, {"py/object": "odf.components.Data", "data": {"py/b64": "EcM="}, "fake": false}], [8611, {"py/object": "odf.components.Data", "data": {"py/b64": "ahU="}, "fake": false}], [8686, {"py/object": "odf.components.Data", "data": {"py/b64": "Tzw="}, "fake": false}], [8758, {"py/object": "odf.components.Data", "data": {"py/b64": "3ig="}, "fake": false}], [8828, {"py/object": "odf.components.Data", "data": {"py/b64": "kcE="}, "fake": false}], [8895, {"py/object": "odf.components.Data", "data": {"py/b64": "N+8="}, "fake": false}], [8967, {"py/object": "odf.components.Data", "data": {"py/b64": "UsE="}, "fake": false}], [9037, {"py/object": "odf.components.Data", "data": {"py/b64": "Jeg="}, "fake": false}], [9112, {"py/object": "odf.components.Data", "data": {"py/b64": "bL8="}, "fake": false}], [9180, {"py/object": "odf.components.Data", "data": {"py/b64": "KRk="}, "fake": false}], [9247, {"py/object": "odf.components.Data", "data": {"py/b64": "BMA="}, "fake": false}], [9309, {"py/object": "odf.components.Data", "data": {"py/b64": "0GE="}, "fake": false}], [9378, {"py/object": "odf.components.Data", "data": {"py/b64": "Bbw="}, "fake": false}], [9454, {"py/object": "odf.components.Data", "data": {"py/b64": "I64="}, "fake": false}], [9522, {"py/object": "odf.components.Data", "data": {"py/b64": "bkA="}, "fake": false}], [9593, {"py/object": "odf.components.Data", "data": {"py/b64": "rHU="}, "fake": false}], [9666, {"py/object": "odf.components.Data", "data": {"py/b64": "F0M="}, "fake": false}], [9737, {"py/object": "odf.components.Data", "data": {"py/b64": "dbY="}, "fake": false}], [9808, {"py/object": "odf.components.Data", "data": {"py/b64": "Db4="}, "fake": false}], [9878, {"py/object": "odf.components.Data", "data": {"py/b64": "TfE="}, "fake": false}], [9952, {"py/object": "odf.components.Data", "data": {"py/b64": "FsA="}, "fake": false}], [10025, {"py/object": "odf.components.Data", "data": {"py/b64": "cHg="}, "fake": false}], [10104, {"py/object": "odf.components.Data", "data": {"py/b64": "UEE="}, "fake": false}], [12232, {"py/object": "odf.components.Status", "address": 6, "message_error_bit": "0", "instrumentation_bit": "0", "service_request_bit": "0", "reserved_bits": "000", "brdcst_received_bit": "0", "busy_bit": "0", "subsystem_flag_bit": "0", "dynamic_bus_control_accpt_bit": "0", "terminal_flag_bit": "1", "parity_bit": "1", "fake": false}], [12278, {"py/object": "odf.components.Command", "address": 8, "tr": 0, "sub_address": 2, "dword_count": 8, "parity": 0, "fake": false}], [12295, {"py/object": "odf.components.Command", "address": 7, "tr": 1, "sub_address": 2, "dword_count": 8, "parity": 0, "fake": false}], [14368, {"py/object": "odf.components.Status", "address": 7, "message_error_bit": "0", "instrumentation_bit": "0", "service_request_bit": "0", "reserved_bits": "000", "brdcst_received_bit": "0", "busy_bit": "0", "subsystem_flag_bit": "0", "dynamic_bus_control_accpt_bit": "0", "terminal_flag_bit": "1", "parity_bit": "1", "fake": false}], [14438, {"py/object": "odf.components.Data", "data": {"py/b64": "xJ4="}, "fake": false}], [14509, {"py/object": "odf.components.Data", "data": {"py/b64": "YL0="}, "fake": false}], [14582, {"py/object": "odf.components.Data", "data": {"py/b64": "xsM="}, "fake": false}], [14654, {"py/object": "odf.components.Data", "data": {"py/b64": "FTo="}, "fake": false}], [14725, {"py/object": "odf.components.Data", "data": {"py/b64": "lOM="}, "fake": false}], [14798, {"py/object": "odf.components.Data", "data": {"py/b64": "Jz0="}, "fake": false}], [14869, {"py/object": "odf.components.Data", "data": {"py/b64": "z3E="}, "fake": false}], [14948, {"py/object": "odf.components.Data", "data": {"py/b64": "lDk="}, "fake": false}], [17084, {"py/object": "odf.components.Status", "address": 8, "message_error_bit": "0", "instrumentation_bit": "0", "service_request_bit": "0", "reserved_bits": "000", "brdcst_received_bit": "0", "busy_bit": "0", "subsystem_flag_bit": "0", "dynamic_bus_control_accpt_bit": "0", "terminal_flag_bit": "1", "parity_bit": "1", "fake": false}], [17144, {"py/object": "odf.components.Command", "address": 10, "tr": 0, "sub_address": 2, "dword_count": 12, "parity": 0, "fake": false}], [17163, {"py/object": "odf.components.Command", "address": 9, "tr": 1, "sub_address": 2, "dword_count": 12, "parity": 0, "fake": false}], [19234, {"py/object": "odf.components.Status", "address": 9, "message_error_bit": "0", "instrumentation_bit": "0", "service_request_bit": "0", "reserved_bits": "000", "brdcst_received_bit": "0", "busy_bit": "0", "subsystem_flag_bit": "0", "dynamic_bus_control_accpt_bit": "0", "terminal_flag_bit": "1", "parity_bit": "1", "fake": false}], [19295, {"py/object": "odf.components.Data", "data": {"py/b64": "L8E="}, "fake": false}], [19367, {"py/object": "odf.components.Data", "data": {"py/b64": "B0I="}, "fake": false}], [19441, {"py/object": "odf.components.Data", "data": {"py/b64": "ocg="}, "fake": false}], [19515, {"py/object": "odf.components.Data", "data": {"py/b64": "7MI="}, "fake": false}], [19588, {"py/object": "odf.components.Data", "data": {"py/b64": "vNY="}, "fake": false}], [19660, {"py/object": "odf.components.Data", "data": {"py/b64": "MUI="}, "fake": false}], [19733, {"py/object": "odf.components.Data", "data": {"py/b64": "K8E="}, "fake": false}], [19804, {"py/object": "odf.components.Data", "data": {"py/b64": "B0I="}, "fake": false}], [19879, {"py/object": "odf.components.Data", "data": {"py/b64": "tMg="}, "fake": false}], [19952, {"py/object": "odf.components.Data", "data": {"py/b64": "7MI="}, "fake": false}], [20026, {"py/object": "odf.components.Data", "data": {"py/b64": "ivU="}, "fake": false}], [20102, {"py/object": "odf.components.Data", "data": {"py/b64": "FEM="}, "fake": false}], [22241, {"py/object": "odf.components.Status", "address": 10, "message_error_bit": "0", "instrumentation_bit": "0", "service_request_bit": "0", "reserved_bits": "000", "brdcst_received_bit": "0", "busy_bit": "0", "subsystem_flag_bit": "0", "dynamic_bus_control_accpt_bit": "0", "terminal_flag_bit": "1", "parity_bit": "1", "fake": false}], [22289, {"py/object": "odf.components.Command", "address": 12, "tr": 0, "sub_address": 2, "dword_count": 16, "parity": 0, "fake": false}], [22307, {"py/object": "odf.components.Command", "address": 11, "tr": 1, "sub_address": 2, "dword_count": 16, "parity": 0, "fake": false}], [24383, {"py/object": "odf.components.Status", "address": 11, "message_error_bit": "0", "instrumentation_bit": "0", "service_request_bit": "0", "reserved_bits": "000", "brdcst_received_bit": "0", "busy_bit": "0", "subsystem_flag_bit": "0", "dynamic_bus_control_accpt_bit": "0", "terminal_flag_bit": "1", "parity_bit": "1", "fake": false}], [24454, {"py/object": "odf.components.Data", "data": {"py/b64": "d2Y="}, "fake": false}], [24528, {"py/object": "odf.components.Data", "data": {"py/b64": "Gjs="}, "fake": false}], [24601, {"py/object": "odf.components.Data", "data": {"py/b64": "AIo="}, "fake": false}], [24672, {"py/object": "odf.components.Data", "data": {"py/b64": "ZUE="}, "fake": false}], [24743, {"py/object": "odf.components.Data", "data": {"py/b64": "roc="}, "fake": false}], [24815, {"py/object": "odf.components.Data", "data": {"py/b64": "7EE="}, "fake": false}], [24887, {"py/object": "odf.components.Data", "data": {"py/b64": "sAg="}, "fake": false}], [24960, {"py/object": "odf.components.Data", "data": {"py/b64": "YEA="}, "fake": false}], [25033, {"py/object": "odf.components.Data", "data": {"py/b64": "Ac0="}, "fake": false}], [25106, {"py/object": "odf.components.Data", "data": {"py/b64": "5T8="}, "fake": false}], [25173, {"py/object": "odf.components.Data", "data": {"py/b64": "868="}, "fake": false}], [25248, {"py/object": "odf.components.Data", "data": {"py/b64": "Aj4="}, "fake": false}], [25298, {"py/object": "odf.components.Data", "data": {"py/b64": "TQU="}, "fake": false}], [25370, {"py/object": "odf.components.Data", "data": {"py/b64": "9z4="}, "fake": false}], [25444, {"py/object": "odf.components.Data", "data": {"py/b64": "LU0="}, "fake": false}], [25518, {"py/object": "odf.components.Data", "data": {"py/b64": "nEE="}, "fake": false}], [27628, {"py/object": "odf.components.Status", "address": 12, "message_error_bit": "0", "instrumentation_bit": "0", "service_request_bit": "0", "reserved_bits": "000", "brdcst_received_bit": "0", "busy_bit": "0", "subsystem_flag_bit": "0", "dynamic_bus_control_accpt_bit": "0", "terminal_flag_bit": "1", "parity_bit": "1", "fake": false}], [27785, {"py/object": "odf.components.Command", "address": 1, "tr": 0, "sub_address": 2, "dword_count": 4, "parity": 0, "fake": false}], [27876, {"py/object": "odf.components.Data", "data": {"py/b64": "AAA="}, "fake": false}], [27888, {"py/object": "odf.components.Data", "data": {"py/b64": "AAA="}, "fake": false}], [27900, {"py/object": "odf.components.Data", "data": {"py/b64": "AAA="}, "fake": false}], [27912, {"py/object": "odf.components.Data", "data": {"py/b64": "AAA="}, "fake": false}], [29980, {"py/object": "odf.components.Status", "address": 1, "message_error_bit": "0", "instrumentation_bit": "0", "service_request_bit": "0", "reserved_bits": "000", "brdcst_received_bit": "0", "busy_bit": "0", "subsystem_flag_bit": "0", "dynamic_bus_control_accpt_bit": "0", "terminal_flag_bit": "1", "parity_bit": "1", "fake": false}], [30144, {"py/object": "odf.components.Command", "address": 31, "tr": 0, "sub_address": 2, "dword_count": 1, "parity": 0, "fake": false}], [30213, {"py/object": "odf.components.Data", "data": {"py/b64": "//8="}, "fake": false}], [30220, {"py/object": "odf.components.Command", "address": 4, "tr": 0, "sub_address": 2, "dword_count": 18, "parity": 0, "fake": false}], [30229, {"py/object": "odf.components.Command", "address": 3, "tr": 1, "sub_address": 2, "dword_count": 18, "parity": 0, "fake": false}], [32288, {"py/object": "odf.components.Status", "address": 3, "message_error_bit": "0", "instrumentation_bit": "0", "service_request_bit": "0", "reserved_bits": "000", "brdcst_received_bit": "0", "busy_bit": "0", "subsystem_flag_bit": "0", "dynamic_bus_control_accpt_bit": "0", "terminal_flag_bit": "1", "parity_bit": "1", "fake": false}], [32360, {"py/object": "odf.components.Data", "data": {"py/b64": "Z7o="}, "fake": false}], [32434, {"py/object": "odf.components.Data", "data": {"py/b64": "a0M="}, "fake": false}], [32507, {"py/object": "odf.components.Data", "data": {"py/b64": "VEk="}, "fake": false}], [32580, {"py/object": "odf.components.Data", "data": {"py/b64": "lUQ="}, "fake": false}], [32655, {"py/object": "odf.components.Data", "data": {"py/b64": "6so="}, "fake": false}], [32726, {"py/object": "odf.components.Data", "data": {"py/b64": "3EM="}, "fake": false}], [32799, {"py/object": "odf.components.Data", "data": {"py/b64": "t6g="}, "fake": false}], [32871, {"py/object": "odf.components.Data", "data": {"py/b64": "hEM="}, "fake": false}], [32942, {"py/object": "odf.components.Data", "data": {"py/b64": "bs0="}, "fake": false}], [33015, {"py/object": "odf.components.Data", "data": {"py/b64": "i0A="}, "fake": false}], [33087, {"py/object": "odf.components.Data", "data": {"py/b64": "Bs8="}, "fake": false}], [33160, {"py/object": "odf.components.Data", "data": {"py/b64": "i0A="}, "fake": false}], [33230, {"py/object": "odf.components.Data", "data": {"py/b64": "9OA="}, "fake": false}], [33303, {"py/object": "odf.components.Data", "data": {"py/b64": "QkA="}, "fake": false}], [33376, {"py/object": "odf.components.Data", "data": {"py/b64": "Osk="}, "fake": false}], [33450, {"py/object": "odf.components.Data", "data": {"py/b64": "1UM="}, "fake": false}], [33522, {"py/object": "odf.components.Data", "data": {"py/b64": "tww="}, "fake": false}], [33602, {"py/object": "odf.components.Data", "data": {"py/b64": "OkQ="}, "fake": false}], [35674, {"py/object": "odf.components.Status", "address": 4, "message_error_bit": "0", "instrumentation_bit": "0", "service_request_bit": "0", "reserved_bits": "000", "brdcst_received_bit": "0", "busy_bit": "0", "subsystem_flag_bit": "0", "dynamic_bus_control_accpt_bit": "0", "terminal_flag_bit": "1", "parity_bit": "1", "fake": false}], [35760, {"py/object": "odf.components.Command", "address": 6, "tr": 0, "sub_address": 2, "dword_count": 28, "parity": 0, "fake": false}], [35773, {"py/object": "odf.components.Command", "address": 5, "tr": 1, "sub_address": 2, "dword_count": 28, "parity": 0, "fake": false}], [37840, {"py/object": "odf.components.Status", "address": 5, "message_error_bit": "0", "instrumentation_bit": "0", "service_request_bit": "0", "reserved_bits": "000", "brdcst_received_bit": "0", "busy_bit": "0", "subsystem_flag_bit": "0", "dynamic_bus_control_accpt_bit": "0", "terminal_flag_bit": "1", "parity_bit": "1", "fake": false}], [37913, {"py/object": "odf.components.Data", "data": {"py/b64": "AdU="}, "fake": false}], [37986, {"py/object": "odf.components.Data", "data": {"py/b64": "dUM="}, "fake": false}], [38061, {"py/object": "odf.components.Data", "data": {"py/b64": "L6s="}, "fake": false}], [38135, {"py/object": "odf.components.Data", "data": {"py/b64": "z0M="}, "fake": false}], [38205, {"py/object": "odf.components.Data", "data": {"py/b64": "ieI="}, "fake": false}], [38279, {"py/object": "odf.components.Data", "data": {"py/b64": "zcM="}, "fake": false}], [38350, {"py/object": "odf.components.Data", "data": {"py/b64": "yLU="}, "fake": false}], [38420, {"py/object": "odf.components.Data", "data": {"py/b64": "ikE="}, "fake": false}], [38501, {"py/object": "odf.components.Data", "data": {"py/b64": "rBY="}, "fake": false}], [38573, {"py/object": "odf.components.Data", "data": {"py/b64": "T8I="}, "fake": false}], [38646, {"py/object": "odf.components.Data", "data": {"py/b64": "bsM="}, "fake": false}], [38718, {"py/object": "odf.components.Data", "data": {"py/b64": "vb8="}, "fake": false}], [38792, {"py/object": "odf.components.Data", "data": {"py/b64": "bEk="}, "fake": false}], [38862, {"py/object": "odf.components.Data", "data": {"py/b64": "hr4="}, "fake": false}], [38934, {"py/object": "odf.components.Data", "data": {"py/b64": "vk8="}, "fake": false}], [39006, {"py/object": "odf.components.Data", "data": {"py/b64": "yD8="}, "fake": false}], [39079, {"py/object": "odf.components.Data", "data": {"py/b64": "9jM="}, "fake": false}], [39148, {"py/object": "odf.components.Data", "data": {"py/b64": "078="}, "fake": false}], [39221, {"py/object": "odf.components.Data", "data": {"py/b64": "B8k="}, "fake": false}], [39292, {"py/object": "odf.components.Data", "data": {"py/b64": "LcE="}, "fake": false}], [39371, {"py/object": "odf.components.Data", "data": {"py/b64": "19k="}, "fake": false}], [39442, {"py/object": "odf.components.Data", "data": {"py/b64": "z0M="}, "fake": false}], [39515, {"py/object": "odf.components.Data", "data": {"py/b64": "slA="}, "fake": false}], [39587, {"py/object": "odf.components.Data", "data": {"py/b64": "Vr8="}, "fake": false}], [39661, {"py/object": "odf.components.Data", "data": {"py/b64": "9Po="}, "fake": false}], [39737, {"py/object": "odf.components.Data", "data": {"py/b64": "nL4="}, "fake": false}], [39794, {"py/object": "odf.components.Data", "data": {"py/b64": "VeY="}, "fake": false}], [39870, {"py/object": "odf.components.Data", "data": {"py/b64": "gD8="}, "fake": false}], [41953, {"py/object": "odf.components.Status", "address": 6, "message_error_bit": "0", "instrumentation_bit": "0", "service_request_bit": "0", "reserved_bits": "000", "brdcst_received_bit": "0", "busy_bit": "0", "subsystem_flag_bit": "0", "dynamic_bus_control_accpt_bit": "0", "terminal_flag_bit": "1", "parity_bit": "1", "fake": false}], [42021, {"py/object": "odf.components.Command", "address": 8, "tr": 0, "sub_address": 2, "dword_count": 8, "parity": 0, "fake": false}], [42035, {"py/object": "odf.components.Command", "address": 7, "tr": 1, "sub_address": 2, "dword_count": 8, "parity": 0, "fake": false}], [44101, {"py/object": "odf.components.Status", "address": 7, "message_error_bit": "0", "instrumentation_bit": "0", "service_request_bit": "0", "reserved_bits": "000", "brdcst_received_bit": "0", "busy_bit": "0", "subsystem_flag_bit": "0", "dynamic_bus_control_accpt_bit": "0", "terminal_flag_bit": "1", "parity_bit": "1", "fake": false}], [44177, {"py/object": "odf.components.Data", "data": {"py/b64": "fiU="}, "fake": false}], [44246, {"py/object": "odf.components.Data", "data": {"py/b64": "h70="}, "fake": false}], [44320, {"py/object": "odf.components.Data", "data": {"py/b64": "x4U="}, "fake": false}], [44391, {"py/object": "odf.components.Data", "data": {"py/b64": "jbs="}, "fake": false}], [44463, {"py/object": "odf.components.Data", "data": {"py/b64": "DeA="}, "fake": false}], [44536, {"py/object": "odf.components.Data", "data": {"py/b64": "0Tw="}, "fake": false}], [44612, {"py/object": "odf.components.Data", "data": {"py/b64": "ZDQ="}, "fake": false}], [44689, {"py/object": "odf.components.Data", "data": {"py/b64": "Vbo="}, "fake": false}], [46817, {"py/object": "odf.components.Status", "address": 8, "message_error_bit": "0", "instrumentation_bit": "0", "service_request_bit": "0", "reserved_bits": "000", "brdcst_received_bit": "0", "busy_bit": "0", "subsystem_flag_bit": "0", "dynamic_bus_control_accpt_bit": "0", "terminal_flag_bit": "1", "parity_bit": "1", "fake": false}], [46872, {"py/object": "odf.components.Command", "address": 10, "tr": 0, "sub_address": 2, "dword_count": 12, "parity": 0, "fake": false}], [46886, {"py/object": "odf.components.Command", "address": 9, "tr": 1, "sub_address": 2, "dword_count": 12, "parity": 0, "fake": false}], [48952, {"py/object": "odf.components.Status", "address": 9, "message_error_bit": "0", "instrumentation_bit": "0", "service_request_bit": "0", "reserved_bits": "000", "brdcst_received_bit": "0", "busy_bit": "0", "subsystem_flag_bit": "0", "dynamic_bus_control_accpt_bit": "0", "terminal_flag_bit": "1", "parity_bit": "1", "fake": false}], [49024, {"py/object": "odf.components.Data", "data": {"py/b64": "T70="}, "fake": false}], [49097, {"py/object": "odf.components.Data", "data": {"py/b64": "B0I="}, "fake": false}], [49168, {"py/object": "odf.components.Data", "data": {"py/b64": "Sds="}, "fake": false}], [49242, {"py/object": "odf.components.Data", "data": {"py/b64": "7MI="}, "fake": false}], [49315, {"py/object": "odf.components.Data", "data": {"py/b64": "m+o="}, "fake": false}], [49387, {"py/object": "odf.components.Data", "data": {"py/b64": "aEM="}, "fake": false}], [49458, {"py/object": "odf.components.Data", "data": {"py/b64": "Sr0="}, "fake": false}], [49529, {"py/object": "odf.components.Data", "data": {"py/b64": "B0I="}, "fake": false}], [49596, {"py/object": "odf.components.Data", "data": {"py/b64": "Yts="}, "fake": false}], [49667, {"py/object": "odf.components.Data", "data": {"py/b64": "7MI="}, "fake": false}], [49739, {"py/object": "odf.components.Data", "data": {"py/b64": "Ugk="}, "fake": false}], [49816, {"py/object": "odf.components.Data", "data": {"py/b64": "QEQ="}, "fake": false}], [51947, {"py/object": "odf.components.Status", "address": 10, "message_error_bit": "0", "instrumentation_bit": "0", "service_request_bit": "0", "reserved_bits": "000", "brdcst_received_bit": "0", "busy_bit": "0", "subsystem_flag_bit": "0", "dynamic_bus_control_accpt_bit": "0", "terminal_flag_bit": "1", "parity_bit": "1", "fake": false}], [52007, {"py/object": "odf.components.Command", "address": 12, "tr": 0, "sub_address": 2, "dword_count": 16, "parity": 0, "fake": false}], [52022, {"py/object": "odf.components.Command", "address": 11, "tr": 1, "sub_address": 2, "dword_count": 16, "parity": 0, "fake": false}], [54089, {"py/object": "odf.components.Status", "address": 11, "message_error_bit": "0", "instrumentation_bit": "0", "service_request_bit": "0", "reserved_bits": "000", "brdcst_received_bit": "0", "busy_bit": "0", "subsystem_flag_bit": "0", "dynamic_bus_control_accpt_bit": "0", "terminal_flag_bit": "1", "parity_bit": "1", "fake": false}], [54161, {"py/object": "odf.components.Data", "data": {"py/b64": "i5E="}, "fake": false}], [54233, {"py/object": "odf.components.Data", "data": {"py/b64": "Fzs="}, "fake": false}], [54306, {"py/object": "odf.components.Data", "data": {"py/b64": "AIU="}, "fake": false}], [54376, {"py/object": "odf.components.Data", "data": {"py/b64": "UkE="}, "fake": false}], [54451, {"py/object": "odf.components.Data", "data": {"py/b64": "UW8="}, "fake": false}], [54523, {"py/object": "odf.components.Data", "data": {"py/b64": "50E="}, "fake": false}], [54594, {"py/object": "odf.components.Data", "data": {"py/b64": "7gw="}, "fake": false}], [54668, {"py/object": "odf.components.Data", "data": {"py/b64": "t0A="}, "fake": false}], [54740, {"py/object": "odf.components.Data", "data": {"py/b64": "kE0="}, "fake": false}], [54815, {"py/object": "odf.components.Data", "data": {"py/b64": "PEA="}, "fake": false}], [54887, {"py/object": "odf.components.Data", "data": {"py/b64": "ksE="}, "fake": false}], [54961, {"py/object": "odf.components.Data", "data": {"py/b64": "6T0="}, "fake": false}], [55033, {"py/object": "odf.components.Data", "data": {"py/b64": "XXo="}, "fake": false}], [55107, {"py/object": "odf.components.Data", "data": {"py/b64": "ZD4="}, "fake": false}], [55180, {"py/object": "odf.components.Data", "data": {"py/b64": "Ykg="}, "fake": false}], [55249, {"py/object": "odf.components.Data", "data": {"py/b64": "q0E="}, "fake": false}], [57397, {"py/object": "odf.components.Status", "address": 12, "message_error_bit": "0", "instrumentation_bit": "0", "service_request_bit": "0", "reserved_bits": "000", "brdcst_received_bit": "0", "busy_bit": "0", "subsystem_flag_bit": "0", "dynamic_bus_control_accpt_bit": "0", "terminal_flag_bit": "1", "parity_bit": "1", "fake": false}], [57568, {"py/object": "odf.components.Command", "address": 1, "tr": 0, "sub_address": 2, "dword_count": 4, "parity": 0, "fake": false}], [57622, {"py/object": "odf.components.Data", "data": {"py/b64": "AAA="}, "fake": false}], [57637, {"py/object": "odf.components.Data", "data": {"py/b64": "AAA="}, "fake": false}], [57650, {"py/object": "odf.components.Data", "data": {"py/b64": "AAA="}, "fake": false}], [57662, {"py/object": "odf.components.Data", "data": {"py/b64": "AAA="}, "fake": false}], [59722, {"py/object": "odf.components.Status", "address": 1, "message_error_bit": "0", "instrumentation_bit": "0", "service_request_bit": "0", "reserved_bits": "000", "brdcst_received_bit": "0", "busy_bit": "0", "subsystem_flag_bit": "0", "dynamic_bus_control_accpt_bit": "0", "terminal_flag_bit": "1", "parity_bit": "1", "fake": false}], [59899, {"py/object": "odf.components.Command", "address": 31, "tr": 0, "sub_address": 2, "dword_count": 1, "parity": 0, "fake": false}], [59969, {"py/object": "odf.components.Data", "data": {"py/b64": "//8="}, "fake": false}], [59985, {"py/object": "odf.components.Command", "address": 4, "tr": 0, "sub_address": 2, "dword_count": 18, "parity": 0, "fake": false}], [59997, {"py/object": "odf.components.Command", "address": 3, "tr": 1, "sub_address": 2, "dword_count": 18, "parity": 0, "fake": false}], [62056, {"py/object": "odf.components.Status", "address": 3, "message_error_bit": "0", "instrumentation_bit": "0", "service_request_bit": "0", "reserved_bits": "000", "brdcst_received_bit": "0", "busy_bit": "0", "subsystem_flag_bit": "0", "dynamic_bus_control_accpt_bit": "0", "terminal_flag_bit": "1", "parity_bit": "1", "fake": false}], [62131, {"py/object": "odf.components.Data", "data": {"py/b64": "kuU="}, "fake": false}], [62216, {"py/object": "odf.components.Data", "data": {"py/b64": "eUM="}, "fake": false}], [62295, {"py/object": "odf.components.Data", "data": {"py/b64": "r2I="}, "fake": false}], [62379, {"py/object": "odf.components.Data", "data": {"py/b64": "AEU="}, "fake": false}], [62467, {"py/object": "odf.components.Data", "data": {"py/b64": "rWM="}, "fake": false}], [62548, {"py/object": "odf.components.Data", "data": {"py/b64": "kEQ="}, "fake": false}], [62629, {"py/object": "odf.components.Data", "data": {"py/b64": "DzY="}, "fake": false}], [62709, {"py/object": "odf.components.Data", "data": {"py/b64": "WkM="}, "fake": false}], [62772, {"py/object": "odf.components.Data", "data": {"py/b64": "D1o="}, "fake": false}], [62845, {"py/object": "odf.components.Data", "data": {"py/b64": "gUA="}, "fake": false}], [62901, {"py/object": "odf.components.Data", "data": {"py/b64": "nk0="}, "fake": false}], [62968, {"py/object": "odf.components.Data", "data": {"py/b64": "gUA="}, "fake": false}], [63042, {"py/object": "odf.components.Data", "data": {"py/b64": "rfk="}, "fake": false}], [63122, {"py/object": "odf.components.Data", "data": {"py/b64": "QkA="}, "fake": false}], [63203, {"py/object": "odf.components.Data", "data": {"py/b64": "Kk4="}, "fake": false}], [63283, {"py/object": "odf.components.Data", "data": {"py/b64": "1UM="}, "fake": false}], [63361, {"py/object": "odf.components.Data", "data": {"py/b64": "tww="}, "fake": false}], [63447, {"py/object": "odf.components.Data", "data": {"py/b64": "OkQ="}, "fake": false}], [65548, {"py/object": "odf.components.Status", "address": 4, "message_error_bit": "0", "instrumentation_bit": "0", "service_request_bit": "0", "reserved_bits": "000", "brdcst_received_bit": "0", "busy_bit": "0", "subsystem_flag_bit": "0", "dynamic_bus_control_accpt_bit": "0", "terminal_flag_bit": "1", "parity_bit": "1", "fake": false}], [65635, {"py/object": "odf.components.Command", "address": 6, "tr": 0, "sub_address": 2, "dword_count": 28, "parity": 0, "fake": false}], [65658, {"py/object": "odf.components.Command", "address": 5, "tr": 1, "sub_address": 2, "dword_count": 28, "parity": 0, "fake": false}], [65736, {"py/object": "odf.components.Status", "address": 5, "message_error_bit": "0", "instrumentation_bit": "0", "service_request_bit": "0", "reserved_bits": "000", "brdcst_received_bit": "0", "busy_bit": "0", "subsystem_flag_bit": "0", "dynamic_bus_control_accpt_bit": "0", "terminal_flag_bit": "1", "parity_bit": "0", "fake": true}], [65805, {"py/object": "odf.components.Data", "data": {"py/b64": "cXE="}, "fake": true}], [65876, {"py/object": "odf.components.Data", "data": {"py/b64": "cXE="}, "fake": true}], [65946, {"py/object": "odf.components.Data", "data": {"py/b64": "cXE="}, "fake": true}], [66017, {"py/object": "odf.components.Data", "data": {"py/b64": "cXE="}, "fake": true}], [66090, {"py/object": "odf.components.Data", "data": {"py/b64": "cXE="}, "fake": true}], [66159, {"py/object": "odf.components.Data", "data": {"py/b64": "cXE="}, "fake": true}], [66231, {"py/object": "odf.components.Data", "data": {"py/b64": "cXE="}, "fake": true}], [66305, {"py/object": "odf.components.Data", "data": {"py/b64": "cXE="}, "fake": true}], [66374, {"py/object": "odf.components.Data", "data": {"py/b64": "cXE="}, "fake": true}], [66444, {"py/object": "odf.components.Data", "data": {"py/b64": "cXE="}, "fake": true}], [66513, {"py/object": "odf.components.Data", "data": {"py/b64": "cXE="}, "fake": true}], [66582, {"py/object": "odf.components.Data", "data": {"py/b64": "cXE="}, "fake": true}], [66654, {"py/object": "odf.components.Data", "data": {"py/b64": "cXE="}, "fake": true}], [66725, {"py/object": "odf.components.Data", "data": {"py/b64": "cXE="}, "fake": true}], [66796, {"py/object": "odf.components.Data", "data": {"py/b64": "cXE="}, "fake": true}], [66863, {"py/object": "odf.components.Data", "data": {"py/b64": "cXE="}, "fake": true}], [66935, {"py/object": "odf.components.Data", "data": {"py/b64": "cXE="}, "fake": true}], [67004, {"py/object": "odf.components.Data", "data": {"py/b64": "cXE="}, "fake": true}], [67074, {"py/object": "odf.components.Data", "data": {"py/b64": "cXE="}, "fake": true}], [67143, {"py/object": "odf.components.Data", "data": {"py/b64": "cXE="}, "fake": true}], [67214, {"py/object": "odf.components.Data", "data": {"py/b64": "cXE="}, "fake": true}], [67284, {"py/object": "odf.components.Data", "data": {"py/b64": "cXE="}, "fake": true}], [67353, {"py/object": "odf.components.Data", "data": {"py/b64": "cXE="}, "fake": true}], [67426, {"py/object": "odf.components.Data", "data": {"py/b64": "cXE="}, "fake": true}], [67495, {"py/object": "odf.components.Data", "data": {"py/b64": "cXE="}, "fake": true}], [67565, {"py/object": "odf.components.Data", "data": {"py/b64": "cXE="}, "fake": true}], [67636, {"py/object": "odf.components.Data", "data": {"py/b64": "cXE="}, "fake": true}], [67714, {"py/object": "odf.components.Data", "data": {"py/b64": "cXE="}, "fake": true}], [69820, {"py/object": "odf.components.Status", "address": 6, "message_error_bit": "0", "instrumentation_bit": "0", "service_request_bit": "0", "reserved_bits": "000", "brdcst_received_bit": "0", "busy_bit": "0", "subsystem_flag_bit": "0", "dynamic_bus_control_accpt_bit": "0", "terminal_flag_bit": "1", "parity_bit": "1", "fake": false}], [69903, {"py/object": "odf.components.Command", "address": 8, "tr": 0, "sub_address": 2, "dword_count": 8, "parity": 0, "fake": false}], [69917, {"py/object": "odf.components.Command", "address": 7, "tr": 1, "sub_address": 2, "dword_count": 8, "parity": 0, "fake": false}], [71986, {"py/object": "odf.components.Status", "address": 7, "message_error_bit": "0", "instrumentation_bit": "0", "service_request_bit": "0", "reserved_bits": "000", "brdcst_received_bit": "0", "busy_bit": "0", "subsystem_flag_bit": "0", "dynamic_bus_control_accpt_bit": "0", "terminal_flag_bit": "1", "parity_bit": "1", "fake": false}], [72066, {"py/object": "odf.components.Data", "data": {"py/b64": "8hg="}, "fake": false}], [72147, {"py/object": "odf.components.Data", "data": {"py/b64": "2L0="}, "fake": false}], [72228, {"py/object": "odf.components.Data", "data": {"py/b64": "LC4="}, "fake": false}], [72308, {"py/object": "odf.components.Data", "data": {"py/b64": "6T4="}, "fake": false}], [72389, {"py/object": "odf.components.Data", "data": {"py/b64": "XKU="}, "fake": false}], [72468, {"py/object": "odf.components.Data", "data": {"py/b64": "3zw="}, "fake": false}], [72548, {"py/object": "odf.components.Data", "data": {"py/b64": "oMk="}, "fake": false}], [72633, {"py/object": "odf.components.Data", "data": {"py/b64": "zrk="}, "fake": false}], [74767, {"py/object": "odf.components.Status", "address": 8, "message_error_bit": "0", "instrumentation_bit": "0", "service_request_bit": "0", "reserved_bits": "000", "brdcst_received_bit": "0", "busy_bit": "0", "subsystem_flag_bit": "0", "dynamic_bus_control_accpt_bit": "0", "terminal_flag_bit": "1", "parity_bit": "1", "fake": false}], [74829, {"py/object": "odf.components.Command", "address": 10, "tr": 0, "sub_address": 2, "dword_count": 12, "parity": 0, "fake": false}], [74842, {"py/object": "odf.components.Command", "address": 9, "tr": 1, "sub_address": 2, "dword_count": 12, "parity": 0, "fake": false}], [76917, {"py/object": "odf.components.Status", "address": 9, "message_error_bit": "0", "instrumentation_bit": "0", "service_request_bit": "0", "reserved_bits": "000", "brdcst_received_bit": "0", "busy_bit": "0", "subsystem_flag_bit": "0", "dynamic_bus_control_accpt_bit": "0", "terminal_flag_bit": "1", "parity_bit": "1", "fake": false}], [76995, {"py/object": "odf.components.Data", "data": {"py/b64": "464="}, "fake": false}], [77077, {"py/object": "odf.components.Data", "data": {"py/b64": "B0I="}, "fake": false}], [77156, {"py/object": "odf.components.Data", "data": {"py/b64": "1uo="}, "fake": false}], [77234, {"py/object": "odf.components.Data", "data": {"py/b64": "7MI="}, "fake": false}], [77314, {"py/object": "odf.components.Data", "data": {"py/b64": "Npo="}, "fake": false}], [77394, {"py/object": "odf.components.Data", "data": {"py/b64": "/UM="}, "fake": false}], [77473, {"py/object": "odf.components.Data", "data": {"py/b64": "xq4="}, "fake": false}], [77556, {"py/object": "odf.components.Data", "data": {"py/b64": "B0I="}, "fake": false}], [77633, {"py/object": "odf.components.Data", "data": {"py/b64": "5Oo="}, "fake": false}], [77718, {"py/object": "odf.components.Data", "data": {"py/b64": "7MI="}, "fake": false}], [77798, {"py/object": "odf.components.Data", "data": {"py/b64": "nnM="}, "fake": false}], [77868, {"py/object": "odf.components.Data", "data": {"py/b64": "0EQ="}, "fake": false}], [79999, {"py/object": "odf.components.Status", "address": 10, "message_error_bit": "0", "instrumentation_bit": "0", "service_request_bit": "0", "reserved_bits": "000", "brdcst_received_bit": "0", "busy_bit": "0", "subsystem_flag_bit": "0", "dynamic_bus_control_accpt_bit": "0", "terminal_flag_bit": "1", "parity_bit": "1", "fake": false}], [80079, {"py/object": "odf.components.Command", "address": 12, "tr": 0, "sub_address": 2, "dword_count": 16, "parity": 0, "fake": false}], [80094, {"py/object": "odf.components.Command", "address": 11, "tr": 1, "sub_address": 2, "dword_count": 16, "parity": 0, "fake": false}], [82165, {"py/object": "odf.components.Status", "address": 11, "message_error_bit": "0", "instrumentation_bit": "0", "service_request_bit": "0", "reserved_bits": "000", "brdcst_received_bit": "0", "busy_bit": "0", "subsystem_flag_bit": "0", "dynamic_bus_control_accpt_bit": "0", "terminal_flag_bit": "1", "parity_bit": "1", "fake": false}], [82245, {"py/object": "odf.components.Data", "data": {"py/b64": "BHY="}, "fake": false}], [82326, {"py/object": "odf.components.Data", "data": {"py/b64": "Ezs="}, "fake": false}], [82407, {"py/object": "odf.components.Data", "data": {"py/b64": "IAo="}, "fake": false}], [82487, {"py/object": "odf.components.Data", "data": {"py/b64": "NUE="}, "fake": false}], [82567, {"py/object": "odf.components.Data", "data": {"py/b64": "H5k="}, "fake": false}], [82648, {"py/object": "odf.components.Data", "data": {"py/b64": "30E="}, "fake": false}], [82727, {"py/object": "odf.components.Data", "data": {"py/b64": "lcU="}, "fake": false}], [82808, {"py/object": "odf.components.Data", "data": {"py/b64": "n0A="}, "fake": false}], [82891, {"py/object": "odf.components.Data", "data": {"py/b64": "IYk="}, "fake": false}], [82970, {"py/object": "odf.components.Data", "data": {"py/b64": "JUA="}, "fake": false}], [83051, {"py/object": "odf.components.Data", "data": {"py/b64": "l6s="}, "fake": false}], [83131, {"py/object": "odf.components.Data", "data": {"py/b64": "Zj0="}, "fake": false}], [83213, {"py/object": "odf.components.Data", "data": {"py/b64": "BL8="}, "fake": false}], [83291, {"py/object": "odf.components.Data", "data": {"py/b64": "Vj0="}, "fake": false}], [83370, {"py/object": "odf.components.Data", "data": {"py/b64": "d60="}, "fake": false}], [83453, {"py/object": "odf.components.Data", "data": {"py/b64": "nUE="}, "fake": false}], [85578, {"py/object": "odf.components.Status", "address": 12, "message_error_bit": "0", "instrumentation_bit": "0", "service_request_bit": "0", "reserved_bits": "000", "brdcst_received_bit": "0", "busy_bit": "0", "subsystem_flag_bit": "0", "dynamic_bus_control_accpt_bit": "0", "terminal_flag_bit": "1", "parity_bit": "1", "fake": false}], [85781, {"py/object": "odf.components.Command", "address": 1, "tr": 0, "sub_address": 2, "dword_count": 4, "parity": 0, "fake": false}], [85852, {"py/object": "odf.components.Data", "data": {"py/b64": "AAA="}, "fake": false}], [85868, {"py/object": "odf.components.Data", "data": {"py/b64": "AAA="}, "fake": false}], [85881, {"py/object": "odf.components.Data", "data": {"py/b64": "AAA="}, "fake": false}], [85894, {"py/object": "odf.components.Data", "data": {"py/b64": "AAA="}, "fake": false}], [87975, {"py/object": "odf.components.Status", "address": 1, "message_error_bit": "0", "instrumentation_bit": "0", "service_request_bit": "0", "reserved_bits": "000", "brdcst_received_bit": "0", "busy_bit": "0", "subsystem_flag_bit": "0", "dynamic_bus_control_accpt_bit": "0", "terminal_flag_bit": "1", "parity_bit": "1", "fake": false}], [88160, {"py/object": "odf.components.Command", "address": 31, "tr": 0, "sub_address": 2, "dword_count": 1, "parity": 0, "fake": false}], [88221, {"py/object": "odf.components.Data", "data": {"py/b64": "//8="}, "fake": false}], [88237, {"py/object": "odf.components.Command", "address": 4, "tr": 0, "sub_address": 2, "dword_count": 18, "parity": 0, "fake": false}], [88250, {"py/object": "odf.components.Command", "address": 3, "tr": 1, "sub_address": 2, "dword_count": 18, "parity": 0, "fake": false}], [90300, {"py/object": "odf.components.Status", "address": 3, "message_error_bit": "0", "instrumentation_bit": "0", "service_request_bit": "0", "reserved_bits": "000", "brdcst_received_bit": "0", "busy_bit": "0", "subsystem_flag_bit": "0", "dynamic_bus_control_accpt_bit": "0", "terminal_flag_bit": "1", "parity_bit": "1", "fake": false}], [90382, {"py/object": "odf.components.Data", "data": {"py/b64": "QQY="}, "fake": false}], [90459, {"py/object": "odf.components.Data", "data": {"py/b64": "ekM="}, "fake": false}], [90521, {"py/object": "odf.components.Data", "data": {"py/b64": "7QQ="}, "fake": false}], [90597, {"py/object": "odf.components.Data", "data": {"py/b64": "AUU="}, "fake": false}], [90676, {"py/object": "odf.components.Data", "data": {"py/b64": "IS0="}, "fake": false}], [90751, {"py/object": "odf.components.Data", "data": {"py/b64": "A0U="}, "fake": false}], [90816, {"py/object": "odf.components.Data", "data": {"py/b64": "+3s="}, "fake": false}], [90897, {"py/object": "odf.components.Data", "data": {"py/b64": "D0M="}, "fake": false}], [90976, {"py/object": "odf.components.Data", "data": {"py/b64": "i30="}, "fake": false}], [91055, {"py/object": "odf.components.Data", "data": {"py/b64": "QkA="}, "fake": false}], [91137, {"py/object": "odf.components.Data", "data": {"py/b64": "xmw="}, "fake": false}], [91214, {"py/object": "odf.components.Data", "data": {"py/b64": "QkA="}, "fake": false}], [91280, {"py/object": "odf.components.Data", "data": {"py/b64": "yQA="}, "fake": false}], [91360, {"py/object": "odf.components.Data", "data": {"py/b64": "Q0A="}, "fake": false}], [91442, {"py/object": "odf.components.Data", "data": {"py/b64": "T9s="}, "fake": false}], [91524, {"py/object": "odf.components.Data", "data": {"py/b64": "1EM="}, "fake": false}], [91604, {"py/object": "odf.components.Data", "data": {"py/b64": "tww="}, "fake": false}], [91690, {"py/object": "odf.components.Data", "data": {"py/b64": "OkQ="}, "fake": false}], [93783, {"py/object": "odf.components.Status", "address": 4, "message_error_bit": "0", "instrumentation_bit": "0", "service_request_bit": "0", "reserved_bits": "000", "brdcst_received_bit": "0", "busy_bit": "0", "subsystem_flag_bit": "0", "dynamic_bus_control_accpt_bit": "0", "terminal_flag_bit": "1", "parity_bit": "1", "fake": false}], [93876, {"py/object": "odf.components.Command", "address": 6, "tr": 0, "sub_address": 2, "dword_count": 28, "parity": 0, "fake": false}], [93900, {"py/object": "odf.components.Command", "address": 5, "tr": 1, "sub_address": 2, "dword_count": 28, "parity": 0, "fake": false}], [93989, {"py/object": "odf.components.Status", "address": 5, "message_error_bit": "0", "instrumentation_bit": "0", "service_request_bit": "0", "reserved_bits": "000", "brdcst_received_bit": "0", "busy_bit": "0", "subsystem_flag_bit": "0", "dynamic_bus_control_accpt_bit": "0", "terminal_flag_bit": "1", "parity_bit": "0", "fake": true}], [94044, {"py/object": "odf.components.Data", "data": {"py/b64": "cXE="}, "fake": true}], [94100, {"py/object": "odf.components.Data", "data": {"py/b64": "cXE="}, "fake": true}], [94169, {"py/object": "odf.components.Data", "data": {"py/b64": "cXE="}, "fake": true}], [94219, {"py/object": "odf.components.Data", "data": {"py/b64": "cXE="}, "fake": true}], [94288, {"py/object": "odf.components.Data", "data": {"py/b64": "cXE="}, "fake": true}], [94362, {"py/object": "odf.components.Data", "data": {"py/b64": "cXE="}, "fake": true}], [94416, {"py/object": "odf.components.Data", "data": {"py/b64": "cXE="}, "fake": true}], [94488, {"py/object": "odf.components.Data", "data": {"py/b64": "cXE="}, "fake": true}], [94558, {"py/object": "odf.components.Data", "data": {"py/b64": "cXE="}, "fake": true}], [94633, {"py/object": "odf.components.Data", "data": {"py/b64": "cXE="}, "fake": true}], [94704, {"py/object": "odf.components.Data", "data": {"py/b64": "cXE="}, "fake": true}], [94776, {"py/object": "odf.components.Data", "data": {"py/b64": "cXE="}, "fake": true}], [94846, {"py/object": "odf.components.Data", "data": {"py/b64": "cXE="}, "fake": true}], [94918, {"py/object": "odf.components.Data", "data": {"py/b64": "cXE="}, "fake": true}], [94990, {"py/object": "odf.components.Data", "data": {"py/b64": "cXE="}, "fake": true}], [95062, {"py/object": "odf.components.Data", "data": {"py/b64": "cXE="}, "fake": true}], [95136, {"py/object": "odf.components.Data", "data": {"py/b64": "cXE="}, "fake": true}], [95207, {"py/object": "odf.components.Data", "data": {"py/b64": "cXE="}, "fake": true}], [95277, {"py/object": "odf.components.Data", "data": {"py/b64": "cXE="}, "fake": true}], [95346, {"py/object": "odf.components.Data", "data": {"py/b64": "cXE="}, "fake": true}], [95420, {"py/object": "odf.components.Data", "data": {"py/b64": "cXE="}, "fake": true}], [95491, {"py/object": "odf.components.Data", "data": {"py/b64": "cXE="}, "fake": true}], [95557, {"py/object": "odf.components.Data", "data": {"py/b64": "cXE="}, "fake": true}], [95615, {"py/object": "odf.components.Data", "data": {"py/b64": "cXE="}, "fake": true}], [95689, {"py/object": "odf.components.Data", "data": {"py/b64": "cXE="}, "fake": true}], [95759, {"py/object": "odf.components.Data", "data": {"py/b64": "cXE="}, "fake": true}], [95830, {"py/object": "odf.components.Data", "data": {"py/b64": "cXE="}, "fake": true}], [95908, {"py/object": "odf.components.Data", "data": {"py/b64": "cXE="}, "fake": true}], [98045, {"py/object": "odf.components.Status", "address": 6, "message_error_bit": "0", "instrumentation_bit": "0", "service_request_bit": "0", "reserved_bits": "000", "brdcst_received_bit": "0", "busy_bit": "0", "subsystem_flag_bit": "0", "dynamic_bus_control_accpt_bit": "0", "terminal_flag_bit": "1", "parity_bit": "1", "fake": false}], [98103, {"py/object": "odf.components.Command", "address": 8, "tr": 0, "sub_address": 2, "dword_count": 8, "parity": 0, "fake": false}], [98117, {"py/object": "odf.components.Command", "address": 7, "tr": 1, "sub_address": 2, "dword_count": 8, "parity": 0, "fake": false}], [100183, {"py/object": "odf.components.Status", "address": 7, "message_error_bit": "0", "instrumentation_bit": "0", "service_request_bit": "0", "reserved_bits": "000", "brdcst_received_bit": "0", "busy_bit": "0", "subsystem_flag_bit": "0", "dynamic_bus_control_accpt_bit": "0", "terminal_flag_bit": "1", "parity_bit": "1", "fake": false}], [100263, {"py/object": "odf.components.Data", "data": {"py/b64": "ISU="}, "fake": false}], [100348, {"py/object": "odf.components.Data", "data": {"py/b64": "1b0="}, "fake": false}], [100428, {"py/object": "odf.components.Data", "data": {"py/b64": "1pM="}, "fake": false}], [100500, {"py/object": "odf.components.Data", "data": {"py/b64": "4T4="}, "fake": false}], [100563, {"py/object": "odf.components.Data", "data": {"py/b64": "vf4="}, "fake": false}], [100629, {"py/object": "odf.components.Data", "data": {"py/b64": "3jw="}, "fake": false}], [100712, {"py/object": "odf.components.Data", "data": {"py/b64": "McM="}, "fake": false}], [100797, {"py/object": "odf.components.Data", "data": {"py/b64": "7Do="}, "fake": false}], [102910, {"py/object": "odf.components.Status", "address": 8, "message_error_bit": "0", "instrumentation_bit": "0", "service_request_bit": "0", "reserved_bits": "000", "brdcst_received_bit": "0", "busy_bit": "0", "subsystem_flag_bit": "0", "dynamic_bus_control_accpt_bit": "0", "terminal_flag_bit": "1", "parity_bit": "1", "fake": false}], [103040, {"py/object": "odf.components.Command", "address": 10, "tr": 0, "sub_address": 2, "dword_count": 12, "parity": 0, "fake": false}], [103053, {"py/object": "odf.components.Command", "address": 9, "tr": 1, "sub_address": 2, "dword_count": 12, "parity": 0, "fake": false}], [105091, {"py/object": "odf.components.Status", "address": 9, "message_error_bit": "0", "instrumentation_bit": "0", "service_request_bit": "0", "reserved_bits": "000", "brdcst_received_bit": "0", "busy_bit": "0", "subsystem_flag_bit": "0", "dynamic_bus_control_accpt_bit": "0", "terminal_flag_bit": "1", "parity_bit": "1", "fake": false}], [105174, {"py/object": "odf.components.Data", "data": {"py/b64": "5Yw="}, "fake": false}], [105253, {"py/object": "odf.components.Data", "data": {"py/b64": "B0I="}, "fake": false}], [105336, {"py/object": "odf.components.Data", "data": {"py/b64": "wOs="}, "fake": false}], [105418, {"py/object": "odf.components.Data", "data": {"py/b64": "7MI="}, "fake": false}], [105499, {"py/object": "odf.components.Data", "data": {"py/b64": "S20="}, "fake": false}], [105579, {"py/object": "odf.components.Data", "data": {"py/b64": "TEQ="}, "fake": false}], [105659, {"py/object": "odf.components.Data", "data": {"py/b64": "x4w="}, "fake": false}], [105741, {"py/object": "odf.components.Data", "data": {"py/b64": "B0I="}, "fake": false}], [105824, {"py/object": "odf.components.Data", "data": {"py/b64": "s+s="}, "fake": false}], [105905, {"py/object": "odf.components.Data", "data": {"py/b64": "7MI="}, "fake": false}], [105985, {"py/object": "odf.components.Data", "data": {"py/b64": "nOc="}, "fake": false}], [106069, {"py/object": "odf.components.Data", "data": {"py/b64": "J0U="}, "fake": false}], [108178, {"py/object": "odf.components.Status", "address": 10, "message_error_bit": "0", "instrumentation_bit": "0", "service_request_bit": "0", "reserved_bits": "000", "brdcst_received_bit": "0", "busy_bit": "0", "subsystem_flag_bit": "0", "dynamic_bus_control_accpt_bit": "0", "terminal_flag_bit": "1", "parity_bit": "1", "fake": false}], [108273, {"py/object": "odf.components.Command", "address": 12, "tr": 0, "sub_address": 2, "dword_count": 16, "parity": 0, "fake": false}], [108289, {"py/object": "odf.components.Command", "address": 11, "tr": 1, "sub_address": 2, "dword_count": 16, "parity": 0, "fake": false}], [110362, {"py/object": "odf.components.Status", "address": 11, "message_error_bit": "0", "instrumentation_bit": "0", "service_request_bit": "0", "reserved_bits": "000", "brdcst_received_bit": "0", "busy_bit": "0", "subsystem_flag_bit": "0", "dynamic_bus_control_accpt_bit": "0", "terminal_flag_bit": "1", "parity_bit": "1", "fake": false}], [110442, {"py/object": "odf.components.Data", "data": {"py/b64": "k08="}, "fake": false}], [110513, {"py/object": "odf.components.Data", "data": {"py/b64": "Dzs="}, "fake": false}], [110578, {"py/object": "odf.components.Data", "data": {"py/b64": "wJs="}, "fake": false}], [110658, {"py/object": "odf.components.Data", "data": {"py/b64": "FkE="}, "fake": false}], [110739, {"py/object": "odf.components.Data", "data": {"py/b64": "cvY="}, "fake": false}], [110818, {"py/object": "odf.components.Data", "data": {"py/b64": "10E="}, "fake": false}], [110900, {"py/object": "odf.components.Data", "data": {"py/b64": "tEM="}, "fake": false}], [110981, {"py/object": "odf.components.Data", "data": {"py/b64": "p0A="}, "fake": false}], [111065, {"py/object": "odf.components.Data", "data": {"py/b64": "lAo="}, "fake": false}], [111132, {"py/object": "odf.components.Data", "data": {"py/b64": "KUA="}, "fake": false}], [111211, {"py/object": "odf.components.Data", "data": {"py/b64": "Mmg="}, "fake": false}], [111292, {"py/object": "odf.components.Data", "data": {"py/b64": "K74="}, "fake": false}], [111370, {"py/object": "odf.components.Data", "data": {"py/b64": "hVA="}, "fake": false}], [111452, {"py/object": "odf.components.Data", "data": {"py/b64": "Fb0="}, "fake": false}], [111533, {"py/object": "odf.components.Data", "data": {"py/b64": "t2s="}, "fake": false}], [111619, {"py/object": "odf.components.Data", "data": {"py/b64": "kEE="}, "fake": false}], [113785, {"py/object": "odf.components.Status", "address": 12, "message_error_bit": "0", "instrumentation_bit": "0", "service_request_bit": "0", "reserved_bits": "000", "brdcst_received_bit": "0", "busy_bit": "0", "subsystem_flag_bit": "0", "dynamic_bus_control_accpt_bit": "0", "terminal_flag_bit": "1", "parity_bit": "1", "fake": false}], [113952, {"py/object": "odf.components.Command", "address": 1, "tr": 0, "sub_address": 2, "dword_count": 4, "parity": 0, "fake": false}], [114009, {"py/object": "odf.components.Data", "data": {"py/b64": "AAA="}, "fake": false}], [114025, {"py/object": "odf.components.Data", "data": {"py/b64": "AAA="}, "fake": false}], [114039, {"py/object": "odf.components.Data", "data": {"py/b64": "AAA="}, "fake": false}], [114054, {"py/object": "odf.components.Data", "data": {"py/b64": "AAA="}, "fake": false}], [116100, {"py/object": "odf.components.Status", "address": 1, "message_error_bit": "0", "instrumentation_bit": "0", "service_request_bit": "0", "reserved_bits": "000", "brdcst_received_bit": "0", "busy_bit": "0", "subsystem_flag_bit": "0", "dynamic_bus_control_accpt_bit": "0", "terminal_flag_bit": "1", "parity_bit": "1", "fake": false}], [116298, {"py/object": "odf.components.Command", "address": 31, "tr": 0, "sub_address": 2, "dword_count": 1, "parity": 0, "fake": false}], [116373, {"py/object": "odf.components.Data", "data": {"py/b64": "//8="}, "fake": false}], [116392, {"py/object": "odf.components.Command", "address": 4, "tr": 0, "sub_address": 2, "dword_count": 18, "parity": 0, "fake": false}], [116407, {"py/object": "odf.components.Command", "address": 3, "tr": 1, "sub_address": 2, "dword_count": 18, "parity": 0, "fake": false}], [118464, {"py/object": "odf.components.Status", "address": 3, "message_error_bit": "0", "instrumentation_bit": "0", "service_request_bit": "0", "reserved_bits": "000", "brdcst_received_bit": "0", "busy_bit": "0", "subsystem_flag_bit": "0", "dynamic_bus_control_accpt_bit": "0", "terminal_flag_bit": "1", "parity_bit": "1", "fake": false}], [118544, {"py/object": "odf.components.Data", "data": {"py/b64": "GHw="}, "fake": false}], [118612, {"py/object": "odf.components.Data", "data": {"py/b64": "eUM="}, "fake": false}], [118686, {"py/object": "odf.components.Data", "data": {"py/b64": "ejY="}, "fake": false}], [118750, {"py/object": "odf.components.Data", "data": {"py/b64": "/0Q="}, "fake": false}], [118827, {"py/object": "odf.components.Data", "data": {"py/b64": "v9w="}, "fake": false}], [118888, {"py/object": "odf.components.Data", "data": {"py/b64": "PkU="}, "fake": false}], [118962, {"py/object": "odf.components.Data", "data": {"py/b64": "tt8="}, "fake": false}], [119045, {"py/object": "odf.components.Data", "data": {"py/b64": "wkI="}, "fake": false}], [119127, {"py/object": "odf.components.Data", "data": {"py/b64": "dtc="}, "fake": false}], [119215, {"py/object": "odf.components.Data", "data": {"py/b64": "A0A="}, "fake": false}], [119280, {"py/object": "odf.components.Data", "data": {"py/b64": "7MI="}, "fake": false}], [119362, {"py/object": "odf.components.Data", "data": {"py/b64": "A0A="}, "fake": false}], [119441, {"py/object": "odf.components.Data", "data": {"py/b64": "p7w="}, "fake": false}], [119524, {"py/object": "odf.components.Data", "data": {"py/b64": "QkA="}, "fake": false}], [119605, {"py/object": "odf.components.Data", "data": {"py/b64": "+GI="}, "fake": false}], [119685, {"py/object": "odf.components.Data", "data": {"py/b64": "1EM="}, "fake": false}], [119769, {"py/object": "odf.components.Data", "data": {"py/b64": "tww="}, "fake": false}], [119856, {"py/object": "odf.components.Data", "data": {"py/b64": "OkQ="}, "fake": false}]], "attack_times": [[65663, 93904]], "attack_types": ["Data_Corruption_Attack"], "attack_outcome": [true]}