{"data": [[384, {"py/object": "odf.components.Command", "address": 31, "tr": 0, "sub_address": 2, "dword_count": 1, "parity": 0, "fake": false}], [493, {"py/object": "odf.components.Data", "data": {"py/b64": "//8="}, "fake": false}], [536, {"py/object": "odf.components.Command", "address": 4, "tr": 0, "sub_address": 2, "dword_count": 18, "parity": 0, "fake": false}], [553, {"py/object": "odf.components.Command", "address": 3, "tr": 1, "sub_address": 2, "dword_count": 18, "parity": 0, "fake": false}], [2624, {"py/object": "odf.components.Status", "address": 3, "message_error_bit": "0", "instrumentation_bit": "0", "service_request_bit": "0", "reserved_bits": "000", "brdcst_received_bit": "0", "busy_bit": "0", "subsystem_flag_bit": "0", "dynamic_bus_control_accpt_bit": "0", "terminal_flag_bit": "1", "parity_bit": "1", "fake": false}], [2688, {"py/object": "odf.components.Data", "data": {"py/b64": "iKs="}, "fake": false}], [2756, {"py/object": "odf.components.Data", "data": {"py/b64": "JUI="}, "fake": false}], [2821, {"py/object": "odf.components.Data", "data": {"py/b64": "yLM="}, "fake": false}], [2889, {"py/object": "odf.components.Data", "data": {"py/b64": "fb0="}, "fake": false}], [2956, {"py/object": "odf.components.Data", "data": {"py/b64": "RYY="}, "fake": false}], [3022, {"py/object": "odf.components.Data", "data": {"py/b64": "7kI="}, "fake": false}], [3089, {"py/object": "odf.components.Data", "data": {"py/b64": "q80="}, "fake": false}], [3161, {"py/object": "odf.components.Data", "data": {"py/b64": "iEM="}, "fake": false}], [3226, {"py/object": "odf.components.Data", "data": {"py/b64": "768="}, "fake": false}], [3296, {"py/object": "odf.components.Data", "data": {"py/b64": "i0A="}, "fake": false}], [3365, {"py/object": "odf.components.Data", "data": {"py/b64": "ALA="}, "fake": false}], [3433, {"py/object": "odf.components.Data", "data": {"py/b64": "i0A="}, "fake": false}], [3502, {"py/object": "odf.components.Data", "data": {"py/b64": "2w8="}, "fake": false}], [3570, {"py/object": "odf.components.Data", "data": {"py/b64": "SUA="}, "fake": false}], [3635, {"py/object": "odf.components.Data", "data": {"py/b64": "pKM="}, "fake": false}], [3702, {"py/object": "odf.components.Data", "data": {"py/b64": "1kM="}, "fake": false}], [3771, {"py/object": "odf.components.Data", "data": {"py/b64": "tww="}, "fake": false}], [3843, {"py/object": "odf.components.Data", "data": {"py/b64": "OkQ="}, "fake": false}], [5921, {"py/object": "odf.components.Status", "address": 4, "message_error_bit": "0", "instrumentation_bit": "0", "service_request_bit": "0", "reserved_bits": "000", "brdcst_received_bit": "0", "busy_bit": "0", "subsystem_flag_bit": "0", "dynamic_bus_control_accpt_bit": "0", "terminal_flag_bit": "1", "parity_bit": "1", "fake": false}], [6003, {"py/object": "odf.components.Command", "address": 6, "tr": 0, "sub_address": 2, "dword_count": 28, "parity": 0, "fake": false}], [6020, {"py/object": "odf.components.Command", "address": 5, "tr": 1, "sub_address": 2, "dword_count": 28, "parity": 0, "fake": false}], [8087, {"py/object": "odf.components.Status", "address": 5, "message_error_bit": "0", "instrumentation_bit": "0", "service_request_bit": "0", "reserved_bits": "000", "brdcst_received_bit": "0", "busy_bit": "0", "subsystem_flag_bit": "0", "dynamic_bus_control_accpt_bit": "0", "terminal_flag_bit": "1", "parity_bit": "1", "fake": false}], [8152, {"py/object": "odf.components.Data", "data": {"py/b64": "wpE="}, "fake": false}], [8219, {"py/object": "odf.components.Data", "data": {"py/b64": "rEI="}, "fake": false}], [8283, {"py/object": "odf.components.Data", "data": {"py/b64": "SSg="}, "fake": false}], [8351, {"py/object": "odf.components.Data", "data": {"py/b64": "EkM="}, "fake": false}], [8416, {"py/object": "odf.components.Data", "data": {"py/b64": "z7A="}, "fake": false}], [8485, {"py/object": "odf.components.Data", "data": {"py/b64": "EcM="}, "fake": false}], [8551, {"py/object": "odf.components.Data", "data": {"py/b64": "ahU="}, "fake": false}], [8611, {"py/object": "odf.components.Data", "data": {"py/b64": "Tzw="}, "fake": false}], [8678, {"py/object": "odf.components.Data", "data": {"py/b64": "3ig="}, "fake": false}], [8746, {"py/object": "odf.components.Data", "data": {"py/b64": "kcE="}, "fake": false}], [8814, {"py/object": "odf.components.Data", "data": {"py/b64": "N+8="}, "fake": false}], [8877, {"py/object": "odf.components.Data", "data": {"py/b64": "UsE="}, "fake": false}], [8937, {"py/object": "odf.components.Data", "data": {"py/b64": "Jeg="}, "fake": false}], [9001, {"py/object": "odf.components.Data", "data": {"py/b64": "bL8="}, "fake": false}], [9073, {"py/object": "odf.components.Data", "data": {"py/b64": "KRk="}, "fake": false}], [9134, {"py/object": "odf.components.Data", "data": {"py/b64": "BMA="}, "fake": false}], [9206, {"py/object": "odf.components.Data", "data": {"py/b64": "0GE="}, "fake": false}], [9273, {"py/object": "odf.components.Data", "data": {"py/b64": "Bbw="}, "fake": false}], [9344, {"py/object": "odf.components.Data", "data": {"py/b64": "I64="}, "fake": false}], [9412, {"py/object": "odf.components.Data", "data": {"py/b64": "bkA="}, "fake": false}], [9471, {"py/object": "odf.components.Data", "data": {"py/b64": "rHU="}, "fake": false}], [9529, {"py/object": "odf.components.Data", "data": {"py/b64": "F0M="}, "fake": false}], [9588, {"py/object": "odf.components.Data", "data": {"py/b64": "dbY="}, "fake": false}], [9650, {"py/object": "odf.components.Data", "data": {"py/b64": "Db4="}, "fake": false}], [9709, {"py/object": "odf.components.Data", "data": {"py/b64": "TfE="}, "fake": false}], [9766, {"py/object": "odf.components.Data", "data": {"py/b64": "FsA="}, "fake": false}], [9828, {"py/object": "odf.components.Data", "data": {"py/b64": "cHg="}, "fake": false}], [9888, {"py/object": "odf.components.Data", "data": {"py/b64": "UEE="}, "fake": false}], [11978, {"py/object": "odf.components.Status", "address": 6, "message_error_bit": "0", "instrumentation_bit": "0", "service_request_bit": "0", "reserved_bits": "000", "brdcst_received_bit": "0", "busy_bit": "0", "subsystem_flag_bit": "0", "dynamic_bus_control_accpt_bit": "0", "terminal_flag_bit": "1", "parity_bit": "1", "fake": false}], [12048, {"py/object": "odf.components.Command", "address": 8, "tr": 0, "sub_address": 2, "dword_count": 8, "parity": 0, "fake": false}], [12064, {"py/object": "odf.components.Command", "address": 7, "tr": 1, "sub_address": 2, "dword_count": 8, "parity": 0, "fake": false}], [14122, {"py/object": "odf.components.Status", "address": 7, "message_error_bit": "0", "instrumentation_bit": "0", "service_request_bit": "0", "reserved_bits": "000", "brdcst_received_bit": "0", "busy_bit": "0", "subsystem_flag_bit": "0", "dynamic_bus_control_accpt_bit": "0", "terminal_flag_bit": "1", "parity_bit": "1", "fake": false}], [14182, {"py/object": "odf.components.Data", "data": {"py/b64": "xJ4="}, "fake": false}], [14240, {"py/object": "odf.components.Data", "data": {"py/b64": "YL0="}, "fake": false}], [14304, {"py/object": "odf.components.Data", "data": {"py/b64": "xsM="}, "fake": false}], [14366, {"py/object": "odf.components.Data", "data": {"py/b64": "FTo="}, "fake": false}], [14421, {"py/object": "odf.components.Data", "data": {"py/b64": "lOM="}, "fake": false}], [14477, {"py/object": "odf.components.Data", "data": {"py/b64": "Jz0="}, "fake": false}], [14533, {"py/object": "odf.components.Data", "data": {"py/b64": "z3E="}, "fake": false}], [14594, {"py/object": "odf.components.Data", "data": {"py/b64": "lDk="}, "fake": false}], [16689, {"py/object": "odf.components.Status", "address": 8, "message_error_bit": "0", "instrumentation_bit": "0", "service_request_bit": "0", "reserved_bits": "000", "brdcst_received_bit": "0", "busy_bit": "0", "subsystem_flag_bit": "0", "dynamic_bus_control_accpt_bit": "0", "terminal_flag_bit": "1", "parity_bit": "1", "fake": false}], [16772, {"py/object": "odf.components.Command", "address": 10, "tr": 0, "sub_address": 2, "dword_count": 12, "parity": 0, "fake": false}], [16790, {"py/object": "odf.components.Command", "address": 9, "tr": 1, "sub_address": 2, "dword_count": 12, "parity": 0, "fake": false}], [18865, {"py/object": "odf.components.Status", "address": 9, "message_error_bit": "0", "instrumentation_bit": "0", "service_request_bit": "0", "reserved_bits": "000", "brdcst_received_bit": "0", "busy_bit": "0", "subsystem_flag_bit": "0", "dynamic_bus_control_accpt_bit": "0", "terminal_flag_bit": "1", "parity_bit": "1", "fake": false}], [18937, {"py/object": "odf.components.Data", "data": {"py/b64": "L8E="}, "fake": false}], [19001, {"py/object": "odf.components.Data", "data": {"py/b64": "B0I="}, "fake": false}], [19067, {"py/object": "odf.components.Data", "data": {"py/b64": "ocg="}, "fake": false}], [19136, {"py/object": "odf.components.Data", "data": {"py/b64": "7MI="}, "fake": false}], [19207, {"py/object": "odf.components.Data", "data": {"py/b64": "vNY="}, "fake": false}], [19277, {"py/object": "odf.components.Data", "data": {"py/b64": "MUI="}, "fake": false}], [19351, {"py/object": "odf.components.Data", "data": {"py/b64": "K8E="}, "fake": false}], [19420, {"py/object": "odf.components.Data", "data": {"py/b64": "B0I="}, "fake": false}], [19493, {"py/object": "odf.components.Data", "data": {"py/b64": "tMg="}, "fake": false}], [19564, {"py/object": "odf.components.Data", "data": {"py/b64": "7MI="}, "fake": false}], [19634, {"py/object": "odf.components.Data", "data": {"py/b64": "ivU="}, "fake": false}], [19715, {"py/object": "odf.components.Data", "data": {"py/b64": "FEM="}, "fake": false}], [21832, {"py/object": "odf.components.Status", "address": 10, "message_error_bit": "0", "instrumentation_bit": "0", "service_request_bit": "0", "reserved_bits": "000", "brdcst_received_bit": "0", "busy_bit": "0", "subsystem_flag_bit": "0", "dynamic_bus_control_accpt_bit": "0", "terminal_flag_bit": "1", "parity_bit": "1", "fake": false}], [21897, {"py/object": "odf.components.Command", "address": 12, "tr": 0, "sub_address": 2, "dword_count": 16, "parity": 0, "fake": false}], [21918, {"py/object": "odf.components.Command", "address": 11, "tr": 1, "sub_address": 2, "dword_count": 16, "parity": 0, "fake": false}], [23991, {"py/object": "odf.components.Status", "address": 11, "message_error_bit": "0", "instrumentation_bit": "0", "service_request_bit": "0", "reserved_bits": "000", "brdcst_received_bit": "0", "busy_bit": "0", "subsystem_flag_bit": "0", "dynamic_bus_control_accpt_bit": "0", "terminal_flag_bit": "1", "parity_bit": "1", "fake": false}], [24059, {"py/object": "odf.components.Data", "data": {"py/b64": "d2Y="}, "fake": false}], [24130, {"py/object": "odf.components.Data", "data": {"py/b64": "Gjs="}, "fake": false}], [24195, {"py/object": "odf.components.Data", "data": {"py/b64": "AIo="}, "fake": false}], [24264, {"py/object": "odf.components.Data", "data": {"py/b64": "ZUE="}, "fake": false}], [24319, {"py/object": "odf.components.Data", "data": {"py/b64": "roc="}, "fake": false}], [24381, {"py/object": "odf.components.Data", "data": {"py/b64": "7EE="}, "fake": false}], [24440, {"py/object": "odf.components.Data", "data": {"py/b64": "sAg="}, "fake": false}], [24497, {"py/object": "odf.components.Data", "data": {"py/b64": "YEA="}, "fake": false}], [24565, {"py/object": "odf.components.Data", "data": {"py/b64": "Ac0="}, "fake": false}], [24631, {"py/object": "odf.components.Data", "data": {"py/b64": "5T8="}, "fake": false}], [24693, {"py/object": "odf.components.Data", "data": {"py/b64": "868="}, "fake": false}], [24750, {"py/object": "odf.components.Data", "data": {"py/b64": "Aj4="}, "fake": false}], [24806, {"py/object": "odf.components.Data", "data": {"py/b64": "TQU="}, "fake": false}], [24869, {"py/object": "odf.components.Data", "data": {"py/b64": "9z4="}, "fake": false}], [24935, {"py/object": "odf.components.Data", "data": {"py/b64": "LU0="}, "fake": false}], [25001, {"py/object": "odf.components.Data", "data": {"py/b64": "nEE="}, "fake": false}], [27128, {"py/object": "odf.components.Status", "address": 12, "message_error_bit": "0", "instrumentation_bit": "0", "service_request_bit": "0", "reserved_bits": "000", "brdcst_received_bit": "0", "busy_bit": "0", "subsystem_flag_bit": "0", "dynamic_bus_control_accpt_bit": "0", "terminal_flag_bit": "1", "parity_bit": "1", "fake": false}], [27282, {"py/object": "odf.components.Command", "address": 1, "tr": 0, "sub_address": 2, "dword_count": 4, "parity": 0, "fake": false}], [27324, {"py/object": "odf.components.Data", "data": {"py/b64": "AAA="}, "fake": false}], [27337, {"py/object": "odf.components.Data", "data": {"py/b64": "AAA="}, "fake": false}], [27347, {"py/object": "odf.components.Data", "data": {"py/b64": "AAA="}, "fake": false}], [27358, {"py/object": "odf.components.Data", "data": {"py/b64": "AAA="}, "fake": false}], [29382, {"py/object": "odf.components.Status", "address": 1, "message_error_bit": "0", "instrumentation_bit": "0", "service_request_bit": "0", "reserved_bits": "000", "brdcst_received_bit": "0", "busy_bit": "0", "subsystem_flag_bit": "0", "dynamic_bus_control_accpt_bit": "0", "terminal_flag_bit": "1", "parity_bit": "1", "fake": false}], [29550, {"py/object": "odf.components.Command", "address": 31, "tr": 0, "sub_address": 2, "dword_count": 1, "parity": 0, "fake": false}], [29642, {"py/object": "odf.components.Data", "data": {"py/b64": "//8="}, "fake": false}], [29656, {"py/object": "odf.components.Command", "address": 4, "tr": 0, "sub_address": 2, "dword_count": 18, "parity": 0, "fake": false}], [29665, {"py/object": "odf.components.Command", "address": 3, "tr": 1, "sub_address": 2, "dword_count": 18, "parity": 0, "fake": false}], [31717, {"py/object": "odf.components.Status", "address": 3, "message_error_bit": "0", "instrumentation_bit": "0", "service_request_bit": "0", "reserved_bits": "000", "brdcst_received_bit": "0", "busy_bit": "0", "subsystem_flag_bit": "0", "dynamic_bus_control_accpt_bit": "0", "terminal_flag_bit": "1", "parity_bit": "1", "fake": false}], [31782, {"py/object": "odf.components.Data", "data": {"py/b64": "7Q0="}, "fake": false}], [31853, {"py/object": "odf.components.Data", "data": {"py/b64": "WkM="}, "fake": false}], [31921, {"py/object": "odf.components.Data", "data": {"py/b64": "VFU="}, "fake": false}], [31990, {"py/object": "odf.components.Data", "data": {"py/b64": "h0Q="}, "fake": false}], [32058, {"py/object": "odf.components.Data", "data": {"py/b64": "zB4="}, "fake": false}], [32129, {"py/object": "odf.components.Data", "data": {"py/b64": "wkM="}, "fake": false}], [32192, {"py/object": "odf.components.Data", "data": {"py/b64": "tFI="}, "fake": false}], [32265, {"py/object": "odf.components.Data", "data": {"py/b64": "hUM="}, "fake": false}], [32330, {"py/object": "odf.components.Data", "data": {"py/b64": "qcw="}, "fake": false}], [32394, {"py/object": "odf.components.Data", "data": {"py/b64": "i0A="}, "fake": false}], [32464, {"py/object": "odf.components.Data", "data": {"py/b64": "yr8="}, "fake": false}], [32530, {"py/object": "odf.components.Data", "data": {"py/b64": "i0A="}, "fake": false}], [32603, {"py/object": "odf.components.Data", "data": {"py/b64": "Tfo="}, "fake": false}], [32665, {"py/object": "odf.components.Data", "data": {"py/b64": "QEA="}, "fake": false}], [32733, {"py/object": "odf.components.Data", "data": {"py/b64": "89c="}, "fake": false}], [32804, {"py/object": "odf.components.Data", "data": {"py/b64": "1UM="}, "fake": false}], [32861, {"py/object": "odf.components.Data", "data": {"py/b64": "tww="}, "fake": false}], [32939, {"py/object": "odf.components.Data", "data": {"py/b64": "OkQ="}, "fake": false}], [35040, {"py/object": "odf.components.Status", "address": 4, "message_error_bit": "0", "instrumentation_bit": "0", "service_request_bit": "0", "reserved_bits": "000", "brdcst_received_bit": "0", "busy_bit": "0", "subsystem_flag_bit": "0", "dynamic_bus_control_accpt_bit": "0", "terminal_flag_bit": "1", "parity_bit": "1", "fake": false}], [35102, {"py/object": "odf.components.Command", "address": 6, "tr": 0, "sub_address": 2, "dword_count": 28, "parity": 0, "fake": false}], [35115, {"py/object": "odf.components.Command", "address": 5, "tr": 1, "sub_address": 2, "dword_count": 28, "parity": 0, "fake": false}], [37170, {"py/object": "odf.components.Status", "address": 5, "message_error_bit": "0", "instrumentation_bit": "0", "service_request_bit": "0", "reserved_bits": "000", "brdcst_received_bit": "0", "busy_bit": "0", "subsystem_flag_bit": "0", "dynamic_bus_control_accpt_bit": "0", "terminal_flag_bit": "1", "parity_bit": "1", "fake": false}], [37233, {"py/object": "odf.components.Data", "data": {"py/b64": "qro="}, "fake": false}], [37294, {"py/object": "odf.components.Data", "data": {"py/b64": "cUM="}, "fake": false}], [37357, {"py/object": "odf.components.Data", "data": {"py/b64": "uEI="}, "fake": false}], [37421, {"py/object": "odf.components.Data", "data": {"py/b64": "zEM="}, "fake": false}], [37494, {"py/object": "odf.components.Data", "data": {"py/b64": "1p4="}, "fake": false}], [37545, {"py/object": "odf.components.Data", "data": {"py/b64": "ysM="}, "fake": false}], [37610, {"py/object": "odf.components.Data", "data": {"py/b64": "904="}, "fake": false}], [37680, {"py/object": "odf.components.Data", "data": {"py/b64": "i0E="}, "fake": false}], [37748, {"py/object": "odf.components.Data", "data": {"py/b64": "W+I="}, "fake": false}], [37811, {"py/object": "odf.components.Data", "data": {"py/b64": "ScI="}, "fake": false}], [37867, {"py/object": "odf.components.Data", "data": {"py/b64": "qsg="}, "fake": false}], [37922, {"py/object": "odf.components.Data", "data": {"py/b64": "ZcA="}, "fake": false}], [37995, {"py/object": "odf.components.Data", "data": {"py/b64": "MI0="}, "fake": false}], [38068, {"py/object": "odf.components.Data", "data": {"py/b64": "R0A="}, "fake": false}], [38146, {"py/object": "odf.components.Data", "data": {"py/b64": "hAI="}, "fake": false}], [38223, {"py/object": "odf.components.Data", "data": {"py/b64": "Tb8="}, "fake": false}], [38297, {"py/object": "odf.components.Data", "data": {"py/b64": "Q5Q="}, "fake": false}], [38370, {"py/object": "odf.components.Data", "data": {"py/b64": "kb8="}, "fake": false}], [38443, {"py/object": "odf.components.Data", "data": {"py/b64": "UZE="}, "fake": false}], [38519, {"py/object": "odf.components.Data", "data": {"py/b64": "IcE="}, "fake": false}], [38594, {"py/object": "odf.components.Data", "data": {"py/b64": "cfg="}, "fake": false}], [38667, {"py/object": "odf.components.Data", "data": {"py/b64": "zEM="}, "fake": false}], [38742, {"py/object": "odf.components.Data", "data": {"py/b64": "0bU="}, "fake": false}], [38819, {"py/object": "odf.components.Data", "data": {"py/b64": "E78="}, "fake": false}], [38896, {"py/object": "odf.components.Data", "data": {"py/b64": "Zis="}, "fake": false}], [38971, {"py/object": "odf.components.Data", "data": {"py/b64": "vT8="}, "fake": false}], [39050, {"py/object": "odf.components.Data", "data": {"py/b64": "GDg="}, "fake": false}], [39126, {"py/object": "odf.components.Data", "data": {"py/b64": "WUA="}, "fake": false}], [41217, {"py/object": "odf.components.Status", "address": 6, "message_error_bit": "0", "instrumentation_bit": "0", "service_request_bit": "0", "reserved_bits": "000", "brdcst_received_bit": "0", "busy_bit": "0", "subsystem_flag_bit": "0", "dynamic_bus_control_accpt_bit": "0", "terminal_flag_bit": "1", "parity_bit": "1", "fake": false}], [41308, {"py/object": "odf.components.Command", "address": 8, "tr": 0, "sub_address": 2, "dword_count": 8, "parity": 0, "fake": false}], [41324, {"py/object": "odf.components.Command", "address": 7, "tr": 1, "sub_address": 2, "dword_count": 8, "parity": 0, "fake": false}], [43381, {"py/object": "odf.components.Status", "address": 7, "message_error_bit": "0", "instrumentation_bit": "0", "service_request_bit": "0", "reserved_bits": "000", "brdcst_received_bit": "0", "busy_bit": "0", "subsystem_flag_bit": "0", "dynamic_bus_control_accpt_bit": "0", "terminal_flag_bit": "1", "parity_bit": "1", "fake": false}], [43439, {"py/object": "odf.components.Data", "data": {"py/b64": "fiU="}, "fake": false}], [43505, {"py/object": "odf.components.Data", "data": {"py/b64": "h70="}, "fake": false}], [43576, {"py/object": "odf.components.Data", "data": {"py/b64": "x4U="}, "fake": false}], [43642, {"py/object": "odf.components.Data", "data": {"py/b64": "jbs="}, "fake": false}], [43714, {"py/object": "odf.components.Data", "data": {"py/b64": "DeA="}, "fake": false}], [43771, {"py/object": "odf.components.Data", "data": {"py/b64": "0Tw="}, "fake": false}], [43843, {"py/object": "odf.components.Data", "data": {"py/b64": "ZDQ="}, "fake": false}], [43916, {"py/object": "odf.components.Data", "data": {"py/b64": "Vbo="}, "fake": false}], [46041, {"py/object": "odf.components.Status", "address": 8, "message_error_bit": "0", "instrumentation_bit": "0", "service_request_bit": "0", "reserved_bits": "000", "brdcst_received_bit": "0", "busy_bit": "0", "subsystem_flag_bit": "0", "dynamic_bus_control_accpt_bit": "0", "terminal_flag_bit": "1", "parity_bit": "1", "fake": false}], [46105, {"py/object": "odf.components.Command", "address": 10, "tr": 0, "sub_address": 2, "dword_count": 12, "parity": 0, "fake": false}], [46120, {"py/object": "odf.components.Command", "address": 9, "tr": 1, "sub_address": 2, "dword_count": 12, "parity": 0, "fake": false}], [48182, {"py/object": "odf.components.Status", "address": 9, "message_error_bit": "0", "instrumentation_bit": "0", "service_request_bit": "0", "reserved_bits": "000", "brdcst_received_bit": "0", "busy_bit": "0", "subsystem_flag_bit": "0", "dynamic_bus_control_accpt_bit": "0", "terminal_flag_bit": "1", "parity_bit": "1", "fake": false}], [48251, {"py/object": "odf.components.Data", "data": {"py/b64": "T70="}, "fake": false}], [48322, {"py/object": "odf.components.Data", "data": {"py/b64": "B0I="}, "fake": false}], [48390, {"py/object": "odf.components.Data", "data": {"py/b64": "Sds="}, "fake": false}], [48453, {"py/object": "odf.components.Data", "data": {"py/b64": "7MI="}, "fake": false}], [48516, {"py/object": "odf.components.Data", "data": {"py/b64": "m+o="}, "fake": false}], [48575, {"py/object": "odf.components.Data", "data": {"py/b64": "aEM="}, "fake": false}], [48637, {"py/object": "odf.components.Data", "data": {"py/b64": "Sr0="}, "fake": false}], [48696, {"py/object": "odf.components.Data", "data": {"py/b64": "B0I="}, "fake": false}], [48754, {"py/object": "odf.components.Data", "data": {"py/b64": "Yts="}, "fake": false}], [48817, {"py/object": "odf.components.Data", "data": {"py/b64": "7MI="}, "fake": false}], [48880, {"py/object": "odf.components.Data", "data": {"py/b64": "Ugk="}, "fake": false}], [48951, {"py/object": "odf.components.Data", "data": {"py/b64": "QEQ="}, "fake": false}], [51043, {"py/object": "odf.components.Status", "address": 10, "message_error_bit": "0", "instrumentation_bit": "0", "service_request_bit": "0", "reserved_bits": "000", "brdcst_received_bit": "0", "busy_bit": "0", "subsystem_flag_bit": "0", "dynamic_bus_control_accpt_bit": "0", "terminal_flag_bit": "1", "parity_bit": "1", "fake": false}], [51119, {"py/object": "odf.components.Command", "address": 12, "tr": 0, "sub_address": 2, "dword_count": 16, "parity": 0, "fake": false}], [51132, {"py/object": "odf.components.Command", "address": 11, "tr": 1, "sub_address": 2, "dword_count": 16, "parity": 0, "fake": false}], [53195, {"py/object": "odf.components.Status", "address": 11, "message_error_bit": "0", "instrumentation_bit": "0", "service_request_bit": "0", "reserved_bits": "000", "brdcst_received_bit": "0", "busy_bit": "0", "subsystem_flag_bit": "0", "dynamic_bus_control_accpt_bit": "0", "terminal_flag_bit": "1", "parity_bit": "1", "fake": false}], [53267, {"py/object": "odf.components.Data", "data": {"py/b64": "i5E="}, "fake": false}], [53340, {"py/object": "odf.components.Data", "data": {"py/b64": "Fzs="}, "fake": false}], [53411, {"py/object": "odf.components.Data", "data": {"py/b64": "AIU="}, "fake": false}], [53472, {"py/object": "odf.components.Data", "data": {"py/b64": "UkE="}, "fake": false}], [53533, {"py/object": "odf.components.Data", "data": {"py/b64": "UW8="}, "fake": false}], [53593, {"py/object": "odf.components.Data", "data": {"py/b64": "50E="}, "fake": false}], [53652, {"py/object": "odf.components.Data", "data": {"py/b64": "7gw="}, "fake": false}], [53714, {"py/object": "odf.components.Data", "data": {"py/b64": "t0A="}, "fake": false}], [53778, {"py/object": "odf.components.Data", "data": {"py/b64": "kE0="}, "fake": false}], [53851, {"py/object": "odf.components.Data", "data": {"py/b64": "PEA="}, "fake": false}], [53910, {"py/object": "odf.components.Data", "data": {"py/b64": "ksE="}, "fake": false}], [53982, {"py/object": "odf.components.Data", "data": {"py/b64": "6T0="}, "fake": false}], [54053, {"py/object": "odf.components.Data", "data": {"py/b64": "XXo="}, "fake": false}], [54127, {"py/object": "odf.components.Data", "data": {"py/b64": "ZD4="}, "fake": false}], [54199, {"py/object": "odf.components.Data", "data": {"py/b64": "Ykg="}, "fake": false}], [54270, {"py/object": "odf.components.Data", "data": {"py/b64": "q0E="}, "fake": false}], [56398, {"py/object": "odf.components.Status", "address": 12, "message_error_bit": "0", "instrumentation_bit": "0", "service_request_bit": "0", "reserved_bits": "000", "brdcst_received_bit": "0", "busy_bit": "0", "subsystem_flag_bit": "0", "dynamic_bus_control_accpt_bit": "0", "terminal_flag_bit": "1", "parity_bit": "1", "fake": false}], [56563, {"py/object": "odf.components.Command", "address": 1, "tr": 0, "sub_address": 2, "dword_count": 4, "parity": 0, "fake": false}], [56612, {"py/object": "odf.components.Data", "data": {"py/b64": "AAA="}, "fake": false}], [56625, {"py/object": "odf.components.Data", "data": {"py/b64": "AAA="}, "fake": false}], [56640, {"py/object": "odf.components.Data", "data": {"py/b64": "AAA="}, "fake": false}], [56650, {"py/object": "odf.components.Data", "data": {"py/b64": "AAA="}, "fake": false}], [58717, {"py/object": "odf.components.Status", "address": 1, "message_error_bit": "0", "instrumentation_bit": "0", "service_request_bit": "0", "reserved_bits": "000", "brdcst_received_bit": "0", "busy_bit": "0", "subsystem_flag_bit": "0", "dynamic_bus_control_accpt_bit": "0", "terminal_flag_bit": "1", "parity_bit": "1", "fake": false}], [58886, {"py/object": "odf.components.Command", "address": 31, "tr": 0, "sub_address": 2, "dword_count": 1, "parity": 0, "fake": false}], [58946, {"py/object": "odf.components.Data", "data": {"py/b64": "//8="}, "fake": false}], [58961, {"py/object": "odf.components.Command", "address": 4, "tr": 0, "sub_address": 2, "dword_count": 18, "parity": 0, "fake": false}], [58973, {"py/object": "odf.components.Command", "address": 3, "tr": 1, "sub_address": 2, "dword_count": 18, "parity": 0, "fake": false}], [61014, {"py/object": "odf.components.Status", "address": 3, "message_error_bit": "0", "instrumentation_bit": "0", "service_request_bit": "0", "reserved_bits": "000", "brdcst_received_bit": "0", "busy_bit": "0", "subsystem_flag_bit": "0", "dynamic_bus_control_accpt_bit": "0", "terminal_flag_bit": "1", "parity_bit": "1", "fake": false}], [61096, {"py/object": "odf.components.Data", "data": {"py/b64": "DB4="}, "fake": false}], [61178, {"py/object": "odf.components.Data", "data": {"py/b64": "ekM="}, "fake": false}], [61255, {"py/object": "odf.components.Data", "data": {"py/b64": "//8="}, "fake": true}], [61318, {"py/object": "odf.components.Data", "data": {"py/b64": "CEI="}, "fake": false}], [61392, {"py/object": "odf.components.Data", "data": {"py/b64": "AEU="}, "fake": false}], [61516, {"py/object": "odf.components.Data", "data": {"py/b64": "//8="}, "fake": true}], [61547, {"py/object": "odf.components.Data", "data": {"py/b64": "aLc="}, "fake": false}], [61613, {"py/object": "odf.components.Data", "data": {"py/b64": "h0Q="}, "fake": false}], [61721, {"py/object": "odf.components.Data", "data": {"py/b64": "//8="}, "fake": true}], [61749, {"py/object": "odf.components.Data", "data": {"py/b64": "U9E="}, "fake": false}], [61806, {"py/object": "odf.components.Data", "data": {"py/b64": "YEM="}, "fake": false}], [61933, {"py/object": "odf.components.Data", "data": {"py/b64": "//8="}, "fake": true}], [61966, {"py/object": "odf.components.Data", "data": {"py/b64": "VMw="}, "fake": false}], [62041, {"py/object": "odf.components.Data", "data": {"py/b64": "g0A="}, "fake": false}], [62180, {"py/object": "odf.components.Data", "data": {"py/b64": "//8="}, "fake": true}], [62214, {"py/object": "odf.components.Data", "data": {"py/b64": "sMI="}, "fake": false}], [62298, {"py/object": "odf.components.Data", "data": {"py/b64": "g0A="}, "fake": false}], [62432, {"py/object": "odf.components.Data", "data": {"py/b64": "daY="}, "fake": false}], [62462, {"py/object": "odf.components.Data", "data": {"py/b64": "//8="}, "fake": true}], [62518, {"py/object": "odf.components.Data", "data": {"py/b64": "QkA="}, "fake": false}], [62657, {"py/object": "odf.components.Data", "data": {"py/b64": "oVY="}, "fake": false}], [62675, {"py/object": "odf.components.Data", "data": {"py/b64": "//8="}, "fake": true}], [62740, {"py/object": "odf.components.Data", "data": {"py/b64": "1UM="}, "fake": false}], [62886, {"py/object": "odf.components.Data", "data": {"py/b64": "tww="}, "fake": false}], [62922, {"py/object": "odf.components.Data", "data": {"py/b64": "//8="}, "fake": true}], [63002, {"py/object": "odf.components.Data", "data": {"py/b64": "OkQ="}, "fake": false}], [63088, {"py/object": "odf.components.Data", "data": {"py/b64": "//8="}, "fake": true}], [63208, {"py/object": "odf.components.Data", "data": {"py/b64": "//8="}, "fake": true}], [63319, {"py/object": "odf.components.Data", "data": {"py/b64": "//8="}, "fake": true}], [63429, {"py/object": "odf.components.Data", "data": {"py/b64": "//8="}, "fake": true}], [63537, {"py/object": "odf.components.Data", "data": {"py/b64": "//8="}, "fake": true}], [63646, {"py/object": "odf.components.Data", "data": {"py/b64": "//8="}, "fake": true}], [63760, {"py/object": "odf.components.Data", "data": {"py/b64": "//8="}, "fake": true}], [63875, {"py/object": "odf.components.Data", "data": {"py/b64": "//8="}, "fake": true}], [63980, {"py/object": "odf.components.Data", "data": {"py/b64": "//8="}, "fake": true}], [64085, {"py/object": "odf.components.Data", "data": {"py/b64": "//8="}, "fake": true}], [64190, {"py/object": "odf.components.Data", "data": {"py/b64": "//8="}, "fake": true}], [64501, {"py/object": "odf.components.Status", "address": 4, "message_error_bit": "0", "instrumentation_bit": "0", "service_request_bit": "0", "reserved_bits": "000", "brdcst_received_bit": "0", "busy_bit": "0", "subsystem_flag_bit": "0", "dynamic_bus_control_accpt_bit": "0", "terminal_flag_bit": "1", "parity_bit": "1", "fake": false}], [64568, {"py/object": "odf.components.Command", "address": 6, "tr": 0, "sub_address": 2, "dword_count": 28, "parity": 0, "fake": false}], [64588, {"py/object": "odf.components.Command", "address": 5, "tr": 1, "sub_address": 2, "dword_count": 28, "parity": 0, "fake": false}], [64665, {"py/object": "odf.components.Data", "data": {"py/b64": "//8="}, "fake": true}], [64789, {"py/object": "odf.components.Data", "data": {"py/b64": "//8="}, "fake": true}], [64908, {"py/object": "odf.components.Data", "data": {"py/b64": "//8="}, "fake": true}], [66644, {"py/object": "odf.components.Status", "address": 5, "message_error_bit": "0", "instrumentation_bit": "0", "service_request_bit": "0", "reserved_bits": "000", "brdcst_received_bit": "0", "busy_bit": "0", "subsystem_flag_bit": "0", "dynamic_bus_control_accpt_bit": "0", "terminal_flag_bit": "1", "parity_bit": "1", "fake": false}], [66735, {"py/object": "odf.components.Data", "data": {"py/b64": "ELs="}, "fake": false}], [66815, {"py/object": "odf.components.Data", "data": {"py/b64": "//8="}, "fake": true}], [66887, {"py/object": "odf.components.Data", "data": {"py/b64": "dUM="}, "fake": false}], [66975, {"py/object": "odf.components.Data", "data": {"py/b64": "bRU="}, "fake": false}], [67055, {"py/object": "odf.components.Data", "data": {"py/b64": "//8="}, "fake": true}], [67135, {"py/object": "odf.components.Data", "data": {"py/b64": "0EM="}, "fake": false}], [67234, {"py/object": "odf.components.Data", "data": {"py/b64": "jJc="}, "fake": false}], [67309, {"py/object": "odf.components.Data", "data": {"py/b64": "//8="}, "fake": true}], [67385, {"py/object": "odf.components.Data", "data": {"py/b64": "qsM="}, "fake": false}], [67508, {"py/object": "odf.components.Data", "data": {"py/b64": "IzA="}, "fake": false}], [67546, {"py/object": "odf.components.Data", "data": {"py/b64": "//8="}, "fake": true}], [67619, {"py/object": "odf.components.Data", "data": {"py/b64": "CUI="}, "fake": false}], [67710, {"py/object": "odf.components.Data", "data": {"py/b64": "u+0="}, "fake": false}], [67778, {"py/object": "odf.components.Data", "data": {"py/b64": "//8="}, "fake": true}], [67845, {"py/object": "odf.components.Data", "data": {"py/b64": "bMM="}, "fake": false}], [67982, {"py/object": "odf.components.Data", "data": {"py/b64": "D5o="}, "fake": false}], [68017, {"py/object": "odf.components.Data", "data": {"py/b64": "//8="}, "fake": true}], [68094, {"py/object": "odf.components.Data", "data": {"py/b64": "EEE="}, "fake": false}], [68177, {"py/object": "odf.components.Data", "data": {"py/b64": "1Hs="}, "fake": false}], [68257, {"py/object": "odf.components.Data", "data": {"py/b64": "//8="}, "fake": true}], [68335, {"py/object": "odf.components.Data", "data": {"py/b64": "774="}, "fake": false}], [68465, {"py/object": "odf.components.Data", "data": {"py/b64": "GVk="}, "fake": false}], [68500, {"py/object": "odf.components.Data", "data": {"py/b64": "//8="}, "fake": true}], [68564, {"py/object": "odf.components.Data", "data": {"py/b64": "V8E="}, "fake": false}], [68673, {"py/object": "odf.components.Data", "data": {"py/b64": "u78="}, "fake": false}], [68745, {"py/object": "odf.components.Data", "data": {"py/b64": "//8="}, "fake": true}], [68823, {"py/object": "odf.components.Data", "data": {"py/b64": "jMA="}, "fake": false}], [68963, {"py/object": "odf.components.Data", "data": {"py/b64": "4GI="}, "fake": false}], [68998, {"py/object": "odf.components.Data", "data": {"py/b64": "//8="}, "fake": true}], [69077, {"py/object": "odf.components.Data", "data": {"py/b64": "DME="}, "fake": false}], [69222, {"py/object": "odf.components.Data", "data": {"py/b64": "Zxc="}, "fake": false}], [69258, {"py/object": "odf.components.Data", "data": {"py/b64": "//8="}, "fake": true}], [69330, {"py/object": "odf.components.Data", "data": {"py/b64": "0EM="}, "fake": false}], [69463, {"py/object": "odf.components.Data", "data": {"py/b64": "//8="}, "fake": true}], [69496, {"py/object": "odf.components.Data", "data": {"py/b64": "mLM="}, "fake": false}], [69571, {"py/object": "odf.components.Data", "data": {"py/b64": "WME="}, "fake": false}], [69710, {"py/object": "odf.components.Data", "data": {"py/b64": "Gf8="}, "fake": false}], [69742, {"py/object": "odf.components.Data", "data": {"py/b64": "//8="}, "fake": true}], [69822, {"py/object": "odf.components.Data", "data": {"py/b64": "zUA="}, "fake": false}], [69960, {"py/object": "odf.components.Data", "data": {"py/b64": "//8="}, "fake": true}], [69992, {"py/object": "odf.components.Data", "data": {"py/b64": "Y84="}, "fake": false}], [70073, {"py/object": "odf.components.Data", "data": {"py/b64": "qT4="}, "fake": false}], [70162, {"py/object": "odf.components.Data", "data": {"py/b64": "//8="}, "fake": true}], [70272, {"py/object": "odf.components.Data", "data": {"py/b64": "//8="}, "fake": true}], [70390, {"py/object": "odf.components.Data", "data": {"py/b64": "//8="}, "fake": true}], [70504, {"py/object": "odf.components.Data", "data": {"py/b64": "//8="}, "fake": true}], [70617, {"py/object": "odf.components.Data", "data": {"py/b64": "//8="}, "fake": true}], [70802, {"py/object": "odf.components.Status", "address": 6, "message_error_bit": "0", "instrumentation_bit": "0", "service_request_bit": "0", "reserved_bits": "000", "brdcst_received_bit": "0", "busy_bit": "0", "subsystem_flag_bit": "0", "dynamic_bus_control_accpt_bit": "0", "terminal_flag_bit": "1", "parity_bit": "1", "fake": false}], [70893, {"py/object": "odf.components.Command", "address": 8, "tr": 0, "sub_address": 2, "dword_count": 8, "parity": 0, "fake": false}], [70916, {"py/object": "odf.components.Data", "data": {"py/b64": "//8="}, "fake": true}], [70937, {"py/object": "odf.components.Command", "address": 7, "tr": 1, "sub_address": 2, "dword_count": 8, "parity": 0, "fake": false}], [71021, {"py/object": "odf.components.Data", "data": {"py/b64": "//8="}, "fake": true}], [71128, {"py/object": "odf.components.Data", "data": {"py/b64": "//8="}, "fake": true}], [71243, {"py/object": "odf.components.Data", "data": {"py/b64": "//8="}, "fake": true}], [71358, {"py/object": "odf.components.Data", "data": {"py/b64": "//8="}, "fake": true}], [71470, {"py/object": "odf.components.Data", "data": {"py/b64": "//8="}, "fake": true}], [71577, {"py/object": "odf.components.Data", "data": {"py/b64": "//8="}, "fake": true}], [71698, {"py/object": "odf.components.Data", "data": {"py/b64": "//8="}, "fake": true}], [71814, {"py/object": "odf.components.Data", "data": {"py/b64": "//8="}, "fake": true}], [71927, {"py/object": "odf.components.Data", "data": {"py/b64": "//8="}, "fake": true}], [72067, {"py/object": "odf.components.Data", "data": {"py/b64": "//8="}, "fake": true}], [72179, {"py/object": "odf.components.Data", "data": {"py/b64": "//8="}, "fake": true}], [72302, {"py/object": "odf.components.Data", "data": {"py/b64": "//8="}, "fake": true}], [72982, {"py/object": "odf.components.Status", "address": 7, "message_error_bit": "0", "instrumentation_bit": "0", "service_request_bit": "0", "reserved_bits": "000", "brdcst_received_bit": "0", "busy_bit": "0", "subsystem_flag_bit": "0", "dynamic_bus_control_accpt_bit": "0", "terminal_flag_bit": "1", "parity_bit": "1", "fake": false}], [73079, {"py/object": "odf.components.Data", "data": {"py/b64": "8hg="}, "fake": false}], [73162, {"py/object": "odf.components.Data", "data": {"py/b64": "//8="}, "fake": true}], [73231, {"py/object": "odf.components.Data", "data": {"py/b64": "2L0="}, "fake": false}], [73326, {"py/object": "odf.components.Data", "data": {"py/b64": "LC4="}, "fake": false}], [73402, {"py/object": "odf.components.Data", "data": {"py/b64": "//8="}, "fake": true}], [73469, {"py/object": "odf.components.Data", "data": {"py/b64": "6T4="}, "fake": false}], [73552, {"py/object": "odf.components.Data", "data": {"py/b64": "XKU="}, "fake": false}], [73630, {"py/object": "odf.components.Data", "data": {"py/b64": "//8="}, "fake": true}], [73690, {"py/object": "odf.components.Data", "data": {"py/b64": "3zw="}, "fake": false}], [73874, {"py/object": "odf.components.Status", "address": 8, "message_error_bit": "0", "instrumentation_bit": "0", "service_request_bit": "0", "reserved_bits": "000", "brdcst_received_bit": "0", "busy_bit": "0", "subsystem_flag_bit": "0", "dynamic_bus_control_accpt_bit": "0", "terminal_flag_bit": "1", "parity_bit": "1", "fake": false}], [73944, {"py/object": "odf.components.Data", "data": {"py/b64": "oMk="}, "fake": false}], [74023, {"py/object": "odf.components.Command", "address": 10, "tr": 0, "sub_address": 2, "dword_count": 12, "parity": 0, "fake": false}], [74066, {"py/object": "odf.components.Command", "address": 9, "tr": 1, "sub_address": 2, "dword_count": 12, "parity": 0, "fake": false}], [74086, {"py/object": "odf.components.Data", "data": {"py/b64": "//8="}, "fake": true}], [74106, {"py/object": "odf.components.Data", "data": {"py/b64": "zrk="}, "fake": false}], [74182, {"py/object": "odf.components.Data", "data": {"py/b64": "//8="}, "fake": true}], [74282, {"py/object": "odf.components.Data", "data": {"py/b64": "//8="}, "fake": true}], [74390, {"py/object": "odf.components.Data", "data": {"py/b64": "//8="}, "fake": true}], [74493, {"py/object": "odf.components.Data", "data": {"py/b64": "//8="}, "fake": true}], [74602, {"py/object": "odf.components.Data", "data": {"py/b64": "//8="}, "fake": true}], [74700, {"py/object": "odf.components.Data", "data": {"py/b64": "//8="}, "fake": true}], [74803, {"py/object": "odf.components.Data", "data": {"py/b64": "//8="}, "fake": true}], [74901, {"py/object": "odf.components.Data", "data": {"py/b64": "//8="}, "fake": true}], [76076, {"py/object": "odf.components.Status", "address": 9, "message_error_bit": "0", "instrumentation_bit": "0", "service_request_bit": "0", "reserved_bits": "000", "brdcst_received_bit": "0", "busy_bit": "0", "subsystem_flag_bit": "0", "dynamic_bus_control_accpt_bit": "0", "terminal_flag_bit": "1", "parity_bit": "1", "fake": false}], [76176, {"py/object": "odf.components.Data", "data": {"py/b64": "464="}, "fake": false}], [76268, {"py/object": "odf.components.Data", "data": {"py/b64": "//8="}, "fake": true}], [76345, {"py/object": "odf.components.Data", "data": {"py/b64": "B0I="}, "fake": false}], [76444, {"py/object": "odf.components.Data", "data": {"py/b64": "1uo="}, "fake": false}], [76522, {"py/object": "odf.components.Data", "data": {"py/b64": "//8="}, "fake": true}], [76601, {"py/object": "odf.components.Data", "data": {"py/b64": "7MI="}, "fake": false}], [76699, {"py/object": "odf.components.Data", "data": {"py/b64": "Npo="}, "fake": false}], [76783, {"py/object": "odf.components.Data", "data": {"py/b64": "//8="}, "fake": true}], [76859, {"py/object": "odf.components.Data", "data": {"py/b64": "/UM="}, "fake": false}], [76970, {"py/object": "odf.components.Data", "data": {"py/b64": "xq4="}, "fake": false}], [77034, {"py/object": "odf.components.Data", "data": {"py/b64": "//8="}, "fake": true}], [77114, {"py/object": "odf.components.Data", "data": {"py/b64": "B0I="}, "fake": false}], [77216, {"py/object": "odf.components.Data", "data": {"py/b64": "5Oo="}, "fake": false}], [77289, {"py/object": "odf.components.Data", "data": {"py/b64": "//8="}, "fake": true}], [77372, {"py/object": "odf.components.Data", "data": {"py/b64": "7MI="}, "fake": false}], [77519, {"py/object": "odf.components.Data", "data": {"py/b64": "nnM="}, "fake": false}], [77552, {"py/object": "odf.components.Data", "data": {"py/b64": "//8="}, "fake": true}], [77628, {"py/object": "odf.components.Data", "data": {"py/b64": "0EQ="}, "fake": false}], [77722, {"py/object": "odf.components.Data", "data": {"py/b64": "//8="}, "fake": true}], [77816, {"py/object": "odf.components.Data", "data": {"py/b64": "//8="}, "fake": true}], [77900, {"py/object": "odf.components.Data", "data": {"py/b64": "//8="}, "fake": true}], [78009, {"py/object": "odf.components.Data", "data": {"py/b64": "//8="}, "fake": true}], [78126, {"py/object": "odf.components.Data", "data": {"py/b64": "//8="}, "fake": true}], [78235, {"py/object": "odf.components.Data", "data": {"py/b64": "//8="}, "fake": true}], [78451, {"py/object": "odf.components.Status", "address": 10, "message_error_bit": "0", "instrumentation_bit": "0", "service_request_bit": "0", "reserved_bits": "000", "brdcst_received_bit": "0", "busy_bit": "0", "subsystem_flag_bit": "0", "dynamic_bus_control_accpt_bit": "0", "terminal_flag_bit": "1", "parity_bit": "1", "fake": false}], [78533, {"py/object": "odf.components.Command", "address": 12, "tr": 0, "sub_address": 2, "dword_count": 16, "parity": 0, "fake": false}], [78557, {"py/object": "odf.components.Command", "address": 11, "tr": 1, "sub_address": 2, "dword_count": 16, "parity": 0, "fake": false}], [78579, {"py/object": "odf.components.Data", "data": {"py/b64": "//8="}, "fake": true}], [78715, {"py/object": "odf.components.Data", "data": {"py/b64": "//8="}, "fake": true}], [78825, {"py/object": "odf.components.Data", "data": {"py/b64": "//8="}, "fake": true}], [78937, {"py/object": "odf.components.Data", "data": {"py/b64": "//8="}, "fake": true}], [80602, {"py/object": "odf.components.Status", "address": 11, "message_error_bit": "0", "instrumentation_bit": "0", "service_request_bit": "0", "reserved_bits": "000", "brdcst_received_bit": "0", "busy_bit": "0", "subsystem_flag_bit": "0", "dynamic_bus_control_accpt_bit": "0", "terminal_flag_bit": "1", "parity_bit": "1", "fake": false}], [80692, {"py/object": "odf.components.Data", "data": {"py/b64": "CrY="}, "fake": false}], [80782, {"py/object": "odf.components.Data", "data": {"py/b64": "//8="}, "fake": true}], [80848, {"py/object": "odf.components.Data", "data": {"py/b64": "Ezs="}, "fake": false}], [80936, {"py/object": "odf.components.Data", "data": {"py/b64": "APE="}, "fake": false}], [81025, {"py/object": "odf.components.Data", "data": {"py/b64": "//8="}, "fake": true}], [81089, {"py/object": "odf.components.Data", "data": {"py/b64": "NkE="}, "fake": false}], [81197, {"py/object": "odf.components.Data", "data": {"py/b64": "dzQ="}, "fake": false}], [81296, {"py/object": "odf.components.Data", "data": {"py/b64": "//8="}, "fake": true}], [81354, {"py/object": "odf.components.Data", "data": {"py/b64": "4EE="}, "fake": false}], [81441, {"py/object": "odf.components.Data", "data": {"py/b64": "j0I="}, "fake": false}], [81524, {"py/object": "odf.components.Data", "data": {"py/b64": "//8="}, "fake": true}], [81591, {"py/object": "odf.components.Data", "data": {"py/b64": "oEA="}, "fake": false}], [81689, {"py/object": "odf.components.Data", "data": {"py/b64": "yr8="}, "fake": false}], [81781, {"py/object": "odf.components.Data", "data": {"py/b64": "//8="}, "fake": true}], [81821, {"py/object": "odf.components.Data", "data": {"py/b64": "JEA="}, "fake": false}], [81904, {"py/object": "odf.components.Data", "data": {"py/b64": "dOc="}, "fake": false}], [81991, {"py/object": "odf.components.Data", "data": {"py/b64": "//8="}, "fake": true}], [82051, {"py/object": "odf.components.Data", "data": {"py/b64": "UT4="}, "fake": false}], [82134, {"py/object": "odf.components.Data", "data": {"py/b64": "wyE="}, "fake": false}], [82253, {"py/object": "odf.components.Data", "data": {"py/b64": "//8="}, "fake": true}], [82283, {"py/object": "odf.components.Data", "data": {"py/b64": "Rj4="}, "fake": false}], [82360, {"py/object": "odf.components.Data", "data": {"py/b64": "acI="}, "fake": false}], [82486, {"py/object": "odf.components.Data", "data": {"py/b64": "//8="}, "fake": true}], [82512, {"py/object": "odf.components.Data", "data": {"py/b64": "nkE="}, "fake": false}], [82601, {"py/object": "odf.components.Data", "data": {"py/b64": "//8="}, "fake": true}], [82702, {"py/object": "odf.components.Data", "data": {"py/b64": "//8="}, "fake": true}], [82798, {"py/object": "odf.components.Data", "data": {"py/b64": "//8="}, "fake": true}], [82885, {"py/object": "odf.components.Data", "data": {"py/b64": "//8="}, "fake": true}], [82992, {"py/object": "odf.components.Data", "data": {"py/b64": "//8="}, "fake": true}], [83086, {"py/object": "odf.components.Data", "data": {"py/b64": "//8="}, "fake": true}], [83194, {"py/object": "odf.components.Data", "data": {"py/b64": "//8="}, "fake": true}], [83282, {"py/object": "odf.components.Data", "data": {"py/b64": "//8="}, "fake": true}], [83373, {"py/object": "odf.components.Data", "data": {"py/b64": "//8="}, "fake": true}], [83736, {"py/object": "odf.components.Status", "address": 12, "message_error_bit": "0", "instrumentation_bit": "0", "service_request_bit": "0", "reserved_bits": "000", "brdcst_received_bit": "0", "busy_bit": "0", "subsystem_flag_bit": "0", "dynamic_bus_control_accpt_bit": "0", "terminal_flag_bit": "1", "parity_bit": "1", "fake": false}], [83914, {"py/object": "odf.components.Command", "address": 1, "tr": 0, "sub_address": 2, "dword_count": 4, "parity": 0, "fake": false}], [83979, {"py/object": "odf.components.Data", "data": {"py/b64": "AAA="}, "fake": false}], [84008, {"py/object": "odf.components.Data", "data": {"py/b64": "AAA="}, "fake": false}], [84073, {"py/object": "odf.components.Data", "data": {"py/b64": "AAA="}, "fake": false}], [84094, {"py/object": "odf.components.Data", "data": {"py/b64": "AAA="}, "fake": false}], [84114, {"py/object": "odf.components.Data", "data": {"py/b64": "//8="}, "fake": true}], [84196, {"py/object": "odf.components.Data", "data": {"py/b64": "//8="}, "fake": true}], [84297, {"py/object": "odf.components.Data", "data": {"py/b64": "//8="}, "fake": true}], [84398, {"py/object": "odf.components.Data", "data": {"py/b64": "//8="}, "fake": true}], [84503, {"py/object": "odf.components.Data", "data": {"py/b64": "//8="}, "fake": true}], [84599, {"py/object": "odf.components.Data", "data": {"py/b64": "//8="}, "fake": true}], [86034, {"py/object": "odf.components.Status", "address": 1, "message_error_bit": "0", "instrumentation_bit": "0", "service_request_bit": "0", "reserved_bits": "000", "brdcst_received_bit": "0", "busy_bit": "0", "subsystem_flag_bit": "0", "dynamic_bus_control_accpt_bit": "0", "terminal_flag_bit": "1", "parity_bit": "1", "fake": false}], [86215, {"py/object": "odf.components.Command", "address": 31, "tr": 0, "sub_address": 2, "dword_count": 1, "parity": 0, "fake": false}], [86326, {"py/object": "odf.components.Data", "data": {"py/b64": "//8="}, "fake": false}], [86354, {"py/object": "odf.components.Command", "address": 4, "tr": 0, "sub_address": 2, "dword_count": 18, "parity": 0, "fake": false}], [86422, {"py/object": "odf.components.Command", "address": 3, "tr": 1, "sub_address": 2, "dword_count": 18, "parity": 0, "fake": false}], [86448, {"py/object": "odf.components.Data", "data": {"py/b64": "//8="}, "fake": true}], [86545, {"py/object": "odf.components.Data", "data": {"py/b64": "//8="}, "fake": true}], [86675, {"py/object": "odf.components.Data", "data": {"py/b64": "//8="}, "fake": true}], [86790, {"py/object": "odf.components.Data", "data": {"py/b64": "//8="}, "fake": true}], [88422, {"py/object": "odf.components.Status", "address": 3, "message_error_bit": "0", "instrumentation_bit": "0", "service_request_bit": "0", "reserved_bits": "000", "brdcst_received_bit": "0", "busy_bit": "0", "subsystem_flag_bit": "0", "dynamic_bus_control_accpt_bit": "0", "terminal_flag_bit": "1", "parity_bit": "1", "fake": false}], [88522, {"py/object": "odf.components.Data", "data": {"py/b64": "yf8="}, "fake": false}], [88612, {"py/object": "odf.components.Data", "data": {"py/b64": "//8="}, "fake": true}], [88690, {"py/object": "odf.components.Data", "data": {"py/b64": "eUM="}, "fake": false}], [88786, {"py/object": "odf.components.Data", "data": {"py/b64": "IdQ="}, "fake": false}], [88869, {"py/object": "odf.components.Data", "data": {"py/b64": "//8="}, "fake": true}], [88947, {"py/object": "odf.components.Data", "data": {"py/b64": "AEU="}, "fake": false}], [89047, {"py/object": "odf.components.Data", "data": {"py/b64": "hiE="}, "fake": false}], [89128, {"py/object": "odf.components.Data", "data": {"py/b64": "//8="}, "fake": true}], [89191, {"py/object": "odf.components.Data", "data": {"py/b64": "/kQ="}, "fake": false}], [89266, {"py/object": "odf.components.Data", "data": {"py/b64": "66c="}, "fake": false}], [89348, {"py/object": "odf.components.Data", "data": {"py/b64": "//8="}, "fake": true}], [89427, {"py/object": "odf.components.Data", "data": {"py/b64": "E0M="}, "fake": false}], [89583, {"py/object": "odf.components.Data", "data": {"py/b64": "QMs="}, "fake": false}], [89638, {"py/object": "odf.components.Data", "data": {"py/b64": "//8="}, "fake": true}], [89709, {"py/object": "odf.components.Data", "data": {"py/b64": "RkA="}, "fake": false}], [89808, {"py/object": "odf.components.Data", "data": {"py/b64": "E7M="}, "fake": false}], [89894, {"py/object": "odf.components.Data", "data": {"py/b64": "//8="}, "fake": true}], [89976, {"py/object": "odf.components.Data", "data": {"py/b64": "RkA="}, "fake": false}], [90075, {"py/object": "odf.components.Data", "data": {"py/b64": "q/Y="}, "fake": false}], [90166, {"py/object": "odf.components.Data", "data": {"py/b64": "//8="}, "fake": true}], [90244, {"py/object": "odf.components.Data", "data": {"py/b64": "QkA="}, "fake": false}], [90363, {"py/object": "odf.components.Data", "data": {"py/b64": "1+M="}, "fake": false}], [90428, {"py/object": "odf.components.Data", "data": {"py/b64": "//8="}, "fake": true}], [90507, {"py/object": "odf.components.Data", "data": {"py/b64": "1EM="}, "fake": false}], [90593, {"py/object": "odf.components.Data", "data": {"py/b64": "tww="}, "fake": false}], [90684, {"py/object": "odf.components.Data", "data": {"py/b64": "//8="}, "fake": true}], [90762, {"py/object": "odf.components.Data", "data": {"py/b64": "OkQ="}, "fake": false}], [90868, {"py/object": "odf.components.Data", "data": {"py/b64": "//8="}, "fake": true}], [90986, {"py/object": "odf.components.Data", "data": {"py/b64": "//8="}, "fake": true}], [91099, {"py/object": "odf.components.Data", "data": {"py/b64": "//8="}, "fake": true}], [91218, {"py/object": "odf.components.Data", "data": {"py/b64": "//8="}, "fake": true}], [91326, {"py/object": "odf.components.Data", "data": {"py/b64": "//8="}, "fake": true}], [91445, {"py/object": "odf.components.Data", "data": {"py/b64": "//8="}, "fake": true}], [91558, {"py/object": "odf.components.Data", "data": {"py/b64": "//8="}, "fake": true}], [91729, {"py/object": "odf.components.Status", "address": 4, "message_error_bit": "0", "instrumentation_bit": "0", "service_request_bit": "0", "reserved_bits": "000", "brdcst_received_bit": "0", "busy_bit": "0", "subsystem_flag_bit": "0", "dynamic_bus_control_accpt_bit": "0", "terminal_flag_bit": "1", "parity_bit": "1", "fake": false}], [91801, {"py/object": "odf.components.Command", "address": 6, "tr": 0, "sub_address": 2, "dword_count": 28, "parity": 0, "fake": false}], [91870, {"py/object": "odf.components.Command", "address": 5, "tr": 1, "sub_address": 2, "dword_count": 28, "parity": 0, "fake": false}], [91897, {"py/object": "odf.components.Data", "data": {"py/b64": "//8="}, "fake": true}], [91994, {"py/object": "odf.components.Data", "data": {"py/b64": "//8="}, "fake": true}], [92113, {"py/object": "odf.components.Data", "data": {"py/b64": "//8="}, "fake": true}], [92273, {"py/object": "odf.components.Data", "data": {"py/b64": "//8="}, "fake": true}], [92384, {"py/object": "odf.components.Data", "data": {"py/b64": "//8="}, "fake": true}], [92492, {"py/object": "odf.components.Data", "data": {"py/b64": "//8="}, "fake": true}], [93896, {"py/object": "odf.components.Status", "address": 5, "message_error_bit": "0", "instrumentation_bit": "0", "service_request_bit": "0", "reserved_bits": "000", "brdcst_received_bit": "0", "busy_bit": "0", "subsystem_flag_bit": "0", "dynamic_bus_control_accpt_bit": "0", "terminal_flag_bit": "1", "parity_bit": "1", "fake": false}], [93989, {"py/object": "odf.components.Data", "data": {"py/b64": "dEU="}, "fake": false}], [94076, {"py/object": "odf.components.Data", "data": {"py/b64": "//8="}, "fake": true}], [94148, {"py/object": "odf.components.Data", "data": {"py/b64": "fUM="}, "fake": false}], [94245, {"py/object": "odf.components.Data", "data": {"py/b64": "rWs="}, "fake": false}], [94313, {"py/object": "odf.components.Data", "data": {"py/b64": "//8="}, "fake": true}], [94390, {"py/object": "odf.components.Data", "data": {"py/b64": "1kM="}, "fake": false}], [94495, {"py/object": "odf.components.Data", "data": {"py/b64": "VnE="}, "fake": false}], [94585, {"py/object": "odf.components.Data", "data": {"py/b64": "//8="}, "fake": true}], [94654, {"py/object": "odf.components.Data", "data": {"py/b64": "X0E="}, "fake": false}], [94753, {"py/object": "odf.components.Data", "data": {"py/b64": "uAs="}, "fake": false}], [94833, {"py/object": "odf.components.Data", "data": {"py/b64": "//8="}, "fake": true}], [94905, {"py/object": "odf.components.Data", "data": {"py/b64": "CEI="}, "fake": false}], [94996, {"py/object": "odf.components.Data", "data": {"py/b64": "sqM="}, "fake": false}], [95071, {"py/object": "odf.components.Data", "data": {"py/b64": "//8="}, "fake": true}], [95134, {"py/object": "odf.components.Data", "data": {"py/b64": "1cM="}, "fake": false}], [95225, {"py/object": "odf.components.Data", "data": {"py/b64": "+kM="}, "fake": false}], [95295, {"py/object": "odf.components.Data", "data": {"py/b64": "//8="}, "fake": true}], [95360, {"py/object": "odf.components.Data", "data": {"py/b64": "bEE="}, "fake": false}], [95456, {"py/object": "odf.components.Data", "data": {"py/b64": "ySA="}, "fake": false}], [95528, {"py/object": "odf.components.Data", "data": {"py/b64": "//8="}, "fake": true}], [95583, {"py/object": "odf.components.Data", "data": {"py/b64": "I78="}, "fake": false}], [95689, {"py/object": "odf.components.Data", "data": {"py/b64": "nE8="}, "fake": false}], [95742, {"py/object": "odf.components.Data", "data": {"py/b64": "//8="}, "fake": true}], [95819, {"py/object": "odf.components.Data", "data": {"py/b64": "eT0="}, "fake": false}], [95896, {"py/object": "odf.components.Data", "data": {"py/b64": "A+Q="}, "fake": false}], [95977, {"py/object": "odf.components.Data", "data": {"py/b64": "//8="}, "fake": true}], [96052, {"py/object": "odf.components.Data", "data": {"py/b64": "/cA="}, "fake": false}], [96153, {"py/object": "odf.components.Data", "data": {"py/b64": "MTo="}, "fake": false}], [96227, {"py/object": "odf.components.Data", "data": {"py/b64": "//8="}, "fake": true}], [96307, {"py/object": "odf.components.Data", "data": {"py/b64": "CME="}, "fake": false}], [96407, {"py/object": "odf.components.Data", "data": {"py/b64": "tGg="}, "fake": false}], [96487, {"py/object": "odf.components.Data", "data": {"py/b64": "//8="}, "fake": true}], [96559, {"py/object": "odf.components.Data", "data": {"py/b64": "1kM="}, "fake": false}], [96668, {"py/object": "odf.components.Data", "data": {"py/b64": "u/w="}, "fake": false}], [96735, {"py/object": "odf.components.Data", "data": {"py/b64": "//8="}, "fake": true}], [96813, {"py/object": "odf.components.Data", "data": {"py/b64": "VcE="}, "fake": false}], [96911, {"py/object": "odf.components.Data", "data": {"py/b64": "9+g="}, "fake": false}], [96990, {"py/object": "odf.components.Data", "data": {"py/b64": "//8="}, "fake": true}], [97069, {"py/object": "odf.components.Data", "data": {"py/b64": "0UA="}, "fake": false}], [97167, {"py/object": "odf.components.Data", "data": {"py/b64": "/3U="}, "fake": false}], [97244, {"py/object": "odf.components.Data", "data": {"py/b64": "//8="}, "fake": true}], [97319, {"py/object": "odf.components.Data", "data": {"py/b64": "zz4="}, "fake": false}], [97416, {"py/object": "odf.components.Data", "data": {"py/b64": "//8="}, "fake": true}], [97519, {"py/object": "odf.components.Data", "data": {"py/b64": "//8="}, "fake": true}], [97635, {"py/object": "odf.components.Data", "data": {"py/b64": "//8="}, "fake": true}], [97824, {"py/object": "odf.components.Status", "address": 6, "message_error_bit": "0", "instrumentation_bit": "0", "service_request_bit": "0", "reserved_bits": "000", "brdcst_received_bit": "0", "busy_bit": "0", "subsystem_flag_bit": "0", "dynamic_bus_control_accpt_bit": "0", "terminal_flag_bit": "1", "parity_bit": "1", "fake": false}], [97891, {"py/object": "odf.components.Command", "address": 8, "tr": 0, "sub_address": 2, "dword_count": 8, "parity": 0, "fake": false}], [97916, {"py/object": "odf.components.Command", "address": 7, "tr": 1, "sub_address": 2, "dword_count": 8, "parity": 0, "fake": false}], [97940, {"py/object": "odf.components.Data", "data": {"py/b64": "//8="}, "fake": true}], [98031, {"py/object": "odf.components.Data", "data": {"py/b64": "//8="}, "fake": true}], [98131, {"py/object": "odf.components.Data", "data": {"py/b64": "//8="}, "fake": true}], [98237, {"py/object": "odf.components.Data", "data": {"py/b64": "//8="}, "fake": true}], [98330, {"py/object": "odf.components.Data", "data": {"py/b64": "//8="}, "fake": true}], [98428, {"py/object": "odf.components.Data", "data": {"py/b64": "//8="}, "fake": true}], [98520, {"py/object": "odf.components.Data", "data": {"py/b64": "//8="}, "fake": true}], [98618, {"py/object": "odf.components.Data", "data": {"py/b64": "//8="}, "fake": true}], [98713, {"py/object": "odf.components.Data", "data": {"py/b64": "//8="}, "fake": true}], [98834, {"py/object": "odf.components.Data", "data": {"py/b64": "//8="}, "fake": true}], [98945, {"py/object": "odf.components.Data", "data": {"py/b64": "//8="}, "fake": true}], [99054, {"py/object": "odf.components.Data", "data": {"py/b64": "//8="}, "fake": true}], [99179, {"py/object": "odf.components.Data", "data": {"py/b64": "//8="}, "fake": true}], [99282, {"py/object": "odf.components.Data", "data": {"py/b64": "//8="}, "fake": true}], [99384, {"py/object": "odf.components.Data", "data": {"py/b64": "//8="}, "fake": true}], [99975, {"py/object": "odf.components.Status", "address": 7, "message_error_bit": "0", "instrumentation_bit": "0", "service_request_bit": "0", "reserved_bits": "000", "brdcst_received_bit": "0", "busy_bit": "0", "subsystem_flag_bit": "0", "dynamic_bus_control_accpt_bit": "0", "terminal_flag_bit": "1", "parity_bit": "1", "fake": false}], [100072, {"py/object": "odf.components.Data", "data": {"py/b64": "ISU="}, "fake": false}], [100155, {"py/object": "odf.components.Data", "data": {"py/b64": "//8="}, "fake": true}], [100227, {"py/object": "odf.components.Data", "data": {"py/b64": "1b0="}, "fake": false}], [100317, {"py/object": "odf.components.Data", "data": {"py/b64": "1pM="}, "fake": false}], [100388, {"py/object": "odf.components.Data", "data": {"py/b64": "//8="}, "fake": true}], [100465, {"py/object": "odf.components.Data", "data": {"py/b64": "4T4="}, "fake": false}], [100564, {"py/object": "odf.components.Data", "data": {"py/b64": "vf4="}, "fake": false}], [100645, {"py/object": "odf.components.Data", "data": {"py/b64": "//8="}, "fake": true}], [100777, {"py/object": "odf.components.Data", "data": {"py/b64": "3jw="}, "fake": false}], [100918, {"py/object": "odf.components.Status", "address": 8, "message_error_bit": "0", "instrumentation_bit": "0", "service_request_bit": "0", "reserved_bits": "000", "brdcst_received_bit": "0", "busy_bit": "0", "subsystem_flag_bit": "0", "dynamic_bus_control_accpt_bit": "0", "terminal_flag_bit": "1", "parity_bit": "1", "fake": false}], [100974, {"py/object": "odf.components.Command", "address": 10, "tr": 0, "sub_address": 2, "dword_count": 12, "parity": 0, "fake": false}], [101058, {"py/object": "odf.components.Command", "address": 9, "tr": 1, "sub_address": 2, "dword_count": 12, "parity": 0, "fake": false}], [101108, {"py/object": "odf.components.Data", "data": {"py/b64": "McM="}, "fake": false}], [101176, {"py/object": "odf.components.Data", "data": {"py/b64": "//8="}, "fake": true}], [101205, {"py/object": "odf.components.Data", "data": {"py/b64": "7Do="}, "fake": false}], [101295, {"py/object": "odf.components.Data", "data": {"py/b64": "//8="}, "fake": true}], [101403, {"py/object": "odf.components.Data", "data": {"py/b64": "//8="}, "fake": true}], [101514, {"py/object": "odf.components.Data", "data": {"py/b64": "//8="}, "fake": true}], [101619, {"py/object": "odf.components.Data", "data": {"py/b64": "//8="}, "fake": true}], [101725, {"py/object": "odf.components.Data", "data": {"py/b64": "//8="}, "fake": true}], [101832, {"py/object": "odf.components.Data", "data": {"py/b64": "//8="}, "fake": true}], [101927, {"py/object": "odf.components.Data", "data": {"py/b64": "//8="}, "fake": true}], [102038, {"py/object": "odf.components.Data", "data": {"py/b64": "//8="}, "fake": true}], [103021, {"py/object": "odf.components.Status", "address": 9, "message_error_bit": "0", "instrumentation_bit": "0", "service_request_bit": "0", "reserved_bits": "000", "brdcst_received_bit": "0", "busy_bit": "0", "subsystem_flag_bit": "0", "dynamic_bus_control_accpt_bit": "0", "terminal_flag_bit": "1", "parity_bit": "1", "fake": false}], [103111, {"py/object": "odf.components.Data", "data": {"py/b64": "WI8="}, "fake": false}], [103210, {"py/object": "odf.components.Data", "data": {"py/b64": "//8="}, "fake": true}], [103283, {"py/object": "odf.components.Data", "data": {"py/b64": "B0I="}, "fake": false}], [103381, {"py/object": "odf.components.Data", "data": {"py/b64": "bOw="}, "fake": false}], [103444, {"py/object": "odf.components.Data", "data": {"py/b64": "//8="}, "fake": true}], [103521, {"py/object": "odf.components.Data", "data": {"py/b64": "7MI="}, "fake": false}], [103606, {"py/object": "odf.components.Data", "data": {"py/b64": "oLs="}, "fake": false}], [103692, {"py/object": "odf.components.Data", "data": {"py/b64": "//8="}, "fake": true}], [103764, {"py/object": "odf.components.Data", "data": {"py/b64": "RkQ="}, "fake": false}], [103869, {"py/object": "odf.components.Data", "data": {"py/b64": "MY8="}, "fake": false}], [103944, {"py/object": "odf.components.Data", "data": {"py/b64": "//8="}, "fake": true}], [104023, {"py/object": "odf.components.Data", "data": {"py/b64": "B0I="}, "fake": false}], [104118, {"py/object": "odf.components.Data", "data": {"py/b64": "ZOw="}, "fake": false}], [104201, {"py/object": "odf.components.Data", "data": {"py/b64": "//8="}, "fake": true}], [104277, {"py/object": "odf.components.Data", "data": {"py/b64": "7MI="}, "fake": false}], [104382, {"py/object": "odf.components.Data", "data": {"py/b64": "CzM="}, "fake": false}], [104455, {"py/object": "odf.components.Data", "data": {"py/b64": "//8="}, "fake": true}], [104531, {"py/object": "odf.components.Data", "data": {"py/b64": "I0U="}, "fake": false}], [104636, {"py/object": "odf.components.Data", "data": {"py/b64": "//8="}, "fake": true}], [104746, {"py/object": "odf.components.Data", "data": {"py/b64": "//8="}, "fake": true}], [104860, {"py/object": "odf.components.Data", "data": {"py/b64": "//8="}, "fake": true}], [104966, {"py/object": "odf.components.Data", "data": {"py/b64": "//8="}, "fake": true}], [105076, {"py/object": "odf.components.Data", "data": {"py/b64": "//8="}, "fake": true}], [105293, {"py/object": "odf.components.Status", "address": 10, "message_error_bit": "0", "instrumentation_bit": "0", "service_request_bit": "0", "reserved_bits": "000", "brdcst_received_bit": "0", "busy_bit": "0", "subsystem_flag_bit": "0", "dynamic_bus_control_accpt_bit": "0", "terminal_flag_bit": "1", "parity_bit": "1", "fake": false}], [105380, {"py/object": "odf.components.Command", "address": 12, "tr": 0, "sub_address": 2, "dword_count": 16, "parity": 0, "fake": false}], [105407, {"py/object": "odf.components.Data", "data": {"py/b64": "//8="}, "fake": true}], [105430, {"py/object": "odf.components.Command", "address": 11, "tr": 1, "sub_address": 2, "dword_count": 16, "parity": 0, "fake": false}], [105517, {"py/object": "odf.components.Data", "data": {"py/b64": "//8="}, "fake": true}], [105652, {"py/object": "odf.components.Data", "data": {"py/b64": "//8="}, "fake": true}], [105768, {"py/object": "odf.components.Data", "data": {"py/b64": "//8="}, "fake": true}], [105885, {"py/object": "odf.components.Data", "data": {"py/b64": "//8="}, "fake": true}], [107474, {"py/object": "odf.components.Status", "address": 11, "message_error_bit": "0", "instrumentation_bit": "0", "service_request_bit": "0", "reserved_bits": "000", "brdcst_received_bit": "0", "busy_bit": "0", "subsystem_flag_bit": "0", "dynamic_bus_control_accpt_bit": "0", "terminal_flag_bit": "1", "parity_bit": "1", "fake": false}], [107568, {"py/object": "odf.components.Data", "data": {"py/b64": "UJE="}, "fake": false}], [107658, {"py/object": "odf.components.Data", "data": {"py/b64": "//8="}, "fake": true}], [107732, {"py/object": "odf.components.Data", "data": {"py/b64": "Dzs="}, "fake": false}], [107812, {"py/object": "odf.components.Data", "data": {"py/b64": "oII="}, "fake": false}], [107887, {"py/object": "odf.components.Data", "data": {"py/b64": "//8="}, "fake": true}], [107961, {"py/object": "odf.components.Data", "data": {"py/b64": "GEE="}, "fake": false}], [108064, {"py/object": "odf.components.Data", "data": {"py/b64": "03A="}, "fake": false}], [108151, {"py/object": "odf.components.Data", "data": {"py/b64": "//8="}, "fake": true}], [108229, {"py/object": "odf.components.Data", "data": {"py/b64": "2EE="}, "fake": false}], [108326, {"py/object": "odf.components.Data", "data": {"py/b64": "exI="}, "fake": false}], [108412, {"py/object": "odf.components.Data", "data": {"py/b64": "//8="}, "fake": true}], [108491, {"py/object": "odf.components.Data", "data": {"py/b64": "nkA="}, "fake": false}], [108592, {"py/object": "odf.components.Data", "data": {"py/b64": "n5c="}, "fake": false}], [108673, {"py/object": "odf.components.Data", "data": {"py/b64": "//8="}, "fake": true}], [108748, {"py/object": "odf.components.Data", "data": {"py/b64": "IkA="}, "fake": false}], [108841, {"py/object": "odf.components.Data", "data": {"py/b64": "1W4="}, "fake": false}], [108926, {"py/object": "odf.components.Data", "data": {"py/b64": "//8="}, "fake": true}], [109010, {"py/object": "odf.components.Data", "data": {"py/b64": "xzw="}, "fake": false}], [109090, {"py/object": "odf.components.Data", "data": {"py/b64": "9Us="}, "fake": false}], [109175, {"py/object": "odf.components.Data", "data": {"py/b64": "//8="}, "fake": true}], [109246, {"py/object": "odf.components.Data", "data": {"py/b64": "/zw="}, "fake": false}], [109347, {"py/object": "odf.components.Data", "data": {"py/b64": "gkw="}, "fake": false}], [109417, {"py/object": "odf.components.Data", "data": {"py/b64": "//8="}, "fake": true}], [109496, {"py/object": "odf.components.Data", "data": {"py/b64": "kUE="}, "fake": false}], [109589, {"py/object": "odf.components.Data", "data": {"py/b64": "//8="}, "fake": true}], [109693, {"py/object": "odf.components.Data", "data": {"py/b64": "//8="}, "fake": true}], [109799, {"py/object": "odf.components.Data", "data": {"py/b64": "//8="}, "fake": true}], [109898, {"py/object": "odf.components.Data", "data": {"py/b64": "//8="}, "fake": true}], [110009, {"py/object": "odf.components.Data", "data": {"py/b64": "//8="}, "fake": true}], [110114, {"py/object": "odf.components.Data", "data": {"py/b64": "//8="}, "fake": true}], [110223, {"py/object": "odf.components.Data", "data": {"py/b64": "//8="}, "fake": true}], [110325, {"py/object": "odf.components.Data", "data": {"py/b64": "//8="}, "fake": true}], [110442, {"py/object": "odf.components.Data", "data": {"py/b64": "//8="}, "fake": true}], [110583, {"py/object": "odf.components.Status", "address": 12, "message_error_bit": "0", "instrumentation_bit": "0", "service_request_bit": "0", "reserved_bits": "000", "brdcst_received_bit": "0", "busy_bit": "0", "subsystem_flag_bit": "0", "dynamic_bus_control_accpt_bit": "0", "terminal_flag_bit": "1", "parity_bit": "1", "fake": false}], [110763, {"py/object": "odf.components.Command", "address": 1, "tr": 0, "sub_address": 2, "dword_count": 4, "parity": 0, "fake": false}], [110821, {"py/object": "odf.components.Data", "data": {"py/b64": "AAA="}, "fake": false}], [110844, {"py/object": "odf.components.Data", "data": {"py/b64": "AAA="}, "fake": false}], [110867, {"py/object": "odf.components.Data", "data": {"py/b64": "AAA="}, "fake": false}], [110892, {"py/object": "odf.components.Data", "data": {"py/b64": "AAA="}, "fake": false}], [110988, {"py/object": "odf.components.Data", "data": {"py/b64": "//8="}, "fake": true}], [111098, {"py/object": "odf.components.Data", "data": {"py/b64": "//8="}, "fake": true}], [111208, {"py/object": "odf.components.Data", "data": {"py/b64": "//8="}, "fake": true}], [111311, {"py/object": "odf.components.Data", "data": {"py/b64": "//8="}, "fake": true}], [111403, {"py/object": "odf.components.Data", "data": {"py/b64": "//8="}, "fake": true}], [111506, {"py/object": "odf.components.Data", "data": {"py/b64": "//8="}, "fake": true}], [112899, {"py/object": "odf.components.Status", "address": 1, "message_error_bit": "0", "instrumentation_bit": "0", "service_request_bit": "0", "reserved_bits": "000", "brdcst_received_bit": "0", "busy_bit": "0", "subsystem_flag_bit": "0", "dynamic_bus_control_accpt_bit": "0", "terminal_flag_bit": "1", "parity_bit": "1", "fake": false}], [113045, {"py/object": "odf.components.Command", "address": 31, "tr": 0, "sub_address": 2, "dword_count": 1, "parity": 0, "fake": false}], [113103, {"py/object": "odf.components.Data", "data": {"py/b64": "//8="}, "fake": false}], [113143, {"py/object": "odf.components.Command", "address": 4, "tr": 0, "sub_address": 2, "dword_count": 18, "parity": 0, "fake": false}], [113192, {"py/object": "odf.components.Command", "address": 3, "tr": 1, "sub_address": 2, "dword_count": 18, "parity": 0, "fake": false}], [113216, {"py/object": "odf.components.Data", "data": {"py/b64": "//8="}, "fake": true}], [113308, {"py/object": "odf.components.Data", "data": {"py/b64": "//8="}, "fake": true}], [113418, {"py/object": "odf.components.Data", "data": {"py/b64": "//8="}, "fake": true}], [113550, {"py/object": "odf.components.Data", "data": {"py/b64": "//8="}, "fake": true}], [115175, {"py/object": "odf.components.Status", "address": 3, "message_error_bit": "0", "instrumentation_bit": "0", "service_request_bit": "0", "reserved_bits": "000", "brdcst_received_bit": "0", "busy_bit": "0", "subsystem_flag_bit": "0", "dynamic_bus_control_accpt_bit": "0", "terminal_flag_bit": "1", "parity_bit": "1", "fake": false}], [115263, {"py/object": "odf.components.Data", "data": {"py/b64": "2rg="}, "fake": false}], [115332, {"py/object": "odf.components.Data", "data": {"py/b64": "//8="}, "fake": true}], [115390, {"py/object": "odf.components.Data", "data": {"py/b64": "eUM="}, "fake": false}], [115476, {"py/object": "odf.components.Data", "data": {"py/b64": "jk4="}, "fake": false}], [115554, {"py/object": "odf.components.Data", "data": {"py/b64": "//8="}, "fake": true}], [115615, {"py/object": "odf.components.Data", "data": {"py/b64": "AEU="}, "fake": false}], [115694, {"py/object": "odf.components.Data", "data": {"py/b64": "MKs="}, "fake": false}], [115803, {"py/object": "odf.components.Data", "data": {"py/b64": "//8="}, "fake": true}], [115837, {"py/object": "odf.components.Data", "data": {"py/b64": "OkU="}, "fake": false}], [115910, {"py/object": "odf.components.Data", "data": {"py/b64": "88E="}, "fake": false}], [116003, {"py/object": "odf.components.Data", "data": {"py/b64": "//8="}, "fake": true}], [116066, {"py/object": "odf.components.Data", "data": {"py/b64": "x0I="}, "fake": false}], [116152, {"py/object": "odf.components.Data", "data": {"py/b64": "Si0="}, "fake": false}], [116265, {"py/object": "odf.components.Data", "data": {"py/b64": "//8="}, "fake": true}], [116332, {"py/object": "odf.components.Data", "data": {"py/b64": "CEA="}, "fake": false}], [116425, {"py/object": "odf.components.Data", "data": {"py/b64": "Lxw="}, "fake": false}], [116496, {"py/object": "odf.components.Data", "data": {"py/b64": "//8="}, "fake": true}], [116569, {"py/object": "odf.components.Data", "data": {"py/b64": "CEA="}, "fake": false}], [116640, {"py/object": "odf.components.Data", "data": {"py/b64": "syQ="}, "fake": false}], [116732, {"py/object": "odf.components.Data", "data": {"py/b64": "//8="}, "fake": true}], [116784, {"py/object": "odf.components.Data", "data": {"py/b64": "Q0A="}, "fake": false}], [116879, {"py/object": "odf.components.Data", "data": {"py/b64": "rGs="}, "fake": false}], [116964, {"py/object": "odf.components.Data", "data": {"py/b64": "//8="}, "fake": true}], [117036, {"py/object": "odf.components.Data", "data": {"py/b64": "1EM="}, "fake": false}], [117134, {"py/object": "odf.components.Data", "data": {"py/b64": "tww="}, "fake": false}], [117230, {"py/object": "odf.components.Data", "data": {"py/b64": "//8="}, "fake": true}], [117306, {"py/object": "odf.components.Data", "data": {"py/b64": "OkQ="}, "fake": false}], [117410, {"py/object": "odf.components.Data", "data": {"py/b64": "//8="}, "fake": true}], [117529, {"py/object": "odf.components.Data", "data": {"py/b64": "//8="}, "fake": true}], [117632, {"py/object": "odf.components.Data", "data": {"py/b64": "//8="}, "fake": true}], [117748, {"py/object": "odf.components.Data", "data": {"py/b64": "//8="}, "fake": true}], [117842, {"py/object": "odf.components.Data", "data": {"py/b64": "//8="}, "fake": true}], [117936, {"py/object": "odf.components.Data", "data": {"py/b64": "//8="}, "fake": true}], [118035, {"py/object": "odf.components.Data", "data": {"py/b64": "//8="}, "fake": true}], [118147, {"py/object": "odf.components.Data", "data": {"py/b64": "//8="}, "fake": true}], [118258, {"py/object": "odf.components.Data", "data": {"py/b64": "//8="}, "fake": true}], [118405, {"py/object": "odf.components.Status", "address": 4, "message_error_bit": "0", "instrumentation_bit": "0", "service_request_bit": "0", "reserved_bits": "000", "brdcst_received_bit": "0", "busy_bit": "0", "subsystem_flag_bit": "0", "dynamic_bus_control_accpt_bit": "0", "terminal_flag_bit": "1", "parity_bit": "1", "fake": false}], [118469, {"py/object": "odf.components.Command", "address": 6, "tr": 0, "sub_address": 2, "dword_count": 28, "parity": 0, "fake": false}], [118493, {"py/object": "odf.components.Command", "address": 5, "tr": 1, "sub_address": 2, "dword_count": 28, "parity": 0, "fake": false}], [118562, {"py/object": "odf.components.Data", "data": {"py/b64": "//8="}, "fake": true}], [118724, {"py/object": "odf.components.Data", "data": {"py/b64": "//8="}, "fake": true}], [118830, {"py/object": "odf.components.Data", "data": {"py/b64": "//8="}, "fake": true}], [118936, {"py/object": "odf.components.Data", "data": {"py/b64": "//8="}, "fake": true}]], "attack_times": [[61118]], "attack_types": ["Collision_Attack_against_the_Bus"], "attack_outcome": [true]}