{"data": [[383, {"py/object": "odf.components.Command", "address": 31, "tr": 0, "sub_address": 2, "dword_count": 1, "parity": 0, "fake": false}], [485, {"py/object": "odf.components.Data", "data": {"py/b64": "//8="}, "fake": false}], [536, {"py/object": "odf.components.Command", "address": 4, "tr": 0, "sub_address": 2, "dword_count": 18, "parity": 0, "fake": false}], [552, {"py/object": "odf.components.Command", "address": 3, "tr": 1, "sub_address": 2, "dword_count": 18, "parity": 0, "fake": false}], [2627, {"py/object": "odf.components.Status", "address": 3, "message_error_bit": "0", "instrumentation_bit": "0", "service_request_bit": "0", "reserved_bits": "000", "brdcst_received_bit": "0", "busy_bit": "0", "subsystem_flag_bit": "0", "dynamic_bus_control_accpt_bit": "0", "terminal_flag_bit": "1", "parity_bit": "1", "fake": false}], [2685, {"py/object": "odf.components.Data", "data": {"py/b64": "iKs="}, "fake": false}], [2751, {"py/object": "odf.components.Data", "data": {"py/b64": "JUI="}, "fake": false}], [2820, {"py/object": "odf.components.Data", "data": {"py/b64": "yLM="}, "fake": false}], [2886, {"py/object": "odf.components.Data", "data": {"py/b64": "fb0="}, "fake": false}], [2955, {"py/object": "odf.components.Data", "data": {"py/b64": "RYY="}, "fake": false}], [3024, {"py/object": "odf.components.Data", "data": {"py/b64": "7kI="}, "fake": false}], [3090, {"py/object": "odf.components.Data", "data": {"py/b64": "q80="}, "fake": false}], [3151, {"py/object": "odf.components.Data", "data": {"py/b64": "iEM="}, "fake": false}], [3207, {"py/object": "odf.components.Data", "data": {"py/b64": "768="}, "fake": false}], [3268, {"py/object": "odf.components.Data", "data": {"py/b64": "i0A="}, "fake": false}], [3335, {"py/object": "odf.components.Data", "data": {"py/b64": "ALA="}, "fake": false}], [3401, {"py/object": "odf.components.Data", "data": {"py/b64": "i0A="}, "fake": false}], [3466, {"py/object": "odf.components.Data", "data": {"py/b64": "2w8="}, "fake": false}], [3535, {"py/object": "odf.components.Data", "data": {"py/b64": "SUA="}, "fake": false}], [3602, {"py/object": "odf.components.Data", "data": {"py/b64": "pKM="}, "fake": false}], [3670, {"py/object": "odf.components.Data", "data": {"py/b64": "1kM="}, "fake": false}], [3738, {"py/object": "odf.components.Data", "data": {"py/b64": "tww="}, "fake": false}], [3806, {"py/object": "odf.components.Data", "data": {"py/b64": "OkQ="}, "fake": false}], [5875, {"py/object": "odf.components.Status", "address": 4, "message_error_bit": "0", "instrumentation_bit": "0", "service_request_bit": "0", "reserved_bits": "000", "brdcst_received_bit": "0", "busy_bit": "0", "subsystem_flag_bit": "0", "dynamic_bus_control_accpt_bit": "0", "terminal_flag_bit": "1", "parity_bit": "1", "fake": false}], [5951, {"py/object": "odf.components.Command", "address": 6, "tr": 0, "sub_address": 2, "dword_count": 28, "parity": 0, "fake": false}], [5968, {"py/object": "odf.components.Command", "address": 5, "tr": 1, "sub_address": 2, "dword_count": 28, "parity": 0, "fake": false}], [8035, {"py/object": "odf.components.Status", "address": 5, "message_error_bit": "0", "instrumentation_bit": "0", "service_request_bit": "0", "reserved_bits": "000", "brdcst_received_bit": "0", "busy_bit": "0", "subsystem_flag_bit": "0", "dynamic_bus_control_accpt_bit": "0", "terminal_flag_bit": "1", "parity_bit": "1", "fake": false}], [8094, {"py/object": "odf.components.Data", "data": {"py/b64": "wpE="}, "fake": false}], [8160, {"py/object": "odf.components.Data", "data": {"py/b64": "rEI="}, "fake": false}], [8226, {"py/object": "odf.components.Data", "data": {"py/b64": "SSg="}, "fake": false}], [8295, {"py/object": "odf.components.Data", "data": {"py/b64": "EkM="}, "fake": false}], [8357, {"py/object": "odf.components.Data", "data": {"py/b64": "z7A="}, "fake": false}], [8424, {"py/object": "odf.components.Data", "data": {"py/b64": "EcM="}, "fake": false}], [8492, {"py/object": "odf.components.Data", "data": {"py/b64": "ahU="}, "fake": false}], [8553, {"py/object": "odf.components.Data", "data": {"py/b64": "Tzw="}, "fake": false}], [8617, {"py/object": "odf.components.Data", "data": {"py/b64": "3ig="}, "fake": false}], [8686, {"py/object": "odf.components.Data", "data": {"py/b64": "kcE="}, "fake": false}], [8747, {"py/object": "odf.components.Data", "data": {"py/b64": "N+8="}, "fake": false}], [8815, {"py/object": "odf.components.Data", "data": {"py/b64": "UsE="}, "fake": false}], [8882, {"py/object": "odf.components.Data", "data": {"py/b64": "Jeg="}, "fake": false}], [8950, {"py/object": "odf.components.Data", "data": {"py/b64": "bL8="}, "fake": false}], [9018, {"py/object": "odf.components.Data", "data": {"py/b64": "KRk="}, "fake": false}], [9082, {"py/object": "odf.components.Data", "data": {"py/b64": "BMA="}, "fake": false}], [9152, {"py/object": "odf.components.Data", "data": {"py/b64": "0GE="}, "fake": false}], [9222, {"py/object": "odf.components.Data", "data": {"py/b64": "Bbw="}, "fake": false}], [9287, {"py/object": "odf.components.Data", "data": {"py/b64": "I64="}, "fake": false}], [9354, {"py/object": "odf.components.Data", "data": {"py/b64": "bkA="}, "fake": false}], [9422, {"py/object": "odf.components.Data", "data": {"py/b64": "rHU="}, "fake": false}], [9490, {"py/object": "odf.components.Data", "data": {"py/b64": "F0M="}, "fake": false}], [9558, {"py/object": "odf.components.Data", "data": {"py/b64": "dbY="}, "fake": false}], [9630, {"py/object": "odf.components.Data", "data": {"py/b64": "Db4="}, "fake": false}], [9696, {"py/object": "odf.components.Data", "data": {"py/b64": "TfE="}, "fake": false}], [9769, {"py/object": "odf.components.Data", "data": {"py/b64": "FsA="}, "fake": false}], [9834, {"py/object": "odf.components.Data", "data": {"py/b64": "cHg="}, "fake": false}], [9895, {"py/object": "odf.components.Data", "data": {"py/b64": "UEE="}, "fake": false}], [11993, {"py/object": "odf.components.Status", "address": 6, "message_error_bit": "0", "instrumentation_bit": "0", "service_request_bit": "0", "reserved_bits": "000", "brdcst_received_bit": "0", "busy_bit": "0", "subsystem_flag_bit": "0", "dynamic_bus_control_accpt_bit": "0", "terminal_flag_bit": "1", "parity_bit": "1", "fake": false}], [12067, {"py/object": "odf.components.Command", "address": 8, "tr": 0, "sub_address": 2, "dword_count": 8, "parity": 0, "fake": false}], [12084, {"py/object": "odf.components.Command", "address": 7, "tr": 1, "sub_address": 2, "dword_count": 8, "parity": 0, "fake": false}], [14147, {"py/object": "odf.components.Status", "address": 7, "message_error_bit": "0", "instrumentation_bit": "0", "service_request_bit": "0", "reserved_bits": "000", "brdcst_received_bit": "0", "busy_bit": "0", "subsystem_flag_bit": "0", "dynamic_bus_control_accpt_bit": "0", "terminal_flag_bit": "1", "parity_bit": "1", "fake": false}], [14207, {"py/object": "odf.components.Data", "data": {"py/b64": "xJ4="}, "fake": false}], [14266, {"py/object": "odf.components.Data", "data": {"py/b64": "YL0="}, "fake": false}], [14328, {"py/object": "odf.components.Data", "data": {"py/b64": "xsM="}, "fake": false}], [14397, {"py/object": "odf.components.Data", "data": {"py/b64": "FTo="}, "fake": false}], [14452, {"py/object": "odf.components.Data", "data": {"py/b64": "lOM="}, "fake": false}], [14509, {"py/object": "odf.components.Data", "data": {"py/b64": "Jz0="}, "fake": false}], [14562, {"py/object": "odf.components.Data", "data": {"py/b64": "z3E="}, "fake": false}], [14620, {"py/object": "odf.components.Data", "data": {"py/b64": "lDk="}, "fake": false}], [16715, {"py/object": "odf.components.Status", "address": 8, "message_error_bit": "0", "instrumentation_bit": "0", "service_request_bit": "0", "reserved_bits": "000", "brdcst_received_bit": "0", "busy_bit": "0", "subsystem_flag_bit": "0", "dynamic_bus_control_accpt_bit": "0", "terminal_flag_bit": "1", "parity_bit": "1", "fake": false}], [16783, {"py/object": "odf.components.Command", "address": 10, "tr": 0, "sub_address": 2, "dword_count": 12, "parity": 0, "fake": false}], [16800, {"py/object": "odf.components.Command", "address": 9, "tr": 1, "sub_address": 2, "dword_count": 12, "parity": 0, "fake": false}], [18861, {"py/object": "odf.components.Status", "address": 9, "message_error_bit": "0", "instrumentation_bit": "0", "service_request_bit": "0", "reserved_bits": "000", "brdcst_received_bit": "0", "busy_bit": "0", "subsystem_flag_bit": "0", "dynamic_bus_control_accpt_bit": "0", "terminal_flag_bit": "1", "parity_bit": "1", "fake": false}], [18912, {"py/object": "odf.components.Data", "data": {"py/b64": "L8E="}, "fake": false}], [18973, {"py/object": "odf.components.Data", "data": {"py/b64": "B0I="}, "fake": false}], [19036, {"py/object": "odf.components.Data", "data": {"py/b64": "ocg="}, "fake": false}], [19095, {"py/object": "odf.components.Data", "data": {"py/b64": "7MI="}, "fake": false}], [19151, {"py/object": "odf.components.Data", "data": {"py/b64": "vNY="}, "fake": false}], [19209, {"py/object": "odf.components.Data", "data": {"py/b64": "MUI="}, "fake": false}], [19267, {"py/object": "odf.components.Data", "data": {"py/b64": "K8E="}, "fake": false}], [19336, {"py/object": "odf.components.Data", "data": {"py/b64": "B0I="}, "fake": false}], [19401, {"py/object": "odf.components.Data", "data": {"py/b64": "tMg="}, "fake": false}], [19468, {"py/object": "odf.components.Data", "data": {"py/b64": "7MI="}, "fake": false}], [19537, {"py/object": "odf.components.Data", "data": {"py/b64": "ivU="}, "fake": false}], [19597, {"py/object": "odf.components.Data", "data": {"py/b64": "FEM="}, "fake": false}], [21694, {"py/object": "odf.components.Status", "address": 10, "message_error_bit": "0", "instrumentation_bit": "0", "service_request_bit": "0", "reserved_bits": "000", "brdcst_received_bit": "0", "busy_bit": "0", "subsystem_flag_bit": "0", "dynamic_bus_control_accpt_bit": "0", "terminal_flag_bit": "1", "parity_bit": "1", "fake": false}], [21769, {"py/object": "odf.components.Command", "address": 12, "tr": 0, "sub_address": 2, "dword_count": 16, "parity": 0, "fake": false}], [21784, {"py/object": "odf.components.Command", "address": 11, "tr": 1, "sub_address": 2, "dword_count": 16, "parity": 0, "fake": false}], [23859, {"py/object": "odf.components.Status", "address": 11, "message_error_bit": "0", "instrumentation_bit": "0", "service_request_bit": "0", "reserved_bits": "000", "brdcst_received_bit": "0", "busy_bit": "0", "subsystem_flag_bit": "0", "dynamic_bus_control_accpt_bit": "0", "terminal_flag_bit": "1", "parity_bit": "1", "fake": false}], [23920, {"py/object": "odf.components.Data", "data": {"py/b64": "d2Y="}, "fake": false}], [23982, {"py/object": "odf.components.Data", "data": {"py/b64": "Gjs="}, "fake": false}], [24054, {"py/object": "odf.components.Data", "data": {"py/b64": "AIo="}, "fake": false}], [24118, {"py/object": "odf.components.Data", "data": {"py/b64": "ZUE="}, "fake": false}], [24184, {"py/object": "odf.components.Data", "data": {"py/b64": "roc="}, "fake": false}], [24258, {"py/object": "odf.components.Data", "data": {"py/b64": "7EE="}, "fake": false}], [24322, {"py/object": "odf.components.Data", "data": {"py/b64": "sAg="}, "fake": false}], [24389, {"py/object": "odf.components.Data", "data": {"py/b64": "YEA="}, "fake": false}], [24455, {"py/object": "odf.components.Data", "data": {"py/b64": "Ac0="}, "fake": false}], [24518, {"py/object": "odf.components.Data", "data": {"py/b64": "5T8="}, "fake": false}], [24585, {"py/object": "odf.components.Data", "data": {"py/b64": "868="}, "fake": false}], [24652, {"py/object": "odf.components.Data", "data": {"py/b64": "Aj4="}, "fake": false}], [24718, {"py/object": "odf.components.Data", "data": {"py/b64": "TQU="}, "fake": false}], [24788, {"py/object": "odf.components.Data", "data": {"py/b64": "9z4="}, "fake": false}], [24854, {"py/object": "odf.components.Data", "data": {"py/b64": "LU0="}, "fake": false}], [24924, {"py/object": "odf.components.Data", "data": {"py/b64": "nEE="}, "fake": false}], [27055, {"py/object": "odf.components.Status", "address": 12, "message_error_bit": "0", "instrumentation_bit": "0", "service_request_bit": "0", "reserved_bits": "000", "brdcst_received_bit": "0", "busy_bit": "0", "subsystem_flag_bit": "0", "dynamic_bus_control_accpt_bit": "0", "terminal_flag_bit": "1", "parity_bit": "1", "fake": false}], [27213, {"py/object": "odf.components.Command", "address": 1, "tr": 0, "sub_address": 2, "dword_count": 4, "parity": 0, "fake": false}], [27263, {"py/object": "odf.components.Data", "data": {"py/b64": "AAA="}, "fake": false}], [27276, {"py/object": "odf.components.Data", "data": {"py/b64": "AAA="}, "fake": false}], [27286, {"py/object": "odf.components.Data", "data": {"py/b64": "AAA="}, "fake": false}], [27297, {"py/object": "odf.components.Data", "data": {"py/b64": "AAA="}, "fake": false}], [29321, {"py/object": "odf.components.Status", "address": 1, "message_error_bit": "0", "instrumentation_bit": "0", "service_request_bit": "0", "reserved_bits": "000", "brdcst_received_bit": "0", "busy_bit": "0", "subsystem_flag_bit": "0", "dynamic_bus_control_accpt_bit": "0", "terminal_flag_bit": "1", "parity_bit": "1", "fake": false}], [29474, {"py/object": "odf.components.Command", "address": 31, "tr": 0, "sub_address": 2, "dword_count": 1, "parity": 0, "fake": false}], [29537, {"py/object": "odf.components.Data", "data": {"py/b64": "//8="}, "fake": false}], [29547, {"py/object": "odf.components.Command", "address": 4, "tr": 0, "sub_address": 2, "dword_count": 18, "parity": 0, "fake": false}], [29555, {"py/object": "odf.components.Command", "address": 3, "tr": 1, "sub_address": 2, "dword_count": 18, "parity": 0, "fake": false}], [31464, {"py/object": "odf.components.Status", "address": 1, "message_error_bit": "0", "instrumentation_bit": "0", "service_request_bit": "0", "reserved_bits": "000", "brdcst_received_bit": "0", "busy_bit": "0", "subsystem_flag_bit": "0", "dynamic_bus_control_accpt_bit": "0", "terminal_flag_bit": "1", "parity_bit": "1", "fake": false}], [31658, {"py/object": "odf.components.Status", "address": 3, "message_error_bit": "0", "instrumentation_bit": "0", "service_request_bit": "0", "reserved_bits": "000", "brdcst_received_bit": "0", "busy_bit": "0", "subsystem_flag_bit": "0", "dynamic_bus_control_accpt_bit": "0", "terminal_flag_bit": "1", "parity_bit": "1", "fake": false}], [31741, {"py/object": "odf.components.Command", "address": 6, "tr": 0, "sub_address": 2, "dword_count": 28, "parity": 0, "fake": false}], [31792, {"py/object": "odf.components.Command", "address": 5, "tr": 1, "sub_address": 2, "dword_count": 28, "parity": 0, "fake": false}], [31817, {"py/object": "odf.components.Data", "data": {"py/b64": "7Q0="}, "fake": false}], [31877, {"py/object": "odf.components.Data", "data": {"py/b64": "WkM="}, "fake": false}], [31937, {"py/object": "odf.components.Data", "data": {"py/b64": "VFU="}, "fake": false}], [31998, {"py/object": "odf.components.Data", "data": {"py/b64": "h0Q="}, "fake": false}], [32058, {"py/object": "odf.components.Data", "data": {"py/b64": "zB4="}, "fake": false}], [32119, {"py/object": "odf.components.Data", "data": {"py/b64": "wkM="}, "fake": false}], [32173, {"py/object": "odf.components.Data", "data": {"py/b64": "tFI="}, "fake": false}], [32236, {"py/object": "odf.components.Data", "data": {"py/b64": "hUM="}, "fake": false}], [32303, {"py/object": "odf.components.Data", "data": {"py/b64": "qcw="}, "fake": false}], [32367, {"py/object": "odf.components.Data", "data": {"py/b64": "i0A="}, "fake": false}], [32429, {"py/object": "odf.components.Data", "data": {"py/b64": "yr8="}, "fake": false}], [32493, {"py/object": "odf.components.Data", "data": {"py/b64": "i0A="}, "fake": false}], [32560, {"py/object": "odf.components.Data", "data": {"py/b64": "Tfo="}, "fake": false}], [32625, {"py/object": "odf.components.Data", "data": {"py/b64": "QEA="}, "fake": false}], [32688, {"py/object": "odf.components.Data", "data": {"py/b64": "89c="}, "fake": false}], [32750, {"py/object": "odf.components.Data", "data": {"py/b64": "1UM="}, "fake": false}], [32812, {"py/object": "odf.components.Data", "data": {"py/b64": "tww="}, "fake": false}], [32887, {"py/object": "odf.components.Data", "data": {"py/b64": "OkQ="}, "fake": false}], [33807, {"py/object": "odf.components.Status", "address": 5, "message_error_bit": "0", "instrumentation_bit": "0", "service_request_bit": "0", "reserved_bits": "000", "brdcst_received_bit": "0", "busy_bit": "0", "subsystem_flag_bit": "0", "dynamic_bus_control_accpt_bit": "0", "terminal_flag_bit": "1", "parity_bit": "1", "fake": false}], [33867, {"py/object": "odf.components.Data", "data": {"py/b64": "4eM="}, "fake": false}], [33929, {"py/object": "odf.components.Data", "data": {"py/b64": "Z0M="}, "fake": false}], [33982, {"py/object": "odf.components.Data", "data": {"py/b64": "dyU="}, "fake": false}], [34040, {"py/object": "odf.components.Data", "data": {"py/b64": "xEM="}, "fake": false}], [34089, {"py/object": "odf.components.Data", "data": {"py/b64": "8aQ="}, "fake": false}], [34154, {"py/object": "odf.components.Data", "data": {"py/b64": "wsM="}, "fake": false}], [34220, {"py/object": "odf.components.Data", "data": {"py/b64": "i5s="}, "fake": false}], [34270, {"py/object": "odf.components.Data", "data": {"py/b64": "lkE="}, "fake": false}], [34331, {"py/object": "odf.components.Data", "data": {"py/b64": "iL4="}, "fake": false}], [34397, {"py/object": "odf.components.Data", "data": {"py/b64": "QMI="}, "fake": false}], [34461, {"py/object": "odf.components.Data", "data": {"py/b64": "OhU="}, "fake": false}], [34518, {"py/object": "odf.components.Data", "data": {"py/b64": "AME="}, "fake": false}], [34580, {"py/object": "odf.components.Data", "data": {"py/b64": "h18="}, "fake": false}], [34641, {"py/object": "odf.components.Data", "data": {"py/b64": "RsA="}, "fake": false}], [34700, {"py/object": "odf.components.Data", "data": {"py/b64": "/uM="}, "fake": false}], [34757, {"py/object": "odf.components.Data", "data": {"py/b64": "978="}, "fake": false}], [34826, {"py/object": "odf.components.Data", "data": {"py/b64": "bLw="}, "fake": false}], [34895, {"py/object": "odf.components.Data", "data": {"py/b64": "eT4="}, "fake": false}], [34998, {"py/object": "odf.components.Status", "address": 4, "message_error_bit": "0", "instrumentation_bit": "0", "service_request_bit": "0", "reserved_bits": "000", "brdcst_received_bit": "0", "busy_bit": "0", "subsystem_flag_bit": "0", "dynamic_bus_control_accpt_bit": "0", "terminal_flag_bit": "1", "parity_bit": "1", "fake": false}], [35094, {"py/object": "odf.components.Command", "address": 8, "tr": 0, "sub_address": 2, "dword_count": 8, "parity": 0, "fake": false}], [35120, {"py/object": "odf.components.Data", "data": {"py/b64": "6Pk="}, "fake": false}], [35166, {"py/object": "odf.components.Command", "address": 7, "tr": 1, "sub_address": 2, "dword_count": 8, "parity": 0, "fake": false}], [35185, {"py/object": "odf.components.Data", "data": {"py/b64": "KsE="}, "fake": false}], [35246, {"py/object": "odf.components.Data", "data": {"py/b64": "oQQ="}, "fake": false}], [35317, {"py/object": "odf.components.Data", "data": {"py/b64": "xkM="}, "fake": false}], [35385, {"py/object": "odf.components.Data", "data": {"py/b64": "R+Q="}, "fake": false}], [35453, {"py/object": "odf.components.Data", "data": {"py/b64": "Nb4="}, "fake": false}], [35526, {"py/object": "odf.components.Data", "data": {"py/b64": "4g8="}, "fake": false}], [35593, {"py/object": "odf.components.Data", "data": {"py/b64": "1T8="}, "fake": false}], [35648, {"py/object": "odf.components.Data", "data": {"py/b64": "gBk="}, "fake": false}], [35706, {"py/object": "odf.components.Data", "data": {"py/b64": "+EA="}, "fake": false}], [36444, {"py/object": "odf.components.Status", "address": 6, "message_error_bit": "0", "instrumentation_bit": "0", "service_request_bit": "0", "reserved_bits": "000", "brdcst_received_bit": "0", "busy_bit": "0", "subsystem_flag_bit": "0", "dynamic_bus_control_accpt_bit": "0", "terminal_flag_bit": "1", "parity_bit": "1", "fake": false}], [37218, {"py/object": "odf.components.Status", "address": 7, "message_error_bit": "0", "instrumentation_bit": "0", "service_request_bit": "0", "reserved_bits": "000", "brdcst_received_bit": "0", "busy_bit": "0", "subsystem_flag_bit": "0", "dynamic_bus_control_accpt_bit": "0", "terminal_flag_bit": "1", "parity_bit": "1", "fake": false}], [37293, {"py/object": "odf.components.Command", "address": 10, "tr": 0, "sub_address": 2, "dword_count": 12, "parity": 0, "fake": false}], [37326, {"py/object": "odf.components.Command", "address": 9, "tr": 1, "sub_address": 2, "dword_count": 12, "parity": 0, "fake": false}], [37353, {"py/object": "odf.components.Data", "data": {"py/b64": "vAg="}, "fake": false}], [37408, {"py/object": "odf.components.Data", "data": {"py/b64": "jr0="}, "fake": false}], [37466, {"py/object": "odf.components.Data", "data": {"py/b64": "mDI="}, "fake": false}], [37530, {"py/object": "odf.components.Data", "data": {"py/b64": "rDs="}, "fake": false}], [37594, {"py/object": "odf.components.Data", "data": {"py/b64": "iGk="}, "fake": false}], [37678, {"py/object": "odf.components.Status", "address": 8, "message_error_bit": "0", "instrumentation_bit": "0", "service_request_bit": "0", "reserved_bits": "000", "brdcst_received_bit": "0", "busy_bit": "0", "subsystem_flag_bit": "0", "dynamic_bus_control_accpt_bit": "0", "terminal_flag_bit": "1", "parity_bit": "1", "fake": false}], [37703, {"py/object": "odf.components.Data", "data": {"py/b64": "1Tw="}, "fake": false}], [37762, {"py/object": "odf.components.Data", "data": {"py/b64": "HK4="}, "fake": false}], [37828, {"py/object": "odf.components.Data", "data": {"py/b64": "Qjs="}, "fake": false}], [39426, {"py/object": "odf.components.Status", "address": 9, "message_error_bit": "0", "instrumentation_bit": "0", "service_request_bit": "0", "reserved_bits": "000", "brdcst_received_bit": "0", "busy_bit": "0", "subsystem_flag_bit": "0", "dynamic_bus_control_accpt_bit": "0", "terminal_flag_bit": "1", "parity_bit": "1", "fake": false}], [39482, {"py/object": "odf.components.Command", "address": 12, "tr": 0, "sub_address": 2, "dword_count": 16, "parity": 0, "fake": false}], [39533, {"py/object": "odf.components.Command", "address": 11, "tr": 1, "sub_address": 2, "dword_count": 16, "parity": 0, "fake": false}], [39559, {"py/object": "odf.components.Data", "data": {"py/b64": "z74="}, "fake": false}], [39625, {"py/object": "odf.components.Data", "data": {"py/b64": "B0I="}, "fake": false}], [39697, {"py/object": "odf.components.Data", "data": {"py/b64": "IdQ="}, "fake": false}], [39772, {"py/object": "odf.components.Data", "data": {"py/b64": "7MI="}, "fake": false}], [39842, {"py/object": "odf.components.Data", "data": {"py/b64": "r28="}, "fake": false}], [39908, {"py/object": "odf.components.Data", "data": {"py/b64": "K0M="}, "fake": false}], [39977, {"py/object": "odf.components.Data", "data": {"py/b64": "x74="}, "fake": false}], [40045, {"py/object": "odf.components.Data", "data": {"py/b64": "B0I="}, "fake": false}], [40112, {"py/object": "odf.components.Data", "data": {"py/b64": "PNQ="}, "fake": false}], [40182, {"py/object": "odf.components.Data", "data": {"py/b64": "7MI="}, "fake": false}], [40247, {"py/object": "odf.components.Data", "data": {"py/b64": "nkQ="}, "fake": false}], [40308, {"py/object": "odf.components.Data", "data": {"py/b64": "DUQ="}, "fake": false}], [41552, {"py/object": "odf.components.Status", "address": 11, "message_error_bit": "0", "instrumentation_bit": "0", "service_request_bit": "0", "reserved_bits": "000", "brdcst_received_bit": "0", "busy_bit": "0", "subsystem_flag_bit": "0", "dynamic_bus_control_accpt_bit": "0", "terminal_flag_bit": "1", "parity_bit": "1", "fake": false}], [41610, {"py/object": "odf.components.Data", "data": {"py/b64": "eek="}, "fake": false}], [41681, {"py/object": "odf.components.Data", "data": {"py/b64": "GDs="}, "fake": false}], [41733, {"py/object": "odf.components.Data", "data": {"py/b64": "gAc="}, "fake": false}], [41802, {"py/object": "odf.components.Data", "data": {"py/b64": "XEE="}, "fake": false}], [41919, {"py/object": "odf.components.Status", "address": 10, "message_error_bit": "0", "instrumentation_bit": "0", "service_request_bit": "0", "reserved_bits": "000", "brdcst_received_bit": "0", "busy_bit": "0", "subsystem_flag_bit": "0", "dynamic_bus_control_accpt_bit": "0", "terminal_flag_bit": "1", "parity_bit": "1", "fake": false}], [42101, {"py/object": "odf.components.Command", "address": 1, "tr": 0, "sub_address": 2, "dword_count": 4, "parity": 0, "fake": false}], [42180, {"py/object": "odf.components.Data", "data": {"py/b64": "nvg="}, "fake": false}], [42229, {"py/object": "odf.components.Data", "data": {"py/b64": "AAA="}, "fake": false}], [42247, {"py/object": "odf.components.Data", "data": {"py/b64": "AAA="}, "fake": false}], [42293, {"py/object": "odf.components.Data", "data": {"py/b64": "AAA="}, "fake": false}], [42311, {"py/object": "odf.components.Data", "data": {"py/b64": "AAA="}, "fake": false}], [42362, {"py/object": "odf.components.Data", "data": {"py/b64": "6UE="}, "fake": false}], [42379, {"py/object": "odf.components.Data", "data": {"py/b64": "KWU="}, "fake": false}], [42424, {"py/object": "odf.components.Data", "data": {"py/b64": "kEA="}, "fake": false}], [42452, {"py/object": "odf.components.Data", "data": {"py/b64": "chE="}, "fake": false}], [42514, {"py/object": "odf.components.Data", "data": {"py/b64": "B0A="}, "fake": false}], [42585, {"py/object": "odf.components.Data", "data": {"py/b64": "SZk="}, "fake": false}], [42649, {"py/object": "odf.components.Data", "data": {"py/b64": "UD0="}, "fake": false}], [42716, {"py/object": "odf.components.Data", "data": {"py/b64": "EiA="}, "fake": false}], [42786, {"py/object": "odf.components.Data", "data": {"py/b64": "Nzw="}, "fake": false}], [42851, {"py/object": "odf.components.Data", "data": {"py/b64": "DTY="}, "fake": false}], [42919, {"py/object": "odf.components.Data", "data": {"py/b64": "sEE="}, "fake": false}], [43878, {"py/object": "odf.components.Status", "address": 12, "message_error_bit": "0", "instrumentation_bit": "0", "service_request_bit": "0", "reserved_bits": "000", "brdcst_received_bit": "0", "busy_bit": "0", "subsystem_flag_bit": "0", "dynamic_bus_control_accpt_bit": "0", "terminal_flag_bit": "1", "parity_bit": "1", "fake": false}], [44032, {"py/object": "odf.components.Command", "address": 31, "tr": 0, "sub_address": 2, "dword_count": 1, "parity": 0, "fake": false}], [44140, {"py/object": "odf.components.Data", "data": {"py/b64": "//8="}, "fake": false}], [44167, {"py/object": "odf.components.Command", "address": 4, "tr": 0, "sub_address": 2, "dword_count": 18, "parity": 0, "fake": false}], [44229, {"py/object": "odf.components.Command", "address": 3, "tr": 1, "sub_address": 2, "dword_count": 18, "parity": 0, "fake": false}], [44246, {"py/object": "odf.components.Status", "address": 1, "message_error_bit": "0", "instrumentation_bit": "0", "service_request_bit": "0", "reserved_bits": "000", "brdcst_received_bit": "0", "busy_bit": "0", "subsystem_flag_bit": "0", "dynamic_bus_control_accpt_bit": "0", "terminal_flag_bit": "1", "parity_bit": "1", "fake": false}], [46237, {"py/object": "odf.components.Status", "address": 3, "message_error_bit": "0", "instrumentation_bit": "0", "service_request_bit": "0", "reserved_bits": "000", "brdcst_received_bit": "0", "busy_bit": "0", "subsystem_flag_bit": "0", "dynamic_bus_control_accpt_bit": "0", "terminal_flag_bit": "1", "parity_bit": "1", "fake": false}], [46323, {"py/object": "odf.components.Command", "address": 6, "tr": 0, "sub_address": 2, "dword_count": 28, "parity": 0, "fake": false}], [46356, {"py/object": "odf.components.Command", "address": 5, "tr": 1, "sub_address": 2, "dword_count": 28, "parity": 0, "fake": false}], [46429, {"py/object": "odf.components.Data", "data": {"py/b64": "/BU="}, "fake": false}], [46445, {"py/object": "odf.components.Data", "data": {"py/b64": "fEM="}, "fake": false}], [46500, {"py/object": "odf.components.Data", "data": {"py/b64": "Z/c="}, "fake": false}], [46565, {"py/object": "odf.components.Data", "data": {"py/b64": "kEQ="}, "fake": false}], [46627, {"py/object": "odf.components.Data", "data": {"py/b64": "S8c="}, "fake": false}], [46691, {"py/object": "odf.components.Data", "data": {"py/b64": "K0Q="}, "fake": false}], [46756, {"py/object": "odf.components.Data", "data": {"py/b64": "Mn0="}, "fake": false}], [46818, {"py/object": "odf.components.Data", "data": {"py/b64": "eUM="}, "fake": false}], [46888, {"py/object": "odf.components.Data", "data": {"py/b64": "DsA="}, "fake": false}], [46955, {"py/object": "odf.components.Data", "data": {"py/b64": "i0A="}, "fake": false}], [47028, {"py/object": "odf.components.Data", "data": {"py/b64": "Xbw="}, "fake": false}], [47100, {"py/object": "odf.components.Data", "data": {"py/b64": "i0A="}, "fake": false}], [47173, {"py/object": "odf.components.Data", "data": {"py/b64": "6QQ="}, "fake": false}], [47246, {"py/object": "odf.components.Data", "data": {"py/b64": "REA="}, "fake": false}], [47316, {"py/object": "odf.components.Data", "data": {"py/b64": "jI8="}, "fake": false}], [47391, {"py/object": "odf.components.Data", "data": {"py/b64": "1UM="}, "fake": false}], [47461, {"py/object": "odf.components.Data", "data": {"py/b64": "tww="}, "fake": false}], [47537, {"py/object": "odf.components.Data", "data": {"py/b64": "OkQ="}, "fake": false}], [48402, {"py/object": "odf.components.Status", "address": 5, "message_error_bit": "0", "instrumentation_bit": "0", "service_request_bit": "0", "reserved_bits": "000", "brdcst_received_bit": "0", "busy_bit": "0", "subsystem_flag_bit": "0", "dynamic_bus_control_accpt_bit": "0", "terminal_flag_bit": "1", "parity_bit": "1", "fake": false}], [48465, {"py/object": "odf.components.Data", "data": {"py/b64": "fjM="}, "fake": false}], [48537, {"py/object": "odf.components.Data", "data": {"py/b64": "dUM="}, "fake": false}], [48610, {"py/object": "odf.components.Data", "data": {"py/b64": "JTU="}, "fake": false}], [48672, {"py/object": "odf.components.Data", "data": {"py/b64": "z0M="}, "fake": false}], [48734, {"py/object": "odf.components.Data", "data": {"py/b64": "GUw="}, "fake": false}], [48805, {"py/object": "odf.components.Data", "data": {"py/b64": "zcM="}, "fake": false}], [48863, {"py/object": "odf.components.Data", "data": {"py/b64": "eqM="}, "fake": false}], [48928, {"py/object": "odf.components.Data", "data": {"py/b64": "tEE="}, "fake": false}], [49004, {"py/object": "odf.components.Data", "data": {"py/b64": "Ocw="}, "fake": false}], [49075, {"py/object": "odf.components.Data", "data": {"py/b64": "TcI="}, "fake": false}], [49141, {"py/object": "odf.components.Data", "data": {"py/b64": "5uE="}, "fake": false}], [49209, {"py/object": "odf.components.Data", "data": {"py/b64": "mT8="}, "fake": false}], [49282, {"py/object": "odf.components.Data", "data": {"py/b64": "V8w="}, "fake": false}], [49352, {"py/object": "odf.components.Data", "data": {"py/b64": "8UA="}, "fake": false}], [49422, {"py/object": "odf.components.Data", "data": {"py/b64": "800="}, "fake": false}], [49494, {"py/object": "odf.components.Data", "data": {"py/b64": "FsA="}, "fake": false}], [49572, {"py/object": "odf.components.Data", "data": {"py/b64": "fcY="}, "fake": false}], [49722, {"py/object": "odf.components.Status", "address": 4, "message_error_bit": "0", "instrumentation_bit": "0", "service_request_bit": "0", "reserved_bits": "000", "brdcst_received_bit": "0", "busy_bit": "0", "subsystem_flag_bit": "0", "dynamic_bus_control_accpt_bit": "0", "terminal_flag_bit": "1", "parity_bit": "1", "fake": false}], [49810, {"py/object": "odf.components.Command", "address": 8, "tr": 0, "sub_address": 2, "dword_count": 8, "parity": 0, "fake": false}], [49836, {"py/object": "odf.components.Command", "address": 7, "tr": 1, "sub_address": 2, "dword_count": 8, "parity": 0, "fake": false}], [49885, {"py/object": "odf.components.Data", "data": {"py/b64": "YD8="}, "fake": false}], [49916, {"py/object": "odf.components.Data", "data": {"py/b64": "5SQ="}, "fake": false}], [49971, {"py/object": "odf.components.Data", "data": {"py/b64": "T8E="}, "fake": false}], [50046, {"py/object": "odf.components.Data", "data": {"py/b64": "o/8="}, "fake": false}], [50118, {"py/object": "odf.components.Data", "data": {"py/b64": "zkM="}, "fake": false}], [50188, {"py/object": "odf.components.Data", "data": {"py/b64": "ERo="}, "fake": false}], [50255, {"py/object": "odf.components.Data", "data": {"py/b64": "GMA="}, "fake": false}], [50332, {"py/object": "odf.components.Data", "data": {"py/b64": "JJc="}, "fake": false}], [50401, {"py/object": "odf.components.Data", "data": {"py/b64": "9kA="}, "fake": false}], [50470, {"py/object": "odf.components.Data", "data": {"py/b64": "zJA="}, "fake": false}], [50546, {"py/object": "odf.components.Data", "data": {"py/b64": "5r4="}, "fake": false}], [51131, {"py/object": "odf.components.Status", "address": 6, "message_error_bit": "0", "instrumentation_bit": "0", "service_request_bit": "0", "reserved_bits": "000", "brdcst_received_bit": "0", "busy_bit": "0", "subsystem_flag_bit": "0", "dynamic_bus_control_accpt_bit": "0", "terminal_flag_bit": "1", "parity_bit": "1", "fake": false}], [51929, {"py/object": "odf.components.Status", "address": 7, "message_error_bit": "0", "instrumentation_bit": "0", "service_request_bit": "0", "reserved_bits": "000", "brdcst_received_bit": "0", "busy_bit": "0", "subsystem_flag_bit": "0", "dynamic_bus_control_accpt_bit": "0", "terminal_flag_bit": "1", "parity_bit": "1", "fake": false}], [52011, {"py/object": "odf.components.Command", "address": 10, "tr": 0, "sub_address": 2, "dword_count": 12, "parity": 0, "fake": false}], [52069, {"py/object": "odf.components.Command", "address": 9, "tr": 1, "sub_address": 2, "dword_count": 12, "parity": 0, "fake": false}], [52090, {"py/object": "odf.components.Data", "data": {"py/b64": "jXQ="}, "fake": false}], [52155, {"py/object": "odf.components.Data", "data": {"py/b64": "070="}, "fake": false}], [52223, {"py/object": "odf.components.Data", "data": {"py/b64": "/eo="}, "fake": false}], [52291, {"py/object": "odf.components.Data", "data": {"py/b64": "BT4="}, "fake": false}], [52365, {"py/object": "odf.components.Data", "data": {"py/b64": "7RE="}, "fake": false}], [52434, {"py/object": "odf.components.Status", "address": 8, "message_error_bit": "0", "instrumentation_bit": "0", "service_request_bit": "0", "reserved_bits": "000", "brdcst_received_bit": "0", "busy_bit": "0", "subsystem_flag_bit": "0", "dynamic_bus_control_accpt_bit": "0", "terminal_flag_bit": "1", "parity_bit": "1", "fake": false}], [52495, {"py/object": "odf.components.Data", "data": {"py/b64": "yzw="}, "fake": false}], [52562, {"py/object": "odf.components.Data", "data": {"py/b64": "PSk="}, "fake": false}], [52630, {"py/object": "odf.components.Data", "data": {"py/b64": "Drs="}, "fake": false}], [54127, {"py/object": "odf.components.Status", "address": 9, "message_error_bit": "0", "instrumentation_bit": "0", "service_request_bit": "0", "reserved_bits": "000", "brdcst_received_bit": "0", "busy_bit": "0", "subsystem_flag_bit": "0", "dynamic_bus_control_accpt_bit": "0", "terminal_flag_bit": "1", "parity_bit": "1", "fake": false}], [54185, {"py/object": "odf.components.Command", "address": 12, "tr": 0, "sub_address": 2, "dword_count": 16, "parity": 0, "fake": false}], [54232, {"py/object": "odf.components.Command", "address": 11, "tr": 1, "sub_address": 2, "dword_count": 16, "parity": 0, "fake": false}], [54257, {"py/object": "odf.components.Data", "data": {"py/b64": "lLw="}, "fake": false}], [54310, {"py/object": "odf.components.Data", "data": {"py/b64": "B0I="}, "fake": false}], [54374, {"py/object": "odf.components.Data", "data": {"py/b64": "Sd4="}, "fake": false}], [54453, {"py/object": "odf.components.Data", "data": {"py/b64": "7MI="}, "fake": false}], [54518, {"py/object": "odf.components.Data", "data": {"py/b64": "Gkc="}, "fake": false}], [54591, {"py/object": "odf.components.Data", "data": {"py/b64": "ikM="}, "fake": false}], [54666, {"py/object": "odf.components.Data", "data": {"py/b64": "j7w="}, "fake": false}], [54740, {"py/object": "odf.components.Data", "data": {"py/b64": "B0I="}, "fake": false}], [54816, {"py/object": "odf.components.Data", "data": {"py/b64": "Wd4="}, "fake": false}], [54890, {"py/object": "odf.components.Data", "data": {"py/b64": "7MI="}, "fake": false}], [54964, {"py/object": "odf.components.Data", "data": {"py/b64": "Zvc="}, "fake": false}], [55034, {"py/object": "odf.components.Data", "data": {"py/b64": "Y0Q="}, "fake": false}], [56260, {"py/object": "odf.components.Status", "address": 11, "message_error_bit": "0", "instrumentation_bit": "0", "service_request_bit": "0", "reserved_bits": "000", "brdcst_received_bit": "0", "busy_bit": "0", "subsystem_flag_bit": "0", "dynamic_bus_control_accpt_bit": "0", "terminal_flag_bit": "1", "parity_bit": "1", "fake": false}], [56328, {"py/object": "odf.components.Data", "data": {"py/b64": "B00="}, "fake": false}], [56398, {"py/object": "odf.components.Data", "data": {"py/b64": "Fzs="}, "fake": false}], [56478, {"py/object": "odf.components.Data", "data": {"py/b64": "IJ4="}, "fake": false}], [56660, {"py/object": "odf.components.Status", "address": 10, "message_error_bit": "0", "instrumentation_bit": "0", "service_request_bit": "0", "reserved_bits": "000", "brdcst_received_bit": "0", "busy_bit": "0", "subsystem_flag_bit": "0", "dynamic_bus_control_accpt_bit": "0", "terminal_flag_bit": "1", "parity_bit": "1", "fake": false}], [56833, {"py/object": "odf.components.Command", "address": 1, "tr": 0, "sub_address": 2, "dword_count": 4, "parity": 0, "fake": false}], [56911, {"py/object": "odf.components.Data", "data": {"py/b64": "AAA="}, "fake": false}], [56953, {"py/object": "odf.components.Data", "data": {"py/b64": "UEE="}, "fake": false}], [56975, {"py/object": "odf.components.Data", "data": {"py/b64": "AAA="}, "fake": false}], [57029, {"py/object": "odf.components.Data", "data": {"py/b64": "AAA="}, "fake": false}], [57051, {"py/object": "odf.components.Data", "data": {"py/b64": "AAA="}, "fake": false}], [57104, {"py/object": "odf.components.Data", "data": {"py/b64": "Ie4="}, "fake": false}], [57126, {"py/object": "odf.components.Data", "data": {"py/b64": "5kE="}, "fake": false}], [57160, {"py/object": "odf.components.Data", "data": {"py/b64": "RAo="}, "fake": false}], [57202, {"py/object": "odf.components.Data", "data": {"py/b64": "p0A="}, "fake": false}], [57272, {"py/object": "odf.components.Data", "data": {"py/b64": "JNc="}, "fake": false}], [57345, {"py/object": "odf.components.Data", "data": {"py/b64": "NUA="}, "fake": false}], [57416, {"py/object": "odf.components.Data", "data": {"py/b64": "Gqo="}, "fake": false}], [57490, {"py/object": "odf.components.Data", "data": {"py/b64": "ij4="}, "fake": false}], [57559, {"py/object": "odf.components.Data", "data": {"py/b64": "1ow="}, "fake": false}], [57630, {"py/object": "odf.components.Data", "data": {"py/b64": "x7w="}, "fake": false}], [57701, {"py/object": "odf.components.Data", "data": {"py/b64": "gm8="}, "fake": false}], [57774, {"py/object": "odf.components.Data", "data": {"py/b64": "qkE="}, "fake": false}], [58822, {"py/object": "odf.components.Status", "address": 12, "message_error_bit": "0", "instrumentation_bit": "0", "service_request_bit": "0", "reserved_bits": "000", "brdcst_received_bit": "0", "busy_bit": "0", "subsystem_flag_bit": "0", "dynamic_bus_control_accpt_bit": "0", "terminal_flag_bit": "1", "parity_bit": "1", "fake": false}], [58982, {"py/object": "odf.components.Command", "address": 31, "tr": 0, "sub_address": 2, "dword_count": 1, "parity": 0, "fake": false}], [59047, {"py/object": "odf.components.Data", "data": {"py/b64": "//8="}, "fake": false}], [59062, {"py/object": "odf.components.Command", "address": 4, "tr": 0, "sub_address": 2, "dword_count": 18, "parity": 0, "fake": false}], [59073, {"py/object": "odf.components.Command", "address": 3, "tr": 1, "sub_address": 2, "dword_count": 18, "parity": 0, "fake": false}], [61135, {"py/object": "odf.components.Status", "address": 3, "message_error_bit": "0", "instrumentation_bit": "0", "service_request_bit": "0", "reserved_bits": "000", "brdcst_received_bit": "0", "busy_bit": "0", "subsystem_flag_bit": "0", "dynamic_bus_control_accpt_bit": "0", "terminal_flag_bit": "1", "parity_bit": "1", "fake": false}], [61226, {"py/object": "odf.components.Data", "data": {"py/b64": "kuU="}, "fake": false}], [61314, {"py/object": "odf.components.Data", "data": {"py/b64": "eUM="}, "fake": false}], [61397, {"py/object": "odf.components.Data", "data": {"py/b64": "r2I="}, "fake": false}], [61475, {"py/object": "odf.components.Data", "data": {"py/b64": "AEU="}, "fake": false}], [61558, {"py/object": "odf.components.Data", "data": {"py/b64": "rWM="}, "fake": false}], [61631, {"py/object": "odf.components.Data", "data": {"py/b64": "kEQ="}, "fake": false}], [61716, {"py/object": "odf.components.Data", "data": {"py/b64": "DzY="}, "fake": false}], [61798, {"py/object": "odf.components.Data", "data": {"py/b64": "WkM="}, "fake": false}], [61882, {"py/object": "odf.components.Data", "data": {"py/b64": "D1o="}, "fake": false}], [61961, {"py/object": "odf.components.Data", "data": {"py/b64": "gUA="}, "fake": false}], [62042, {"py/object": "odf.components.Data", "data": {"py/b64": "nk0="}, "fake": false}], [62121, {"py/object": "odf.components.Data", "data": {"py/b64": "gUA="}, "fake": false}], [62203, {"py/object": "odf.components.Data", "data": {"py/b64": "rfk="}, "fake": false}], [62278, {"py/object": "odf.components.Data", "data": {"py/b64": "QkA="}, "fake": false}], [62361, {"py/object": "odf.components.Data", "data": {"py/b64": "Kk4="}, "fake": false}], [62445, {"py/object": "odf.components.Data", "data": {"py/b64": "1UM="}, "fake": false}], [62525, {"py/object": "odf.components.Data", "data": {"py/b64": "tww="}, "fake": false}], [62616, {"py/object": "odf.components.Data", "data": {"py/b64": "OkQ="}, "fake": false}], [64694, {"py/object": "odf.components.Status", "address": 4, "message_error_bit": "0", "instrumentation_bit": "0", "service_request_bit": "0", "reserved_bits": "000", "brdcst_received_bit": "0", "busy_bit": "0", "subsystem_flag_bit": "0", "dynamic_bus_control_accpt_bit": "0", "terminal_flag_bit": "1", "parity_bit": "1", "fake": false}], [64768, {"py/object": "odf.components.Command", "address": 6, "tr": 0, "sub_address": 2, "dword_count": 28, "parity": 0, "fake": false}], [64789, {"py/object": "odf.components.Command", "address": 5, "tr": 1, "sub_address": 2, "dword_count": 28, "parity": 0, "fake": false}], [66848, {"py/object": "odf.components.Status", "address": 5, "message_error_bit": "0", "instrumentation_bit": "0", "service_request_bit": "0", "reserved_bits": "000", "brdcst_received_bit": "0", "busy_bit": "0", "subsystem_flag_bit": "0", "dynamic_bus_control_accpt_bit": "0", "terminal_flag_bit": "1", "parity_bit": "1", "fake": false}], [66927, {"py/object": "odf.components.Data", "data": {"py/b64": "ELs="}, "fake": false}], [67006, {"py/object": "odf.components.Data", "data": {"py/b64": "dUM="}, "fake": false}], [67082, {"py/object": "odf.components.Data", "data": {"py/b64": "bRU="}, "fake": false}], [67156, {"py/object": "odf.components.Data", "data": {"py/b64": "0EM="}, "fake": false}], [67224, {"py/object": "odf.components.Data", "data": {"py/b64": "jJc="}, "fake": false}], [67299, {"py/object": "odf.components.Data", "data": {"py/b64": "qsM="}, "fake": false}], [67380, {"py/object": "odf.components.Data", "data": {"py/b64": "IzA="}, "fake": false}], [67468, {"py/object": "odf.components.Data", "data": {"py/b64": "CUI="}, "fake": false}], [67538, {"py/object": "odf.components.Data", "data": {"py/b64": "u+0="}, "fake": false}], [67621, {"py/object": "odf.components.Data", "data": {"py/b64": "bMM="}, "fake": false}], [67693, {"py/object": "odf.components.Data", "data": {"py/b64": "D5o="}, "fake": false}], [67769, {"py/object": "odf.components.Data", "data": {"py/b64": "EEE="}, "fake": false}], [67849, {"py/object": "odf.components.Data", "data": {"py/b64": "1Hs="}, "fake": false}], [67915, {"py/object": "odf.components.Data", "data": {"py/b64": "774="}, "fake": false}], [67977, {"py/object": "odf.components.Data", "data": {"py/b64": "GVk="}, "fake": false}], [68050, {"py/object": "odf.components.Data", "data": {"py/b64": "V8E="}, "fake": false}], [68117, {"py/object": "odf.components.Data", "data": {"py/b64": "u78="}, "fake": false}], [68185, {"py/object": "odf.components.Data", "data": {"py/b64": "jMA="}, "fake": false}], [68257, {"py/object": "odf.components.Data", "data": {"py/b64": "4GI="}, "fake": false}], [68321, {"py/object": "odf.components.Data", "data": {"py/b64": "DME="}, "fake": false}], [68387, {"py/object": "odf.components.Data", "data": {"py/b64": "Zxc="}, "fake": false}], [68457, {"py/object": "odf.components.Data", "data": {"py/b64": "0EM="}, "fake": false}], [68523, {"py/object": "odf.components.Data", "data": {"py/b64": "mLM="}, "fake": false}], [68589, {"py/object": "odf.components.Data", "data": {"py/b64": "WME="}, "fake": false}], [68652, {"py/object": "odf.components.Data", "data": {"py/b64": "Gf8="}, "fake": false}], [68720, {"py/object": "odf.components.Data", "data": {"py/b64": "zUA="}, "fake": false}], [68791, {"py/object": "odf.components.Data", "data": {"py/b64": "Y84="}, "fake": false}], [68867, {"py/object": "odf.components.Data", "data": {"py/b64": "qT4="}, "fake": false}], [70986, {"py/object": "odf.components.Status", "address": 6, "message_error_bit": "0", "instrumentation_bit": "0", "service_request_bit": "0", "reserved_bits": "000", "brdcst_received_bit": "0", "busy_bit": "0", "subsystem_flag_bit": "0", "dynamic_bus_control_accpt_bit": "0", "terminal_flag_bit": "1", "parity_bit": "1", "fake": false}], [71034, {"py/object": "odf.components.Command", "address": 8, "tr": 0, "sub_address": 2, "dword_count": 8, "parity": 0, "fake": false}], [71046, {"py/object": "odf.components.Command", "address": 7, "tr": 1, "sub_address": 2, "dword_count": 8, "parity": 0, "fake": false}], [73105, {"py/object": "odf.components.Status", "address": 7, "message_error_bit": "0", "instrumentation_bit": "0", "service_request_bit": "0", "reserved_bits": "000", "brdcst_received_bit": "0", "busy_bit": "0", "subsystem_flag_bit": "0", "dynamic_bus_control_accpt_bit": "0", "terminal_flag_bit": "1", "parity_bit": "1", "fake": false}], [73171, {"py/object": "odf.components.Data", "data": {"py/b64": "BwQ="}, "fake": false}], [73219, {"py/object": "odf.components.Data", "data": {"py/b64": "2L0="}, "fake": false}], [73292, {"py/object": "odf.components.Data", "data": {"py/b64": "/3Q="}, "fake": false}], [73361, {"py/object": "odf.components.Data", "data": {"py/b64": "5z4="}, "fake": false}], [73430, {"py/object": "odf.components.Data", "data": {"py/b64": "khE="}, "fake": false}], [73503, {"py/object": "odf.components.Data", "data": {"py/b64": "5zw="}, "fake": false}], [73576, {"py/object": "odf.components.Data", "data": {"py/b64": "CvU="}, "fake": false}], [73648, {"py/object": "odf.components.Data", "data": {"py/b64": "1bk="}, "fake": false}], [74107, {"py/object": "odf.components.Command", "address": 6, "tr": 0, "sub_address": 1, "dword_count": 17, "parity": 0, "fake": true}], [74169, {"py/object": "odf.components.Data", "data": {"py/b64": "AA8="}, "fake": true}], [75796, {"py/object": "odf.components.Status", "address": 8, "message_error_bit": "0", "instrumentation_bit": "0", "service_request_bit": "0", "reserved_bits": "000", "brdcst_received_bit": "0", "busy_bit": "0", "subsystem_flag_bit": "0", "dynamic_bus_control_accpt_bit": "0", "terminal_flag_bit": "1", "parity_bit": "1", "fake": false}], [75856, {"py/object": "odf.components.Command", "address": 10, "tr": 0, "sub_address": 2, "dword_count": 12, "parity": 0, "fake": false}], [75874, {"py/object": "odf.components.Command", "address": 9, "tr": 1, "sub_address": 2, "dword_count": 12, "parity": 0, "fake": false}], [77933, {"py/object": "odf.components.Status", "address": 9, "message_error_bit": "0", "instrumentation_bit": "0", "service_request_bit": "0", "reserved_bits": "000", "brdcst_received_bit": "0", "busy_bit": "0", "subsystem_flag_bit": "0", "dynamic_bus_control_accpt_bit": "0", "terminal_flag_bit": "1", "parity_bit": "1", "fake": false}], [78013, {"py/object": "odf.components.Data", "data": {"py/b64": "66w="}, "fake": false}], [78089, {"py/object": "odf.components.Data", "data": {"py/b64": "B0I="}, "fake": false}], [78164, {"py/object": "odf.components.Data", "data": {"py/b64": "k+s="}, "fake": false}], [78242, {"py/object": "odf.components.Data", "data": {"py/b64": "7MI="}, "fake": false}], [78323, {"py/object": "odf.components.Data", "data": {"py/b64": "Guk="}, "fake": false}], [78400, {"py/object": "odf.components.Data", "data": {"py/b64": "A0Q="}, "fake": false}], [78479, {"py/object": "odf.components.Data", "data": {"py/b64": "yKw="}, "fake": false}], [78554, {"py/object": "odf.components.Data", "data": {"py/b64": "B0I="}, "fake": false}], [78632, {"py/object": "odf.components.Data", "data": {"py/b64": "nOs="}, "fake": false}], [78716, {"py/object": "odf.components.Data", "data": {"py/b64": "7MI="}, "fake": false}], [78796, {"py/object": "odf.components.Data", "data": {"py/b64": "Ico="}, "fake": false}], [78879, {"py/object": "odf.components.Data", "data": {"py/b64": "2EQ="}, "fake": false}], [80984, {"py/object": "odf.components.Status", "address": 10, "message_error_bit": "0", "instrumentation_bit": "0", "service_request_bit": "0", "reserved_bits": "000", "brdcst_received_bit": "0", "busy_bit": "0", "subsystem_flag_bit": "0", "dynamic_bus_control_accpt_bit": "0", "terminal_flag_bit": "1", "parity_bit": "1", "fake": false}], [81073, {"py/object": "odf.components.Command", "address": 12, "tr": 0, "sub_address": 2, "dword_count": 16, "parity": 0, "fake": false}], [81092, {"py/object": "odf.components.Command", "address": 11, "tr": 1, "sub_address": 2, "dword_count": 16, "parity": 0, "fake": false}], [83144, {"py/object": "odf.components.Status", "address": 11, "message_error_bit": "0", "instrumentation_bit": "0", "service_request_bit": "0", "reserved_bits": "000", "brdcst_received_bit": "0", "busy_bit": "0", "subsystem_flag_bit": "0", "dynamic_bus_control_accpt_bit": "0", "terminal_flag_bit": "1", "parity_bit": "1", "fake": false}], [83207, {"py/object": "odf.components.Data", "data": {"py/b64": "jh4="}, "fake": false}], [83282, {"py/object": "odf.components.Data", "data": {"py/b64": "Ezs="}, "fake": false}], [83357, {"py/object": "odf.components.Data", "data": {"py/b64": "oIY="}, "fake": false}], [83438, {"py/object": "odf.components.Data", "data": {"py/b64": "MkE="}, "fake": false}], [83518, {"py/object": "odf.components.Data", "data": {"py/b64": "jBA="}, "fake": false}], [83598, {"py/object": "odf.components.Data", "data": {"py/b64": "30E="}, "fake": false}], [83674, {"py/object": "odf.components.Data", "data": {"py/b64": "6Nw="}, "fake": false}], [83756, {"py/object": "odf.components.Data", "data": {"py/b64": "oEA="}, "fake": false}], [83831, {"py/object": "odf.components.Data", "data": {"py/b64": "vdY="}, "fake": false}], [83911, {"py/object": "odf.components.Data", "data": {"py/b64": "IUA="}, "fake": false}], [83996, {"py/object": "odf.components.Data", "data": {"py/b64": "oWc="}, "fake": false}], [84079, {"py/object": "odf.components.Data", "data": {"py/b64": "ULs="}, "fake": false}], [84158, {"py/object": "odf.components.Data", "data": {"py/b64": "bw8="}, "fake": false}], [84237, {"py/object": "odf.components.Data", "data": {"py/b64": "ED0="}, "fake": false}], [84320, {"py/object": "odf.components.Data", "data": {"py/b64": "5rU="}, "fake": false}], [84397, {"py/object": "odf.components.Data", "data": {"py/b64": "nEE="}, "fake": false}], [86510, {"py/object": "odf.components.Status", "address": 12, "message_error_bit": "0", "instrumentation_bit": "0", "service_request_bit": "0", "reserved_bits": "000", "brdcst_received_bit": "0", "busy_bit": "0", "subsystem_flag_bit": "0", "dynamic_bus_control_accpt_bit": "0", "terminal_flag_bit": "1", "parity_bit": "1", "fake": false}], [86653, {"py/object": "odf.components.Command", "address": 1, "tr": 0, "sub_address": 2, "dword_count": 4, "parity": 0, "fake": false}], [86703, {"py/object": "odf.components.Data", "data": {"py/b64": "AAA="}, "fake": false}], [86722, {"py/object": "odf.components.Data", "data": {"py/b64": "AAA="}, "fake": false}], [86733, {"py/object": "odf.components.Data", "data": {"py/b64": "AAA="}, "fake": false}], [86743, {"py/object": "odf.components.Data", "data": {"py/b64": "AAA="}, "fake": false}], [88800, {"py/object": "odf.components.Status", "address": 1, "message_error_bit": "0", "instrumentation_bit": "0", "service_request_bit": "0", "reserved_bits": "000", "brdcst_received_bit": "0", "busy_bit": "0", "subsystem_flag_bit": "0", "dynamic_bus_control_accpt_bit": "0", "terminal_flag_bit": "1", "parity_bit": "1", "fake": false}], [88970, {"py/object": "odf.components.Command", "address": 31, "tr": 0, "sub_address": 2, "dword_count": 1, "parity": 0, "fake": false}], [89066, {"py/object": "odf.components.Data", "data": {"py/b64": "//8="}, "fake": false}], [89087, {"py/object": "odf.components.Command", "address": 4, "tr": 0, "sub_address": 2, "dword_count": 18, "parity": 0, "fake": false}], [89101, {"py/object": "odf.components.Command", "address": 3, "tr": 1, "sub_address": 2, "dword_count": 18, "parity": 0, "fake": false}], [91156, {"py/object": "odf.components.Status", "address": 3, "message_error_bit": "0", "instrumentation_bit": "0", "service_request_bit": "0", "reserved_bits": "000", "brdcst_received_bit": "0", "busy_bit": "0", "subsystem_flag_bit": "0", "dynamic_bus_control_accpt_bit": "0", "terminal_flag_bit": "1", "parity_bit": "1", "fake": false}], [91238, {"py/object": "odf.components.Data", "data": {"py/b64": "t+A="}, "fake": false}], [91322, {"py/object": "odf.components.Data", "data": {"py/b64": "eUM="}, "fake": false}], [91400, {"py/object": "odf.components.Data", "data": {"py/b64": "uvk="}, "fake": false}], [91479, {"py/object": "odf.components.Data", "data": {"py/b64": "AEU="}, "fake": false}], [91559, {"py/object": "odf.components.Data", "data": {"py/b64": "6FE="}, "fake": false}], [91636, {"py/object": "odf.components.Data", "data": {"py/b64": "B0U="}, "fake": false}], [91714, {"py/object": "odf.components.Data", "data": {"py/b64": "ImQ="}, "fake": false}], [91792, {"py/object": "odf.components.Data", "data": {"py/b64": "C0M="}, "fake": false}], [91870, {"py/object": "odf.components.Data", "data": {"py/b64": "jTA="}, "fake": false}], [91945, {"py/object": "odf.components.Data", "data": {"py/b64": "PkA="}, "fake": false}], [92026, {"py/object": "odf.components.Data", "data": {"py/b64": "ox0="}, "fake": false}], [92105, {"py/object": "odf.components.Data", "data": {"py/b64": "PkA="}, "fake": false}], [92185, {"py/object": "odf.components.Data", "data": {"py/b64": "NQQ="}, "fake": false}], [92259, {"py/object": "odf.components.Data", "data": {"py/b64": "Q0A="}, "fake": false}], [92338, {"py/object": "odf.components.Data", "data": {"py/b64": "wdI="}, "fake": false}], [92419, {"py/object": "odf.components.Data", "data": {"py/b64": "1EM="}, "fake": false}], [92493, {"py/object": "odf.components.Data", "data": {"py/b64": "tww="}, "fake": false}], [92577, {"py/object": "odf.components.Data", "data": {"py/b64": "OkQ="}, "fake": false}], [94667, {"py/object": "odf.components.Status", "address": 4, "message_error_bit": "0", "instrumentation_bit": "0", "service_request_bit": "0", "reserved_bits": "000", "brdcst_received_bit": "0", "busy_bit": "0", "subsystem_flag_bit": "0", "dynamic_bus_control_accpt_bit": "0", "terminal_flag_bit": "1", "parity_bit": "1", "fake": false}], [94760, {"py/object": "odf.components.Command", "address": 6, "tr": 0, "sub_address": 2, "dword_count": 28, "parity": 0, "fake": false}], [94785, {"py/object": "odf.components.Command", "address": 5, "tr": 1, "sub_address": 2, "dword_count": 28, "parity": 0, "fake": false}], [96846, {"py/object": "odf.components.Status", "address": 5, "message_error_bit": "0", "instrumentation_bit": "0", "service_request_bit": "0", "reserved_bits": "000", "brdcst_received_bit": "0", "busy_bit": "0", "subsystem_flag_bit": "0", "dynamic_bus_control_accpt_bit": "0", "terminal_flag_bit": "1", "parity_bit": "1", "fake": false}], [96924, {"py/object": "odf.components.Data", "data": {"py/b64": "uW0="}, "fake": false}], [97003, {"py/object": "odf.components.Data", "data": {"py/b64": "fkM="}, "fake": false}], [97078, {"py/object": "odf.components.Data", "data": {"py/b64": "lWY="}, "fake": false}], [97161, {"py/object": "odf.components.Data", "data": {"py/b64": "10M="}, "fake": false}], [97240, {"py/object": "odf.components.Data", "data": {"py/b64": "/mo="}, "fake": false}], [97318, {"py/object": "odf.components.Data", "data": {"py/b64": "lUI="}, "fake": false}], [97403, {"py/object": "odf.components.Data", "data": {"py/b64": "YCI="}, "fake": false}], [97486, {"py/object": "odf.components.Data", "data": {"py/b64": "CUI="}, "fake": false}], [97568, {"py/object": "odf.components.Data", "data": {"py/b64": "bWE="}, "fake": false}], [97646, {"py/object": "odf.components.Data", "data": {"py/b64": "08M="}, "fake": false}], [97730, {"py/object": "odf.components.Data", "data": {"py/b64": "llI="}, "fake": false}], [97810, {"py/object": "odf.components.Data", "data": {"py/b64": "bUE="}, "fake": false}], [97893, {"py/object": "odf.components.Data", "data": {"py/b64": "W9I="}, "fake": false}], [97972, {"py/object": "odf.components.Data", "data": {"py/b64": "xD4="}, "fake": false}], [98057, {"py/object": "odf.components.Data", "data": {"py/b64": "2jM="}, "fake": false}], [98134, {"py/object": "odf.components.Data", "data": {"py/b64": "D0A="}, "fake": false}], [98214, {"py/object": "odf.components.Data", "data": {"py/b64": "kE0="}, "fake": false}], [98296, {"py/object": "odf.components.Data", "data": {"py/b64": "7cA="}, "fake": false}], [98378, {"py/object": "odf.components.Data", "data": {"py/b64": "rDs="}, "fake": false}], [98457, {"py/object": "odf.components.Data", "data": {"py/b64": "BME="}, "fake": false}], [98534, {"py/object": "odf.components.Data", "data": {"py/b64": "12c="}, "fake": false}], [98620, {"py/object": "odf.components.Data", "data": {"py/b64": "10M="}, "fake": false}], [98702, {"py/object": "odf.components.Data", "data": {"py/b64": "hJg="}, "fake": false}], [98783, {"py/object": "odf.components.Data", "data": {"py/b64": "WcE="}, "fake": false}], [98864, {"py/object": "odf.components.Data", "data": {"py/b64": "BpA="}, "fake": false}], [98946, {"py/object": "odf.components.Data", "data": {"py/b64": "2kA="}, "fake": false}], [99019, {"py/object": "odf.components.Data", "data": {"py/b64": "C0Q="}, "fake": false}], [99098, {"py/object": "odf.components.Data", "data": {"py/b64": "1T4="}, "fake": false}], [101221, {"py/object": "odf.components.Status", "address": 6, "message_error_bit": "0", "instrumentation_bit": "0", "service_request_bit": "0", "reserved_bits": "000", "brdcst_received_bit": "0", "busy_bit": "0", "subsystem_flag_bit": "0", "dynamic_bus_control_accpt_bit": "0", "terminal_flag_bit": "1", "parity_bit": "1", "fake": false}], [101279, {"py/object": "odf.components.Command", "address": 8, "tr": 0, "sub_address": 2, "dword_count": 8, "parity": 0, "fake": false}], [101290, {"py/object": "odf.components.Command", "address": 7, "tr": 1, "sub_address": 2, "dword_count": 8, "parity": 0, "fake": false}], [103347, {"py/object": "odf.components.Status", "address": 7, "message_error_bit": "0", "instrumentation_bit": "0", "service_request_bit": "0", "reserved_bits": "000", "brdcst_received_bit": "0", "busy_bit": "0", "subsystem_flag_bit": "0", "dynamic_bus_control_accpt_bit": "0", "terminal_flag_bit": "1", "parity_bit": "1", "fake": false}], [103423, {"py/object": "odf.components.Data", "data": {"py/b64": "SoE="}, "fake": false}], [103492, {"py/object": "odf.components.Data", "data": {"py/b64": "1b0="}, "fake": false}], [103561, {"py/object": "odf.components.Data", "data": {"py/b64": "MwE="}, "fake": false}], [103637, {"py/object": "odf.components.Data", "data": {"py/b64": "4z4="}, "fake": false}], [103709, {"py/object": "odf.components.Data", "data": {"py/b64": "0h0="}, "fake": false}], [103789, {"py/object": "odf.components.Data", "data": {"py/b64": "4jw="}, "fake": false}], [103862, {"py/object": "odf.components.Data", "data": {"py/b64": "VoA="}, "fake": false}], [103942, {"py/object": "odf.components.Data", "data": {"py/b64": "Ezo="}, "fake": false}], [104352, {"py/object": "odf.components.Command", "address": 6, "tr": 0, "sub_address": 1, "dword_count": 17, "parity": 0, "fake": true}], [104423, {"py/object": "odf.components.Data", "data": {"py/b64": "AA8="}, "fake": true}], [106082, {"py/object": "odf.components.Status", "address": 8, "message_error_bit": "0", "instrumentation_bit": "0", "service_request_bit": "0", "reserved_bits": "000", "brdcst_received_bit": "0", "busy_bit": "0", "subsystem_flag_bit": "0", "dynamic_bus_control_accpt_bit": "0", "terminal_flag_bit": "1", "parity_bit": "1", "fake": false}], [106135, {"py/object": "odf.components.Command", "address": 10, "tr": 0, "sub_address": 2, "dword_count": 12, "parity": 0, "fake": false}], [106153, {"py/object": "odf.components.Command", "address": 9, "tr": 1, "sub_address": 2, "dword_count": 12, "parity": 0, "fake": false}], [108227, {"py/object": "odf.components.Status", "address": 9, "message_error_bit": "0", "instrumentation_bit": "0", "service_request_bit": "0", "reserved_bits": "000", "brdcst_received_bit": "0", "busy_bit": "0", "subsystem_flag_bit": "0", "dynamic_bus_control_accpt_bit": "0", "terminal_flag_bit": "1", "parity_bit": "1", "fake": false}], [108300, {"py/object": "odf.components.Data", "data": {"py/b64": "too="}, "fake": false}], [108363, {"py/object": "odf.components.Data", "data": {"py/b64": "B0I="}, "fake": false}], [108435, {"py/object": "odf.components.Data", "data": {"py/b64": "/Oo="}, "fake": false}], [108511, {"py/object": "odf.components.Data", "data": {"py/b64": "7MI="}, "fake": false}], [108589, {"py/object": "odf.components.Data", "data": {"py/b64": "FdM="}, "fake": false}], [108670, {"py/object": "odf.components.Data", "data": {"py/b64": "UUQ="}, "fake": false}], [108739, {"py/object": "odf.components.Data", "data": {"py/b64": "AAA="}, "fake": false}], [108812, {"py/object": "odf.components.Data", "data": {"py/b64": "wH8="}, "fake": false}], [108881, {"py/object": "odf.components.Data", "data": {"py/b64": "9uo="}, "fake": false}], [108953, {"py/object": "odf.components.Data", "data": {"py/b64": "7MI="}, "fake": false}], [109021, {"py/object": "odf.components.Data", "data": {"py/b64": "bnM="}, "fake": false}], [109106, {"py/object": "odf.components.Data", "data": {"py/b64": "LEU="}, "fake": false}], [111245, {"py/object": "odf.components.Status", "address": 10, "message_error_bit": "0", "instrumentation_bit": "0", "service_request_bit": "0", "reserved_bits": "000", "brdcst_received_bit": "0", "busy_bit": "0", "subsystem_flag_bit": "0", "dynamic_bus_control_accpt_bit": "0", "terminal_flag_bit": "1", "parity_bit": "1", "fake": false}], [111297, {"py/object": "odf.components.Command", "address": 12, "tr": 0, "sub_address": 2, "dword_count": 16, "parity": 0, "fake": false}], [111312, {"py/object": "odf.components.Command", "address": 11, "tr": 1, "sub_address": 2, "dword_count": 16, "parity": 0, "fake": false}], [113375, {"py/object": "odf.components.Status", "address": 11, "message_error_bit": "0", "instrumentation_bit": "0", "service_request_bit": "0", "reserved_bits": "000", "brdcst_received_bit": "0", "busy_bit": "0", "subsystem_flag_bit": "0", "dynamic_bus_control_accpt_bit": "0", "terminal_flag_bit": "1", "parity_bit": "1", "fake": false}], [113444, {"py/object": "odf.components.Data", "data": {"py/b64": "acw="}, "fake": false}], [113516, {"py/object": "odf.components.Data", "data": {"py/b64": "Djs="}, "fake": false}], [113581, {"py/object": "odf.components.Data", "data": {"py/b64": "4M0="}, "fake": false}], [113652, {"py/object": "odf.components.Data", "data": {"py/b64": "EkE="}, "fake": false}], [113717, {"py/object": "odf.components.Data", "data": {"py/b64": "agI="}, "fake": false}], [113785, {"py/object": "odf.components.Data", "data": {"py/b64": "10E="}, "fake": false}], [113848, {"py/object": "odf.components.Data", "data": {"py/b64": "gtw="}, "fake": false}], [113915, {"py/object": "odf.components.Data", "data": {"py/b64": "qUA="}, "fake": false}], [113977, {"py/object": "odf.components.Data", "data": {"py/b64": "kQM="}, "fake": false}], [114046, {"py/object": "odf.components.Data", "data": {"py/b64": "KkA="}, "fake": false}], [114116, {"py/object": "odf.components.Data", "data": {"py/b64": "wFo="}, "fake": false}], [114189, {"py/object": "odf.components.Data", "data": {"py/b64": "Mj0="}, "fake": false}], [114269, {"py/object": "odf.components.Data", "data": {"py/b64": "DQI="}, "fake": false}], [114345, {"py/object": "odf.components.Data", "data": {"py/b64": "lb0="}, "fake": false}], [114429, {"py/object": "odf.components.Data", "data": {"py/b64": "Zrw="}, "fake": false}], [114503, {"py/object": "odf.components.Data", "data": {"py/b64": "jkE="}, "fake": false}], [116621, {"py/object": "odf.components.Status", "address": 12, "message_error_bit": "0", "instrumentation_bit": "0", "service_request_bit": "0", "reserved_bits": "000", "brdcst_received_bit": "0", "busy_bit": "0", "subsystem_flag_bit": "0", "dynamic_bus_control_accpt_bit": "0", "terminal_flag_bit": "1", "parity_bit": "1", "fake": false}], [116807, {"py/object": "odf.components.Command", "address": 1, "tr": 0, "sub_address": 2, "dword_count": 4, "parity": 0, "fake": false}], [116866, {"py/object": "odf.components.Data", "data": {"py/b64": "AAA="}, "fake": false}], [116886, {"py/object": "odf.components.Data", "data": {"py/b64": "AAA="}, "fake": false}], [116898, {"py/object": "odf.components.Data", "data": {"py/b64": "AAA="}, "fake": false}], [116913, {"py/object": "odf.components.Data", "data": {"py/b64": "AAA="}, "fake": false}], [118998, {"py/object": "odf.components.Status", "address": 1, "message_error_bit": "0", "instrumentation_bit": "0", "service_request_bit": "0", "reserved_bits": "000", "brdcst_received_bit": "0", "busy_bit": "0", "subsystem_flag_bit": "0", "dynamic_bus_control_accpt_bit": "0", "terminal_flag_bit": "1", "parity_bit": "1", "fake": false}], [119176, {"py/object": "odf.components.Command", "address": 31, "tr": 0, "sub_address": 2, "dword_count": 1, "parity": 0, "fake": false}], [119234, {"py/object": "odf.components.Data", "data": {"py/b64": "//8="}, "fake": false}], [119254, {"py/object": "odf.components.Command", "address": 4, "tr": 0, "sub_address": 2, "dword_count": 18, "parity": 0, "fake": false}], [119269, {"py/object": "odf.components.Command", "address": 3, "tr": 1, "sub_address": 2, "dword_count": 18, "parity": 0, "fake": false}]], "attack_times": [[74022, 104263]], "attack_types": ["Desynchronization_Attack_on_RT"], "attack_outcome": [true]}