{"data": [[342, {"py/object": "odf.components.Command", "address": 31, "tr": 0, "sub_address": 2, "dword_count": 1, "parity": 0, "fake": false}], [458, {"py/object": "odf.components.Data", "data": {"py/b64": "//8="}, "fake": false}], [513, {"py/object": "odf.components.Command", "address": 4, "tr": 0, "sub_address": 2, "dword_count": 18, "parity": 0, "fake": false}], [532, {"py/object": "odf.components.Command", "address": 3, "tr": 1, "sub_address": 2, "dword_count": 18, "parity": 0, "fake": false}], [2605, {"py/object": "odf.components.Status", "address": 3, "message_error_bit": "0", "instrumentation_bit": "0", "service_request_bit": "0", "reserved_bits": "000", "brdcst_received_bit": "0", "busy_bit": "0", "subsystem_flag_bit": "0", "dynamic_bus_control_accpt_bit": "0", "terminal_flag_bit": "1", "parity_bit": "1", "fake": false}], [2675, {"py/object": "odf.components.Data", "data": {"py/b64": "iKs="}, "fake": false}], [2741, {"py/object": "odf.components.Data", "data": {"py/b64": "JUI="}, "fake": false}], [2798, {"py/object": "odf.components.Data", "data": {"py/b64": "yLM="}, "fake": false}], [2871, {"py/object": "odf.components.Data", "data": {"py/b64": "fb0="}, "fake": false}], [2943, {"py/object": "odf.components.Data", "data": {"py/b64": "RYY="}, "fake": false}], [3016, {"py/object": "odf.components.Data", "data": {"py/b64": "7kI="}, "fake": false}], [3089, {"py/object": "odf.components.Data", "data": {"py/b64": "q80="}, "fake": false}], [3158, {"py/object": "odf.components.Data", "data": {"py/b64": "iEM="}, "fake": false}], [3229, {"py/object": "odf.components.Data", "data": {"py/b64": "768="}, "fake": false}], [3300, {"py/object": "odf.components.Data", "data": {"py/b64": "i0A="}, "fake": false}], [3371, {"py/object": "odf.components.Data", "data": {"py/b64": "ALA="}, "fake": false}], [3443, {"py/object": "odf.components.Data", "data": {"py/b64": "i0A="}, "fake": false}], [3513, {"py/object": "odf.components.Data", "data": {"py/b64": "2w8="}, "fake": false}], [3584, {"py/object": "odf.components.Data", "data": {"py/b64": "SUA="}, "fake": false}], [3655, {"py/object": "odf.components.Data", "data": {"py/b64": "pKM="}, "fake": false}], [3727, {"py/object": "odf.components.Data", "data": {"py/b64": "1kM="}, "fake": false}], [3791, {"py/object": "odf.components.Data", "data": {"py/b64": "tww="}, "fake": false}], [3862, {"py/object": "odf.components.Data", "data": {"py/b64": "OkQ="}, "fake": false}], [5980, {"py/object": "odf.components.Status", "address": 4, "message_error_bit": "0", "instrumentation_bit": "0", "service_request_bit": "0", "reserved_bits": "000", "brdcst_received_bit": "0", "busy_bit": "0", "subsystem_flag_bit": "0", "dynamic_bus_control_accpt_bit": "0", "terminal_flag_bit": "1", "parity_bit": "1", "fake": false}], [6039, {"py/object": "odf.components.Command", "address": 6, "tr": 0, "sub_address": 2, "dword_count": 28, "parity": 0, "fake": false}], [6057, {"py/object": "odf.components.Command", "address": 5, "tr": 1, "sub_address": 2, "dword_count": 28, "parity": 0, "fake": false}], [8128, {"py/object": "odf.components.Status", "address": 5, "message_error_bit": "0", "instrumentation_bit": "0", "service_request_bit": "0", "reserved_bits": "000", "brdcst_received_bit": "0", "busy_bit": "0", "subsystem_flag_bit": "0", "dynamic_bus_control_accpt_bit": "0", "terminal_flag_bit": "1", "parity_bit": "1", "fake": false}], [8198, {"py/object": "odf.components.Data", "data": {"py/b64": "wpE="}, "fake": false}], [8271, {"py/object": "odf.components.Data", "data": {"py/b64": "rEI="}, "fake": false}], [8340, {"py/object": "odf.components.Data", "data": {"py/b64": "SSg="}, "fake": false}], [8412, {"py/object": "odf.components.Data", "data": {"py/b64": "EkM="}, "fake": false}], [8482, {"py/object": "odf.components.Data", "data": {"py/b64": "z7A="}, "fake": false}], [8554, {"py/object": "odf.components.Data", "data": {"py/b64": "EcM="}, "fake": false}], [8625, {"py/object": "odf.components.Data", "data": {"py/b64": "ahU="}, "fake": false}], [8697, {"py/object": "odf.components.Data", "data": {"py/b64": "Tzw="}, "fake": false}], [8769, {"py/object": "odf.components.Data", "data": {"py/b64": "3ig="}, "fake": false}], [8830, {"py/object": "odf.components.Data", "data": {"py/b64": "kcE="}, "fake": false}], [8894, {"py/object": "odf.components.Data", "data": {"py/b64": "N+8="}, "fake": false}], [8966, {"py/object": "odf.components.Data", "data": {"py/b64": "UsE="}, "fake": false}], [9037, {"py/object": "odf.components.Data", "data": {"py/b64": "Jeg="}, "fake": false}], [9108, {"py/object": "odf.components.Data", "data": {"py/b64": "bL8="}, "fake": false}], [9180, {"py/object": "odf.components.Data", "data": {"py/b64": "KRk="}, "fake": false}], [9256, {"py/object": "odf.components.Data", "data": {"py/b64": "BMA="}, "fake": false}], [9331, {"py/object": "odf.components.Data", "data": {"py/b64": "0GE="}, "fake": false}], [9400, {"py/object": "odf.components.Data", "data": {"py/b64": "Bbw="}, "fake": false}], [9473, {"py/object": "odf.components.Data", "data": {"py/b64": "I64="}, "fake": false}], [9542, {"py/object": "odf.components.Data", "data": {"py/b64": "bkA="}, "fake": false}], [9612, {"py/object": "odf.components.Data", "data": {"py/b64": "rHU="}, "fake": false}], [9682, {"py/object": "odf.components.Data", "data": {"py/b64": "F0M="}, "fake": false}], [9753, {"py/object": "odf.components.Data", "data": {"py/b64": "dbY="}, "fake": false}], [9825, {"py/object": "odf.components.Data", "data": {"py/b64": "Db4="}, "fake": false}], [9897, {"py/object": "odf.components.Data", "data": {"py/b64": "TfE="}, "fake": false}], [9972, {"py/object": "odf.components.Data", "data": {"py/b64": "FsA="}, "fake": false}], [10033, {"py/object": "odf.components.Data", "data": {"py/b64": "cHg="}, "fake": false}], [10091, {"py/object": "odf.components.Data", "data": {"py/b64": "UEE="}, "fake": false}], [12198, {"py/object": "odf.components.Status", "address": 6, "message_error_bit": "0", "instrumentation_bit": "0", "service_request_bit": "0", "reserved_bits": "000", "brdcst_received_bit": "0", "busy_bit": "0", "subsystem_flag_bit": "0", "dynamic_bus_control_accpt_bit": "0", "terminal_flag_bit": "1", "parity_bit": "1", "fake": false}], [12247, {"py/object": "odf.components.Command", "address": 8, "tr": 0, "sub_address": 2, "dword_count": 8, "parity": 0, "fake": false}], [12264, {"py/object": "odf.components.Command", "address": 7, "tr": 1, "sub_address": 2, "dword_count": 8, "parity": 0, "fake": false}], [14337, {"py/object": "odf.components.Status", "address": 7, "message_error_bit": "0", "instrumentation_bit": "0", "service_request_bit": "0", "reserved_bits": "000", "brdcst_received_bit": "0", "busy_bit": "0", "subsystem_flag_bit": "0", "dynamic_bus_control_accpt_bit": "0", "terminal_flag_bit": "1", "parity_bit": "1", "fake": false}], [14410, {"py/object": "odf.components.Data", "data": {"py/b64": "xJ4="}, "fake": false}], [14484, {"py/object": "odf.components.Data", "data": {"py/b64": "YL0="}, "fake": false}], [14556, {"py/object": "odf.components.Data", "data": {"py/b64": "xsM="}, "fake": false}], [14628, {"py/object": "odf.components.Data", "data": {"py/b64": "FTo="}, "fake": false}], [14699, {"py/object": "odf.components.Data", "data": {"py/b64": "lOM="}, "fake": false}], [14772, {"py/object": "odf.components.Data", "data": {"py/b64": "Jz0="}, "fake": false}], [14845, {"py/object": "odf.components.Data", "data": {"py/b64": "z3E="}, "fake": false}], [14926, {"py/object": "odf.components.Data", "data": {"py/b64": "lDk="}, "fake": false}], [17017, {"py/object": "odf.components.Status", "address": 8, "message_error_bit": "0", "instrumentation_bit": "0", "service_request_bit": "0", "reserved_bits": "000", "brdcst_received_bit": "0", "busy_bit": "0", "subsystem_flag_bit": "0", "dynamic_bus_control_accpt_bit": "0", "terminal_flag_bit": "1", "parity_bit": "1", "fake": false}], [17112, {"py/object": "odf.components.Command", "address": 10, "tr": 0, "sub_address": 2, "dword_count": 12, "parity": 0, "fake": false}], [17131, {"py/object": "odf.components.Command", "address": 9, "tr": 1, "sub_address": 2, "dword_count": 12, "parity": 0, "fake": false}], [19201, {"py/object": "odf.components.Status", "address": 9, "message_error_bit": "0", "instrumentation_bit": "0", "service_request_bit": "0", "reserved_bits": "000", "brdcst_received_bit": "0", "busy_bit": "0", "subsystem_flag_bit": "0", "dynamic_bus_control_accpt_bit": "0", "terminal_flag_bit": "1", "parity_bit": "1", "fake": false}], [19269, {"py/object": "odf.components.Data", "data": {"py/b64": "L8E="}, "fake": false}], [19336, {"py/object": "odf.components.Data", "data": {"py/b64": "B0I="}, "fake": false}], [19401, {"py/object": "odf.components.Data", "data": {"py/b64": "ocg="}, "fake": false}], [19471, {"py/object": "odf.components.Data", "data": {"py/b64": "7MI="}, "fake": false}], [19540, {"py/object": "odf.components.Data", "data": {"py/b64": "vNY="}, "fake": false}], [19608, {"py/object": "odf.components.Data", "data": {"py/b64": "MUI="}, "fake": false}], [19673, {"py/object": "odf.components.Data", "data": {"py/b64": "K8E="}, "fake": false}], [19742, {"py/object": "odf.components.Data", "data": {"py/b64": "B0I="}, "fake": false}], [19808, {"py/object": "odf.components.Data", "data": {"py/b64": "tMg="}, "fake": false}], [19879, {"py/object": "odf.components.Data", "data": {"py/b64": "7MI="}, "fake": false}], [19951, {"py/object": "odf.components.Data", "data": {"py/b64": "ivU="}, "fake": false}], [20013, {"py/object": "odf.components.Data", "data": {"py/b64": "FEM="}, "fake": false}], [22137, {"py/object": "odf.components.Status", "address": 10, "message_error_bit": "0", "instrumentation_bit": "0", "service_request_bit": "0", "reserved_bits": "000", "brdcst_received_bit": "0", "busy_bit": "0", "subsystem_flag_bit": "0", "dynamic_bus_control_accpt_bit": "0", "terminal_flag_bit": "1", "parity_bit": "1", "fake": false}], [22198, {"py/object": "odf.components.Command", "address": 12, "tr": 0, "sub_address": 2, "dword_count": 16, "parity": 0, "fake": false}], [22214, {"py/object": "odf.components.Command", "address": 11, "tr": 1, "sub_address": 2, "dword_count": 16, "parity": 0, "fake": false}], [24291, {"py/object": "odf.components.Status", "address": 11, "message_error_bit": "0", "instrumentation_bit": "0", "service_request_bit": "0", "reserved_bits": "000", "brdcst_received_bit": "0", "busy_bit": "0", "subsystem_flag_bit": "0", "dynamic_bus_control_accpt_bit": "0", "terminal_flag_bit": "1", "parity_bit": "1", "fake": false}], [24365, {"py/object": "odf.components.Data", "data": {"py/b64": "d2Y="}, "fake": false}], [24436, {"py/object": "odf.components.Data", "data": {"py/b64": "Gjs="}, "fake": false}], [24507, {"py/object": "odf.components.Data", "data": {"py/b64": "AIo="}, "fake": false}], [24581, {"py/object": "odf.components.Data", "data": {"py/b64": "ZUE="}, "fake": false}], [24653, {"py/object": "odf.components.Data", "data": {"py/b64": "roc="}, "fake": false}], [24725, {"py/object": "odf.components.Data", "data": {"py/b64": "7EE="}, "fake": false}], [24794, {"py/object": "odf.components.Data", "data": {"py/b64": "sAg="}, "fake": false}], [24866, {"py/object": "odf.components.Data", "data": {"py/b64": "YEA="}, "fake": false}], [24940, {"py/object": "odf.components.Data", "data": {"py/b64": "Ac0="}, "fake": false}], [25011, {"py/object": "odf.components.Data", "data": {"py/b64": "5T8="}, "fake": false}], [25083, {"py/object": "odf.components.Data", "data": {"py/b64": "868="}, "fake": false}], [25154, {"py/object": "odf.components.Data", "data": {"py/b64": "Aj4="}, "fake": false}], [25225, {"py/object": "odf.components.Data", "data": {"py/b64": "TQU="}, "fake": false}], [25297, {"py/object": "odf.components.Data", "data": {"py/b64": "9z4="}, "fake": false}], [25366, {"py/object": "odf.components.Data", "data": {"py/b64": "LU0="}, "fake": false}], [25441, {"py/object": "odf.components.Data", "data": {"py/b64": "nEE="}, "fake": false}], [27559, {"py/object": "odf.components.Status", "address": 12, "message_error_bit": "0", "instrumentation_bit": "0", "service_request_bit": "0", "reserved_bits": "000", "brdcst_received_bit": "0", "busy_bit": "0", "subsystem_flag_bit": "0", "dynamic_bus_control_accpt_bit": "0", "terminal_flag_bit": "1", "parity_bit": "1", "fake": false}], [27740, {"py/object": "odf.components.Command", "address": 1, "tr": 0, "sub_address": 2, "dword_count": 4, "parity": 0, "fake": false}], [27807, {"py/object": "odf.components.Data", "data": {"py/b64": "AAA="}, "fake": false}], [27819, {"py/object": "odf.components.Data", "data": {"py/b64": "AAA="}, "fake": false}], [27830, {"py/object": "odf.components.Data", "data": {"py/b64": "AAA="}, "fake": false}], [27841, {"py/object": "odf.components.Data", "data": {"py/b64": "AAA="}, "fake": false}], [29902, {"py/object": "odf.components.Status", "address": 1, "message_error_bit": "0", "instrumentation_bit": "0", "service_request_bit": "0", "reserved_bits": "000", "brdcst_received_bit": "0", "busy_bit": "0", "subsystem_flag_bit": "0", "dynamic_bus_control_accpt_bit": "0", "terminal_flag_bit": "1", "parity_bit": "1", "fake": false}], [30048, {"py/object": "odf.components.Command", "address": 31, "tr": 0, "sub_address": 2, "dword_count": 1, "parity": 0, "fake": false}], [30149, {"py/object": "odf.components.Data", "data": {"py/b64": "//8="}, "fake": false}], [30164, {"py/object": "odf.components.Command", "address": 4, "tr": 0, "sub_address": 2, "dword_count": 18, "parity": 0, "fake": false}], [30176, {"py/object": "odf.components.Command", "address": 3, "tr": 1, "sub_address": 2, "dword_count": 18, "parity": 0, "fake": false}], [32230, {"py/object": "odf.components.Status", "address": 3, "message_error_bit": "0", "instrumentation_bit": "0", "service_request_bit": "0", "reserved_bits": "000", "brdcst_received_bit": "0", "busy_bit": "0", "subsystem_flag_bit": "0", "dynamic_bus_control_accpt_bit": "0", "terminal_flag_bit": "1", "parity_bit": "1", "fake": false}], [32304, {"py/object": "odf.components.Data", "data": {"py/b64": "Z7o="}, "fake": false}], [32377, {"py/object": "odf.components.Data", "data": {"py/b64": "a0M="}, "fake": false}], [32452, {"py/object": "odf.components.Data", "data": {"py/b64": "VEk="}, "fake": false}], [32521, {"py/object": "odf.components.Data", "data": {"py/b64": "lUQ="}, "fake": false}], [32594, {"py/object": "odf.components.Data", "data": {"py/b64": "6so="}, "fake": false}], [32666, {"py/object": "odf.components.Data", "data": {"py/b64": "3EM="}, "fake": false}], [32743, {"py/object": "odf.components.Data", "data": {"py/b64": "t6g="}, "fake": false}], [32789, {"py/object": "odf.components.Data", "data": {"py/b64": "hEM="}, "fake": false}], [32862, {"py/object": "odf.components.Data", "data": {"py/b64": "bs0="}, "fake": false}], [32912, {"py/object": "odf.components.Data", "data": {"py/b64": "i0A="}, "fake": false}], [32982, {"py/object": "odf.components.Data", "data": {"py/b64": "Bs8="}, "fake": false}], [33043, {"py/object": "odf.components.Data", "data": {"py/b64": "i0A="}, "fake": false}], [33101, {"py/object": "odf.components.Data", "data": {"py/b64": "9OA="}, "fake": false}], [33173, {"py/object": "odf.components.Data", "data": {"py/b64": "QkA="}, "fake": false}], [33245, {"py/object": "odf.components.Data", "data": {"py/b64": "Osk="}, "fake": false}], [33314, {"py/object": "odf.components.Data", "data": {"py/b64": "1UM="}, "fake": false}], [33388, {"py/object": "odf.components.Data", "data": {"py/b64": "tww="}, "fake": false}], [33466, {"py/object": "odf.components.Data", "data": {"py/b64": "OkQ="}, "fake": false}], [35537, {"py/object": "odf.components.Status", "address": 4, "message_error_bit": "0", "instrumentation_bit": "0", "service_request_bit": "0", "reserved_bits": "000", "brdcst_received_bit": "0", "busy_bit": "0", "subsystem_flag_bit": "0", "dynamic_bus_control_accpt_bit": "0", "terminal_flag_bit": "1", "parity_bit": "1", "fake": false}], [35633, {"py/object": "odf.components.Command", "address": 6, "tr": 0, "sub_address": 2, "dword_count": 28, "parity": 0, "fake": false}], [35647, {"py/object": "odf.components.Command", "address": 5, "tr": 1, "sub_address": 2, "dword_count": 28, "parity": 0, "fake": false}], [37712, {"py/object": "odf.components.Status", "address": 5, "message_error_bit": "0", "instrumentation_bit": "0", "service_request_bit": "0", "reserved_bits": "000", "brdcst_received_bit": "0", "busy_bit": "0", "subsystem_flag_bit": "0", "dynamic_bus_control_accpt_bit": "0", "terminal_flag_bit": "1", "parity_bit": "1", "fake": false}], [37783, {"py/object": "odf.components.Data", "data": {"py/b64": "AdU="}, "fake": false}], [37855, {"py/object": "odf.components.Data", "data": {"py/b64": "dUM="}, "fake": false}], [37926, {"py/object": "odf.components.Data", "data": {"py/b64": "L6s="}, "fake": false}], [37997, {"py/object": "odf.components.Data", "data": {"py/b64": "z0M="}, "fake": false}], [38068, {"py/object": "odf.components.Data", "data": {"py/b64": "ieI="}, "fake": false}], [38141, {"py/object": "odf.components.Data", "data": {"py/b64": "zcM="}, "fake": false}], [38212, {"py/object": "odf.components.Data", "data": {"py/b64": "yLU="}, "fake": false}], [38285, {"py/object": "odf.components.Data", "data": {"py/b64": "ikE="}, "fake": false}], [38354, {"py/object": "odf.components.Data", "data": {"py/b64": "rBY="}, "fake": false}], [38427, {"py/object": "odf.components.Data", "data": {"py/b64": "T8I="}, "fake": false}], [38499, {"py/object": "odf.components.Data", "data": {"py/b64": "bsM="}, "fake": false}], [38570, {"py/object": "odf.components.Data", "data": {"py/b64": "vb8="}, "fake": false}], [38643, {"py/object": "odf.components.Data", "data": {"py/b64": "bEk="}, "fake": false}], [38711, {"py/object": "odf.components.Data", "data": {"py/b64": "hr4="}, "fake": false}], [38776, {"py/object": "odf.components.Data", "data": {"py/b64": "vk8="}, "fake": false}], [38841, {"py/object": "odf.components.Data", "data": {"py/b64": "yD8="}, "fake": false}], [38910, {"py/object": "odf.components.Data", "data": {"py/b64": "9jM="}, "fake": false}], [38983, {"py/object": "odf.components.Data", "data": {"py/b64": "078="}, "fake": false}], [39055, {"py/object": "odf.components.Data", "data": {"py/b64": "B8k="}, "fake": false}], [39127, {"py/object": "odf.components.Data", "data": {"py/b64": "LcE="}, "fake": false}], [39200, {"py/object": "odf.components.Data", "data": {"py/b64": "19k="}, "fake": false}], [39269, {"py/object": "odf.components.Data", "data": {"py/b64": "z0M="}, "fake": false}], [39347, {"py/object": "odf.components.Data", "data": {"py/b64": "slA="}, "fake": false}], [39420, {"py/object": "odf.components.Data", "data": {"py/b64": "Vr8="}, "fake": false}], [39491, {"py/object": "odf.components.Data", "data": {"py/b64": "9Po="}, "fake": false}], [39563, {"py/object": "odf.components.Data", "data": {"py/b64": "nL4="}, "fake": false}], [39633, {"py/object": "odf.components.Data", "data": {"py/b64": "VeY="}, "fake": false}], [39709, {"py/object": "odf.components.Data", "data": {"py/b64": "gD8="}, "fake": false}], [41791, {"py/object": "odf.components.Status", "address": 6, "message_error_bit": "0", "instrumentation_bit": "0", "service_request_bit": "0", "reserved_bits": "000", "brdcst_received_bit": "0", "busy_bit": "0", "subsystem_flag_bit": "0", "dynamic_bus_control_accpt_bit": "0", "terminal_flag_bit": "1", "parity_bit": "1", "fake": false}], [41885, {"py/object": "odf.components.Command", "address": 8, "tr": 0, "sub_address": 2, "dword_count": 8, "parity": 0, "fake": false}], [41899, {"py/object": "odf.components.Command", "address": 7, "tr": 1, "sub_address": 2, "dword_count": 8, "parity": 0, "fake": false}], [43967, {"py/object": "odf.components.Status", "address": 7, "message_error_bit": "0", "instrumentation_bit": "0", "service_request_bit": "0", "reserved_bits": "000", "brdcst_received_bit": "0", "busy_bit": "0", "subsystem_flag_bit": "0", "dynamic_bus_control_accpt_bit": "0", "terminal_flag_bit": "1", "parity_bit": "1", "fake": false}], [44038, {"py/object": "odf.components.Data", "data": {"py/b64": "fiU="}, "fake": false}], [44110, {"py/object": "odf.components.Data", "data": {"py/b64": "h70="}, "fake": false}], [44183, {"py/object": "odf.components.Data", "data": {"py/b64": "x4U="}, "fake": false}], [44255, {"py/object": "odf.components.Data", "data": {"py/b64": "jbs="}, "fake": false}], [44325, {"py/object": "odf.components.Data", "data": {"py/b64": "DeA="}, "fake": false}], [44398, {"py/object": "odf.components.Data", "data": {"py/b64": "0Tw="}, "fake": false}], [44470, {"py/object": "odf.components.Data", "data": {"py/b64": "ZDQ="}, "fake": false}], [44547, {"py/object": "odf.components.Data", "data": {"py/b64": "Vbo="}, "fake": false}], [46676, {"py/object": "odf.components.Status", "address": 8, "message_error_bit": "0", "instrumentation_bit": "0", "service_request_bit": "0", "reserved_bits": "000", "brdcst_received_bit": "0", "busy_bit": "0", "subsystem_flag_bit": "0", "dynamic_bus_control_accpt_bit": "0", "terminal_flag_bit": "1", "parity_bit": "1", "fake": false}], [46728, {"py/object": "odf.components.Command", "address": 10, "tr": 0, "sub_address": 2, "dword_count": 12, "parity": 0, "fake": false}], [46740, {"py/object": "odf.components.Command", "address": 9, "tr": 1, "sub_address": 2, "dword_count": 12, "parity": 0, "fake": false}], [48806, {"py/object": "odf.components.Status", "address": 9, "message_error_bit": "0", "instrumentation_bit": "0", "service_request_bit": "0", "reserved_bits": "000", "brdcst_received_bit": "0", "busy_bit": "0", "subsystem_flag_bit": "0", "dynamic_bus_control_accpt_bit": "0", "terminal_flag_bit": "1", "parity_bit": "1", "fake": false}], [48877, {"py/object": "odf.components.Data", "data": {"py/b64": "T70="}, "fake": false}], [48949, {"py/object": "odf.components.Data", "data": {"py/b64": "B0I="}, "fake": false}], [49020, {"py/object": "odf.components.Data", "data": {"py/b64": "Sds="}, "fake": false}], [49092, {"py/object": "odf.components.Data", "data": {"py/b64": "7MI="}, "fake": false}], [49161, {"py/object": "odf.components.Data", "data": {"py/b64": "m+o="}, "fake": false}], [49234, {"py/object": "odf.components.Data", "data": {"py/b64": "aEM="}, "fake": false}], [49305, {"py/object": "odf.components.Data", "data": {"py/b64": "Sr0="}, "fake": false}], [49377, {"py/object": "odf.components.Data", "data": {"py/b64": "B0I="}, "fake": false}], [49450, {"py/object": "odf.components.Data", "data": {"py/b64": "Yts="}, "fake": false}], [49523, {"py/object": "odf.components.Data", "data": {"py/b64": "7MI="}, "fake": false}], [49595, {"py/object": "odf.components.Data", "data": {"py/b64": "Ugk="}, "fake": false}], [49671, {"py/object": "odf.components.Data", "data": {"py/b64": "QEQ="}, "fake": false}], [51775, {"py/object": "odf.components.Status", "address": 10, "message_error_bit": "0", "instrumentation_bit": "0", "service_request_bit": "0", "reserved_bits": "000", "brdcst_received_bit": "0", "busy_bit": "0", "subsystem_flag_bit": "0", "dynamic_bus_control_accpt_bit": "0", "terminal_flag_bit": "1", "parity_bit": "1", "fake": false}], [51862, {"py/object": "odf.components.Command", "address": 12, "tr": 0, "sub_address": 2, "dword_count": 16, "parity": 0, "fake": false}], [51877, {"py/object": "odf.components.Command", "address": 11, "tr": 1, "sub_address": 2, "dword_count": 16, "parity": 0, "fake": false}], [53935, {"py/object": "odf.components.Status", "address": 11, "message_error_bit": "0", "instrumentation_bit": "0", "service_request_bit": "0", "reserved_bits": "000", "brdcst_received_bit": "0", "busy_bit": "0", "subsystem_flag_bit": "0", "dynamic_bus_control_accpt_bit": "0", "terminal_flag_bit": "1", "parity_bit": "1", "fake": false}], [54008, {"py/object": "odf.components.Data", "data": {"py/b64": "i5E="}, "fake": false}], [54078, {"py/object": "odf.components.Data", "data": {"py/b64": "Fzs="}, "fake": false}], [54151, {"py/object": "odf.components.Data", "data": {"py/b64": "AIU="}, "fake": false}], [54223, {"py/object": "odf.components.Data", "data": {"py/b64": "UkE="}, "fake": false}], [54295, {"py/object": "odf.components.Data", "data": {"py/b64": "UW8="}, "fake": false}], [54368, {"py/object": "odf.components.Data", "data": {"py/b64": "50E="}, "fake": false}], [54444, {"py/object": "odf.components.Data", "data": {"py/b64": "7gw="}, "fake": false}], [54516, {"py/object": "odf.components.Data", "data": {"py/b64": "t0A="}, "fake": false}], [54590, {"py/object": "odf.components.Data", "data": {"py/b64": "kE0="}, "fake": false}], [54660, {"py/object": "odf.components.Data", "data": {"py/b64": "PEA="}, "fake": false}], [54732, {"py/object": "odf.components.Data", "data": {"py/b64": "ksE="}, "fake": false}], [54803, {"py/object": "odf.components.Data", "data": {"py/b64": "6T0="}, "fake": false}], [54876, {"py/object": "odf.components.Data", "data": {"py/b64": "XXo="}, "fake": false}], [54948, {"py/object": "odf.components.Data", "data": {"py/b64": "ZD4="}, "fake": false}], [55022, {"py/object": "odf.components.Data", "data": {"py/b64": "Ykg="}, "fake": false}], [55096, {"py/object": "odf.components.Data", "data": {"py/b64": "q0E="}, "fake": false}], [57234, {"py/object": "odf.components.Status", "address": 12, "message_error_bit": "0", "instrumentation_bit": "0", "service_request_bit": "0", "reserved_bits": "000", "brdcst_received_bit": "0", "busy_bit": "0", "subsystem_flag_bit": "0", "dynamic_bus_control_accpt_bit": "0", "terminal_flag_bit": "1", "parity_bit": "1", "fake": false}], [57409, {"py/object": "odf.components.Command", "address": 1, "tr": 0, "sub_address": 2, "dword_count": 4, "parity": 0, "fake": false}], [57464, {"py/object": "odf.components.Data", "data": {"py/b64": "AAA="}, "fake": false}], [57476, {"py/object": "odf.components.Data", "data": {"py/b64": "AAA="}, "fake": false}], [57489, {"py/object": "odf.components.Data", "data": {"py/b64": "AAA="}, "fake": false}], [57502, {"py/object": "odf.components.Data", "data": {"py/b64": "AAA="}, "fake": false}], [59540, {"py/object": "odf.components.Status", "address": 1, "message_error_bit": "0", "instrumentation_bit": "0", "service_request_bit": "0", "reserved_bits": "000", "brdcst_received_bit": "0", "busy_bit": "0", "subsystem_flag_bit": "0", "dynamic_bus_control_accpt_bit": "0", "terminal_flag_bit": "1", "parity_bit": "1", "fake": false}], [59720, {"py/object": "odf.components.Command", "address": 31, "tr": 0, "sub_address": 2, "dword_count": 1, "parity": 0, "fake": false}], [59805, {"py/object": "odf.components.Data", "data": {"py/b64": "//8="}, "fake": false}], [59822, {"py/object": "odf.components.Command", "address": 4, "tr": 0, "sub_address": 2, "dword_count": 18, "parity": 0, "fake": false}], [59832, {"py/object": "odf.components.Command", "address": 3, "tr": 1, "sub_address": 2, "dword_count": 18, "parity": 0, "fake": false}], [61890, {"py/object": "odf.components.Status", "address": 3, "message_error_bit": "0", "instrumentation_bit": "0", "service_request_bit": "0", "reserved_bits": "000", "brdcst_received_bit": "0", "busy_bit": "0", "subsystem_flag_bit": "0", "dynamic_bus_control_accpt_bit": "0", "terminal_flag_bit": "1", "parity_bit": "1", "fake": false}], [61968, {"py/object": "odf.components.Data", "data": {"py/b64": "kuU="}, "fake": false}], [62050, {"py/object": "odf.components.Data", "data": {"py/b64": "eUM="}, "fake": false}], [62129, {"py/object": "odf.components.Data", "data": {"py/b64": "r2I="}, "fake": false}], [62209, {"py/object": "odf.components.Data", "data": {"py/b64": "AEU="}, "fake": false}], [62286, {"py/object": "odf.components.Data", "data": {"py/b64": "rWM="}, "fake": false}], [62368, {"py/object": "odf.components.Data", "data": {"py/b64": "kEQ="}, "fake": false}], [62431, {"py/object": "odf.components.Data", "data": {"py/b64": "DzY="}, "fake": false}], [62508, {"py/object": "odf.components.Data", "data": {"py/b64": "WkM="}, "fake": false}], [62588, {"py/object": "odf.components.Data", "data": {"py/b64": "D1o="}, "fake": false}], [62675, {"py/object": "odf.components.Data", "data": {"py/b64": "gUA="}, "fake": false}], [62752, {"py/object": "odf.components.Data", "data": {"py/b64": "nk0="}, "fake": false}], [62832, {"py/object": "odf.components.Data", "data": {"py/b64": "gUA="}, "fake": false}], [62912, {"py/object": "odf.components.Data", "data": {"py/b64": "rfk="}, "fake": false}], [62990, {"py/object": "odf.components.Data", "data": {"py/b64": "QkA="}, "fake": false}], [63069, {"py/object": "odf.components.Data", "data": {"py/b64": "Kk4="}, "fake": false}], [63148, {"py/object": "odf.components.Data", "data": {"py/b64": "1UM="}, "fake": false}], [63226, {"py/object": "odf.components.Data", "data": {"py/b64": "tww="}, "fake": false}], [63313, {"py/object": "odf.components.Data", "data": {"py/b64": "OkQ="}, "fake": false}], [65415, {"py/object": "odf.components.Status", "address": 4, "message_error_bit": "0", "instrumentation_bit": "0", "service_request_bit": "0", "reserved_bits": "000", "brdcst_received_bit": "0", "busy_bit": "0", "subsystem_flag_bit": "0", "dynamic_bus_control_accpt_bit": "0", "terminal_flag_bit": "1", "parity_bit": "1", "fake": false}], [65499, {"py/object": "odf.components.Command", "address": 6, "tr": 0, "sub_address": 2, "dword_count": 28, "parity": 0, "fake": false}], [65513, {"py/object": "odf.components.Command", "address": 5, "tr": 1, "sub_address": 2, "dword_count": 28, "parity": 0, "fake": false}], [67579, {"py/object": "odf.components.Status", "address": 5, "message_error_bit": "0", "instrumentation_bit": "0", "service_request_bit": "0", "reserved_bits": "000", "brdcst_received_bit": "0", "busy_bit": "0", "subsystem_flag_bit": "0", "dynamic_bus_control_accpt_bit": "0", "terminal_flag_bit": "1", "parity_bit": "1", "fake": false}], [67657, {"py/object": "odf.components.Data", "data": {"py/b64": "Ey4="}, "fake": false}], [67737, {"py/object": "odf.components.Data", "data": {"py/b64": "dkM="}, "fake": false}], [67816, {"py/object": "odf.components.Data", "data": {"py/b64": "sXc="}, "fake": false}], [67894, {"py/object": "odf.components.Data", "data": {"py/b64": "0EM="}, "fake": false}], [67962, {"py/object": "odf.components.Data", "data": {"py/b64": "xLw="}, "fake": false}], [68040, {"py/object": "odf.components.Data", "data": {"py/b64": "ocM="}, "fake": false}], [68110, {"py/object": "odf.components.Data", "data": {"py/b64": "s28="}, "fake": false}], [68188, {"py/object": "odf.components.Data", "data": {"py/b64": "CUI="}, "fake": false}], [68270, {"py/object": "odf.components.Data", "data": {"py/b64": "LeI="}, "fake": false}], [68349, {"py/object": "odf.components.Data", "data": {"py/b64": "gsM="}, "fake": false}], [68427, {"py/object": "odf.components.Data", "data": {"py/b64": "Idw="}, "fake": false}], [68506, {"py/object": "odf.components.Data", "data": {"py/b64": "EEE="}, "fake": false}], [68587, {"py/object": "odf.components.Data", "data": {"py/b64": "DDE="}, "fake": false}], [68665, {"py/object": "odf.components.Data", "data": {"py/b64": "tb8="}, "fake": false}], [68742, {"py/object": "odf.components.Data", "data": {"py/b64": "TDM="}, "fake": false}], [68820, {"py/object": "odf.components.Data", "data": {"py/b64": "P8E="}, "fake": false}], [68894, {"py/object": "odf.components.Data", "data": {"py/b64": "BHI="}, "fake": false}], [68966, {"py/object": "odf.components.Data", "data": {"py/b64": "o8A="}, "fake": false}], [69043, {"py/object": "odf.components.Data", "data": {"py/b64": "7ec="}, "fake": false}], [69125, {"py/object": "odf.components.Data", "data": {"py/b64": "CcE="}, "fake": false}], [69203, {"py/object": "odf.components.Data", "data": {"py/b64": "4XY="}, "fake": false}], [69283, {"py/object": "odf.components.Data", "data": {"py/b64": "0EM="}, "fake": false}], [69366, {"py/object": "odf.components.Data", "data": {"py/b64": "FBA="}, "fake": false}], [69444, {"py/object": "odf.components.Data", "data": {"py/b64": "YcE="}, "fake": false}], [69532, {"py/object": "odf.components.Data", "data": {"py/b64": "AfI="}, "fake": false}], [69612, {"py/object": "odf.components.Data", "data": {"py/b64": "uEA="}, "fake": false}], [69695, {"py/object": "odf.components.Data", "data": {"py/b64": "v9Y="}, "fake": false}], [69781, {"py/object": "odf.components.Data", "data": {"py/b64": "oz4="}, "fake": false}], [71918, {"py/object": "odf.components.Status", "address": 6, "message_error_bit": "0", "instrumentation_bit": "0", "service_request_bit": "0", "reserved_bits": "000", "brdcst_received_bit": "0", "busy_bit": "0", "subsystem_flag_bit": "0", "dynamic_bus_control_accpt_bit": "0", "terminal_flag_bit": "1", "parity_bit": "1", "fake": false}], [71973, {"py/object": "odf.components.Command", "address": 8, "tr": 0, "sub_address": 2, "dword_count": 8, "parity": 0, "fake": false}], [71988, {"py/object": "odf.components.Command", "address": 7, "tr": 1, "sub_address": 2, "dword_count": 8, "parity": 0, "fake": false}], [74054, {"py/object": "odf.components.Status", "address": 7, "message_error_bit": "0", "instrumentation_bit": "0", "service_request_bit": "0", "reserved_bits": "000", "brdcst_received_bit": "0", "busy_bit": "0", "subsystem_flag_bit": "0", "dynamic_bus_control_accpt_bit": "0", "terminal_flag_bit": "1", "parity_bit": "1", "fake": false}], [74133, {"py/object": "odf.components.Data", "data": {"py/b64": "BwQ="}, "fake": false}], [74213, {"py/object": "odf.components.Data", "data": {"py/b64": "2L0="}, "fake": false}], [74293, {"py/object": "odf.components.Data", "data": {"py/b64": "/3Q="}, "fake": false}], [74373, {"py/object": "odf.components.Data", "data": {"py/b64": "5z4="}, "fake": false}], [74450, {"py/object": "odf.components.Data", "data": {"py/b64": "khE="}, "fake": false}], [74532, {"py/object": "odf.components.Data", "data": {"py/b64": "5zw="}, "fake": false}], [74603, {"py/object": "odf.components.Data", "data": {"py/b64": "CvU="}, "fake": false}], [74670, {"py/object": "odf.components.Data", "data": {"py/b64": "1bk="}, "fake": false}], [76801, {"py/object": "odf.components.Status", "address": 8, "message_error_bit": "0", "instrumentation_bit": "0", "service_request_bit": "0", "reserved_bits": "000", "brdcst_received_bit": "0", "busy_bit": "0", "subsystem_flag_bit": "0", "dynamic_bus_control_accpt_bit": "0", "terminal_flag_bit": "1", "parity_bit": "1", "fake": false}], [76866, {"py/object": "odf.components.Command", "address": 10, "tr": 0, "sub_address": 2, "dword_count": 12, "parity": 0, "fake": false}], [76881, {"py/object": "odf.components.Command", "address": 9, "tr": 1, "sub_address": 2, "dword_count": 12, "parity": 0, "fake": false}], [78950, {"py/object": "odf.components.Status", "address": 9, "message_error_bit": "0", "instrumentation_bit": "0", "service_request_bit": "0", "reserved_bits": "000", "brdcst_received_bit": "0", "busy_bit": "0", "subsystem_flag_bit": "0", "dynamic_bus_control_accpt_bit": "0", "terminal_flag_bit": "1", "parity_bit": "1", "fake": false}], [79029, {"py/object": "odf.components.Data", "data": {"py/b64": "66w="}, "fake": false}], [79110, {"py/object": "odf.components.Data", "data": {"py/b64": "B0I="}, "fake": false}], [79194, {"py/object": "odf.components.Data", "data": {"py/b64": "k+s="}, "fake": false}], [79278, {"py/object": "odf.components.Data", "data": {"py/b64": "7MI="}, "fake": false}], [79360, {"py/object": "odf.components.Data", "data": {"py/b64": "Guk="}, "fake": false}], [79439, {"py/object": "odf.components.Data", "data": {"py/b64": "A0Q="}, "fake": false}], [79520, {"py/object": "odf.components.Data", "data": {"py/b64": "yKw="}, "fake": false}], [79599, {"py/object": "odf.components.Data", "data": {"py/b64": "B0I="}, "fake": false}], [79679, {"py/object": "odf.components.Data", "data": {"py/b64": "nOs="}, "fake": false}], [79758, {"py/object": "odf.components.Data", "data": {"py/b64": "7MI="}, "fake": false}], [79835, {"py/object": "odf.components.Data", "data": {"py/b64": "Ico="}, "fake": false}], [79917, {"py/object": "odf.components.Data", "data": {"py/b64": "2EQ="}, "fake": false}], [82047, {"py/object": "odf.components.Status", "address": 10, "message_error_bit": "0", "instrumentation_bit": "0", "service_request_bit": "0", "reserved_bits": "000", "brdcst_received_bit": "0", "busy_bit": "0", "subsystem_flag_bit": "0", "dynamic_bus_control_accpt_bit": "0", "terminal_flag_bit": "1", "parity_bit": "1", "fake": false}], [82103, {"py/object": "odf.components.Command", "address": 12, "tr": 0, "sub_address": 2, "dword_count": 16, "parity": 0, "fake": false}], [82118, {"py/object": "odf.components.Command", "address": 11, "tr": 1, "sub_address": 2, "dword_count": 16, "parity": 0, "fake": false}], [84190, {"py/object": "odf.components.Status", "address": 11, "message_error_bit": "0", "instrumentation_bit": "0", "service_request_bit": "0", "reserved_bits": "000", "brdcst_received_bit": "0", "busy_bit": "0", "subsystem_flag_bit": "0", "dynamic_bus_control_accpt_bit": "0", "terminal_flag_bit": "1", "parity_bit": "1", "fake": false}], [84269, {"py/object": "odf.components.Data", "data": {"py/b64": "jh4="}, "fake": false}], [84350, {"py/object": "odf.components.Data", "data": {"py/b64": "Ezs="}, "fake": false}], [84428, {"py/object": "odf.components.Data", "data": {"py/b64": "oIY="}, "fake": false}], [84509, {"py/object": "odf.components.Data", "data": {"py/b64": "MkE="}, "fake": false}], [84587, {"py/object": "odf.components.Data", "data": {"py/b64": "jBA="}, "fake": false}], [84666, {"py/object": "odf.components.Data", "data": {"py/b64": "30E="}, "fake": false}], [84745, {"py/object": "odf.components.Data", "data": {"py/b64": "6Nw="}, "fake": false}], [84824, {"py/object": "odf.components.Data", "data": {"py/b64": "oEA="}, "fake": false}], [84901, {"py/object": "odf.components.Data", "data": {"py/b64": "vdY="}, "fake": false}], [84970, {"py/object": "odf.components.Data", "data": {"py/b64": "IUA="}, "fake": false}], [85034, {"py/object": "odf.components.Data", "data": {"py/b64": "oWc="}, "fake": false}], [85103, {"py/object": "odf.components.Data", "data": {"py/b64": "ULs="}, "fake": false}], [85171, {"py/object": "odf.components.Data", "data": {"py/b64": "bw8="}, "fake": false}], [85254, {"py/object": "odf.components.Data", "data": {"py/b64": "ED0="}, "fake": false}], [85313, {"py/object": "odf.components.Data", "data": {"py/b64": "5rU="}, "fake": false}], [85394, {"py/object": "odf.components.Data", "data": {"py/b64": "nEE="}, "fake": false}], [87498, {"py/object": "odf.components.Status", "address": 12, "message_error_bit": "0", "instrumentation_bit": "0", "service_request_bit": "0", "reserved_bits": "000", "brdcst_received_bit": "0", "busy_bit": "0", "subsystem_flag_bit": "0", "dynamic_bus_control_accpt_bit": "0", "terminal_flag_bit": "1", "parity_bit": "1", "fake": false}], [87698, {"py/object": "odf.components.Command", "address": 1, "tr": 0, "sub_address": 2, "dword_count": 4, "parity": 0, "fake": false}], [87794, {"py/object": "odf.components.Data", "data": {"py/b64": "AAA="}, "fake": false}], [87811, {"py/object": "odf.components.Data", "data": {"py/b64": "AAA="}, "fake": false}], [87825, {"py/object": "odf.components.Data", "data": {"py/b64": "AAA="}, "fake": false}], [87837, {"py/object": "odf.components.Data", "data": {"py/b64": "AAA="}, "fake": false}], [89867, {"py/object": "odf.components.Status", "address": 1, "message_error_bit": "0", "instrumentation_bit": "0", "service_request_bit": "0", "reserved_bits": "000", "brdcst_received_bit": "0", "busy_bit": "0", "subsystem_flag_bit": "0", "dynamic_bus_control_accpt_bit": "0", "terminal_flag_bit": "1", "parity_bit": "1", "fake": false}], [90033, {"py/object": "odf.components.Command", "address": 31, "tr": 0, "sub_address": 2, "dword_count": 1, "parity": 0, "fake": false}], [90114, {"py/object": "odf.components.Data", "data": {"py/b64": "//8="}, "fake": false}], [90132, {"py/object": "odf.components.Command", "address": 4, "tr": 0, "sub_address": 2, "dword_count": 18, "parity": 0, "fake": false}], [90144, {"py/object": "odf.components.Command", "address": 3, "tr": 1, "sub_address": 2, "dword_count": 18, "parity": 0, "fake": false}], [92205, {"py/object": "odf.components.Status", "address": 3, "message_error_bit": "0", "instrumentation_bit": "0", "service_request_bit": "0", "reserved_bits": "000", "brdcst_received_bit": "0", "busy_bit": "0", "subsystem_flag_bit": "0", "dynamic_bus_control_accpt_bit": "0", "terminal_flag_bit": "1", "parity_bit": "1", "fake": false}], [92286, {"py/object": "odf.components.Data", "data": {"py/b64": "t+A="}, "fake": false}], [92368, {"py/object": "odf.components.Data", "data": {"py/b64": "eUM="}, "fake": false}], [92444, {"py/object": "odf.components.Data", "data": {"py/b64": "uvk="}, "fake": false}], [92525, {"py/object": "odf.components.Data", "data": {"py/b64": "AEU="}, "fake": false}], [92602, {"py/object": "odf.components.Data", "data": {"py/b64": "6FE="}, "fake": false}], [92684, {"py/object": "odf.components.Data", "data": {"py/b64": "B0U="}, "fake": false}], [92757, {"py/object": "odf.components.Data", "data": {"py/b64": "ImQ="}, "fake": false}], [92836, {"py/object": "odf.components.Data", "data": {"py/b64": "C0M="}, "fake": false}], [92917, {"py/object": "odf.components.Data", "data": {"py/b64": "jTA="}, "fake": false}], [92995, {"py/object": "odf.components.Data", "data": {"py/b64": "PkA="}, "fake": false}], [93073, {"py/object": "odf.components.Data", "data": {"py/b64": "ox0="}, "fake": false}], [93154, {"py/object": "odf.components.Data", "data": {"py/b64": "PkA="}, "fake": false}], [93235, {"py/object": "odf.components.Data", "data": {"py/b64": "NQQ="}, "fake": false}], [93316, {"py/object": "odf.components.Data", "data": {"py/b64": "Q0A="}, "fake": false}], [93396, {"py/object": "odf.components.Data", "data": {"py/b64": "wdI="}, "fake": false}], [93477, {"py/object": "odf.components.Data", "data": {"py/b64": "1EM="}, "fake": false}], [93556, {"py/object": "odf.components.Data", "data": {"py/b64": "tww="}, "fake": false}], [93643, {"py/object": "odf.components.Data", "data": {"py/b64": "OkQ="}, "fake": false}], [95743, {"py/object": "odf.components.Status", "address": 4, "message_error_bit": "0", "instrumentation_bit": "0", "service_request_bit": "0", "reserved_bits": "000", "brdcst_received_bit": "0", "busy_bit": "0", "subsystem_flag_bit": "0", "dynamic_bus_control_accpt_bit": "0", "terminal_flag_bit": "1", "parity_bit": "1", "fake": false}], [95807, {"py/object": "odf.components.Command", "address": 6, "tr": 0, "sub_address": 2, "dword_count": 28, "parity": 0, "fake": false}], [95821, {"py/object": "odf.components.Command", "address": 5, "tr": 1, "sub_address": 2, "dword_count": 28, "parity": 0, "fake": false}], [97883, {"py/object": "odf.components.Status", "address": 5, "message_error_bit": "0", "instrumentation_bit": "0", "service_request_bit": "0", "reserved_bits": "000", "brdcst_received_bit": "0", "busy_bit": "0", "subsystem_flag_bit": "0", "dynamic_bus_control_accpt_bit": "0", "terminal_flag_bit": "1", "parity_bit": "1", "fake": false}], [97961, {"py/object": "odf.components.Data", "data": {"py/b64": "uW0="}, "fake": false}], [98039, {"py/object": "odf.components.Data", "data": {"py/b64": "fkM="}, "fake": false}], [98121, {"py/object": "odf.components.Data", "data": {"py/b64": "lWY="}, "fake": false}], [98199, {"py/object": "odf.components.Data", "data": {"py/b64": "10M="}, "fake": false}], [98279, {"py/object": "odf.components.Data", "data": {"py/b64": "/mo="}, "fake": false}], [98416, {"py/object": "odf.components.Data", "data": {"py/b64": "lUI="}, "fake": false}], [98443, {"py/object": "odf.components.Data", "data": {"py/b64": "YCI="}, "fake": false}], [98516, {"py/object": "odf.components.Data", "data": {"py/b64": "CUI="}, "fake": false}], [98577, {"py/object": "odf.components.Data", "data": {"py/b64": "bWE="}, "fake": false}], [98658, {"py/object": "odf.components.Data", "data": {"py/b64": "08M="}, "fake": false}], [98735, {"py/object": "odf.components.Data", "data": {"py/b64": "llI="}, "fake": false}], [98814, {"py/object": "odf.components.Data", "data": {"py/b64": "bUE="}, "fake": false}], [98897, {"py/object": "odf.components.Data", "data": {"py/b64": "W9I="}, "fake": false}], [98977, {"py/object": "odf.components.Data", "data": {"py/b64": "xD4="}, "fake": false}], [99057, {"py/object": "odf.components.Data", "data": {"py/b64": "2jM="}, "fake": false}], [99136, {"py/object": "odf.components.Data", "data": {"py/b64": "D0A="}, "fake": false}], [99218, {"py/object": "odf.components.Data", "data": {"py/b64": "kE0="}, "fake": false}], [99298, {"py/object": "odf.components.Data", "data": {"py/b64": "7cA="}, "fake": false}], [99378, {"py/object": "odf.components.Data", "data": {"py/b64": "rDs="}, "fake": false}], [99459, {"py/object": "odf.components.Data", "data": {"py/b64": "BME="}, "fake": false}], [99538, {"py/object": "odf.components.Data", "data": {"py/b64": "12c="}, "fake": false}], [99623, {"py/object": "odf.components.Data", "data": {"py/b64": "10M="}, "fake": false}], [99703, {"py/object": "odf.components.Data", "data": {"py/b64": "hJg="}, "fake": false}], [99785, {"py/object": "odf.components.Data", "data": {"py/b64": "WcE="}, "fake": false}], [99865, {"py/object": "odf.components.Data", "data": {"py/b64": "BpA="}, "fake": false}], [99947, {"py/object": "odf.components.Data", "data": {"py/b64": "2kA="}, "fake": false}], [100021, {"py/object": "odf.components.Data", "data": {"py/b64": "C0Q="}, "fake": false}], [100100, {"py/object": "odf.components.Data", "data": {"py/b64": "1T4="}, "fake": false}], [102182, {"py/object": "odf.components.Status", "address": 6, "message_error_bit": "0", "instrumentation_bit": "0", "service_request_bit": "0", "reserved_bits": "000", "brdcst_received_bit": "0", "busy_bit": "0", "subsystem_flag_bit": "0", "dynamic_bus_control_accpt_bit": "0", "terminal_flag_bit": "1", "parity_bit": "1", "fake": false}], [102292, {"py/object": "odf.components.Command", "address": 8, "tr": 0, "sub_address": 2, "dword_count": 8, "parity": 0, "fake": false}], [102310, {"py/object": "odf.components.Command", "address": 7, "tr": 1, "sub_address": 2, "dword_count": 8, "parity": 0, "fake": false}], [104385, {"py/object": "odf.components.Status", "address": 7, "message_error_bit": "0", "instrumentation_bit": "0", "service_request_bit": "0", "reserved_bits": "000", "brdcst_received_bit": "0", "busy_bit": "0", "subsystem_flag_bit": "0", "dynamic_bus_control_accpt_bit": "0", "terminal_flag_bit": "1", "parity_bit": "1", "fake": false}], [104466, {"py/object": "odf.components.Data", "data": {"py/b64": "SoE="}, "fake": false}], [104547, {"py/object": "odf.components.Data", "data": {"py/b64": "1b0="}, "fake": false}], [104630, {"py/object": "odf.components.Data", "data": {"py/b64": "MwE="}, "fake": false}], [104710, {"py/object": "odf.components.Data", "data": {"py/b64": "4z4="}, "fake": false}], [104792, {"py/object": "odf.components.Data", "data": {"py/b64": "0h0="}, "fake": false}], [104875, {"py/object": "odf.components.Data", "data": {"py/b64": "4jw="}, "fake": false}], [104955, {"py/object": "odf.components.Data", "data": {"py/b64": "VoA="}, "fake": false}], [105041, {"py/object": "odf.components.Data", "data": {"py/b64": "Ezo="}, "fake": false}], [107159, {"py/object": "odf.components.Status", "address": 8, "message_error_bit": "0", "instrumentation_bit": "0", "service_request_bit": "0", "reserved_bits": "000", "brdcst_received_bit": "0", "busy_bit": "0", "subsystem_flag_bit": "0", "dynamic_bus_control_accpt_bit": "0", "terminal_flag_bit": "1", "parity_bit": "1", "fake": false}], [107234, {"py/object": "odf.components.Command", "address": 10, "tr": 0, "sub_address": 2, "dword_count": 12, "parity": 0, "fake": false}], [107249, {"py/object": "odf.components.Command", "address": 9, "tr": 1, "sub_address": 2, "dword_count": 12, "parity": 0, "fake": false}], [109321, {"py/object": "odf.components.Status", "address": 9, "message_error_bit": "0", "instrumentation_bit": "0", "service_request_bit": "0", "reserved_bits": "000", "brdcst_received_bit": "0", "busy_bit": "0", "subsystem_flag_bit": "0", "dynamic_bus_control_accpt_bit": "0", "terminal_flag_bit": "1", "parity_bit": "1", "fake": false}], [109404, {"py/object": "odf.components.Data", "data": {"py/b64": "n4g="}, "fake": false}], [109485, {"py/object": "odf.components.Data", "data": {"py/b64": "B0I="}, "fake": false}], [109564, {"py/object": "odf.components.Data", "data": {"py/b64": "Keo="}, "fake": false}], [109645, {"py/object": "odf.components.Data", "data": {"py/b64": "7MI="}, "fake": false}], [109725, {"py/object": "odf.components.Data", "data": {"py/b64": "pCE="}, "fake": false}], [109807, {"py/object": "odf.components.Data", "data": {"py/b64": "V0Q="}, "fake": false}], [109888, {"py/object": "odf.components.Data", "data": {"py/b64": "fog="}, "fake": false}], [109968, {"py/object": "odf.components.Data", "data": {"py/b64": "B0I="}, "fake": false}], [110045, {"py/object": "odf.components.Data", "data": {"py/b64": "Huo="}, "fake": false}], [110119, {"py/object": "odf.components.Data", "data": {"py/b64": "7MI="}, "fake": false}], [110191, {"py/object": "odf.components.Data", "data": {"py/b64": "ZLs="}, "fake": false}], [110272, {"py/object": "odf.components.Data", "data": {"py/b64": "MEU="}, "fake": false}], [112409, {"py/object": "odf.components.Status", "address": 10, "message_error_bit": "0", "instrumentation_bit": "0", "service_request_bit": "0", "reserved_bits": "000", "brdcst_received_bit": "0", "busy_bit": "0", "subsystem_flag_bit": "0", "dynamic_bus_control_accpt_bit": "0", "terminal_flag_bit": "1", "parity_bit": "1", "fake": false}], [112480, {"py/object": "odf.components.Command", "address": 12, "tr": 0, "sub_address": 2, "dword_count": 16, "parity": 0, "fake": false}], [112497, {"py/object": "odf.components.Command", "address": 11, "tr": 1, "sub_address": 2, "dword_count": 16, "parity": 0, "fake": false}], [114572, {"py/object": "odf.components.Status", "address": 11, "message_error_bit": "0", "instrumentation_bit": "0", "service_request_bit": "0", "reserved_bits": "000", "brdcst_received_bit": "0", "busy_bit": "0", "subsystem_flag_bit": "0", "dynamic_bus_control_accpt_bit": "0", "terminal_flag_bit": "1", "parity_bit": "1", "fake": false}], [114651, {"py/object": "odf.components.Data", "data": {"py/b64": "acw="}, "fake": false}], [114730, {"py/object": "odf.components.Data", "data": {"py/b64": "Djs="}, "fake": false}], [114807, {"py/object": "odf.components.Data", "data": {"py/b64": "4M0="}, "fake": false}], [114887, {"py/object": "odf.components.Data", "data": {"py/b64": "EkE="}, "fake": false}], [114967, {"py/object": "odf.components.Data", "data": {"py/b64": "agI="}, "fake": false}], [115045, {"py/object": "odf.components.Data", "data": {"py/b64": "10E="}, "fake": false}], [115127, {"py/object": "odf.components.Data", "data": {"py/b64": "gtw="}, "fake": false}], [115205, {"py/object": "odf.components.Data", "data": {"py/b64": "qUA="}, "fake": false}], [115281, {"py/object": "odf.components.Data", "data": {"py/b64": "kQM="}, "fake": false}], [115360, {"py/object": "odf.components.Data", "data": {"py/b64": "KkA="}, "fake": false}], [115441, {"py/object": "odf.components.Data", "data": {"py/b64": "wFo="}, "fake": false}], [115522, {"py/object": "odf.components.Data", "data": {"py/b64": "Mj0="}, "fake": false}], [115602, {"py/object": "odf.components.Data", "data": {"py/b64": "DQI="}, "fake": false}], [115680, {"py/object": "odf.components.Data", "data": {"py/b64": "lb0="}, "fake": false}], [115761, {"py/object": "odf.components.Data", "data": {"py/b64": "Zrw="}, "fake": false}], [115843, {"py/object": "odf.components.Data", "data": {"py/b64": "jkE="}, "fake": false}], [117985, {"py/object": "odf.components.Status", "address": 12, "message_error_bit": "0", "instrumentation_bit": "0", "service_request_bit": "0", "reserved_bits": "000", "brdcst_received_bit": "0", "busy_bit": "0", "subsystem_flag_bit": "0", "dynamic_bus_control_accpt_bit": "0", "terminal_flag_bit": "1", "parity_bit": "1", "fake": false}], [118173, {"py/object": "odf.components.Command", "address": 1, "tr": 0, "sub_address": 2, "dword_count": 4, "parity": 0, "fake": false}], [118240, {"py/object": "odf.components.Data", "data": {"py/b64": "AAA="}, "fake": false}], [118256, {"py/object": "odf.components.Data", "data": {"py/b64": "AAA="}, "fake": false}], [118269, {"py/object": "odf.components.Data", "data": {"py/b64": "AAA="}, "fake": false}], [118284, {"py/object": "odf.components.Data", "data": {"py/b64": "AAA="}, "fake": false}], [120338, {"py/object": "odf.components.Status", "address": 1, "message_error_bit": "0", "instrumentation_bit": "0", "service_request_bit": "0", "reserved_bits": "000", "brdcst_received_bit": "0", "busy_bit": "0", "subsystem_flag_bit": "0", "dynamic_bus_control_accpt_bit": "0", "terminal_flag_bit": "1", "parity_bit": "1", "fake": false}]], "attack_times": [[]], "attack_types": ["Data_Corruption_Attack"], "attack_outcome": [false]}