{"data": [[384, {"py/object": "odf.components.Command", "address": 31, "tr": 0, "sub_address": 2, "dword_count": 1, "parity": 0, "fake": false}], [493, {"py/object": "odf.components.Data", "data": {"py/b64": "//8="}, "fake": false}], [541, {"py/object": "odf.components.Command", "address": 4, "tr": 0, "sub_address": 2, "dword_count": 18, "parity": 0, "fake": false}], [558, {"py/object": "odf.components.Command", "address": 3, "tr": 1, "sub_address": 2, "dword_count": 18, "parity": 0, "fake": false}], [2632, {"py/object": "odf.components.Status", "address": 3, "message_error_bit": "0", "instrumentation_bit": "0", "service_request_bit": "0", "reserved_bits": "000", "brdcst_received_bit": "0", "busy_bit": "0", "subsystem_flag_bit": "0", "dynamic_bus_control_accpt_bit": "0", "terminal_flag_bit": "1", "parity_bit": "1", "fake": false}], [2707, {"py/object": "odf.components.Data", "data": {"py/b64": "iKs="}, "fake": false}], [2779, {"py/object": "odf.components.Data", "data": {"py/b64": "JUI="}, "fake": false}], [2845, {"py/object": "odf.components.Data", "data": {"py/b64": "yLM="}, "fake": false}], [2917, {"py/object": "odf.components.Data", "data": {"py/b64": "fb0="}, "fake": false}], [2987, {"py/object": "odf.components.Data", "data": {"py/b64": "RYY="}, "fake": false}], [3058, {"py/object": "odf.components.Data", "data": {"py/b64": "7kI="}, "fake": false}], [3129, {"py/object": "odf.components.Data", "data": {"py/b64": "q80="}, "fake": false}], [3198, {"py/object": "odf.components.Data", "data": {"py/b64": "iEM="}, "fake": false}], [3268, {"py/object": "odf.components.Data", "data": {"py/b64": "768="}, "fake": false}], [3341, {"py/object": "odf.components.Data", "data": {"py/b64": "i0A="}, "fake": false}], [3412, {"py/object": "odf.components.Data", "data": {"py/b64": "ALA="}, "fake": false}], [3482, {"py/object": "odf.components.Data", "data": {"py/b64": "i0A="}, "fake": false}], [3555, {"py/object": "odf.components.Data", "data": {"py/b64": "2w8="}, "fake": false}], [3628, {"py/object": "odf.components.Data", "data": {"py/b64": "SUA="}, "fake": false}], [3698, {"py/object": "odf.components.Data", "data": {"py/b64": "pKM="}, "fake": false}], [3770, {"py/object": "odf.components.Data", "data": {"py/b64": "1kM="}, "fake": false}], [3842, {"py/object": "odf.components.Data", "data": {"py/b64": "tww="}, "fake": false}], [3917, {"py/object": "odf.components.Data", "data": {"py/b64": "OkQ="}, "fake": false}], [6002, {"py/object": "odf.components.Status", "address": 4, "message_error_bit": "0", "instrumentation_bit": "0", "service_request_bit": "0", "reserved_bits": "000", "brdcst_received_bit": "0", "busy_bit": "0", "subsystem_flag_bit": "0", "dynamic_bus_control_accpt_bit": "0", "terminal_flag_bit": "1", "parity_bit": "1", "fake": false}], [6075, {"py/object": "odf.components.Command", "address": 6, "tr": 0, "sub_address": 2, "dword_count": 28, "parity": 0, "fake": false}], [6090, {"py/object": "odf.components.Command", "address": 5, "tr": 1, "sub_address": 2, "dword_count": 28, "parity": 0, "fake": false}], [8161, {"py/object": "odf.components.Status", "address": 5, "message_error_bit": "0", "instrumentation_bit": "0", "service_request_bit": "0", "reserved_bits": "000", "brdcst_received_bit": "0", "busy_bit": "0", "subsystem_flag_bit": "0", "dynamic_bus_control_accpt_bit": "0", "terminal_flag_bit": "1", "parity_bit": "1", "fake": false}], [8230, {"py/object": "odf.components.Data", "data": {"py/b64": "wpE="}, "fake": false}], [8300, {"py/object": "odf.components.Data", "data": {"py/b64": "rEI="}, "fake": false}], [8365, {"py/object": "odf.components.Data", "data": {"py/b64": "SSg="}, "fake": false}], [8435, {"py/object": "odf.components.Data", "data": {"py/b64": "EkM="}, "fake": false}], [8505, {"py/object": "odf.components.Data", "data": {"py/b64": "z7A="}, "fake": false}], [8575, {"py/object": "odf.components.Data", "data": {"py/b64": "EcM="}, "fake": false}], [8645, {"py/object": "odf.components.Data", "data": {"py/b64": "ahU="}, "fake": false}], [8714, {"py/object": "odf.components.Data", "data": {"py/b64": "Tzw="}, "fake": false}], [8782, {"py/object": "odf.components.Data", "data": {"py/b64": "3ig="}, "fake": false}], [8851, {"py/object": "odf.components.Data", "data": {"py/b64": "kcE="}, "fake": false}], [8920, {"py/object": "odf.components.Data", "data": {"py/b64": "N+8="}, "fake": false}], [8991, {"py/object": "odf.components.Data", "data": {"py/b64": "UsE="}, "fake": false}], [9062, {"py/object": "odf.components.Data", "data": {"py/b64": "Jeg="}, "fake": false}], [9132, {"py/object": "odf.components.Data", "data": {"py/b64": "bL8="}, "fake": false}], [9203, {"py/object": "odf.components.Data", "data": {"py/b64": "KRk="}, "fake": false}], [9273, {"py/object": "odf.components.Data", "data": {"py/b64": "BMA="}, "fake": false}], [9344, {"py/object": "odf.components.Data", "data": {"py/b64": "0GE="}, "fake": false}], [9415, {"py/object": "odf.components.Data", "data": {"py/b64": "Bbw="}, "fake": false}], [9491, {"py/object": "odf.components.Data", "data": {"py/b64": "I64="}, "fake": false}], [9559, {"py/object": "odf.components.Data", "data": {"py/b64": "bkA="}, "fake": false}], [9628, {"py/object": "odf.components.Data", "data": {"py/b64": "rHU="}, "fake": false}], [9697, {"py/object": "odf.components.Data", "data": {"py/b64": "F0M="}, "fake": false}], [9765, {"py/object": "odf.components.Data", "data": {"py/b64": "dbY="}, "fake": false}], [9836, {"py/object": "odf.components.Data", "data": {"py/b64": "Db4="}, "fake": false}], [9907, {"py/object": "odf.components.Data", "data": {"py/b64": "TfE="}, "fake": false}], [9977, {"py/object": "odf.components.Data", "data": {"py/b64": "FsA="}, "fake": false}], [10051, {"py/object": "odf.components.Data", "data": {"py/b64": "cHg="}, "fake": false}], [10124, {"py/object": "odf.components.Data", "data": {"py/b64": "UEE="}, "fake": false}], [12227, {"py/object": "odf.components.Status", "address": 6, "message_error_bit": "0", "instrumentation_bit": "0", "service_request_bit": "0", "reserved_bits": "000", "brdcst_received_bit": "0", "busy_bit": "0", "subsystem_flag_bit": "0", "dynamic_bus_control_accpt_bit": "0", "terminal_flag_bit": "1", "parity_bit": "1", "fake": false}], [12300, {"py/object": "odf.components.Command", "address": 8, "tr": 0, "sub_address": 2, "dword_count": 8, "parity": 0, "fake": false}], [12318, {"py/object": "odf.components.Command", "address": 7, "tr": 1, "sub_address": 2, "dword_count": 8, "parity": 0, "fake": false}], [14389, {"py/object": "odf.components.Status", "address": 7, "message_error_bit": "0", "instrumentation_bit": "0", "service_request_bit": "0", "reserved_bits": "000", "brdcst_received_bit": "0", "busy_bit": "0", "subsystem_flag_bit": "0", "dynamic_bus_control_accpt_bit": "0", "terminal_flag_bit": "1", "parity_bit": "1", "fake": false}], [14460, {"py/object": "odf.components.Data", "data": {"py/b64": "xJ4="}, "fake": false}], [14534, {"py/object": "odf.components.Data", "data": {"py/b64": "YL0="}, "fake": false}], [14603, {"py/object": "odf.components.Data", "data": {"py/b64": "xsM="}, "fake": false}], [14678, {"py/object": "odf.components.Data", "data": {"py/b64": "FTo="}, "fake": false}], [14749, {"py/object": "odf.components.Data", "data": {"py/b64": "lOM="}, "fake": false}], [14820, {"py/object": "odf.components.Data", "data": {"py/b64": "Jz0="}, "fake": false}], [14899, {"py/object": "odf.components.Data", "data": {"py/b64": "z3E="}, "fake": false}], [14974, {"py/object": "odf.components.Data", "data": {"py/b64": "lDk="}, "fake": false}], [17082, {"py/object": "odf.components.Status", "address": 8, "message_error_bit": "0", "instrumentation_bit": "0", "service_request_bit": "0", "reserved_bits": "000", "brdcst_received_bit": "0", "busy_bit": "0", "subsystem_flag_bit": "0", "dynamic_bus_control_accpt_bit": "0", "terminal_flag_bit": "1", "parity_bit": "1", "fake": false}], [17159, {"py/object": "odf.components.Command", "address": 10, "tr": 0, "sub_address": 2, "dword_count": 12, "parity": 0, "fake": false}], [17177, {"py/object": "odf.components.Command", "address": 9, "tr": 1, "sub_address": 2, "dword_count": 12, "parity": 0, "fake": false}], [19248, {"py/object": "odf.components.Status", "address": 9, "message_error_bit": "0", "instrumentation_bit": "0", "service_request_bit": "0", "reserved_bits": "000", "brdcst_received_bit": "0", "busy_bit": "0", "subsystem_flag_bit": "0", "dynamic_bus_control_accpt_bit": "0", "terminal_flag_bit": "1", "parity_bit": "1", "fake": false}], [19320, {"py/object": "odf.components.Data", "data": {"py/b64": "L8E="}, "fake": false}], [19395, {"py/object": "odf.components.Data", "data": {"py/b64": "B0I="}, "fake": false}], [19466, {"py/object": "odf.components.Data", "data": {"py/b64": "ocg="}, "fake": false}], [19540, {"py/object": "odf.components.Data", "data": {"py/b64": "7MI="}, "fake": false}], [19610, {"py/object": "odf.components.Data", "data": {"py/b64": "vNY="}, "fake": false}], [19683, {"py/object": "odf.components.Data", "data": {"py/b64": "MUI="}, "fake": false}], [19754, {"py/object": "odf.components.Data", "data": {"py/b64": "K8E="}, "fake": false}], [19827, {"py/object": "odf.components.Data", "data": {"py/b64": "B0I="}, "fake": false}], [19897, {"py/object": "odf.components.Data", "data": {"py/b64": "tMg="}, "fake": false}], [19969, {"py/object": "odf.components.Data", "data": {"py/b64": "7MI="}, "fake": false}], [20029, {"py/object": "odf.components.Data", "data": {"py/b64": "ivU="}, "fake": false}], [20102, {"py/object": "odf.components.Data", "data": {"py/b64": "FEM="}, "fake": false}], [22199, {"py/object": "odf.components.Status", "address": 10, "message_error_bit": "0", "instrumentation_bit": "0", "service_request_bit": "0", "reserved_bits": "000", "brdcst_received_bit": "0", "busy_bit": "0", "subsystem_flag_bit": "0", "dynamic_bus_control_accpt_bit": "0", "terminal_flag_bit": "1", "parity_bit": "1", "fake": false}], [22288, {"py/object": "odf.components.Command", "address": 12, "tr": 0, "sub_address": 2, "dword_count": 16, "parity": 0, "fake": false}], [22308, {"py/object": "odf.components.Command", "address": 11, "tr": 1, "sub_address": 2, "dword_count": 16, "parity": 0, "fake": false}], [24385, {"py/object": "odf.components.Status", "address": 11, "message_error_bit": "0", "instrumentation_bit": "0", "service_request_bit": "0", "reserved_bits": "000", "brdcst_received_bit": "0", "busy_bit": "0", "subsystem_flag_bit": "0", "dynamic_bus_control_accpt_bit": "0", "terminal_flag_bit": "1", "parity_bit": "1", "fake": false}], [24454, {"py/object": "odf.components.Data", "data": {"py/b64": "d2Y="}, "fake": false}], [24527, {"py/object": "odf.components.Data", "data": {"py/b64": "Gjs="}, "fake": false}], [24600, {"py/object": "odf.components.Data", "data": {"py/b64": "AIo="}, "fake": false}], [24672, {"py/object": "odf.components.Data", "data": {"py/b64": "ZUE="}, "fake": false}], [24743, {"py/object": "odf.components.Data", "data": {"py/b64": "roc="}, "fake": false}], [24817, {"py/object": "odf.components.Data", "data": {"py/b64": "7EE="}, "fake": false}], [24887, {"py/object": "odf.components.Data", "data": {"py/b64": "sAg="}, "fake": false}], [24956, {"py/object": "odf.components.Data", "data": {"py/b64": "YEA="}, "fake": false}], [25027, {"py/object": "odf.components.Data", "data": {"py/b64": "Ac0="}, "fake": false}], [25101, {"py/object": "odf.components.Data", "data": {"py/b64": "5T8="}, "fake": false}], [25174, {"py/object": "odf.components.Data", "data": {"py/b64": "868="}, "fake": false}], [25230, {"py/object": "odf.components.Data", "data": {"py/b64": "Aj4="}, "fake": false}], [25302, {"py/object": "odf.components.Data", "data": {"py/b64": "TQU="}, "fake": false}], [25373, {"py/object": "odf.components.Data", "data": {"py/b64": "9z4="}, "fake": false}], [25444, {"py/object": "odf.components.Data", "data": {"py/b64": "LU0="}, "fake": false}], [25519, {"py/object": "odf.components.Data", "data": {"py/b64": "nEE="}, "fake": false}], [27662, {"py/object": "odf.components.Status", "address": 12, "message_error_bit": "0", "instrumentation_bit": "0", "service_request_bit": "0", "reserved_bits": "000", "brdcst_received_bit": "0", "busy_bit": "0", "subsystem_flag_bit": "0", "dynamic_bus_control_accpt_bit": "0", "terminal_flag_bit": "1", "parity_bit": "1", "fake": false}], [27826, {"py/object": "odf.components.Command", "address": 1, "tr": 0, "sub_address": 2, "dword_count": 4, "parity": 0, "fake": false}], [27880, {"py/object": "odf.components.Data", "data": {"py/b64": "AAA="}, "fake": false}], [27891, {"py/object": "odf.components.Data", "data": {"py/b64": "AAA="}, "fake": false}], [27902, {"py/object": "odf.components.Data", "data": {"py/b64": "AAA="}, "fake": false}], [27914, {"py/object": "odf.components.Data", "data": {"py/b64": "AAA="}, "fake": false}], [29947, {"py/object": "odf.components.Status", "address": 1, "message_error_bit": "0", "instrumentation_bit": "0", "service_request_bit": "0", "reserved_bits": "000", "brdcst_received_bit": "0", "busy_bit": "0", "subsystem_flag_bit": "0", "dynamic_bus_control_accpt_bit": "0", "terminal_flag_bit": "1", "parity_bit": "1", "fake": false}], [30120, {"py/object": "odf.components.Command", "address": 31, "tr": 0, "sub_address": 2, "dword_count": 1, "parity": 0, "fake": false}], [30217, {"py/object": "odf.components.Data", "data": {"py/b64": "//8="}, "fake": false}], [30231, {"py/object": "odf.components.Command", "address": 4, "tr": 0, "sub_address": 2, "dword_count": 18, "parity": 0, "fake": false}], [30242, {"py/object": "odf.components.Command", "address": 3, "tr": 1, "sub_address": 2, "dword_count": 18, "parity": 0, "fake": false}], [32300, {"py/object": "odf.components.Status", "address": 3, "message_error_bit": "0", "instrumentation_bit": "0", "service_request_bit": "0", "reserved_bits": "000", "brdcst_received_bit": "0", "busy_bit": "0", "subsystem_flag_bit": "0", "dynamic_bus_control_accpt_bit": "0", "terminal_flag_bit": "1", "parity_bit": "1", "fake": false}], [32369, {"py/object": "odf.components.Data", "data": {"py/b64": "Z7o="}, "fake": false}], [32441, {"py/object": "odf.components.Data", "data": {"py/b64": "a0M="}, "fake": false}], [32511, {"py/object": "odf.components.Data", "data": {"py/b64": "VEk="}, "fake": false}], [32583, {"py/object": "odf.components.Data", "data": {"py/b64": "lUQ="}, "fake": false}], [32654, {"py/object": "odf.components.Data", "data": {"py/b64": "6so="}, "fake": false}], [32724, {"py/object": "odf.components.Data", "data": {"py/b64": "3EM="}, "fake": false}], [32796, {"py/object": "odf.components.Data", "data": {"py/b64": "t6g="}, "fake": false}], [32869, {"py/object": "odf.components.Data", "data": {"py/b64": "hEM="}, "fake": false}], [32939, {"py/object": "odf.components.Data", "data": {"py/b64": "bs0="}, "fake": false}], [33012, {"py/object": "odf.components.Data", "data": {"py/b64": "i0A="}, "fake": false}], [33081, {"py/object": "odf.components.Data", "data": {"py/b64": "Bs8="}, "fake": false}], [33156, {"py/object": "odf.components.Data", "data": {"py/b64": "i0A="}, "fake": false}], [33228, {"py/object": "odf.components.Data", "data": {"py/b64": "9OA="}, "fake": false}], [33299, {"py/object": "odf.components.Data", "data": {"py/b64": "QkA="}, "fake": false}], [33371, {"py/object": "odf.components.Data", "data": {"py/b64": "Osk="}, "fake": false}], [33433, {"py/object": "odf.components.Data", "data": {"py/b64": "1UM="}, "fake": false}], [33503, {"py/object": "odf.components.Data", "data": {"py/b64": "tww="}, "fake": false}], [33577, {"py/object": "odf.components.Data", "data": {"py/b64": "OkQ="}, "fake": false}], [35696, {"py/object": "odf.components.Status", "address": 4, "message_error_bit": "0", "instrumentation_bit": "0", "service_request_bit": "0", "reserved_bits": "000", "brdcst_received_bit": "0", "busy_bit": "0", "subsystem_flag_bit": "0", "dynamic_bus_control_accpt_bit": "0", "terminal_flag_bit": "1", "parity_bit": "1", "fake": false}], [35749, {"py/object": "odf.components.Command", "address": 6, "tr": 0, "sub_address": 2, "dword_count": 28, "parity": 0, "fake": false}], [35762, {"py/object": "odf.components.Command", "address": 5, "tr": 1, "sub_address": 2, "dword_count": 28, "parity": 0, "fake": false}], [37820, {"py/object": "odf.components.Status", "address": 5, "message_error_bit": "0", "instrumentation_bit": "0", "service_request_bit": "0", "reserved_bits": "000", "brdcst_received_bit": "0", "busy_bit": "0", "subsystem_flag_bit": "0", "dynamic_bus_control_accpt_bit": "0", "terminal_flag_bit": "1", "parity_bit": "1", "fake": false}], [37891, {"py/object": "odf.components.Data", "data": {"py/b64": "AdU="}, "fake": false}], [37964, {"py/object": "odf.components.Data", "data": {"py/b64": "dUM="}, "fake": false}], [38030, {"py/object": "odf.components.Data", "data": {"py/b64": "L6s="}, "fake": false}], [38104, {"py/object": "odf.components.Data", "data": {"py/b64": "z0M="}, "fake": false}], [38175, {"py/object": "odf.components.Data", "data": {"py/b64": "ieI="}, "fake": false}], [38246, {"py/object": "odf.components.Data", "data": {"py/b64": "zcM="}, "fake": false}], [38319, {"py/object": "odf.components.Data", "data": {"py/b64": "yLU="}, "fake": false}], [38393, {"py/object": "odf.components.Data", "data": {"py/b64": "ikE="}, "fake": false}], [38466, {"py/object": "odf.components.Data", "data": {"py/b64": "rBY="}, "fake": false}], [38532, {"py/object": "odf.components.Data", "data": {"py/b64": "T8I="}, "fake": false}], [38601, {"py/object": "odf.components.Data", "data": {"py/b64": "bsM="}, "fake": false}], [38671, {"py/object": "odf.components.Data", "data": {"py/b64": "vb8="}, "fake": false}], [38741, {"py/object": "odf.components.Data", "data": {"py/b64": "bEk="}, "fake": false}], [38806, {"py/object": "odf.components.Data", "data": {"py/b64": "hr4="}, "fake": false}], [38873, {"py/object": "odf.components.Data", "data": {"py/b64": "vk8="}, "fake": false}], [38942, {"py/object": "odf.components.Data", "data": {"py/b64": "yD8="}, "fake": false}], [38995, {"py/object": "odf.components.Data", "data": {"py/b64": "9jM="}, "fake": false}], [39064, {"py/object": "odf.components.Data", "data": {"py/b64": "078="}, "fake": false}], [39115, {"py/object": "odf.components.Data", "data": {"py/b64": "B8k="}, "fake": false}], [39182, {"py/object": "odf.components.Data", "data": {"py/b64": "LcE="}, "fake": false}], [39263, {"py/object": "odf.components.Data", "data": {"py/b64": "19k="}, "fake": false}], [39319, {"py/object": "odf.components.Data", "data": {"py/b64": "z0M="}, "fake": false}], [39392, {"py/object": "odf.components.Data", "data": {"py/b64": "slA="}, "fake": false}], [39462, {"py/object": "odf.components.Data", "data": {"py/b64": "Vr8="}, "fake": false}], [39534, {"py/object": "odf.components.Data", "data": {"py/b64": "9Po="}, "fake": false}], [39608, {"py/object": "odf.components.Data", "data": {"py/b64": "nL4="}, "fake": false}], [39677, {"py/object": "odf.components.Data", "data": {"py/b64": "VeY="}, "fake": false}], [39756, {"py/object": "odf.components.Data", "data": {"py/b64": "gD8="}, "fake": false}], [41864, {"py/object": "odf.components.Status", "address": 6, "message_error_bit": "0", "instrumentation_bit": "0", "service_request_bit": "0", "reserved_bits": "000", "brdcst_received_bit": "0", "busy_bit": "0", "subsystem_flag_bit": "0", "dynamic_bus_control_accpt_bit": "0", "terminal_flag_bit": "1", "parity_bit": "1", "fake": false}], [41930, {"py/object": "odf.components.Command", "address": 8, "tr": 0, "sub_address": 2, "dword_count": 8, "parity": 0, "fake": false}], [41944, {"py/object": "odf.components.Command", "address": 7, "tr": 1, "sub_address": 2, "dword_count": 8, "parity": 0, "fake": false}], [44011, {"py/object": "odf.components.Status", "address": 7, "message_error_bit": "0", "instrumentation_bit": "0", "service_request_bit": "0", "reserved_bits": "000", "brdcst_received_bit": "0", "busy_bit": "0", "subsystem_flag_bit": "0", "dynamic_bus_control_accpt_bit": "0", "terminal_flag_bit": "1", "parity_bit": "1", "fake": false}], [44080, {"py/object": "odf.components.Data", "data": {"py/b64": "fiU="}, "fake": false}], [44153, {"py/object": "odf.components.Data", "data": {"py/b64": "h70="}, "fake": false}], [44226, {"py/object": "odf.components.Data", "data": {"py/b64": "x4U="}, "fake": false}], [44300, {"py/object": "odf.components.Data", "data": {"py/b64": "jbs="}, "fake": false}], [44370, {"py/object": "odf.components.Data", "data": {"py/b64": "DeA="}, "fake": false}], [44443, {"py/object": "odf.components.Data", "data": {"py/b64": "0Tw="}, "fake": false}], [44517, {"py/object": "odf.components.Data", "data": {"py/b64": "ZDQ="}, "fake": false}], [44594, {"py/object": "odf.components.Data", "data": {"py/b64": "Vbo="}, "fake": false}], [46668, {"py/object": "odf.components.Status", "address": 8, "message_error_bit": "0", "instrumentation_bit": "0", "service_request_bit": "0", "reserved_bits": "000", "brdcst_received_bit": "0", "busy_bit": "0", "subsystem_flag_bit": "0", "dynamic_bus_control_accpt_bit": "0", "terminal_flag_bit": "1", "parity_bit": "1", "fake": false}], [46750, {"py/object": "odf.components.Command", "address": 10, "tr": 0, "sub_address": 2, "dword_count": 12, "parity": 0, "fake": false}], [46768, {"py/object": "odf.components.Command", "address": 9, "tr": 1, "sub_address": 2, "dword_count": 12, "parity": 0, "fake": false}], [48829, {"py/object": "odf.components.Status", "address": 9, "message_error_bit": "0", "instrumentation_bit": "0", "service_request_bit": "0", "reserved_bits": "000", "brdcst_received_bit": "0", "busy_bit": "0", "subsystem_flag_bit": "0", "dynamic_bus_control_accpt_bit": "0", "terminal_flag_bit": "1", "parity_bit": "1", "fake": false}], [48898, {"py/object": "odf.components.Data", "data": {"py/b64": "T70="}, "fake": false}], [48967, {"py/object": "odf.components.Data", "data": {"py/b64": "B0I="}, "fake": false}], [49041, {"py/object": "odf.components.Data", "data": {"py/b64": "Sds="}, "fake": false}], [49112, {"py/object": "odf.components.Data", "data": {"py/b64": "7MI="}, "fake": false}], [49183, {"py/object": "odf.components.Data", "data": {"py/b64": "m+o="}, "fake": false}], [49255, {"py/object": "odf.components.Data", "data": {"py/b64": "aEM="}, "fake": false}], [49329, {"py/object": "odf.components.Data", "data": {"py/b64": "Sr0="}, "fake": false}], [49399, {"py/object": "odf.components.Data", "data": {"py/b64": "B0I="}, "fake": false}], [49459, {"py/object": "odf.components.Data", "data": {"py/b64": "Yts="}, "fake": false}], [49529, {"py/object": "odf.components.Data", "data": {"py/b64": "7MI="}, "fake": false}], [49584, {"py/object": "odf.components.Data", "data": {"py/b64": "Ugk="}, "fake": false}], [49656, {"py/object": "odf.components.Data", "data": {"py/b64": "QEQ="}, "fake": false}], [51774, {"py/object": "odf.components.Status", "address": 10, "message_error_bit": "0", "instrumentation_bit": "0", "service_request_bit": "0", "reserved_bits": "000", "brdcst_received_bit": "0", "busy_bit": "0", "subsystem_flag_bit": "0", "dynamic_bus_control_accpt_bit": "0", "terminal_flag_bit": "1", "parity_bit": "1", "fake": false}], [51847, {"py/object": "odf.components.Command", "address": 12, "tr": 0, "sub_address": 2, "dword_count": 16, "parity": 0, "fake": false}], [51861, {"py/object": "odf.components.Command", "address": 11, "tr": 1, "sub_address": 2, "dword_count": 16, "parity": 0, "fake": false}], [53926, {"py/object": "odf.components.Status", "address": 11, "message_error_bit": "0", "instrumentation_bit": "0", "service_request_bit": "0", "reserved_bits": "000", "brdcst_received_bit": "0", "busy_bit": "0", "subsystem_flag_bit": "0", "dynamic_bus_control_accpt_bit": "0", "terminal_flag_bit": "1", "parity_bit": "1", "fake": false}], [53998, {"py/object": "odf.components.Data", "data": {"py/b64": "i5E="}, "fake": false}], [54071, {"py/object": "odf.components.Data", "data": {"py/b64": "Fzs="}, "fake": false}], [54144, {"py/object": "odf.components.Data", "data": {"py/b64": "AIU="}, "fake": false}], [54218, {"py/object": "odf.components.Data", "data": {"py/b64": "UkE="}, "fake": false}], [54292, {"py/object": "odf.components.Data", "data": {"py/b64": "UW8="}, "fake": false}], [54361, {"py/object": "odf.components.Data", "data": {"py/b64": "50E="}, "fake": false}], [54436, {"py/object": "odf.components.Data", "data": {"py/b64": "7gw="}, "fake": false}], [54510, {"py/object": "odf.components.Data", "data": {"py/b64": "t0A="}, "fake": false}], [54582, {"py/object": "odf.components.Data", "data": {"py/b64": "kE0="}, "fake": false}], [54639, {"py/object": "odf.components.Data", "data": {"py/b64": "PEA="}, "fake": false}], [54712, {"py/object": "odf.components.Data", "data": {"py/b64": "ksE="}, "fake": false}], [54785, {"py/object": "odf.components.Data", "data": {"py/b64": "6T0="}, "fake": false}], [54851, {"py/object": "odf.components.Data", "data": {"py/b64": "XXo="}, "fake": false}], [54980, {"py/object": "odf.components.Data", "data": {"py/b64": "ZD4="}, "fake": false}], [55001, {"py/object": "odf.components.Data", "data": {"py/b64": "Ykg="}, "fake": false}], [55068, {"py/object": "odf.components.Data", "data": {"py/b64": "q0E="}, "fake": false}], [57194, {"py/object": "odf.components.Status", "address": 12, "message_error_bit": "0", "instrumentation_bit": "0", "service_request_bit": "0", "reserved_bits": "000", "brdcst_received_bit": "0", "busy_bit": "0", "subsystem_flag_bit": "0", "dynamic_bus_control_accpt_bit": "0", "terminal_flag_bit": "1", "parity_bit": "1", "fake": false}], [57374, {"py/object": "odf.components.Command", "address": 1, "tr": 0, "sub_address": 2, "dword_count": 4, "parity": 0, "fake": false}], [57434, {"py/object": "odf.components.Data", "data": {"py/b64": "AAA="}, "fake": false}], [57447, {"py/object": "odf.components.Data", "data": {"py/b64": "AAA="}, "fake": false}], [57458, {"py/object": "odf.components.Data", "data": {"py/b64": "AAA="}, "fake": false}], [57471, {"py/object": "odf.components.Data", "data": {"py/b64": "AAA="}, "fake": false}], [59521, {"py/object": "odf.components.Status", "address": 1, "message_error_bit": "0", "instrumentation_bit": "0", "service_request_bit": "0", "reserved_bits": "000", "brdcst_received_bit": "0", "busy_bit": "0", "subsystem_flag_bit": "0", "dynamic_bus_control_accpt_bit": "0", "terminal_flag_bit": "1", "parity_bit": "1", "fake": false}], [59665, {"py/object": "odf.components.Command", "address": 31, "tr": 0, "sub_address": 2, "dword_count": 1, "parity": 0, "fake": false}], [59722, {"py/object": "odf.components.Data", "data": {"py/b64": "//8="}, "fake": false}], [59736, {"py/object": "odf.components.Command", "address": 4, "tr": 0, "sub_address": 2, "dword_count": 18, "parity": 0, "fake": false}], [59750, {"py/object": "odf.components.Command", "address": 3, "tr": 1, "sub_address": 2, "dword_count": 18, "parity": 0, "fake": false}], [61804, {"py/object": "odf.components.Status", "address": 3, "message_error_bit": "0", "instrumentation_bit": "0", "service_request_bit": "0", "reserved_bits": "000", "brdcst_received_bit": "0", "busy_bit": "0", "subsystem_flag_bit": "0", "dynamic_bus_control_accpt_bit": "0", "terminal_flag_bit": "1", "parity_bit": "1", "fake": false}], [61887, {"py/object": "odf.components.Data", "data": {"py/b64": "kuU="}, "fake": false}], [61965, {"py/object": "odf.components.Data", "data": {"py/b64": "eUM="}, "fake": false}], [62042, {"py/object": "odf.components.Data", "data": {"py/b64": "r2I="}, "fake": false}], [62120, {"py/object": "odf.components.Data", "data": {"py/b64": "AEU="}, "fake": false}], [62199, {"py/object": "odf.components.Data", "data": {"py/b64": "rWM="}, "fake": false}], [62275, {"py/object": "odf.components.Data", "data": {"py/b64": "kEQ="}, "fake": false}], [62340, {"py/object": "odf.components.Data", "data": {"py/b64": "DzY="}, "fake": false}], [62420, {"py/object": "odf.components.Data", "data": {"py/b64": "WkM="}, "fake": false}], [62499, {"py/object": "odf.components.Data", "data": {"py/b64": "D1o="}, "fake": false}], [62577, {"py/object": "odf.components.Data", "data": {"py/b64": "gUA="}, "fake": false}], [62656, {"py/object": "odf.components.Data", "data": {"py/b64": "nk0="}, "fake": false}], [62735, {"py/object": "odf.components.Data", "data": {"py/b64": "gUA="}, "fake": false}], [62812, {"py/object": "odf.components.Data", "data": {"py/b64": "rfk="}, "fake": false}], [62891, {"py/object": "odf.components.Data", "data": {"py/b64": "QkA="}, "fake": false}], [62969, {"py/object": "odf.components.Data", "data": {"py/b64": "Kk4="}, "fake": false}], [63048, {"py/object": "odf.components.Data", "data": {"py/b64": "1UM="}, "fake": false}], [63123, {"py/object": "odf.components.Data", "data": {"py/b64": "tww="}, "fake": false}], [63209, {"py/object": "odf.components.Data", "data": {"py/b64": "OkQ="}, "fake": false}], [65297, {"py/object": "odf.components.Status", "address": 4, "message_error_bit": "0", "instrumentation_bit": "0", "service_request_bit": "0", "reserved_bits": "000", "brdcst_received_bit": "0", "busy_bit": "0", "subsystem_flag_bit": "0", "dynamic_bus_control_accpt_bit": "0", "terminal_flag_bit": "1", "parity_bit": "1", "fake": false}], [65396, {"py/object": "odf.components.Command", "address": 6, "tr": 0, "sub_address": 2, "dword_count": 28, "parity": 0, "fake": false}], [65409, {"py/object": "odf.components.Command", "address": 5, "tr": 1, "sub_address": 2, "dword_count": 28, "parity": 0, "fake": false}], [67477, {"py/object": "odf.components.Status", "address": 5, "message_error_bit": "0", "instrumentation_bit": "0", "service_request_bit": "0", "reserved_bits": "000", "brdcst_received_bit": "0", "busy_bit": "0", "subsystem_flag_bit": "0", "dynamic_bus_control_accpt_bit": "0", "terminal_flag_bit": "1", "parity_bit": "1", "fake": false}], [67554, {"py/object": "odf.components.Data", "data": {"py/b64": "Ey4="}, "fake": false}], [67634, {"py/object": "odf.components.Data", "data": {"py/b64": "dkM="}, "fake": false}], [67712, {"py/object": "odf.components.Data", "data": {"py/b64": "sXc="}, "fake": false}], [67790, {"py/object": "odf.components.Data", "data": {"py/b64": "0EM="}, "fake": false}], [67869, {"py/object": "odf.components.Data", "data": {"py/b64": "xLw="}, "fake": false}], [67951, {"py/object": "odf.components.Data", "data": {"py/b64": "ocM="}, "fake": false}], [68032, {"py/object": "odf.components.Data", "data": {"py/b64": "s28="}, "fake": false}], [68110, {"py/object": "odf.components.Data", "data": {"py/b64": "CUI="}, "fake": false}], [68188, {"py/object": "odf.components.Data", "data": {"py/b64": "LeI="}, "fake": false}], [68266, {"py/object": "odf.components.Data", "data": {"py/b64": "gsM="}, "fake": false}], [68344, {"py/object": "odf.components.Data", "data": {"py/b64": "Idw="}, "fake": false}], [68423, {"py/object": "odf.components.Data", "data": {"py/b64": "EEE="}, "fake": false}], [68500, {"py/object": "odf.components.Data", "data": {"py/b64": "DDE="}, "fake": false}], [68579, {"py/object": "odf.components.Data", "data": {"py/b64": "tb8="}, "fake": false}], [68653, {"py/object": "odf.components.Data", "data": {"py/b64": "TDM="}, "fake": false}], [68718, {"py/object": "odf.components.Data", "data": {"py/b64": "P8E="}, "fake": false}], [68796, {"py/object": "odf.components.Data", "data": {"py/b64": "BHI="}, "fake": false}], [68872, {"py/object": "odf.components.Data", "data": {"py/b64": "o8A="}, "fake": false}], [68949, {"py/object": "odf.components.Data", "data": {"py/b64": "7ec="}, "fake": false}], [69026, {"py/object": "odf.components.Data", "data": {"py/b64": "CcE="}, "fake": false}], [69105, {"py/object": "odf.components.Data", "data": {"py/b64": "4XY="}, "fake": false}], [69183, {"py/object": "odf.components.Data", "data": {"py/b64": "0EM="}, "fake": false}], [69260, {"py/object": "odf.components.Data", "data": {"py/b64": "FBA="}, "fake": false}], [69339, {"py/object": "odf.components.Data", "data": {"py/b64": "YcE="}, "fake": false}], [69418, {"py/object": "odf.components.Data", "data": {"py/b64": "AfI="}, "fake": false}], [69497, {"py/object": "odf.components.Data", "data": {"py/b64": "uEA="}, "fake": false}], [69580, {"py/object": "odf.components.Data", "data": {"py/b64": "v9Y="}, "fake": false}], [69668, {"py/object": "odf.components.Data", "data": {"py/b64": "oz4="}, "fake": false}], [71805, {"py/object": "odf.components.Status", "address": 6, "message_error_bit": "0", "instrumentation_bit": "0", "service_request_bit": "0", "reserved_bits": "000", "brdcst_received_bit": "0", "busy_bit": "0", "subsystem_flag_bit": "0", "dynamic_bus_control_accpt_bit": "0", "terminal_flag_bit": "1", "parity_bit": "1", "fake": false}], [71862, {"py/object": "odf.components.Command", "address": 8, "tr": 0, "sub_address": 2, "dword_count": 8, "parity": 0, "fake": false}], [71875, {"py/object": "odf.components.Command", "address": 7, "tr": 1, "sub_address": 2, "dword_count": 8, "parity": 0, "fake": false}], [73942, {"py/object": "odf.components.Status", "address": 7, "message_error_bit": "0", "instrumentation_bit": "0", "service_request_bit": "0", "reserved_bits": "000", "brdcst_received_bit": "0", "busy_bit": "0", "subsystem_flag_bit": "0", "dynamic_bus_control_accpt_bit": "0", "terminal_flag_bit": "1", "parity_bit": "1", "fake": false}], [74021, {"py/object": "odf.components.Data", "data": {"py/b64": "BwQ="}, "fake": false}], [74086, {"py/object": "odf.components.Data", "data": {"py/b64": "2L0="}, "fake": false}], [74163, {"py/object": "odf.components.Data", "data": {"py/b64": "/3Q="}, "fake": false}], [74242, {"py/object": "odf.components.Data", "data": {"py/b64": "5z4="}, "fake": false}], [74327, {"py/object": "odf.components.Data", "data": {"py/b64": "khE="}, "fake": false}], [74407, {"py/object": "odf.components.Data", "data": {"py/b64": "5zw="}, "fake": false}], [74485, {"py/object": "odf.components.Data", "data": {"py/b64": "CvU="}, "fake": false}], [74571, {"py/object": "odf.components.Data", "data": {"py/b64": "1bk="}, "fake": false}], [76697, {"py/object": "odf.components.Status", "address": 8, "message_error_bit": "0", "instrumentation_bit": "0", "service_request_bit": "0", "reserved_bits": "000", "brdcst_received_bit": "0", "busy_bit": "0", "subsystem_flag_bit": "0", "dynamic_bus_control_accpt_bit": "0", "terminal_flag_bit": "1", "parity_bit": "1", "fake": false}], [76766, {"py/object": "odf.components.Command", "address": 10, "tr": 0, "sub_address": 2, "dword_count": 12, "parity": 0, "fake": false}], [76780, {"py/object": "odf.components.Command", "address": 9, "tr": 1, "sub_address": 2, "dword_count": 12, "parity": 0, "fake": false}], [78835, {"py/object": "odf.components.Status", "address": 9, "message_error_bit": "0", "instrumentation_bit": "0", "service_request_bit": "0", "reserved_bits": "000", "brdcst_received_bit": "0", "busy_bit": "0", "subsystem_flag_bit": "0", "dynamic_bus_control_accpt_bit": "0", "terminal_flag_bit": "1", "parity_bit": "1", "fake": false}], [78910, {"py/object": "odf.components.Data", "data": {"py/b64": "66w="}, "fake": false}], [78992, {"py/object": "odf.components.Data", "data": {"py/b64": "B0I="}, "fake": false}], [79073, {"py/object": "odf.components.Data", "data": {"py/b64": "k+s="}, "fake": false}], [79155, {"py/object": "odf.components.Data", "data": {"py/b64": "7MI="}, "fake": false}], [79233, {"py/object": "odf.components.Data", "data": {"py/b64": "Guk="}, "fake": false}], [79314, {"py/object": "odf.components.Data", "data": {"py/b64": "A0Q="}, "fake": false}], [79392, {"py/object": "odf.components.Data", "data": {"py/b64": "yKw="}, "fake": false}], [79471, {"py/object": "odf.components.Data", "data": {"py/b64": "B0I="}, "fake": false}], [79543, {"py/object": "odf.components.Data", "data": {"py/b64": "nOs="}, "fake": false}], [79623, {"py/object": "odf.components.Data", "data": {"py/b64": "7MI="}, "fake": false}], [79705, {"py/object": "odf.components.Data", "data": {"py/b64": "Ico="}, "fake": false}], [79783, {"py/object": "odf.components.Data", "data": {"py/b64": "2EQ="}, "fake": false}], [81923, {"py/object": "odf.components.Status", "address": 10, "message_error_bit": "0", "instrumentation_bit": "0", "service_request_bit": "0", "reserved_bits": "000", "brdcst_received_bit": "0", "busy_bit": "0", "subsystem_flag_bit": "0", "dynamic_bus_control_accpt_bit": "0", "terminal_flag_bit": "1", "parity_bit": "1", "fake": false}], [81990, {"py/object": "odf.components.Command", "address": 12, "tr": 0, "sub_address": 2, "dword_count": 16, "parity": 0, "fake": false}], [82005, {"py/object": "odf.components.Command", "address": 11, "tr": 1, "sub_address": 2, "dword_count": 16, "parity": 0, "fake": false}], [84073, {"py/object": "odf.components.Status", "address": 11, "message_error_bit": "0", "instrumentation_bit": "0", "service_request_bit": "0", "reserved_bits": "000", "brdcst_received_bit": "0", "busy_bit": "0", "subsystem_flag_bit": "0", "dynamic_bus_control_accpt_bit": "0", "terminal_flag_bit": "1", "parity_bit": "1", "fake": false}], [84152, {"py/object": "odf.components.Data", "data": {"py/b64": "jh4="}, "fake": false}], [84234, {"py/object": "odf.components.Data", "data": {"py/b64": "Ezs="}, "fake": false}], [84314, {"py/object": "odf.components.Data", "data": {"py/b64": "oIY="}, "fake": false}], [84395, {"py/object": "odf.components.Data", "data": {"py/b64": "MkE="}, "fake": false}], [84475, {"py/object": "odf.components.Data", "data": {"py/b64": "jBA="}, "fake": false}], [84554, {"py/object": "odf.components.Data", "data": {"py/b64": "30E="}, "fake": false}], [84634, {"py/object": "odf.components.Data", "data": {"py/b64": "6Nw="}, "fake": false}], [84712, {"py/object": "odf.components.Data", "data": {"py/b64": "oEA="}, "fake": false}], [84794, {"py/object": "odf.components.Data", "data": {"py/b64": "vdY="}, "fake": false}], [84873, {"py/object": "odf.components.Data", "data": {"py/b64": "IUA="}, "fake": false}], [84953, {"py/object": "odf.components.Data", "data": {"py/b64": "oWc="}, "fake": false}], [85032, {"py/object": "odf.components.Data", "data": {"py/b64": "ULs="}, "fake": false}], [85114, {"py/object": "odf.components.Data", "data": {"py/b64": "bw8="}, "fake": false}], [85202, {"py/object": "odf.components.Data", "data": {"py/b64": "ED0="}, "fake": false}], [85282, {"py/object": "odf.components.Data", "data": {"py/b64": "5rU="}, "fake": false}], [85364, {"py/object": "odf.components.Data", "data": {"py/b64": "nEE="}, "fake": false}], [87475, {"py/object": "odf.components.Status", "address": 12, "message_error_bit": "0", "instrumentation_bit": "0", "service_request_bit": "0", "reserved_bits": "000", "brdcst_received_bit": "0", "busy_bit": "0", "subsystem_flag_bit": "0", "dynamic_bus_control_accpt_bit": "0", "terminal_flag_bit": "1", "parity_bit": "1", "fake": false}], [87678, {"py/object": "odf.components.Command", "address": 1, "tr": 0, "sub_address": 2, "dword_count": 4, "parity": 0, "fake": false}], [87764, {"py/object": "odf.components.Data", "data": {"py/b64": "AAA="}, "fake": false}], [87781, {"py/object": "odf.components.Data", "data": {"py/b64": "AAA="}, "fake": false}], [87793, {"py/object": "odf.components.Data", "data": {"py/b64": "AAA="}, "fake": false}], [87804, {"py/object": "odf.components.Data", "data": {"py/b64": "AAA="}, "fake": false}], [89867, {"py/object": "odf.components.Status", "address": 1, "message_error_bit": "0", "instrumentation_bit": "0", "service_request_bit": "0", "reserved_bits": "000", "brdcst_received_bit": "0", "busy_bit": "0", "subsystem_flag_bit": "0", "dynamic_bus_control_accpt_bit": "0", "terminal_flag_bit": "1", "parity_bit": "1", "fake": false}], [90028, {"py/object": "odf.components.Command", "address": 31, "tr": 0, "sub_address": 2, "dword_count": 1, "parity": 0, "fake": false}], [90084, {"py/object": "odf.components.Data", "data": {"py/b64": "//8="}, "fake": false}], [90094, {"py/object": "odf.components.Command", "address": 4, "tr": 0, "sub_address": 2, "dword_count": 18, "parity": 0, "fake": false}], [90104, {"py/object": "odf.components.Command", "address": 3, "tr": 1, "sub_address": 2, "dword_count": 18, "parity": 0, "fake": false}], [92164, {"py/object": "odf.components.Status", "address": 3, "message_error_bit": "0", "instrumentation_bit": "0", "service_request_bit": "0", "reserved_bits": "000", "brdcst_received_bit": "0", "busy_bit": "0", "subsystem_flag_bit": "0", "dynamic_bus_control_accpt_bit": "0", "terminal_flag_bit": "1", "parity_bit": "1", "fake": false}], [92247, {"py/object": "odf.components.Data", "data": {"py/b64": "t+A="}, "fake": false}], [92309, {"py/object": "odf.components.Data", "data": {"py/b64": "eUM="}, "fake": false}], [92391, {"py/object": "odf.components.Data", "data": {"py/b64": "uvk="}, "fake": false}], [92471, {"py/object": "odf.components.Data", "data": {"py/b64": "AEU="}, "fake": false}], [92550, {"py/object": "odf.components.Data", "data": {"py/b64": "6FE="}, "fake": false}], [92631, {"py/object": "odf.components.Data", "data": {"py/b64": "B0U="}, "fake": false}], [92708, {"py/object": "odf.components.Data", "data": {"py/b64": "ImQ="}, "fake": false}], [92788, {"py/object": "odf.components.Data", "data": {"py/b64": "C0M="}, "fake": false}], [92869, {"py/object": "odf.components.Data", "data": {"py/b64": "jTA="}, "fake": false}], [92949, {"py/object": "odf.components.Data", "data": {"py/b64": "PkA="}, "fake": false}], [93025, {"py/object": "odf.components.Data", "data": {"py/b64": "ox0="}, "fake": false}], [93104, {"py/object": "odf.components.Data", "data": {"py/b64": "PkA="}, "fake": false}], [93184, {"py/object": "odf.components.Data", "data": {"py/b64": "NQQ="}, "fake": false}], [93264, {"py/object": "odf.components.Data", "data": {"py/b64": "Q0A="}, "fake": false}], [93342, {"py/object": "odf.components.Data", "data": {"py/b64": "wdI="}, "fake": false}], [93421, {"py/object": "odf.components.Data", "data": {"py/b64": "1EM="}, "fake": false}], [93500, {"py/object": "odf.components.Data", "data": {"py/b64": "tww="}, "fake": false}], [93586, {"py/object": "odf.components.Data", "data": {"py/b64": "OkQ="}, "fake": false}], [95671, {"py/object": "odf.components.Status", "address": 4, "message_error_bit": "0", "instrumentation_bit": "0", "service_request_bit": "0", "reserved_bits": "000", "brdcst_received_bit": "0", "busy_bit": "0", "subsystem_flag_bit": "0", "dynamic_bus_control_accpt_bit": "0", "terminal_flag_bit": "1", "parity_bit": "1", "fake": false}], [95766, {"py/object": "odf.components.Command", "address": 6, "tr": 0, "sub_address": 2, "dword_count": 28, "parity": 0, "fake": false}], [95782, {"py/object": "odf.components.Command", "address": 5, "tr": 1, "sub_address": 2, "dword_count": 28, "parity": 0, "fake": false}], [97851, {"py/object": "odf.components.Status", "address": 5, "message_error_bit": "0", "instrumentation_bit": "0", "service_request_bit": "0", "reserved_bits": "000", "brdcst_received_bit": "0", "busy_bit": "0", "subsystem_flag_bit": "0", "dynamic_bus_control_accpt_bit": "0", "terminal_flag_bit": "1", "parity_bit": "1", "fake": false}], [97933, {"py/object": "odf.components.Data", "data": {"py/b64": "uW0="}, "fake": false}], [98007, {"py/object": "odf.components.Data", "data": {"py/b64": "fkM="}, "fake": false}], [98087, {"py/object": "odf.components.Data", "data": {"py/b64": "lWY="}, "fake": false}], [98167, {"py/object": "odf.components.Data", "data": {"py/b64": "10M="}, "fake": false}], [98248, {"py/object": "odf.components.Data", "data": {"py/b64": "/mo="}, "fake": false}], [98327, {"py/object": "odf.components.Data", "data": {"py/b64": "lUI="}, "fake": false}], [98404, {"py/object": "odf.components.Data", "data": {"py/b64": "YCI="}, "fake": false}], [98489, {"py/object": "odf.components.Data", "data": {"py/b64": "CUI="}, "fake": false}], [98566, {"py/object": "odf.components.Data", "data": {"py/b64": "bWE="}, "fake": false}], [98645, {"py/object": "odf.components.Data", "data": {"py/b64": "08M="}, "fake": false}], [98724, {"py/object": "odf.components.Data", "data": {"py/b64": "llI="}, "fake": false}], [98801, {"py/object": "odf.components.Data", "data": {"py/b64": "bUE="}, "fake": false}], [98878, {"py/object": "odf.components.Data", "data": {"py/b64": "W9I="}, "fake": false}], [98957, {"py/object": "odf.components.Data", "data": {"py/b64": "xD4="}, "fake": false}], [99034, {"py/object": "odf.components.Data", "data": {"py/b64": "2jM="}, "fake": false}], [99115, {"py/object": "odf.components.Data", "data": {"py/b64": "D0A="}, "fake": false}], [99198, {"py/object": "odf.components.Data", "data": {"py/b64": "kE0="}, "fake": false}], [99278, {"py/object": "odf.components.Data", "data": {"py/b64": "7cA="}, "fake": false}], [99358, {"py/object": "odf.components.Data", "data": {"py/b64": "rDs="}, "fake": false}], [99437, {"py/object": "odf.components.Data", "data": {"py/b64": "BME="}, "fake": false}], [99516, {"py/object": "odf.components.Data", "data": {"py/b64": "12c="}, "fake": false}], [99598, {"py/object": "odf.components.Data", "data": {"py/b64": "10M="}, "fake": false}], [99676, {"py/object": "odf.components.Data", "data": {"py/b64": "hJg="}, "fake": false}], [99755, {"py/object": "odf.components.Data", "data": {"py/b64": "WcE="}, "fake": false}], [99834, {"py/object": "odf.components.Data", "data": {"py/b64": "BpA="}, "fake": false}], [99916, {"py/object": "odf.components.Data", "data": {"py/b64": "2kA="}, "fake": false}], [99986, {"py/object": "odf.components.Data", "data": {"py/b64": "C0Q="}, "fake": false}], [100069, {"py/object": "odf.components.Data", "data": {"py/b64": "1T4="}, "fake": false}], [102199, {"py/object": "odf.components.Status", "address": 6, "message_error_bit": "0", "instrumentation_bit": "0", "service_request_bit": "0", "reserved_bits": "000", "brdcst_received_bit": "0", "busy_bit": "0", "subsystem_flag_bit": "0", "dynamic_bus_control_accpt_bit": "0", "terminal_flag_bit": "1", "parity_bit": "1", "fake": false}], [102253, {"py/object": "odf.components.Command", "address": 8, "tr": 0, "sub_address": 2, "dword_count": 8, "parity": 0, "fake": false}], [102268, {"py/object": "odf.components.Command", "address": 7, "tr": 1, "sub_address": 2, "dword_count": 8, "parity": 0, "fake": false}], [104336, {"py/object": "odf.components.Status", "address": 7, "message_error_bit": "0", "instrumentation_bit": "0", "service_request_bit": "0", "reserved_bits": "000", "brdcst_received_bit": "0", "busy_bit": "0", "subsystem_flag_bit": "0", "dynamic_bus_control_accpt_bit": "0", "terminal_flag_bit": "1", "parity_bit": "1", "fake": false}], [104419, {"py/object": "odf.components.Data", "data": {"py/b64": "SoE="}, "fake": false}], [104500, {"py/object": "odf.components.Data", "data": {"py/b64": "1b0="}, "fake": false}], [104579, {"py/object": "odf.components.Data", "data": {"py/b64": "MwE="}, "fake": false}], [104662, {"py/object": "odf.components.Data", "data": {"py/b64": "4z4="}, "fake": false}], [104733, {"py/object": "odf.components.Data", "data": {"py/b64": "0h0="}, "fake": false}], [104808, {"py/object": "odf.components.Data", "data": {"py/b64": "4jw="}, "fake": false}], [104890, {"py/object": "odf.components.Data", "data": {"py/b64": "VoA="}, "fake": false}], [104971, {"py/object": "odf.components.Data", "data": {"py/b64": "Ezo="}, "fake": false}], [107111, {"py/object": "odf.components.Status", "address": 8, "message_error_bit": "0", "instrumentation_bit": "0", "service_request_bit": "0", "reserved_bits": "000", "brdcst_received_bit": "0", "busy_bit": "0", "subsystem_flag_bit": "0", "dynamic_bus_control_accpt_bit": "0", "terminal_flag_bit": "1", "parity_bit": "1", "fake": false}], [107173, {"py/object": "odf.components.Command", "address": 10, "tr": 0, "sub_address": 2, "dword_count": 12, "parity": 0, "fake": false}], [107190, {"py/object": "odf.components.Command", "address": 9, "tr": 1, "sub_address": 2, "dword_count": 12, "parity": 0, "fake": false}], [109254, {"py/object": "odf.components.Status", "address": 9, "message_error_bit": "0", "instrumentation_bit": "0", "service_request_bit": "0", "reserved_bits": "000", "brdcst_received_bit": "0", "busy_bit": "0", "subsystem_flag_bit": "0", "dynamic_bus_control_accpt_bit": "0", "terminal_flag_bit": "1", "parity_bit": "1", "fake": false}], [109339, {"py/object": "odf.components.Data", "data": {"py/b64": "n4g="}, "fake": false}], [109421, {"py/object": "odf.components.Data", "data": {"py/b64": "B0I="}, "fake": false}], [109502, {"py/object": "odf.components.Data", "data": {"py/b64": "Keo="}, "fake": false}], [109584, {"py/object": "odf.components.Data", "data": {"py/b64": "7MI="}, "fake": false}], [109663, {"py/object": "odf.components.Data", "data": {"py/b64": "pCE="}, "fake": false}], [109736, {"py/object": "odf.components.Data", "data": {"py/b64": "V0Q="}, "fake": false}], [109813, {"py/object": "odf.components.Data", "data": {"py/b64": "fog="}, "fake": false}], [109895, {"py/object": "odf.components.Data", "data": {"py/b64": "B0I="}, "fake": false}], [109977, {"py/object": "odf.components.Data", "data": {"py/b64": "Huo="}, "fake": false}], [110057, {"py/object": "odf.components.Data", "data": {"py/b64": "7MI="}, "fake": false}], [110139, {"py/object": "odf.components.Data", "data": {"py/b64": "ZLs="}, "fake": false}], [110228, {"py/object": "odf.components.Data", "data": {"py/b64": "MEU="}, "fake": false}], [112337, {"py/object": "odf.components.Status", "address": 10, "message_error_bit": "0", "instrumentation_bit": "0", "service_request_bit": "0", "reserved_bits": "000", "brdcst_received_bit": "0", "busy_bit": "0", "subsystem_flag_bit": "0", "dynamic_bus_control_accpt_bit": "0", "terminal_flag_bit": "1", "parity_bit": "1", "fake": false}], [112408, {"py/object": "odf.components.Command", "address": 12, "tr": 0, "sub_address": 2, "dword_count": 16, "parity": 0, "fake": false}], [112423, {"py/object": "odf.components.Command", "address": 11, "tr": 1, "sub_address": 2, "dword_count": 16, "parity": 0, "fake": false}], [114497, {"py/object": "odf.components.Status", "address": 11, "message_error_bit": "0", "instrumentation_bit": "0", "service_request_bit": "0", "reserved_bits": "000", "brdcst_received_bit": "0", "busy_bit": "0", "subsystem_flag_bit": "0", "dynamic_bus_control_accpt_bit": "0", "terminal_flag_bit": "1", "parity_bit": "1", "fake": false}], [114577, {"py/object": "odf.components.Data", "data": {"py/b64": "acw="}, "fake": false}], [114659, {"py/object": "odf.components.Data", "data": {"py/b64": "Djs="}, "fake": false}], [114740, {"py/object": "odf.components.Data", "data": {"py/b64": "4M0="}, "fake": false}], [114822, {"py/object": "odf.components.Data", "data": {"py/b64": "EkE="}, "fake": false}], [114904, {"py/object": "odf.components.Data", "data": {"py/b64": "agI="}, "fake": false}], [114984, {"py/object": "odf.components.Data", "data": {"py/b64": "10E="}, "fake": false}], [115067, {"py/object": "odf.components.Data", "data": {"py/b64": "gtw="}, "fake": false}], [115147, {"py/object": "odf.components.Data", "data": {"py/b64": "qUA="}, "fake": false}], [115230, {"py/object": "odf.components.Data", "data": {"py/b64": "kQM="}, "fake": false}], [115296, {"py/object": "odf.components.Data", "data": {"py/b64": "KkA="}, "fake": false}], [115378, {"py/object": "odf.components.Data", "data": {"py/b64": "wFo="}, "fake": false}], [115459, {"py/object": "odf.components.Data", "data": {"py/b64": "Mj0="}, "fake": false}], [115539, {"py/object": "odf.components.Data", "data": {"py/b64": "DQI="}, "fake": false}], [115617, {"py/object": "odf.components.Data", "data": {"py/b64": "lb0="}, "fake": false}], [115697, {"py/object": "odf.components.Data", "data": {"py/b64": "Zrw="}, "fake": false}], [115782, {"py/object": "odf.components.Data", "data": {"py/b64": "jkE="}, "fake": false}], [117959, {"py/object": "odf.components.Status", "address": 12, "message_error_bit": "0", "instrumentation_bit": "0", "service_request_bit": "0", "reserved_bits": "000", "brdcst_received_bit": "0", "busy_bit": "0", "subsystem_flag_bit": "0", "dynamic_bus_control_accpt_bit": "0", "terminal_flag_bit": "1", "parity_bit": "1", "fake": false}], [118130, {"py/object": "odf.components.Command", "address": 1, "tr": 0, "sub_address": 2, "dword_count": 4, "parity": 0, "fake": false}], [118186, {"py/object": "odf.components.Data", "data": {"py/b64": "AAA="}, "fake": false}], [118202, {"py/object": "odf.components.Data", "data": {"py/b64": "AAA="}, "fake": false}], [118215, {"py/object": "odf.components.Data", "data": {"py/b64": "AAA="}, "fake": false}], [118229, {"py/object": "odf.components.Data", "data": {"py/b64": "AAA="}, "fake": false}], [120284, {"py/object": "odf.components.Status", "address": 1, "message_error_bit": "0", "instrumentation_bit": "0", "service_request_bit": "0", "reserved_bits": "000", "brdcst_received_bit": "0", "busy_bit": "0", "subsystem_flag_bit": "0", "dynamic_bus_control_accpt_bit": "0", "terminal_flag_bit": "1", "parity_bit": "1", "fake": false}]], "attack_times": [[]], "attack_types": ["Data_Corruption_Attack"], "attack_outcome": [false]}