{"data": [[391, {"py/object": "odf.components.Command", "address": 31, "tr": 0, "sub_address": 2, "dword_count": 1, "parity": 0, "fake": false}], [498, {"py/object": "odf.components.Data", "data": {"py/b64": "//8="}, "fake": false}], [549, {"py/object": "odf.components.Command", "address": 4, "tr": 0, "sub_address": 2, "dword_count": 18, "parity": 0, "fake": false}], [568, {"py/object": "odf.components.Command", "address": 3, "tr": 1, "sub_address": 2, "dword_count": 18, "parity": 0, "fake": false}], [2641, {"py/object": "odf.components.Status", "address": 3, "message_error_bit": "0", "instrumentation_bit": "0", "service_request_bit": "0", "reserved_bits": "000", "brdcst_received_bit": "0", "busy_bit": "0", "subsystem_flag_bit": "0", "dynamic_bus_control_accpt_bit": "0", "terminal_flag_bit": "1", "parity_bit": "1", "fake": false}], [2714, {"py/object": "odf.components.Data", "data": {"py/b64": "iKs="}, "fake": false}], [2786, {"py/object": "odf.components.Data", "data": {"py/b64": "JUI="}, "fake": false}], [2858, {"py/object": "odf.components.Data", "data": {"py/b64": "yLM="}, "fake": false}], [2930, {"py/object": "odf.components.Data", "data": {"py/b64": "fb0="}, "fake": false}], [3001, {"py/object": "odf.components.Data", "data": {"py/b64": "RYY="}, "fake": false}], [3071, {"py/object": "odf.components.Data", "data": {"py/b64": "7kI="}, "fake": false}], [3142, {"py/object": "odf.components.Data", "data": {"py/b64": "q80="}, "fake": false}], [3215, {"py/object": "odf.components.Data", "data": {"py/b64": "iEM="}, "fake": false}], [3285, {"py/object": "odf.components.Data", "data": {"py/b64": "768="}, "fake": false}], [3359, {"py/object": "odf.components.Data", "data": {"py/b64": "i0A="}, "fake": false}], [3430, {"py/object": "odf.components.Data", "data": {"py/b64": "ALA="}, "fake": false}], [3502, {"py/object": "odf.components.Data", "data": {"py/b64": "i0A="}, "fake": false}], [3573, {"py/object": "odf.components.Data", "data": {"py/b64": "2w8="}, "fake": false}], [3645, {"py/object": "odf.components.Data", "data": {"py/b64": "SUA="}, "fake": false}], [3715, {"py/object": "odf.components.Data", "data": {"py/b64": "pKM="}, "fake": false}], [3786, {"py/object": "odf.components.Data", "data": {"py/b64": "1kM="}, "fake": false}], [3859, {"py/object": "odf.components.Data", "data": {"py/b64": "tww="}, "fake": false}], [3935, {"py/object": "odf.components.Data", "data": {"py/b64": "OkQ="}, "fake": false}], [6013, {"py/object": "odf.components.Status", "address": 4, "message_error_bit": "0", "instrumentation_bit": "0", "service_request_bit": "0", "reserved_bits": "000", "brdcst_received_bit": "0", "busy_bit": "0", "subsystem_flag_bit": "0", "dynamic_bus_control_accpt_bit": "0", "terminal_flag_bit": "1", "parity_bit": "1", "fake": false}], [6079, {"py/object": "odf.components.Command", "address": 6, "tr": 0, "sub_address": 2, "dword_count": 28, "parity": 0, "fake": false}], [6094, {"py/object": "odf.components.Command", "address": 5, "tr": 1, "sub_address": 2, "dword_count": 28, "parity": 0, "fake": false}], [8167, {"py/object": "odf.components.Status", "address": 5, "message_error_bit": "0", "instrumentation_bit": "0", "service_request_bit": "0", "reserved_bits": "000", "brdcst_received_bit": "0", "busy_bit": "0", "subsystem_flag_bit": "0", "dynamic_bus_control_accpt_bit": "0", "terminal_flag_bit": "1", "parity_bit": "1", "fake": false}], [8240, {"py/object": "odf.components.Data", "data": {"py/b64": "wpE="}, "fake": false}], [8311, {"py/object": "odf.components.Data", "data": {"py/b64": "rEI="}, "fake": false}], [8381, {"py/object": "odf.components.Data", "data": {"py/b64": "SSg="}, "fake": false}], [8452, {"py/object": "odf.components.Data", "data": {"py/b64": "EkM="}, "fake": false}], [8525, {"py/object": "odf.components.Data", "data": {"py/b64": "z7A="}, "fake": false}], [8596, {"py/object": "odf.components.Data", "data": {"py/b64": "EcM="}, "fake": false}], [8668, {"py/object": "odf.components.Data", "data": {"py/b64": "ahU="}, "fake": false}], [8737, {"py/object": "odf.components.Data", "data": {"py/b64": "Tzw="}, "fake": false}], [8807, {"py/object": "odf.components.Data", "data": {"py/b64": "3ig="}, "fake": false}], [8878, {"py/object": "odf.components.Data", "data": {"py/b64": "kcE="}, "fake": false}], [8951, {"py/object": "odf.components.Data", "data": {"py/b64": "N+8="}, "fake": false}], [9023, {"py/object": "odf.components.Data", "data": {"py/b64": "UsE="}, "fake": false}], [9093, {"py/object": "odf.components.Data", "data": {"py/b64": "Jeg="}, "fake": false}], [9162, {"py/object": "odf.components.Data", "data": {"py/b64": "bL8="}, "fake": false}], [9233, {"py/object": "odf.components.Data", "data": {"py/b64": "KRk="}, "fake": false}], [9304, {"py/object": "odf.components.Data", "data": {"py/b64": "BMA="}, "fake": false}], [9375, {"py/object": "odf.components.Data", "data": {"py/b64": "0GE="}, "fake": false}], [9447, {"py/object": "odf.components.Data", "data": {"py/b64": "Bbw="}, "fake": false}], [9519, {"py/object": "odf.components.Data", "data": {"py/b64": "I64="}, "fake": false}], [9589, {"py/object": "odf.components.Data", "data": {"py/b64": "bkA="}, "fake": false}], [9647, {"py/object": "odf.components.Data", "data": {"py/b64": "rHU="}, "fake": false}], [9713, {"py/object": "odf.components.Data", "data": {"py/b64": "F0M="}, "fake": false}], [9781, {"py/object": "odf.components.Data", "data": {"py/b64": "dbY="}, "fake": false}], [9831, {"py/object": "odf.components.Data", "data": {"py/b64": "Db4="}, "fake": false}], [9897, {"py/object": "odf.components.Data", "data": {"py/b64": "TfE="}, "fake": false}], [9968, {"py/object": "odf.components.Data", "data": {"py/b64": "FsA="}, "fake": false}], [10039, {"py/object": "odf.components.Data", "data": {"py/b64": "cHg="}, "fake": false}], [10118, {"py/object": "odf.components.Data", "data": {"py/b64": "UEE="}, "fake": false}], [12242, {"py/object": "odf.components.Status", "address": 6, "message_error_bit": "0", "instrumentation_bit": "0", "service_request_bit": "0", "reserved_bits": "000", "brdcst_received_bit": "0", "busy_bit": "0", "subsystem_flag_bit": "0", "dynamic_bus_control_accpt_bit": "0", "terminal_flag_bit": "1", "parity_bit": "1", "fake": false}], [12293, {"py/object": "odf.components.Command", "address": 8, "tr": 0, "sub_address": 2, "dword_count": 8, "parity": 0, "fake": false}], [12311, {"py/object": "odf.components.Command", "address": 7, "tr": 1, "sub_address": 2, "dword_count": 8, "parity": 0, "fake": false}], [14383, {"py/object": "odf.components.Status", "address": 7, "message_error_bit": "0", "instrumentation_bit": "0", "service_request_bit": "0", "reserved_bits": "000", "brdcst_received_bit": "0", "busy_bit": "0", "subsystem_flag_bit": "0", "dynamic_bus_control_accpt_bit": "0", "terminal_flag_bit": "1", "parity_bit": "1", "fake": false}], [14455, {"py/object": "odf.components.Data", "data": {"py/b64": "xJ4="}, "fake": false}], [14525, {"py/object": "odf.components.Data", "data": {"py/b64": "YL0="}, "fake": false}], [14597, {"py/object": "odf.components.Data", "data": {"py/b64": "xsM="}, "fake": false}], [14668, {"py/object": "odf.components.Data", "data": {"py/b64": "FTo="}, "fake": false}], [14741, {"py/object": "odf.components.Data", "data": {"py/b64": "lOM="}, "fake": false}], [14812, {"py/object": "odf.components.Data", "data": {"py/b64": "Jz0="}, "fake": false}], [14885, {"py/object": "odf.components.Data", "data": {"py/b64": "z3E="}, "fake": false}], [14958, {"py/object": "odf.components.Data", "data": {"py/b64": "lDk="}, "fake": false}], [17082, {"py/object": "odf.components.Status", "address": 8, "message_error_bit": "0", "instrumentation_bit": "0", "service_request_bit": "0", "reserved_bits": "000", "brdcst_received_bit": "0", "busy_bit": "0", "subsystem_flag_bit": "0", "dynamic_bus_control_accpt_bit": "0", "terminal_flag_bit": "1", "parity_bit": "1", "fake": false}], [17155, {"py/object": "odf.components.Command", "address": 10, "tr": 0, "sub_address": 2, "dword_count": 12, "parity": 0, "fake": false}], [17174, {"py/object": "odf.components.Command", "address": 9, "tr": 1, "sub_address": 2, "dword_count": 12, "parity": 0, "fake": false}], [19250, {"py/object": "odf.components.Status", "address": 9, "message_error_bit": "0", "instrumentation_bit": "0", "service_request_bit": "0", "reserved_bits": "000", "brdcst_received_bit": "0", "busy_bit": "0", "subsystem_flag_bit": "0", "dynamic_bus_control_accpt_bit": "0", "terminal_flag_bit": "1", "parity_bit": "1", "fake": false}], [19323, {"py/object": "odf.components.Data", "data": {"py/b64": "L8E="}, "fake": false}], [19397, {"py/object": "odf.components.Data", "data": {"py/b64": "B0I="}, "fake": false}], [19470, {"py/object": "odf.components.Data", "data": {"py/b64": "ocg="}, "fake": false}], [19541, {"py/object": "odf.components.Data", "data": {"py/b64": "7MI="}, "fake": false}], [19612, {"py/object": "odf.components.Data", "data": {"py/b64": "vNY="}, "fake": false}], [19682, {"py/object": "odf.components.Data", "data": {"py/b64": "MUI="}, "fake": false}], [19750, {"py/object": "odf.components.Data", "data": {"py/b64": "K8E="}, "fake": false}], [19823, {"py/object": "odf.components.Data", "data": {"py/b64": "B0I="}, "fake": false}], [19895, {"py/object": "odf.components.Data", "data": {"py/b64": "tMg="}, "fake": false}], [19966, {"py/object": "odf.components.Data", "data": {"py/b64": "7MI="}, "fake": false}], [20039, {"py/object": "odf.components.Data", "data": {"py/b64": "ivU="}, "fake": false}], [20115, {"py/object": "odf.components.Data", "data": {"py/b64": "FEM="}, "fake": false}], [22248, {"py/object": "odf.components.Status", "address": 10, "message_error_bit": "0", "instrumentation_bit": "0", "service_request_bit": "0", "reserved_bits": "000", "brdcst_received_bit": "0", "busy_bit": "0", "subsystem_flag_bit": "0", "dynamic_bus_control_accpt_bit": "0", "terminal_flag_bit": "1", "parity_bit": "1", "fake": false}], [22309, {"py/object": "odf.components.Command", "address": 12, "tr": 0, "sub_address": 2, "dword_count": 16, "parity": 0, "fake": false}], [22328, {"py/object": "odf.components.Command", "address": 11, "tr": 1, "sub_address": 2, "dword_count": 16, "parity": 0, "fake": false}], [24405, {"py/object": "odf.components.Status", "address": 11, "message_error_bit": "0", "instrumentation_bit": "0", "service_request_bit": "0", "reserved_bits": "000", "brdcst_received_bit": "0", "busy_bit": "0", "subsystem_flag_bit": "0", "dynamic_bus_control_accpt_bit": "0", "terminal_flag_bit": "1", "parity_bit": "1", "fake": false}], [24474, {"py/object": "odf.components.Data", "data": {"py/b64": "d2Y="}, "fake": false}], [24543, {"py/object": "odf.components.Data", "data": {"py/b64": "Gjs="}, "fake": false}], [24615, {"py/object": "odf.components.Data", "data": {"py/b64": "AIo="}, "fake": false}], [24688, {"py/object": "odf.components.Data", "data": {"py/b64": "ZUE="}, "fake": false}], [24760, {"py/object": "odf.components.Data", "data": {"py/b64": "roc="}, "fake": false}], [24830, {"py/object": "odf.components.Data", "data": {"py/b64": "7EE="}, "fake": false}], [24900, {"py/object": "odf.components.Data", "data": {"py/b64": "sAg="}, "fake": false}], [24974, {"py/object": "odf.components.Data", "data": {"py/b64": "YEA="}, "fake": false}], [25045, {"py/object": "odf.components.Data", "data": {"py/b64": "Ac0="}, "fake": false}], [25116, {"py/object": "odf.components.Data", "data": {"py/b64": "5T8="}, "fake": false}], [25173, {"py/object": "odf.components.Data", "data": {"py/b64": "868="}, "fake": false}], [25243, {"py/object": "odf.components.Data", "data": {"py/b64": "Aj4="}, "fake": false}], [25310, {"py/object": "odf.components.Data", "data": {"py/b64": "TQU="}, "fake": false}], [25375, {"py/object": "odf.components.Data", "data": {"py/b64": "9z4="}, "fake": false}], [25450, {"py/object": "odf.components.Data", "data": {"py/b64": "LU0="}, "fake": false}], [25514, {"py/object": "odf.components.Data", "data": {"py/b64": "nEE="}, "fake": false}], [27658, {"py/object": "odf.components.Status", "address": 12, "message_error_bit": "0", "instrumentation_bit": "0", "service_request_bit": "0", "reserved_bits": "000", "brdcst_received_bit": "0", "busy_bit": "0", "subsystem_flag_bit": "0", "dynamic_bus_control_accpt_bit": "0", "terminal_flag_bit": "1", "parity_bit": "1", "fake": false}], [27828, {"py/object": "odf.components.Command", "address": 1, "tr": 0, "sub_address": 2, "dword_count": 4, "parity": 0, "fake": false}], [27877, {"py/object": "odf.components.Data", "data": {"py/b64": "AAA="}, "fake": false}], [27890, {"py/object": "odf.components.Data", "data": {"py/b64": "AAA="}, "fake": false}], [27903, {"py/object": "odf.components.Data", "data": {"py/b64": "AAA="}, "fake": false}], [27913, {"py/object": "odf.components.Data", "data": {"py/b64": "AAA="}, "fake": false}], [29963, {"py/object": "odf.components.Status", "address": 1, "message_error_bit": "0", "instrumentation_bit": "0", "service_request_bit": "0", "reserved_bits": "000", "brdcst_received_bit": "0", "busy_bit": "0", "subsystem_flag_bit": "0", "dynamic_bus_control_accpt_bit": "0", "terminal_flag_bit": "1", "parity_bit": "1", "fake": false}], [30120, {"py/object": "odf.components.Command", "address": 31, "tr": 0, "sub_address": 2, "dword_count": 1, "parity": 0, "fake": false}], [30223, {"py/object": "odf.components.Data", "data": {"py/b64": "//8="}, "fake": false}], [30238, {"py/object": "odf.components.Command", "address": 4, "tr": 0, "sub_address": 2, "dword_count": 18, "parity": 0, "fake": false}], [30248, {"py/object": "odf.components.Command", "address": 3, "tr": 1, "sub_address": 2, "dword_count": 18, "parity": 0, "fake": false}], [32302, {"py/object": "odf.components.Status", "address": 3, "message_error_bit": "0", "instrumentation_bit": "0", "service_request_bit": "0", "reserved_bits": "000", "brdcst_received_bit": "0", "busy_bit": "0", "subsystem_flag_bit": "0", "dynamic_bus_control_accpt_bit": "0", "terminal_flag_bit": "1", "parity_bit": "1", "fake": false}], [32372, {"py/object": "odf.components.Data", "data": {"py/b64": "Z7o="}, "fake": false}], [32443, {"py/object": "odf.components.Data", "data": {"py/b64": "a0M="}, "fake": false}], [32515, {"py/object": "odf.components.Data", "data": {"py/b64": "VEk="}, "fake": false}], [32585, {"py/object": "odf.components.Data", "data": {"py/b64": "lUQ="}, "fake": false}], [32656, {"py/object": "odf.components.Data", "data": {"py/b64": "6so="}, "fake": false}], [32730, {"py/object": "odf.components.Data", "data": {"py/b64": "3EM="}, "fake": false}], [32803, {"py/object": "odf.components.Data", "data": {"py/b64": "t6g="}, "fake": false}], [32875, {"py/object": "odf.components.Data", "data": {"py/b64": "hEM="}, "fake": false}], [32946, {"py/object": "odf.components.Data", "data": {"py/b64": "bs0="}, "fake": false}], [33019, {"py/object": "odf.components.Data", "data": {"py/b64": "i0A="}, "fake": false}], [33091, {"py/object": "odf.components.Data", "data": {"py/b64": "Bs8="}, "fake": false}], [33163, {"py/object": "odf.components.Data", "data": {"py/b64": "i0A="}, "fake": false}], [33233, {"py/object": "odf.components.Data", "data": {"py/b64": "9OA="}, "fake": false}], [33304, {"py/object": "odf.components.Data", "data": {"py/b64": "QkA="}, "fake": false}], [33377, {"py/object": "odf.components.Data", "data": {"py/b64": "Osk="}, "fake": false}], [33449, {"py/object": "odf.components.Data", "data": {"py/b64": "1UM="}, "fake": false}], [33520, {"py/object": "odf.components.Data", "data": {"py/b64": "tww="}, "fake": false}], [33596, {"py/object": "odf.components.Data", "data": {"py/b64": "OkQ="}, "fake": false}], [35695, {"py/object": "odf.components.Status", "address": 4, "message_error_bit": "0", "instrumentation_bit": "0", "service_request_bit": "0", "reserved_bits": "000", "brdcst_received_bit": "0", "busy_bit": "0", "subsystem_flag_bit": "0", "dynamic_bus_control_accpt_bit": "0", "terminal_flag_bit": "1", "parity_bit": "1", "fake": false}], [35763, {"py/object": "odf.components.Command", "address": 6, "tr": 0, "sub_address": 2, "dword_count": 28, "parity": 0, "fake": false}], [35777, {"py/object": "odf.components.Command", "address": 5, "tr": 1, "sub_address": 2, "dword_count": 28, "parity": 0, "fake": false}], [37833, {"py/object": "odf.components.Status", "address": 5, "message_error_bit": "0", "instrumentation_bit": "0", "service_request_bit": "0", "reserved_bits": "000", "brdcst_received_bit": "0", "busy_bit": "0", "subsystem_flag_bit": "0", "dynamic_bus_control_accpt_bit": "0", "terminal_flag_bit": "1", "parity_bit": "1", "fake": false}], [37902, {"py/object": "odf.components.Data", "data": {"py/b64": "AdU="}, "fake": false}], [37973, {"py/object": "odf.components.Data", "data": {"py/b64": "dUM="}, "fake": false}], [38045, {"py/object": "odf.components.Data", "data": {"py/b64": "L6s="}, "fake": false}], [38115, {"py/object": "odf.components.Data", "data": {"py/b64": "z0M="}, "fake": false}], [38188, {"py/object": "odf.components.Data", "data": {"py/b64": "ieI="}, "fake": false}], [38255, {"py/object": "odf.components.Data", "data": {"py/b64": "zcM="}, "fake": false}], [38318, {"py/object": "odf.components.Data", "data": {"py/b64": "yLU="}, "fake": false}], [38391, {"py/object": "odf.components.Data", "data": {"py/b64": "ikE="}, "fake": false}], [38464, {"py/object": "odf.components.Data", "data": {"py/b64": "rBY="}, "fake": false}], [38535, {"py/object": "odf.components.Data", "data": {"py/b64": "T8I="}, "fake": false}], [38607, {"py/object": "odf.components.Data", "data": {"py/b64": "bsM="}, "fake": false}], [38678, {"py/object": "odf.components.Data", "data": {"py/b64": "vb8="}, "fake": false}], [38749, {"py/object": "odf.components.Data", "data": {"py/b64": "bEk="}, "fake": false}], [38818, {"py/object": "odf.components.Data", "data": {"py/b64": "hr4="}, "fake": false}], [38891, {"py/object": "odf.components.Data", "data": {"py/b64": "vk8="}, "fake": false}], [38961, {"py/object": "odf.components.Data", "data": {"py/b64": "yD8="}, "fake": false}], [39035, {"py/object": "odf.components.Data", "data": {"py/b64": "9jM="}, "fake": false}], [39106, {"py/object": "odf.components.Data", "data": {"py/b64": "078="}, "fake": false}], [39177, {"py/object": "odf.components.Data", "data": {"py/b64": "B8k="}, "fake": false}], [39248, {"py/object": "odf.components.Data", "data": {"py/b64": "LcE="}, "fake": false}], [39320, {"py/object": "odf.components.Data", "data": {"py/b64": "19k="}, "fake": false}], [39400, {"py/object": "odf.components.Data", "data": {"py/b64": "z0M="}, "fake": false}], [39473, {"py/object": "odf.components.Data", "data": {"py/b64": "slA="}, "fake": false}], [39548, {"py/object": "odf.components.Data", "data": {"py/b64": "Vr8="}, "fake": false}], [39620, {"py/object": "odf.components.Data", "data": {"py/b64": "9Po="}, "fake": false}], [39690, {"py/object": "odf.components.Data", "data": {"py/b64": "nL4="}, "fake": false}], [39763, {"py/object": "odf.components.Data", "data": {"py/b64": "VeY="}, "fake": false}], [39840, {"py/object": "odf.components.Data", "data": {"py/b64": "gD8="}, "fake": false}], [41957, {"py/object": "odf.components.Status", "address": 6, "message_error_bit": "0", "instrumentation_bit": "0", "service_request_bit": "0", "reserved_bits": "000", "brdcst_received_bit": "0", "busy_bit": "0", "subsystem_flag_bit": "0", "dynamic_bus_control_accpt_bit": "0", "terminal_flag_bit": "1", "parity_bit": "1", "fake": false}], [42012, {"py/object": "odf.components.Command", "address": 8, "tr": 0, "sub_address": 2, "dword_count": 8, "parity": 0, "fake": false}], [42024, {"py/object": "odf.components.Command", "address": 7, "tr": 1, "sub_address": 2, "dword_count": 8, "parity": 0, "fake": false}], [44092, {"py/object": "odf.components.Status", "address": 7, "message_error_bit": "0", "instrumentation_bit": "0", "service_request_bit": "0", "reserved_bits": "000", "brdcst_received_bit": "0", "busy_bit": "0", "subsystem_flag_bit": "0", "dynamic_bus_control_accpt_bit": "0", "terminal_flag_bit": "1", "parity_bit": "1", "fake": false}], [44164, {"py/object": "odf.components.Data", "data": {"py/b64": "fiU="}, "fake": false}], [44237, {"py/object": "odf.components.Data", "data": {"py/b64": "h70="}, "fake": false}], [44311, {"py/object": "odf.components.Data", "data": {"py/b64": "x4U="}, "fake": false}], [44383, {"py/object": "odf.components.Data", "data": {"py/b64": "jbs="}, "fake": false}], [44452, {"py/object": "odf.components.Data", "data": {"py/b64": "DeA="}, "fake": false}], [44515, {"py/object": "odf.components.Data", "data": {"py/b64": "0Tw="}, "fake": false}], [44588, {"py/object": "odf.components.Data", "data": {"py/b64": "ZDQ="}, "fake": false}], [44653, {"py/object": "odf.components.Data", "data": {"py/b64": "Vbo="}, "fake": false}], [46749, {"py/object": "odf.components.Status", "address": 8, "message_error_bit": "0", "instrumentation_bit": "0", "service_request_bit": "0", "reserved_bits": "000", "brdcst_received_bit": "0", "busy_bit": "0", "subsystem_flag_bit": "0", "dynamic_bus_control_accpt_bit": "0", "terminal_flag_bit": "1", "parity_bit": "1", "fake": false}], [46833, {"py/object": "odf.components.Command", "address": 10, "tr": 0, "sub_address": 2, "dword_count": 12, "parity": 0, "fake": false}], [46849, {"py/object": "odf.components.Command", "address": 9, "tr": 1, "sub_address": 2, "dword_count": 12, "parity": 0, "fake": false}], [48916, {"py/object": "odf.components.Status", "address": 9, "message_error_bit": "0", "instrumentation_bit": "0", "service_request_bit": "0", "reserved_bits": "000", "brdcst_received_bit": "0", "busy_bit": "0", "subsystem_flag_bit": "0", "dynamic_bus_control_accpt_bit": "0", "terminal_flag_bit": "1", "parity_bit": "1", "fake": false}], [48987, {"py/object": "odf.components.Data", "data": {"py/b64": "T70="}, "fake": false}], [49065, {"py/object": "odf.components.Data", "data": {"py/b64": "B0I="}, "fake": false}], [49136, {"py/object": "odf.components.Data", "data": {"py/b64": "Sds="}, "fake": false}], [49210, {"py/object": "odf.components.Data", "data": {"py/b64": "7MI="}, "fake": false}], [49282, {"py/object": "odf.components.Data", "data": {"py/b64": "m+o="}, "fake": false}], [49356, {"py/object": "odf.components.Data", "data": {"py/b64": "aEM="}, "fake": false}], [49428, {"py/object": "odf.components.Data", "data": {"py/b64": "Sr0="}, "fake": false}], [49501, {"py/object": "odf.components.Data", "data": {"py/b64": "B0I="}, "fake": false}], [49574, {"py/object": "odf.components.Data", "data": {"py/b64": "Yts="}, "fake": false}], [49647, {"py/object": "odf.components.Data", "data": {"py/b64": "7MI="}, "fake": false}], [49720, {"py/object": "odf.components.Data", "data": {"py/b64": "Ugk="}, "fake": false}], [49798, {"py/object": "odf.components.Data", "data": {"py/b64": "QEQ="}, "fake": false}], [51940, {"py/object": "odf.components.Status", "address": 10, "message_error_bit": "0", "instrumentation_bit": "0", "service_request_bit": "0", "reserved_bits": "000", "brdcst_received_bit": "0", "busy_bit": "0", "subsystem_flag_bit": "0", "dynamic_bus_control_accpt_bit": "0", "terminal_flag_bit": "1", "parity_bit": "1", "fake": false}], [51989, {"py/object": "odf.components.Command", "address": 12, "tr": 0, "sub_address": 2, "dword_count": 16, "parity": 0, "fake": false}], [52002, {"py/object": "odf.components.Command", "address": 11, "tr": 1, "sub_address": 2, "dword_count": 16, "parity": 0, "fake": false}], [54067, {"py/object": "odf.components.Status", "address": 11, "message_error_bit": "0", "instrumentation_bit": "0", "service_request_bit": "0", "reserved_bits": "000", "brdcst_received_bit": "0", "busy_bit": "0", "subsystem_flag_bit": "0", "dynamic_bus_control_accpt_bit": "0", "terminal_flag_bit": "1", "parity_bit": "1", "fake": false}], [54142, {"py/object": "odf.components.Data", "data": {"py/b64": "i5E="}, "fake": false}], [54215, {"py/object": "odf.components.Data", "data": {"py/b64": "Fzs="}, "fake": false}], [54287, {"py/object": "odf.components.Data", "data": {"py/b64": "AIU="}, "fake": false}], [54360, {"py/object": "odf.components.Data", "data": {"py/b64": "UkE="}, "fake": false}], [54430, {"py/object": "odf.components.Data", "data": {"py/b64": "UW8="}, "fake": false}], [54503, {"py/object": "odf.components.Data", "data": {"py/b64": "50E="}, "fake": false}], [54574, {"py/object": "odf.components.Data", "data": {"py/b64": "7gw="}, "fake": false}], [54648, {"py/object": "odf.components.Data", "data": {"py/b64": "t0A="}, "fake": false}], [54722, {"py/object": "odf.components.Data", "data": {"py/b64": "kE0="}, "fake": false}], [54797, {"py/object": "odf.components.Data", "data": {"py/b64": "PEA="}, "fake": false}], [54870, {"py/object": "odf.components.Data", "data": {"py/b64": "ksE="}, "fake": false}], [54942, {"py/object": "odf.components.Data", "data": {"py/b64": "6T0="}, "fake": false}], [55015, {"py/object": "odf.components.Data", "data": {"py/b64": "XXo="}, "fake": false}], [55088, {"py/object": "odf.components.Data", "data": {"py/b64": "ZD4="}, "fake": false}], [55161, {"py/object": "odf.components.Data", "data": {"py/b64": "Ykg="}, "fake": false}], [55229, {"py/object": "odf.components.Data", "data": {"py/b64": "q0E="}, "fake": false}], [57337, {"py/object": "odf.components.Status", "address": 12, "message_error_bit": "0", "instrumentation_bit": "0", "service_request_bit": "0", "reserved_bits": "000", "brdcst_received_bit": "0", "busy_bit": "0", "subsystem_flag_bit": "0", "dynamic_bus_control_accpt_bit": "0", "terminal_flag_bit": "1", "parity_bit": "1", "fake": false}], [57524, {"py/object": "odf.components.Command", "address": 1, "tr": 0, "sub_address": 2, "dword_count": 4, "parity": 0, "fake": false}], [57597, {"py/object": "odf.components.Data", "data": {"py/b64": "AAA="}, "fake": false}], [57609, {"py/object": "odf.components.Data", "data": {"py/b64": "AAA="}, "fake": false}], [57623, {"py/object": "odf.components.Data", "data": {"py/b64": "AAA="}, "fake": false}], [57637, {"py/object": "odf.components.Data", "data": {"py/b64": "AAA="}, "fake": false}], [59656, {"py/object": "odf.components.Status", "address": 1, "message_error_bit": "0", "instrumentation_bit": "0", "service_request_bit": "0", "reserved_bits": "000", "brdcst_received_bit": "0", "busy_bit": "0", "subsystem_flag_bit": "0", "dynamic_bus_control_accpt_bit": "0", "terminal_flag_bit": "1", "parity_bit": "1", "fake": false}], [59833, {"py/object": "odf.components.Command", "address": 31, "tr": 0, "sub_address": 2, "dword_count": 1, "parity": 0, "fake": false}], [59934, {"py/object": "odf.components.Data", "data": {"py/b64": "//8="}, "fake": false}], [59954, {"py/object": "odf.components.Command", "address": 4, "tr": 0, "sub_address": 2, "dword_count": 18, "parity": 0, "fake": false}], [59966, {"py/object": "odf.components.Command", "address": 3, "tr": 1, "sub_address": 2, "dword_count": 18, "parity": 0, "fake": false}], [62030, {"py/object": "odf.components.Status", "address": 3, "message_error_bit": "0", "instrumentation_bit": "0", "service_request_bit": "0", "reserved_bits": "000", "brdcst_received_bit": "0", "busy_bit": "0", "subsystem_flag_bit": "0", "dynamic_bus_control_accpt_bit": "0", "terminal_flag_bit": "1", "parity_bit": "1", "fake": false}], [62093, {"py/object": "odf.components.Data", "data": {"py/b64": "kuU="}, "fake": false}], [62169, {"py/object": "odf.components.Data", "data": {"py/b64": "eUM="}, "fake": false}], [62251, {"py/object": "odf.components.Data", "data": {"py/b64": "r2I="}, "fake": false}], [62332, {"py/object": "odf.components.Data", "data": {"py/b64": "AEU="}, "fake": false}], [62414, {"py/object": "odf.components.Data", "data": {"py/b64": "rWM="}, "fake": false}], [62492, {"py/object": "odf.components.Data", "data": {"py/b64": "kEQ="}, "fake": false}], [62571, {"py/object": "odf.components.Data", "data": {"py/b64": "DzY="}, "fake": false}], [62652, {"py/object": "odf.components.Data", "data": {"py/b64": "WkM="}, "fake": false}], [62730, {"py/object": "odf.components.Data", "data": {"py/b64": "D1o="}, "fake": false}], [62812, {"py/object": "odf.components.Data", "data": {"py/b64": "gUA="}, "fake": false}], [62892, {"py/object": "odf.components.Data", "data": {"py/b64": "nk0="}, "fake": false}], [62973, {"py/object": "odf.components.Data", "data": {"py/b64": "gUA="}, "fake": false}], [63052, {"py/object": "odf.components.Data", "data": {"py/b64": "rfk="}, "fake": false}], [63134, {"py/object": "odf.components.Data", "data": {"py/b64": "QkA="}, "fake": false}], [63214, {"py/object": "odf.components.Data", "data": {"py/b64": "Kk4="}, "fake": false}], [63293, {"py/object": "odf.components.Data", "data": {"py/b64": "1UM="}, "fake": false}], [63370, {"py/object": "odf.components.Data", "data": {"py/b64": "tww="}, "fake": false}], [63456, {"py/object": "odf.components.Data", "data": {"py/b64": "OkQ="}, "fake": false}], [65571, {"py/object": "odf.components.Status", "address": 4, "message_error_bit": "0", "instrumentation_bit": "0", "service_request_bit": "0", "reserved_bits": "000", "brdcst_received_bit": "0", "busy_bit": "0", "subsystem_flag_bit": "0", "dynamic_bus_control_accpt_bit": "0", "terminal_flag_bit": "1", "parity_bit": "1", "fake": false}], [65632, {"py/object": "odf.components.Command", "address": 6, "tr": 0, "sub_address": 2, "dword_count": 28, "parity": 0, "fake": false}], [65646, {"py/object": "odf.components.Command", "address": 5, "tr": 1, "sub_address": 2, "dword_count": 28, "parity": 0, "fake": false}], [67704, {"py/object": "odf.components.Status", "address": 5, "message_error_bit": "0", "instrumentation_bit": "0", "service_request_bit": "0", "reserved_bits": "000", "brdcst_received_bit": "0", "busy_bit": "0", "subsystem_flag_bit": "0", "dynamic_bus_control_accpt_bit": "0", "terminal_flag_bit": "1", "parity_bit": "1", "fake": false}], [67783, {"py/object": "odf.components.Data", "data": {"py/b64": "Ey4="}, "fake": false}], [67861, {"py/object": "odf.components.Data", "data": {"py/b64": "dkM="}, "fake": false}], [67940, {"py/object": "odf.components.Data", "data": {"py/b64": "sXc="}, "fake": false}], [68020, {"py/object": "odf.components.Data", "data": {"py/b64": "0EM="}, "fake": false}], [68096, {"py/object": "odf.components.Data", "data": {"py/b64": "xLw="}, "fake": false}], [68175, {"py/object": "odf.components.Data", "data": {"py/b64": "ocM="}, "fake": false}], [68255, {"py/object": "odf.components.Data", "data": {"py/b64": "s28="}, "fake": false}], [68334, {"py/object": "odf.components.Data", "data": {"py/b64": "CUI="}, "fake": false}], [68413, {"py/object": "odf.components.Data", "data": {"py/b64": "LeI="}, "fake": false}], [68484, {"py/object": "odf.components.Data", "data": {"py/b64": "gsM="}, "fake": false}], [68565, {"py/object": "odf.components.Data", "data": {"py/b64": "Idw="}, "fake": false}], [68629, {"py/object": "odf.components.Data", "data": {"py/b64": "EEE="}, "fake": false}], [68688, {"py/object": "odf.components.Data", "data": {"py/b64": "DDE="}, "fake": false}], [68762, {"py/object": "odf.components.Data", "data": {"py/b64": "tb8="}, "fake": false}], [68828, {"py/object": "odf.components.Data", "data": {"py/b64": "TDM="}, "fake": false}], [68903, {"py/object": "odf.components.Data", "data": {"py/b64": "P8E="}, "fake": false}], [68976, {"py/object": "odf.components.Data", "data": {"py/b64": "BHI="}, "fake": false}], [69049, {"py/object": "odf.components.Data", "data": {"py/b64": "o8A="}, "fake": false}], [69131, {"py/object": "odf.components.Data", "data": {"py/b64": "7ec="}, "fake": false}], [69208, {"py/object": "odf.components.Data", "data": {"py/b64": "CcE="}, "fake": false}], [69286, {"py/object": "odf.components.Data", "data": {"py/b64": "4XY="}, "fake": false}], [69366, {"py/object": "odf.components.Data", "data": {"py/b64": "0EM="}, "fake": false}], [69444, {"py/object": "odf.components.Data", "data": {"py/b64": "FBA="}, "fake": false}], [69523, {"py/object": "odf.components.Data", "data": {"py/b64": "YcE="}, "fake": false}], [69601, {"py/object": "odf.components.Data", "data": {"py/b64": "AfI="}, "fake": false}], [69677, {"py/object": "odf.components.Data", "data": {"py/b64": "uEA="}, "fake": false}], [69758, {"py/object": "odf.components.Data", "data": {"py/b64": "v9Y="}, "fake": false}], [69843, {"py/object": "odf.components.Data", "data": {"py/b64": "oz4="}, "fake": false}], [71970, {"py/object": "odf.components.Status", "address": 6, "message_error_bit": "0", "instrumentation_bit": "0", "service_request_bit": "0", "reserved_bits": "000", "brdcst_received_bit": "0", "busy_bit": "0", "subsystem_flag_bit": "0", "dynamic_bus_control_accpt_bit": "0", "terminal_flag_bit": "1", "parity_bit": "1", "fake": false}], [72031, {"py/object": "odf.components.Command", "address": 8, "tr": 0, "sub_address": 2, "dword_count": 8, "parity": 0, "fake": false}], [72044, {"py/object": "odf.components.Command", "address": 7, "tr": 1, "sub_address": 2, "dword_count": 8, "parity": 0, "fake": false}], [74110, {"py/object": "odf.components.Status", "address": 7, "message_error_bit": "0", "instrumentation_bit": "0", "service_request_bit": "0", "reserved_bits": "000", "brdcst_received_bit": "0", "busy_bit": "0", "subsystem_flag_bit": "0", "dynamic_bus_control_accpt_bit": "0", "terminal_flag_bit": "1", "parity_bit": "1", "fake": false}], [74197, {"py/object": "odf.components.Data", "data": {"py/b64": "BwQ="}, "fake": false}], [74266, {"py/object": "odf.components.Data", "data": {"py/b64": "2L0="}, "fake": false}], [74348, {"py/object": "odf.components.Data", "data": {"py/b64": "/3Q="}, "fake": false}], [74429, {"py/object": "odf.components.Data", "data": {"py/b64": "5z4="}, "fake": false}], [74509, {"py/object": "odf.components.Data", "data": {"py/b64": "khE="}, "fake": false}], [74589, {"py/object": "odf.components.Data", "data": {"py/b64": "5zw="}, "fake": false}], [74666, {"py/object": "odf.components.Data", "data": {"py/b64": "CvU="}, "fake": false}], [74747, {"py/object": "odf.components.Data", "data": {"py/b64": "1bk="}, "fake": false}], [76889, {"py/object": "odf.components.Status", "address": 8, "message_error_bit": "0", "instrumentation_bit": "0", "service_request_bit": "0", "reserved_bits": "000", "brdcst_received_bit": "0", "busy_bit": "0", "subsystem_flag_bit": "0", "dynamic_bus_control_accpt_bit": "0", "terminal_flag_bit": "1", "parity_bit": "1", "fake": false}], [76958, {"py/object": "odf.components.Command", "address": 10, "tr": 0, "sub_address": 2, "dword_count": 12, "parity": 0, "fake": false}], [76972, {"py/object": "odf.components.Command", "address": 9, "tr": 1, "sub_address": 2, "dword_count": 12, "parity": 0, "fake": false}], [79041, {"py/object": "odf.components.Status", "address": 9, "message_error_bit": "0", "instrumentation_bit": "0", "service_request_bit": "0", "reserved_bits": "000", "brdcst_received_bit": "0", "busy_bit": "0", "subsystem_flag_bit": "0", "dynamic_bus_control_accpt_bit": "0", "terminal_flag_bit": "1", "parity_bit": "1", "fake": false}], [79120, {"py/object": "odf.components.Data", "data": {"py/b64": "66w="}, "fake": false}], [79184, {"py/object": "odf.components.Data", "data": {"py/b64": "B0I="}, "fake": false}], [79257, {"py/object": "odf.components.Data", "data": {"py/b64": "k+s="}, "fake": false}], [79325, {"py/object": "odf.components.Data", "data": {"py/b64": "7MI="}, "fake": false}], [79391, {"py/object": "odf.components.Data", "data": {"py/b64": "Guk="}, "fake": false}], [79471, {"py/object": "odf.components.Data", "data": {"py/b64": "A0Q="}, "fake": false}], [79551, {"py/object": "odf.components.Data", "data": {"py/b64": "yKw="}, "fake": false}], [79633, {"py/object": "odf.components.Data", "data": {"py/b64": "B0I="}, "fake": false}], [79713, {"py/object": "odf.components.Data", "data": {"py/b64": "nOs="}, "fake": false}], [79792, {"py/object": "odf.components.Data", "data": {"py/b64": "7MI="}, "fake": false}], [79875, {"py/object": "odf.components.Data", "data": {"py/b64": "Ico="}, "fake": false}], [79956, {"py/object": "odf.components.Data", "data": {"py/b64": "2EQ="}, "fake": false}], [82069, {"py/object": "odf.components.Status", "address": 10, "message_error_bit": "0", "instrumentation_bit": "0", "service_request_bit": "0", "reserved_bits": "000", "brdcst_received_bit": "0", "busy_bit": "0", "subsystem_flag_bit": "0", "dynamic_bus_control_accpt_bit": "0", "terminal_flag_bit": "1", "parity_bit": "1", "fake": false}], [82150, {"py/object": "odf.components.Command", "address": 12, "tr": 0, "sub_address": 2, "dword_count": 16, "parity": 0, "fake": false}], [82165, {"py/object": "odf.components.Command", "address": 11, "tr": 1, "sub_address": 2, "dword_count": 16, "parity": 0, "fake": false}], [84234, {"py/object": "odf.components.Status", "address": 11, "message_error_bit": "0", "instrumentation_bit": "0", "service_request_bit": "0", "reserved_bits": "000", "brdcst_received_bit": "0", "busy_bit": "0", "subsystem_flag_bit": "0", "dynamic_bus_control_accpt_bit": "0", "terminal_flag_bit": "1", "parity_bit": "1", "fake": false}], [84314, {"py/object": "odf.components.Data", "data": {"py/b64": "jh4="}, "fake": false}], [84393, {"py/object": "odf.components.Data", "data": {"py/b64": "Ezs="}, "fake": false}], [84472, {"py/object": "odf.components.Data", "data": {"py/b64": "oIY="}, "fake": false}], [84554, {"py/object": "odf.components.Data", "data": {"py/b64": "MkE="}, "fake": false}], [84616, {"py/object": "odf.components.Data", "data": {"py/b64": "jBA="}, "fake": false}], [84698, {"py/object": "odf.components.Data", "data": {"py/b64": "30E="}, "fake": false}], [84769, {"py/object": "odf.components.Data", "data": {"py/b64": "6Nw="}, "fake": false}], [84835, {"py/object": "odf.components.Data", "data": {"py/b64": "oEA="}, "fake": false}], [84915, {"py/object": "odf.components.Data", "data": {"py/b64": "vdY="}, "fake": false}], [84981, {"py/object": "odf.components.Data", "data": {"py/b64": "IUA="}, "fake": false}], [85058, {"py/object": "odf.components.Data", "data": {"py/b64": "oWc="}, "fake": false}], [85138, {"py/object": "odf.components.Data", "data": {"py/b64": "ULs="}, "fake": false}], [85216, {"py/object": "odf.components.Data", "data": {"py/b64": "bw8="}, "fake": false}], [85297, {"py/object": "odf.components.Data", "data": {"py/b64": "ED0="}, "fake": false}], [85378, {"py/object": "odf.components.Data", "data": {"py/b64": "5rU="}, "fake": false}], [85461, {"py/object": "odf.components.Data", "data": {"py/b64": "nEE="}, "fake": false}], [87610, {"py/object": "odf.components.Status", "address": 12, "message_error_bit": "0", "instrumentation_bit": "0", "service_request_bit": "0", "reserved_bits": "000", "brdcst_received_bit": "0", "busy_bit": "0", "subsystem_flag_bit": "0", "dynamic_bus_control_accpt_bit": "0", "terminal_flag_bit": "1", "parity_bit": "1", "fake": false}], [87803, {"py/object": "odf.components.Command", "address": 1, "tr": 0, "sub_address": 2, "dword_count": 4, "parity": 0, "fake": false}], [87861, {"py/object": "odf.components.Data", "data": {"py/b64": "AAA="}, "fake": false}], [87875, {"py/object": "odf.components.Data", "data": {"py/b64": "AAA="}, "fake": false}], [87889, {"py/object": "odf.components.Data", "data": {"py/b64": "AAA="}, "fake": false}], [87901, {"py/object": "odf.components.Data", "data": {"py/b64": "AAA="}, "fake": false}], [89949, {"py/object": "odf.components.Status", "address": 1, "message_error_bit": "0", "instrumentation_bit": "0", "service_request_bit": "0", "reserved_bits": "000", "brdcst_received_bit": "0", "busy_bit": "0", "subsystem_flag_bit": "0", "dynamic_bus_control_accpt_bit": "0", "terminal_flag_bit": "1", "parity_bit": "1", "fake": false}], [90144, {"py/object": "odf.components.Command", "address": 31, "tr": 0, "sub_address": 2, "dword_count": 1, "parity": 0, "fake": false}], [90224, {"py/object": "odf.components.Data", "data": {"py/b64": "//8="}, "fake": false}], [90250, {"py/object": "odf.components.Command", "address": 4, "tr": 0, "sub_address": 2, "dword_count": 18, "parity": 0, "fake": false}], [90280, {"py/object": "odf.components.Command", "address": 3, "tr": 1, "sub_address": 2, "dword_count": 18, "parity": 0, "fake": false}], [90355, {"py/object": "odf.components.Status", "address": 3, "message_error_bit": "0", "instrumentation_bit": "0", "service_request_bit": "0", "reserved_bits": "000", "brdcst_received_bit": "0", "busy_bit": "0", "subsystem_flag_bit": "0", "dynamic_bus_control_accpt_bit": "0", "terminal_flag_bit": "1", "parity_bit": "0", "fake": true}], [90427, {"py/object": "odf.components.Data", "data": {"py/b64": "cXE="}, "fake": true}], [90495, {"py/object": "odf.components.Data", "data": {"py/b64": "cXE="}, "fake": true}], [90564, {"py/object": "odf.components.Data", "data": {"py/b64": "cXE="}, "fake": true}], [90635, {"py/object": "odf.components.Data", "data": {"py/b64": "cXE="}, "fake": true}], [90705, {"py/object": "odf.components.Data", "data": {"py/b64": "cXE="}, "fake": true}], [90775, {"py/object": "odf.components.Data", "data": {"py/b64": "cXE="}, "fake": true}], [90844, {"py/object": "odf.components.Data", "data": {"py/b64": "cXE="}, "fake": true}], [90902, {"py/object": "odf.components.Data", "data": {"py/b64": "cXE="}, "fake": true}], [90971, {"py/object": "odf.components.Data", "data": {"py/b64": "cXE="}, "fake": true}], [91042, {"py/object": "odf.components.Data", "data": {"py/b64": "cXE="}, "fake": true}], [91110, {"py/object": "odf.components.Data", "data": {"py/b64": "cXE="}, "fake": true}], [91183, {"py/object": "odf.components.Data", "data": {"py/b64": "cXE="}, "fake": true}], [91255, {"py/object": "odf.components.Data", "data": {"py/b64": "cXE="}, "fake": true}], [91325, {"py/object": "odf.components.Data", "data": {"py/b64": "cXE="}, "fake": true}], [91397, {"py/object": "odf.components.Data", "data": {"py/b64": "cXE="}, "fake": true}], [91465, {"py/object": "odf.components.Data", "data": {"py/b64": "cXE="}, "fake": true}], [91528, {"py/object": "odf.components.Data", "data": {"py/b64": "cXE="}, "fake": true}], [91597, {"py/object": "odf.components.Data", "data": {"py/b64": "cXE="}, "fake": true}], [93681, {"py/object": "odf.components.Status", "address": 4, "message_error_bit": "0", "instrumentation_bit": "0", "service_request_bit": "0", "reserved_bits": "000", "brdcst_received_bit": "0", "busy_bit": "0", "subsystem_flag_bit": "0", "dynamic_bus_control_accpt_bit": "0", "terminal_flag_bit": "1", "parity_bit": "1", "fake": false}], [93788, {"py/object": "odf.components.Command", "address": 6, "tr": 0, "sub_address": 2, "dword_count": 28, "parity": 0, "fake": false}], [93804, {"py/object": "odf.components.Command", "address": 5, "tr": 1, "sub_address": 2, "dword_count": 28, "parity": 0, "fake": false}], [95874, {"py/object": "odf.components.Status", "address": 5, "message_error_bit": "0", "instrumentation_bit": "0", "service_request_bit": "0", "reserved_bits": "000", "brdcst_received_bit": "0", "busy_bit": "0", "subsystem_flag_bit": "0", "dynamic_bus_control_accpt_bit": "0", "terminal_flag_bit": "1", "parity_bit": "1", "fake": false}], [95955, {"py/object": "odf.components.Data", "data": {"py/b64": "dtg="}, "fake": false}], [96034, {"py/object": "odf.components.Data", "data": {"py/b64": "fUM="}, "fake": false}], [96115, {"py/object": "odf.components.Data", "data": {"py/b64": "wuk="}, "fake": false}], [96193, {"py/object": "odf.components.Data", "data": {"py/b64": "1kM="}, "fake": false}], [96275, {"py/object": "odf.components.Data", "data": {"py/b64": "H5k="}, "fake": false}], [96349, {"py/object": "odf.components.Data", "data": {"py/b64": "MkI="}, "fake": false}], [96429, {"py/object": "odf.components.Data", "data": {"py/b64": "UCk="}, "fake": false}], [96510, {"py/object": "odf.components.Data", "data": {"py/b64": "CUI="}, "fake": false}], [96589, {"py/object": "odf.components.Data", "data": {"py/b64": "dwo="}, "fake": false}], [96652, {"py/object": "odf.components.Data", "data": {"py/b64": "1cM="}, "fake": false}], [96724, {"py/object": "odf.components.Data", "data": {"py/b64": "itI="}, "fake": false}], [96797, {"py/object": "odf.components.Data", "data": {"py/b64": "ckE="}, "fake": false}], [96874, {"py/object": "odf.components.Data", "data": {"py/b64": "pdg="}, "fake": false}], [96954, {"py/object": "odf.components.Data", "data": {"py/b64": "vL0="}, "fake": false}], [97033, {"py/object": "odf.components.Data", "data": {"py/b64": "aXc="}, "fake": false}], [97110, {"py/object": "odf.components.Data", "data": {"py/b64": "mD8="}, "fake": false}], [97190, {"py/object": "odf.components.Data", "data": {"py/b64": "b3M="}, "fake": false}], [97274, {"py/object": "odf.components.Data", "data": {"py/b64": "9sA="}, "fake": false}], [97354, {"py/object": "odf.components.Data", "data": {"py/b64": "5C8="}, "fake": false}], [97432, {"py/object": "odf.components.Data", "data": {"py/b64": "BcE="}, "fake": false}], [97513, {"py/object": "odf.components.Data", "data": {"py/b64": "yuo="}, "fake": false}], [97590, {"py/object": "odf.components.Data", "data": {"py/b64": "1kM="}, "fake": false}], [97672, {"py/object": "odf.components.Data", "data": {"py/b64": "fmU="}, "fake": false}], [97751, {"py/object": "odf.components.Data", "data": {"py/b64": "WME="}, "fake": false}], [97832, {"py/object": "odf.components.Data", "data": {"py/b64": "x04="}, "fake": false}], [97910, {"py/object": "odf.components.Data", "data": {"py/b64": "0EA="}, "fake": false}], [97989, {"py/object": "odf.components.Data", "data": {"py/b64": "xFc="}, "fake": false}], [98076, {"py/object": "odf.components.Data", "data": {"py/b64": "zj4="}, "fake": false}], [100185, {"py/object": "odf.components.Status", "address": 6, "message_error_bit": "0", "instrumentation_bit": "0", "service_request_bit": "0", "reserved_bits": "000", "brdcst_received_bit": "0", "busy_bit": "0", "subsystem_flag_bit": "0", "dynamic_bus_control_accpt_bit": "0", "terminal_flag_bit": "1", "parity_bit": "1", "fake": false}], [100240, {"py/object": "odf.components.Command", "address": 8, "tr": 0, "sub_address": 2, "dword_count": 8, "parity": 0, "fake": false}], [100253, {"py/object": "odf.components.Command", "address": 7, "tr": 1, "sub_address": 2, "dword_count": 8, "parity": 0, "fake": false}], [102320, {"py/object": "odf.components.Status", "address": 7, "message_error_bit": "0", "instrumentation_bit": "0", "service_request_bit": "0", "reserved_bits": "000", "brdcst_received_bit": "0", "busy_bit": "0", "subsystem_flag_bit": "0", "dynamic_bus_control_accpt_bit": "0", "terminal_flag_bit": "1", "parity_bit": "1", "fake": false}], [102399, {"py/object": "odf.components.Data", "data": {"py/b64": "19Q="}, "fake": false}], [102475, {"py/object": "odf.components.Data", "data": {"py/b64": "1b0="}, "fake": false}], [102559, {"py/object": "odf.components.Data", "data": {"py/b64": "CV4="}, "fake": false}], [102641, {"py/object": "odf.components.Data", "data": {"py/b64": "4j4="}, "fake": false}], [102719, {"py/object": "odf.components.Data", "data": {"py/b64": "xIE="}, "fake": false}], [102802, {"py/object": "odf.components.Data", "data": {"py/b64": "5Dw="}, "fake": false}], [102880, {"py/object": "odf.components.Data", "data": {"py/b64": "AdE="}, "fake": false}], [102965, {"py/object": "odf.components.Data", "data": {"py/b64": "Yjk="}, "fake": false}], [105062, {"py/object": "odf.components.Status", "address": 8, "message_error_bit": "0", "instrumentation_bit": "0", "service_request_bit": "0", "reserved_bits": "000", "brdcst_received_bit": "0", "busy_bit": "0", "subsystem_flag_bit": "0", "dynamic_bus_control_accpt_bit": "0", "terminal_flag_bit": "1", "parity_bit": "1", "fake": false}], [105160, {"py/object": "odf.components.Command", "address": 10, "tr": 0, "sub_address": 2, "dword_count": 12, "parity": 0, "fake": false}], [105175, {"py/object": "odf.components.Command", "address": 9, "tr": 1, "sub_address": 2, "dword_count": 12, "parity": 0, "fake": false}], [107244, {"py/object": "odf.components.Status", "address": 9, "message_error_bit": "0", "instrumentation_bit": "0", "service_request_bit": "0", "reserved_bits": "000", "brdcst_received_bit": "0", "busy_bit": "0", "subsystem_flag_bit": "0", "dynamic_bus_control_accpt_bit": "0", "terminal_flag_bit": "1", "parity_bit": "1", "fake": false}], [107326, {"py/object": "odf.components.Data", "data": {"py/b64": "too="}, "fake": false}], [107405, {"py/object": "odf.components.Data", "data": {"py/b64": "B0I="}, "fake": false}], [107486, {"py/object": "odf.components.Data", "data": {"py/b64": "/Oo="}, "fake": false}], [107564, {"py/object": "odf.components.Data", "data": {"py/b64": "7MI="}, "fake": false}], [107631, {"py/object": "odf.components.Data", "data": {"py/b64": "FdM="}, "fake": false}], [107712, {"py/object": "odf.components.Data", "data": {"py/b64": "UUQ="}, "fake": false}], [107793, {"py/object": "odf.components.Data", "data": {"py/b64": "AAA="}, "fake": false}], [107876, {"py/object": "odf.components.Data", "data": {"py/b64": "wH8="}, "fake": false}], [107956, {"py/object": "odf.components.Data", "data": {"py/b64": "9uo="}, "fake": false}], [108033, {"py/object": "odf.components.Data", "data": {"py/b64": "7MI="}, "fake": false}], [108115, {"py/object": "odf.components.Data", "data": {"py/b64": "bnM="}, "fake": false}], [108199, {"py/object": "odf.components.Data", "data": {"py/b64": "LEU="}, "fake": false}], [110322, {"py/object": "odf.components.Status", "address": 10, "message_error_bit": "0", "instrumentation_bit": "0", "service_request_bit": "0", "reserved_bits": "000", "brdcst_received_bit": "0", "busy_bit": "0", "subsystem_flag_bit": "0", "dynamic_bus_control_accpt_bit": "0", "terminal_flag_bit": "1", "parity_bit": "1", "fake": false}], [110401, {"py/object": "odf.components.Command", "address": 12, "tr": 0, "sub_address": 2, "dword_count": 16, "parity": 0, "fake": false}], [110410, {"py/object": "odf.components.Command", "address": 11, "tr": 1, "sub_address": 2, "dword_count": 16, "parity": 0, "fake": false}], [112485, {"py/object": "odf.components.Status", "address": 11, "message_error_bit": "0", "instrumentation_bit": "0", "service_request_bit": "0", "reserved_bits": "000", "brdcst_received_bit": "0", "busy_bit": "0", "subsystem_flag_bit": "0", "dynamic_bus_control_accpt_bit": "0", "terminal_flag_bit": "1", "parity_bit": "1", "fake": false}], [112566, {"py/object": "odf.components.Data", "data": {"py/b64": "8Q0="}, "fake": false}], [112647, {"py/object": "odf.components.Data", "data": {"py/b64": "Dzs="}, "fake": false}], [112727, {"py/object": "odf.components.Data", "data": {"py/b64": "4LQ="}, "fake": false}], [112807, {"py/object": "odf.components.Data", "data": {"py/b64": "FEE="}, "fake": false}], [112888, {"py/object": "odf.components.Data", "data": {"py/b64": "UXw="}, "fake": false}], [112965, {"py/object": "odf.components.Data", "data": {"py/b64": "10E="}, "fake": false}], [113044, {"py/object": "odf.components.Data", "data": {"py/b64": "Umg="}, "fake": false}], [113123, {"py/object": "odf.components.Data", "data": {"py/b64": "okA="}, "fake": false}], [113203, {"py/object": "odf.components.Data", "data": {"py/b64": "q5U="}, "fake": false}], [113282, {"py/object": "odf.components.Data", "data": {"py/b64": "JkA="}, "fake": false}], [113363, {"py/object": "odf.components.Data", "data": {"py/b64": "LSQ="}, "fake": false}], [113443, {"py/object": "odf.components.Data", "data": {"py/b64": "5b0="}, "fake": false}], [113521, {"py/object": "odf.components.Data", "data": {"py/b64": "az0="}, "fake": false}], [113589, {"py/object": "odf.components.Data", "data": {"py/b64": "NL4="}, "fake": false}], [113670, {"py/object": "odf.components.Data", "data": {"py/b64": "goA="}, "fake": false}], [113752, {"py/object": "odf.components.Data", "data": {"py/b64": "j0E="}, "fake": false}], [115884, {"py/object": "odf.components.Status", "address": 12, "message_error_bit": "0", "instrumentation_bit": "0", "service_request_bit": "0", "reserved_bits": "000", "brdcst_received_bit": "0", "busy_bit": "0", "subsystem_flag_bit": "0", "dynamic_bus_control_accpt_bit": "0", "terminal_flag_bit": "1", "parity_bit": "1", "fake": false}], [116066, {"py/object": "odf.components.Command", "address": 1, "tr": 0, "sub_address": 2, "dword_count": 4, "parity": 0, "fake": false}], [116141, {"py/object": "odf.components.Data", "data": {"py/b64": "AAA="}, "fake": false}], [116156, {"py/object": "odf.components.Data", "data": {"py/b64": "AAA="}, "fake": false}], [116171, {"py/object": "odf.components.Data", "data": {"py/b64": "AAA="}, "fake": false}], [116185, {"py/object": "odf.components.Data", "data": {"py/b64": "AAA="}, "fake": false}], [118238, {"py/object": "odf.components.Status", "address": 1, "message_error_bit": "0", "instrumentation_bit": "0", "service_request_bit": "0", "reserved_bits": "000", "brdcst_received_bit": "0", "busy_bit": "0", "subsystem_flag_bit": "0", "dynamic_bus_control_accpt_bit": "0", "terminal_flag_bit": "1", "parity_bit": "1", "fake": false}], [118422, {"py/object": "odf.components.Command", "address": 31, "tr": 0, "sub_address": 2, "dword_count": 1, "parity": 0, "fake": false}], [118509, {"py/object": "odf.components.Data", "data": {"py/b64": "//8="}, "fake": false}], [118536, {"py/object": "odf.components.Command", "address": 4, "tr": 0, "sub_address": 2, "dword_count": 18, "parity": 0, "fake": false}], [118559, {"py/object": "odf.components.Command", "address": 3, "tr": 1, "sub_address": 2, "dword_count": 18, "parity": 0, "fake": false}], [118634, {"py/object": "odf.components.Status", "address": 3, "message_error_bit": "0", "instrumentation_bit": "0", "service_request_bit": "0", "reserved_bits": "000", "brdcst_received_bit": "0", "busy_bit": "0", "subsystem_flag_bit": "0", "dynamic_bus_control_accpt_bit": "0", "terminal_flag_bit": "1", "parity_bit": "0", "fake": true}], [118705, {"py/object": "odf.components.Data", "data": {"py/b64": "cXE="}, "fake": true}], [118774, {"py/object": "odf.components.Data", "data": {"py/b64": "cXE="}, "fake": true}], [118847, {"py/object": "odf.components.Data", "data": {"py/b64": "cXE="}, "fake": true}], [118917, {"py/object": "odf.components.Data", "data": {"py/b64": "cXE="}, "fake": true}], [118989, {"py/object": "odf.components.Data", "data": {"py/b64": "cXE="}, "fake": true}], [119060, {"py/object": "odf.components.Data", "data": {"py/b64": "cXE="}, "fake": true}], [119131, {"py/object": "odf.components.Data", "data": {"py/b64": "cXE="}, "fake": true}], [119202, {"py/object": "odf.components.Data", "data": {"py/b64": "cXE="}, "fake": true}], [119278, {"py/object": "odf.components.Data", "data": {"py/b64": "cXE="}, "fake": true}], [119350, {"py/object": "odf.components.Data", "data": {"py/b64": "cXE="}, "fake": true}], [119422, {"py/object": "odf.components.Data", "data": {"py/b64": "cXE="}, "fake": true}], [119493, {"py/object": "odf.components.Data", "data": {"py/b64": "cXE="}, "fake": true}], [119567, {"py/object": "odf.components.Data", "data": {"py/b64": "cXE="}, "fake": true}], [119642, {"py/object": "odf.components.Data", "data": {"py/b64": "cXE="}, "fake": true}], [119707, {"py/object": "odf.components.Data", "data": {"py/b64": "cXE="}, "fake": true}], [119778, {"py/object": "odf.components.Data", "data": {"py/b64": "cXE="}, "fake": true}], [119847, {"py/object": "odf.components.Data", "data": {"py/b64": "cXE="}, "fake": true}], [119924, {"py/object": "odf.components.Data", "data": {"py/b64": "cXE="}, "fake": true}]], "attack_times": [[90248, 118539]], "attack_types": ["Data_Corruption_Attack"], "attack_outcome": [true]}