{"data": [[316, {"py/object": "odf.components.Command", "address": 31, "tr": 0, "sub_address": 2, "dword_count": 1, "parity": 0, "fake": false}], [405, {"py/object": "odf.components.Data", "data": {"py/b64": "//8="}, "fake": false}], [446, {"py/object": "odf.components.Command", "address": 4, "tr": 0, "sub_address": 2, "dword_count": 18, "parity": 0, "fake": false}], [457, {"py/object": "odf.components.Command", "address": 3, "tr": 1, "sub_address": 2, "dword_count": 18, "parity": 0, "fake": false}], [2527, {"py/object": "odf.components.Status", "address": 3, "message_error_bit": "0", "instrumentation_bit": "0", "service_request_bit": "0", "reserved_bits": "000", "brdcst_received_bit": "0", "busy_bit": "0", "subsystem_flag_bit": "0", "dynamic_bus_control_accpt_bit": "0", "terminal_flag_bit": "1", "parity_bit": "1", "fake": false}], [2591, {"py/object": "odf.components.Data", "data": {"py/b64": "iKs="}, "fake": false}], [2659, {"py/object": "odf.components.Data", "data": {"py/b64": "JUI="}, "fake": false}], [2727, {"py/object": "odf.components.Data", "data": {"py/b64": "yLM="}, "fake": false}], [2798, {"py/object": "odf.components.Data", "data": {"py/b64": "fb0="}, "fake": false}], [2870, {"py/object": "odf.components.Data", "data": {"py/b64": "RYY="}, "fake": false}], [2936, {"py/object": "odf.components.Data", "data": {"py/b64": "7kI="}, "fake": false}], [3007, {"py/object": "odf.components.Data", "data": {"py/b64": "q80="}, "fake": false}], [3070, {"py/object": "odf.components.Data", "data": {"py/b64": "iEM="}, "fake": false}], [3142, {"py/object": "odf.components.Data", "data": {"py/b64": "768="}, "fake": false}], [3215, {"py/object": "odf.components.Data", "data": {"py/b64": "i0A="}, "fake": false}], [3276, {"py/object": "odf.components.Data", "data": {"py/b64": "ALA="}, "fake": false}], [3347, {"py/object": "odf.components.Data", "data": {"py/b64": "i0A="}, "fake": false}], [3417, {"py/object": "odf.components.Data", "data": {"py/b64": "2w8="}, "fake": false}], [3483, {"py/object": "odf.components.Data", "data": {"py/b64": "SUA="}, "fake": false}], [3550, {"py/object": "odf.components.Data", "data": {"py/b64": "pKM="}, "fake": false}], [3616, {"py/object": "odf.components.Data", "data": {"py/b64": "1kM="}, "fake": false}], [3682, {"py/object": "odf.components.Data", "data": {"py/b64": "tww="}, "fake": false}], [3755, {"py/object": "odf.components.Data", "data": {"py/b64": "OkQ="}, "fake": false}], [5823, {"py/object": "odf.components.Status", "address": 4, "message_error_bit": "0", "instrumentation_bit": "0", "service_request_bit": "0", "reserved_bits": "000", "brdcst_received_bit": "0", "busy_bit": "0", "subsystem_flag_bit": "0", "dynamic_bus_control_accpt_bit": "0", "terminal_flag_bit": "1", "parity_bit": "1", "fake": false}], [5910, {"py/object": "odf.components.Command", "address": 6, "tr": 0, "sub_address": 2, "dword_count": 28, "parity": 0, "fake": false}], [5929, {"py/object": "odf.components.Command", "address": 5, "tr": 1, "sub_address": 2, "dword_count": 28, "parity": 0, "fake": false}], [8000, {"py/object": "odf.components.Status", "address": 5, "message_error_bit": "0", "instrumentation_bit": "0", "service_request_bit": "0", "reserved_bits": "000", "brdcst_received_bit": "0", "busy_bit": "0", "subsystem_flag_bit": "0", "dynamic_bus_control_accpt_bit": "0", "terminal_flag_bit": "1", "parity_bit": "1", "fake": false}], [8070, {"py/object": "odf.components.Data", "data": {"py/b64": "wpE="}, "fake": false}], [8133, {"py/object": "odf.components.Data", "data": {"py/b64": "rEI="}, "fake": false}], [8198, {"py/object": "odf.components.Data", "data": {"py/b64": "SSg="}, "fake": false}], [8264, {"py/object": "odf.components.Data", "data": {"py/b64": "EkM="}, "fake": false}], [8331, {"py/object": "odf.components.Data", "data": {"py/b64": "z7A="}, "fake": false}], [8396, {"py/object": "odf.components.Data", "data": {"py/b64": "EcM="}, "fake": false}], [8458, {"py/object": "odf.components.Data", "data": {"py/b64": "ahU="}, "fake": false}], [8524, {"py/object": "odf.components.Data", "data": {"py/b64": "Tzw="}, "fake": false}], [8594, {"py/object": "odf.components.Data", "data": {"py/b64": "3ig="}, "fake": false}], [8661, {"py/object": "odf.components.Data", "data": {"py/b64": "kcE="}, "fake": false}], [8728, {"py/object": "odf.components.Data", "data": {"py/b64": "N+8="}, "fake": false}], [8801, {"py/object": "odf.components.Data", "data": {"py/b64": "UsE="}, "fake": false}], [8871, {"py/object": "odf.components.Data", "data": {"py/b64": "Jeg="}, "fake": false}], [8944, {"py/object": "odf.components.Data", "data": {"py/b64": "bL8="}, "fake": false}], [9011, {"py/object": "odf.components.Data", "data": {"py/b64": "KRk="}, "fake": false}], [9084, {"py/object": "odf.components.Data", "data": {"py/b64": "BMA="}, "fake": false}], [9151, {"py/object": "odf.components.Data", "data": {"py/b64": "0GE="}, "fake": false}], [9221, {"py/object": "odf.components.Data", "data": {"py/b64": "Bbw="}, "fake": false}], [9281, {"py/object": "odf.components.Data", "data": {"py/b64": "I64="}, "fake": false}], [9345, {"py/object": "odf.components.Data", "data": {"py/b64": "bkA="}, "fake": false}], [9416, {"py/object": "odf.components.Data", "data": {"py/b64": "rHU="}, "fake": false}], [9484, {"py/object": "odf.components.Data", "data": {"py/b64": "F0M="}, "fake": false}], [9556, {"py/object": "odf.components.Data", "data": {"py/b64": "dbY="}, "fake": false}], [9632, {"py/object": "odf.components.Data", "data": {"py/b64": "Db4="}, "fake": false}], [9699, {"py/object": "odf.components.Data", "data": {"py/b64": "TfE="}, "fake": false}], [9772, {"py/object": "odf.components.Data", "data": {"py/b64": "FsA="}, "fake": false}], [9843, {"py/object": "odf.components.Data", "data": {"py/b64": "cHg="}, "fake": false}], [9918, {"py/object": "odf.components.Data", "data": {"py/b64": "UEE="}, "fake": false}], [11986, {"py/object": "odf.components.Status", "address": 6, "message_error_bit": "0", "instrumentation_bit": "0", "service_request_bit": "0", "reserved_bits": "000", "brdcst_received_bit": "0", "busy_bit": "0", "subsystem_flag_bit": "0", "dynamic_bus_control_accpt_bit": "0", "terminal_flag_bit": "1", "parity_bit": "1", "fake": false}], [12066, {"py/object": "odf.components.Command", "address": 8, "tr": 0, "sub_address": 2, "dword_count": 8, "parity": 0, "fake": false}], [12086, {"py/object": "odf.components.Command", "address": 7, "tr": 1, "sub_address": 2, "dword_count": 8, "parity": 0, "fake": false}], [14154, {"py/object": "odf.components.Status", "address": 7, "message_error_bit": "0", "instrumentation_bit": "0", "service_request_bit": "0", "reserved_bits": "000", "brdcst_received_bit": "0", "busy_bit": "0", "subsystem_flag_bit": "0", "dynamic_bus_control_accpt_bit": "0", "terminal_flag_bit": "1", "parity_bit": "1", "fake": false}], [14218, {"py/object": "odf.components.Data", "data": {"py/b64": "xJ4="}, "fake": false}], [14287, {"py/object": "odf.components.Data", "data": {"py/b64": "YL0="}, "fake": false}], [14356, {"py/object": "odf.components.Data", "data": {"py/b64": "xsM="}, "fake": false}], [14423, {"py/object": "odf.components.Data", "data": {"py/b64": "FTo="}, "fake": false}], [14496, {"py/object": "odf.components.Data", "data": {"py/b64": "lOM="}, "fake": false}], [14568, {"py/object": "odf.components.Data", "data": {"py/b64": "Jz0="}, "fake": false}], [14637, {"py/object": "odf.components.Data", "data": {"py/b64": "z3E="}, "fake": false}], [14709, {"py/object": "odf.components.Data", "data": {"py/b64": "lDk="}, "fake": false}], [16827, {"py/object": "odf.components.Status", "address": 8, "message_error_bit": "0", "instrumentation_bit": "0", "service_request_bit": "0", "reserved_bits": "000", "brdcst_received_bit": "0", "busy_bit": "0", "subsystem_flag_bit": "0", "dynamic_bus_control_accpt_bit": "0", "terminal_flag_bit": "1", "parity_bit": "1", "fake": false}], [16892, {"py/object": "odf.components.Command", "address": 10, "tr": 0, "sub_address": 2, "dword_count": 12, "parity": 0, "fake": false}], [16909, {"py/object": "odf.components.Command", "address": 9, "tr": 1, "sub_address": 2, "dword_count": 12, "parity": 0, "fake": false}], [18974, {"py/object": "odf.components.Status", "address": 9, "message_error_bit": "0", "instrumentation_bit": "0", "service_request_bit": "0", "reserved_bits": "000", "brdcst_received_bit": "0", "busy_bit": "0", "subsystem_flag_bit": "0", "dynamic_bus_control_accpt_bit": "0", "terminal_flag_bit": "1", "parity_bit": "1", "fake": false}], [19042, {"py/object": "odf.components.Data", "data": {"py/b64": "L8E="}, "fake": false}], [19108, {"py/object": "odf.components.Data", "data": {"py/b64": "B0I="}, "fake": false}], [19181, {"py/object": "odf.components.Data", "data": {"py/b64": "ocg="}, "fake": false}], [19235, {"py/object": "odf.components.Data", "data": {"py/b64": "7MI="}, "fake": false}], [19306, {"py/object": "odf.components.Data", "data": {"py/b64": "vNY="}, "fake": false}], [19371, {"py/object": "odf.components.Data", "data": {"py/b64": "MUI="}, "fake": false}], [19435, {"py/object": "odf.components.Data", "data": {"py/b64": "K8E="}, "fake": false}], [19505, {"py/object": "odf.components.Data", "data": {"py/b64": "B0I="}, "fake": false}], [19575, {"py/object": "odf.components.Data", "data": {"py/b64": "tMg="}, "fake": false}], [19643, {"py/object": "odf.components.Data", "data": {"py/b64": "7MI="}, "fake": false}], [19711, {"py/object": "odf.components.Data", "data": {"py/b64": "ivU="}, "fake": false}], [19781, {"py/object": "odf.components.Data", "data": {"py/b64": "FEM="}, "fake": false}], [21923, {"py/object": "odf.components.Status", "address": 10, "message_error_bit": "0", "instrumentation_bit": "0", "service_request_bit": "0", "reserved_bits": "000", "brdcst_received_bit": "0", "busy_bit": "0", "subsystem_flag_bit": "0", "dynamic_bus_control_accpt_bit": "0", "terminal_flag_bit": "1", "parity_bit": "1", "fake": false}], [21964, {"py/object": "odf.components.Command", "address": 12, "tr": 0, "sub_address": 2, "dword_count": 16, "parity": 0, "fake": false}], [21981, {"py/object": "odf.components.Command", "address": 11, "tr": 1, "sub_address": 2, "dword_count": 16, "parity": 0, "fake": false}], [24046, {"py/object": "odf.components.Status", "address": 11, "message_error_bit": "0", "instrumentation_bit": "0", "service_request_bit": "0", "reserved_bits": "000", "brdcst_received_bit": "0", "busy_bit": "0", "subsystem_flag_bit": "0", "dynamic_bus_control_accpt_bit": "0", "terminal_flag_bit": "1", "parity_bit": "1", "fake": false}], [24116, {"py/object": "odf.components.Data", "data": {"py/b64": "d2Y="}, "fake": false}], [24186, {"py/object": "odf.components.Data", "data": {"py/b64": "Gjs="}, "fake": false}], [24247, {"py/object": "odf.components.Data", "data": {"py/b64": "AIo="}, "fake": false}], [24314, {"py/object": "odf.components.Data", "data": {"py/b64": "ZUE="}, "fake": false}], [24385, {"py/object": "odf.components.Data", "data": {"py/b64": "roc="}, "fake": false}], [24447, {"py/object": "odf.components.Data", "data": {"py/b64": "7EE="}, "fake": false}], [24516, {"py/object": "odf.components.Data", "data": {"py/b64": "sAg="}, "fake": false}], [24585, {"py/object": "odf.components.Data", "data": {"py/b64": "YEA="}, "fake": false}], [24655, {"py/object": "odf.components.Data", "data": {"py/b64": "Ac0="}, "fake": false}], [24727, {"py/object": "odf.components.Data", "data": {"py/b64": "5T8="}, "fake": false}], [24799, {"py/object": "odf.components.Data", "data": {"py/b64": "868="}, "fake": false}], [24860, {"py/object": "odf.components.Data", "data": {"py/b64": "Aj4="}, "fake": false}], [24917, {"py/object": "odf.components.Data", "data": {"py/b64": "TQU="}, "fake": false}], [24977, {"py/object": "odf.components.Data", "data": {"py/b64": "9z4="}, "fake": false}], [25037, {"py/object": "odf.components.Data", "data": {"py/b64": "LU0="}, "fake": false}], [25099, {"py/object": "odf.components.Data", "data": {"py/b64": "nEE="}, "fake": false}], [27200, {"py/object": "odf.components.Status", "address": 12, "message_error_bit": "0", "instrumentation_bit": "0", "service_request_bit": "0", "reserved_bits": "000", "brdcst_received_bit": "0", "busy_bit": "0", "subsystem_flag_bit": "0", "dynamic_bus_control_accpt_bit": "0", "terminal_flag_bit": "1", "parity_bit": "1", "fake": false}], [27359, {"py/object": "odf.components.Command", "address": 1, "tr": 0, "sub_address": 2, "dword_count": 4, "parity": 0, "fake": false}], [27421, {"py/object": "odf.components.Data", "data": {"py/b64": "AAA="}, "fake": false}], [27433, {"py/object": "odf.components.Data", "data": {"py/b64": "AAA="}, "fake": false}], [27443, {"py/object": "odf.components.Data", "data": {"py/b64": "AAA="}, "fake": false}], [27455, {"py/object": "odf.components.Data", "data": {"py/b64": "AAA="}, "fake": false}], [29471, {"py/object": "odf.components.Status", "address": 1, "message_error_bit": "0", "instrumentation_bit": "0", "service_request_bit": "0", "reserved_bits": "000", "brdcst_received_bit": "0", "busy_bit": "0", "subsystem_flag_bit": "0", "dynamic_bus_control_accpt_bit": "0", "terminal_flag_bit": "1", "parity_bit": "1", "fake": false}], [29585, {"py/object": "odf.components.Command", "address": 31, "tr": 0, "sub_address": 2, "dword_count": 1, "parity": 0, "fake": false}], [29678, {"py/object": "odf.components.Data", "data": {"py/b64": "//8="}, "fake": false}], [29690, {"py/object": "odf.components.Command", "address": 4, "tr": 0, "sub_address": 2, "dword_count": 18, "parity": 0, "fake": false}], [29699, {"py/object": "odf.components.Command", "address": 3, "tr": 1, "sub_address": 2, "dword_count": 18, "parity": 0, "fake": false}], [31757, {"py/object": "odf.components.Status", "address": 3, "message_error_bit": "0", "instrumentation_bit": "0", "service_request_bit": "0", "reserved_bits": "000", "brdcst_received_bit": "0", "busy_bit": "0", "subsystem_flag_bit": "0", "dynamic_bus_control_accpt_bit": "0", "terminal_flag_bit": "1", "parity_bit": "1", "fake": false}], [31823, {"py/object": "odf.components.Data", "data": {"py/b64": "7Q0="}, "fake": false}], [31892, {"py/object": "odf.components.Data", "data": {"py/b64": "WkM="}, "fake": false}], [31962, {"py/object": "odf.components.Data", "data": {"py/b64": "VFU="}, "fake": false}], [32031, {"py/object": "odf.components.Data", "data": {"py/b64": "h0Q="}, "fake": false}], [32095, {"py/object": "odf.components.Data", "data": {"py/b64": "zB4="}, "fake": false}], [32164, {"py/object": "odf.components.Data", "data": {"py/b64": "wkM="}, "fake": false}], [32234, {"py/object": "odf.components.Data", "data": {"py/b64": "tFI="}, "fake": false}], [32301, {"py/object": "odf.components.Data", "data": {"py/b64": "hUM="}, "fake": false}], [32368, {"py/object": "odf.components.Data", "data": {"py/b64": "qcw="}, "fake": false}], [32435, {"py/object": "odf.components.Data", "data": {"py/b64": "i0A="}, "fake": false}], [32504, {"py/object": "odf.components.Data", "data": {"py/b64": "yr8="}, "fake": false}], [32576, {"py/object": "odf.components.Data", "data": {"py/b64": "i0A="}, "fake": false}], [32646, {"py/object": "odf.components.Data", "data": {"py/b64": "Tfo="}, "fake": false}], [32714, {"py/object": "odf.components.Data", "data": {"py/b64": "QEA="}, "fake": false}], [32782, {"py/object": "odf.components.Data", "data": {"py/b64": "89c="}, "fake": false}], [32851, {"py/object": "odf.components.Data", "data": {"py/b64": "1UM="}, "fake": false}], [32919, {"py/object": "odf.components.Data", "data": {"py/b64": "tww="}, "fake": false}], [32992, {"py/object": "odf.components.Data", "data": {"py/b64": "OkQ="}, "fake": false}], [35070, {"py/object": "odf.components.Status", "address": 4, "message_error_bit": "0", "instrumentation_bit": "0", "service_request_bit": "0", "reserved_bits": "000", "brdcst_received_bit": "0", "busy_bit": "0", "subsystem_flag_bit": "0", "dynamic_bus_control_accpt_bit": "0", "terminal_flag_bit": "1", "parity_bit": "1", "fake": false}], [35147, {"py/object": "odf.components.Command", "address": 6, "tr": 0, "sub_address": 2, "dword_count": 28, "parity": 0, "fake": false}], [35160, {"py/object": "odf.components.Command", "address": 5, "tr": 1, "sub_address": 2, "dword_count": 28, "parity": 0, "fake": false}], [37221, {"py/object": "odf.components.Status", "address": 5, "message_error_bit": "0", "instrumentation_bit": "0", "service_request_bit": "0", "reserved_bits": "000", "brdcst_received_bit": "0", "busy_bit": "0", "subsystem_flag_bit": "0", "dynamic_bus_control_accpt_bit": "0", "terminal_flag_bit": "1", "parity_bit": "1", "fake": false}], [37295, {"py/object": "odf.components.Data", "data": {"py/b64": "AdU="}, "fake": false}], [37361, {"py/object": "odf.components.Data", "data": {"py/b64": "dUM="}, "fake": false}], [37425, {"py/object": "odf.components.Data", "data": {"py/b64": "L6s="}, "fake": false}], [37493, {"py/object": "odf.components.Data", "data": {"py/b64": "z0M="}, "fake": false}], [37562, {"py/object": "odf.components.Data", "data": {"py/b64": "ieI="}, "fake": false}], [37628, {"py/object": "odf.components.Data", "data": {"py/b64": "zcM="}, "fake": false}], [37697, {"py/object": "odf.components.Data", "data": {"py/b64": "yLU="}, "fake": false}], [37759, {"py/object": "odf.components.Data", "data": {"py/b64": "ikE="}, "fake": false}], [37830, {"py/object": "odf.components.Data", "data": {"py/b64": "rBY="}, "fake": false}], [37902, {"py/object": "odf.components.Data", "data": {"py/b64": "T8I="}, "fake": false}], [37965, {"py/object": "odf.components.Data", "data": {"py/b64": "bsM="}, "fake": false}], [38035, {"py/object": "odf.components.Data", "data": {"py/b64": "vb8="}, "fake": false}], [38101, {"py/object": "odf.components.Data", "data": {"py/b64": "bEk="}, "fake": false}], [38174, {"py/object": "odf.components.Data", "data": {"py/b64": "hr4="}, "fake": false}], [38245, {"py/object": "odf.components.Data", "data": {"py/b64": "vk8="}, "fake": false}], [38312, {"py/object": "odf.components.Data", "data": {"py/b64": "yD8="}, "fake": false}], [38377, {"py/object": "odf.components.Data", "data": {"py/b64": "9jM="}, "fake": false}], [38450, {"py/object": "odf.components.Data", "data": {"py/b64": "078="}, "fake": false}], [38522, {"py/object": "odf.components.Data", "data": {"py/b64": "B8k="}, "fake": false}], [38588, {"py/object": "odf.components.Data", "data": {"py/b64": "LcE="}, "fake": false}], [38650, {"py/object": "odf.components.Data", "data": {"py/b64": "19k="}, "fake": false}], [38706, {"py/object": "odf.components.Data", "data": {"py/b64": "z0M="}, "fake": false}], [38762, {"py/object": "odf.components.Data", "data": {"py/b64": "slA="}, "fake": false}], [38814, {"py/object": "odf.components.Data", "data": {"py/b64": "Vr8="}, "fake": false}], [38874, {"py/object": "odf.components.Data", "data": {"py/b64": "9Po="}, "fake": false}], [38936, {"py/object": "odf.components.Data", "data": {"py/b64": "nL4="}, "fake": false}], [38992, {"py/object": "odf.components.Data", "data": {"py/b64": "VeY="}, "fake": false}], [39052, {"py/object": "odf.components.Data", "data": {"py/b64": "gD8="}, "fake": false}], [41145, {"py/object": "odf.components.Status", "address": 6, "message_error_bit": "0", "instrumentation_bit": "0", "service_request_bit": "0", "reserved_bits": "000", "brdcst_received_bit": "0", "busy_bit": "0", "subsystem_flag_bit": "0", "dynamic_bus_control_accpt_bit": "0", "terminal_flag_bit": "1", "parity_bit": "1", "fake": false}], [41223, {"py/object": "odf.components.Command", "address": 8, "tr": 0, "sub_address": 2, "dword_count": 8, "parity": 0, "fake": false}], [41238, {"py/object": "odf.components.Command", "address": 7, "tr": 1, "sub_address": 2, "dword_count": 8, "parity": 0, "fake": false}], [43301, {"py/object": "odf.components.Status", "address": 7, "message_error_bit": "0", "instrumentation_bit": "0", "service_request_bit": "0", "reserved_bits": "000", "brdcst_received_bit": "0", "busy_bit": "0", "subsystem_flag_bit": "0", "dynamic_bus_control_accpt_bit": "0", "terminal_flag_bit": "1", "parity_bit": "1", "fake": false}], [43364, {"py/object": "odf.components.Data", "data": {"py/b64": "fiU="}, "fake": false}], [43432, {"py/object": "odf.components.Data", "data": {"py/b64": "h70="}, "fake": false}], [43504, {"py/object": "odf.components.Data", "data": {"py/b64": "x4U="}, "fake": false}], [43576, {"py/object": "odf.components.Data", "data": {"py/b64": "jbs="}, "fake": false}], [43637, {"py/object": "odf.components.Data", "data": {"py/b64": "DeA="}, "fake": false}], [43701, {"py/object": "odf.components.Data", "data": {"py/b64": "0Tw="}, "fake": false}], [43769, {"py/object": "odf.components.Data", "data": {"py/b64": "ZDQ="}, "fake": false}], [43844, {"py/object": "odf.components.Data", "data": {"py/b64": "Vbo="}, "fake": false}], [45925, {"py/object": "odf.components.Status", "address": 8, "message_error_bit": "0", "instrumentation_bit": "0", "service_request_bit": "0", "reserved_bits": "000", "brdcst_received_bit": "0", "busy_bit": "0", "subsystem_flag_bit": "0", "dynamic_bus_control_accpt_bit": "0", "terminal_flag_bit": "1", "parity_bit": "1", "fake": false}], [46007, {"py/object": "odf.components.Command", "address": 10, "tr": 0, "sub_address": 2, "dword_count": 12, "parity": 0, "fake": false}], [46022, {"py/object": "odf.components.Command", "address": 9, "tr": 1, "sub_address": 2, "dword_count": 12, "parity": 0, "fake": false}], [48088, {"py/object": "odf.components.Status", "address": 9, "message_error_bit": "0", "instrumentation_bit": "0", "service_request_bit": "0", "reserved_bits": "000", "brdcst_received_bit": "0", "busy_bit": "0", "subsystem_flag_bit": "0", "dynamic_bus_control_accpt_bit": "0", "terminal_flag_bit": "1", "parity_bit": "1", "fake": false}], [48155, {"py/object": "odf.components.Data", "data": {"py/b64": "T70="}, "fake": false}], [48216, {"py/object": "odf.components.Data", "data": {"py/b64": "B0I="}, "fake": false}], [48282, {"py/object": "odf.components.Data", "data": {"py/b64": "Sds="}, "fake": false}], [48354, {"py/object": "odf.components.Data", "data": {"py/b64": "7MI="}, "fake": false}], [48423, {"py/object": "odf.components.Data", "data": {"py/b64": "m+o="}, "fake": false}], [48493, {"py/object": "odf.components.Data", "data": {"py/b64": "aEM="}, "fake": false}], [48562, {"py/object": "odf.components.Data", "data": {"py/b64": "Sr0="}, "fake": false}], [48632, {"py/object": "odf.components.Data", "data": {"py/b64": "B0I="}, "fake": false}], [48704, {"py/object": "odf.components.Data", "data": {"py/b64": "Yts="}, "fake": false}], [48769, {"py/object": "odf.components.Data", "data": {"py/b64": "7MI="}, "fake": false}], [48833, {"py/object": "odf.components.Data", "data": {"py/b64": "Ugk="}, "fake": false}], [48889, {"py/object": "odf.components.Data", "data": {"py/b64": "QEQ="}, "fake": false}], [51019, {"py/object": "odf.components.Status", "address": 10, "message_error_bit": "0", "instrumentation_bit": "0", "service_request_bit": "0", "reserved_bits": "000", "brdcst_received_bit": "0", "busy_bit": "0", "subsystem_flag_bit": "0", "dynamic_bus_control_accpt_bit": "0", "terminal_flag_bit": "1", "parity_bit": "1", "fake": false}], [51058, {"py/object": "odf.components.Command", "address": 12, "tr": 0, "sub_address": 2, "dword_count": 16, "parity": 0, "fake": false}], [51069, {"py/object": "odf.components.Command", "address": 11, "tr": 1, "sub_address": 2, "dword_count": 16, "parity": 0, "fake": false}], [53131, {"py/object": "odf.components.Status", "address": 11, "message_error_bit": "0", "instrumentation_bit": "0", "service_request_bit": "0", "reserved_bits": "000", "brdcst_received_bit": "0", "busy_bit": "0", "subsystem_flag_bit": "0", "dynamic_bus_control_accpt_bit": "0", "terminal_flag_bit": "1", "parity_bit": "1", "fake": false}], [53193, {"py/object": "odf.components.Data", "data": {"py/b64": "i5E="}, "fake": false}], [53261, {"py/object": "odf.components.Data", "data": {"py/b64": "Fzs="}, "fake": false}], [53329, {"py/object": "odf.components.Data", "data": {"py/b64": "AIU="}, "fake": false}], [53398, {"py/object": "odf.components.Data", "data": {"py/b64": "UkE="}, "fake": false}], [53466, {"py/object": "odf.components.Data", "data": {"py/b64": "UW8="}, "fake": false}], [53534, {"py/object": "odf.components.Data", "data": {"py/b64": "50E="}, "fake": false}], [53603, {"py/object": "odf.components.Data", "data": {"py/b64": "7gw="}, "fake": false}], [53673, {"py/object": "odf.components.Data", "data": {"py/b64": "t0A="}, "fake": false}], [53743, {"py/object": "odf.components.Data", "data": {"py/b64": "kE0="}, "fake": false}], [53806, {"py/object": "odf.components.Data", "data": {"py/b64": "PEA="}, "fake": false}], [53875, {"py/object": "odf.components.Data", "data": {"py/b64": "ksE="}, "fake": false}], [53944, {"py/object": "odf.components.Data", "data": {"py/b64": "6T0="}, "fake": false}], [54015, {"py/object": "odf.components.Data", "data": {"py/b64": "XXo="}, "fake": false}], [54079, {"py/object": "odf.components.Data", "data": {"py/b64": "ZD4="}, "fake": false}], [54147, {"py/object": "odf.components.Data", "data": {"py/b64": "Ykg="}, "fake": false}], [54214, {"py/object": "odf.components.Data", "data": {"py/b64": "q0E="}, "fake": false}], [56324, {"py/object": "odf.components.Status", "address": 12, "message_error_bit": "0", "instrumentation_bit": "0", "service_request_bit": "0", "reserved_bits": "000", "brdcst_received_bit": "0", "busy_bit": "0", "subsystem_flag_bit": "0", "dynamic_bus_control_accpt_bit": "0", "terminal_flag_bit": "1", "parity_bit": "1", "fake": false}], [56492, {"py/object": "odf.components.Command", "address": 1, "tr": 0, "sub_address": 2, "dword_count": 4, "parity": 0, "fake": false}], [56559, {"py/object": "odf.components.Data", "data": {"py/b64": "AAA="}, "fake": false}], [56572, {"py/object": "odf.components.Data", "data": {"py/b64": "AAA="}, "fake": false}], [56583, {"py/object": "odf.components.Data", "data": {"py/b64": "AAA="}, "fake": false}], [56595, {"py/object": "odf.components.Data", "data": {"py/b64": "AAA="}, "fake": false}], [58608, {"py/object": "odf.components.Status", "address": 1, "message_error_bit": "0", "instrumentation_bit": "0", "service_request_bit": "0", "reserved_bits": "000", "brdcst_received_bit": "0", "busy_bit": "0", "subsystem_flag_bit": "0", "dynamic_bus_control_accpt_bit": "0", "terminal_flag_bit": "1", "parity_bit": "1", "fake": false}], [58735, {"py/object": "odf.components.Command", "address": 31, "tr": 0, "sub_address": 2, "dword_count": 1, "parity": 0, "fake": false}], [58818, {"py/object": "odf.components.Data", "data": {"py/b64": "//8="}, "fake": false}], [58834, {"py/object": "odf.components.Command", "address": 4, "tr": 0, "sub_address": 2, "dword_count": 18, "parity": 0, "fake": false}], [58846, {"py/object": "odf.components.Command", "address": 3, "tr": 1, "sub_address": 2, "dword_count": 18, "parity": 0, "fake": false}], [60901, {"py/object": "odf.components.Status", "address": 3, "message_error_bit": "0", "instrumentation_bit": "0", "service_request_bit": "0", "reserved_bits": "000", "brdcst_received_bit": "0", "busy_bit": "0", "subsystem_flag_bit": "0", "dynamic_bus_control_accpt_bit": "0", "terminal_flag_bit": "1", "parity_bit": "1", "fake": false}], [60980, {"py/object": "odf.components.Data", "data": {"py/b64": "DB4="}, "fake": false}], [61065, {"py/object": "odf.components.Data", "data": {"py/b64": "ekM="}, "fake": false}], [61145, {"py/object": "odf.components.Data", "data": {"py/b64": "CEI="}, "fake": false}], [61215, {"py/object": "odf.components.Data", "data": {"py/b64": "AEU="}, "fake": false}], [61291, {"py/object": "odf.components.Data", "data": {"py/b64": "aLc="}, "fake": false}], [61370, {"py/object": "odf.components.Data", "data": {"py/b64": "h0Q="}, "fake": false}], [61459, {"py/object": "odf.components.Data", "data": {"py/b64": "U9E="}, "fake": false}], [61515, {"py/object": "odf.components.Data", "data": {"py/b64": "YEM="}, "fake": false}], [61602, {"py/object": "odf.components.Data", "data": {"py/b64": "VMw="}, "fake": false}], [61673, {"py/object": "odf.components.Data", "data": {"py/b64": "g0A="}, "fake": false}], [61754, {"py/object": "odf.components.Data", "data": {"py/b64": "sMI="}, "fake": false}], [61832, {"py/object": "odf.components.Data", "data": {"py/b64": "g0A="}, "fake": false}], [61915, {"py/object": "odf.components.Data", "data": {"py/b64": "daY="}, "fake": false}], [61995, {"py/object": "odf.components.Data", "data": {"py/b64": "QkA="}, "fake": false}], [62076, {"py/object": "odf.components.Data", "data": {"py/b64": "oVY="}, "fake": false}], [62160, {"py/object": "odf.components.Data", "data": {"py/b64": "1UM="}, "fake": false}], [62240, {"py/object": "odf.components.Data", "data": {"py/b64": "tww="}, "fake": false}], [62312, {"py/object": "odf.components.Data", "data": {"py/b64": "OkQ="}, "fake": false}], [64392, {"py/object": "odf.components.Status", "address": 4, "message_error_bit": "0", "instrumentation_bit": "0", "service_request_bit": "0", "reserved_bits": "000", "brdcst_received_bit": "0", "busy_bit": "0", "subsystem_flag_bit": "0", "dynamic_bus_control_accpt_bit": "0", "terminal_flag_bit": "1", "parity_bit": "1", "fake": false}], [64482, {"py/object": "odf.components.Command", "address": 6, "tr": 0, "sub_address": 2, "dword_count": 28, "parity": 0, "fake": false}], [64502, {"py/object": "odf.components.Command", "address": 5, "tr": 1, "sub_address": 2, "dword_count": 28, "parity": 0, "fake": false}], [66553, {"py/object": "odf.components.Status", "address": 5, "message_error_bit": "0", "instrumentation_bit": "0", "service_request_bit": "0", "reserved_bits": "000", "brdcst_received_bit": "0", "busy_bit": "0", "subsystem_flag_bit": "0", "dynamic_bus_control_accpt_bit": "0", "terminal_flag_bit": "1", "parity_bit": "1", "fake": false}], [66611, {"py/object": "odf.components.Data", "data": {"py/b64": "ELs="}, "fake": false}], [66687, {"py/object": "odf.components.Data", "data": {"py/b64": "dUM="}, "fake": false}], [66752, {"py/object": "odf.components.Data", "data": {"py/b64": "bRU="}, "fake": false}], [66824, {"py/object": "odf.components.Data", "data": {"py/b64": "0EM="}, "fake": false}], [66894, {"py/object": "odf.components.Data", "data": {"py/b64": "jJc="}, "fake": false}], [66971, {"py/object": "odf.components.Data", "data": {"py/b64": "qsM="}, "fake": false}], [67042, {"py/object": "odf.components.Data", "data": {"py/b64": "IzA="}, "fake": false}], [67123, {"py/object": "odf.components.Data", "data": {"py/b64": "CUI="}, "fake": false}], [67201, {"py/object": "odf.components.Data", "data": {"py/b64": "u+0="}, "fake": false}], [67277, {"py/object": "odf.components.Data", "data": {"py/b64": "bMM="}, "fake": false}], [67360, {"py/object": "odf.components.Data", "data": {"py/b64": "D5o="}, "fake": false}], [67438, {"py/object": "odf.components.Data", "data": {"py/b64": "EEE="}, "fake": false}], [67518, {"py/object": "odf.components.Data", "data": {"py/b64": "1Hs="}, "fake": false}], [67598, {"py/object": "odf.components.Data", "data": {"py/b64": "774="}, "fake": false}], [67671, {"py/object": "odf.components.Data", "data": {"py/b64": "GVk="}, "fake": false}], [67754, {"py/object": "odf.components.Data", "data": {"py/b64": "V8E="}, "fake": false}], [67830, {"py/object": "odf.components.Data", "data": {"py/b64": "u78="}, "fake": false}], [67913, {"py/object": "odf.components.Data", "data": {"py/b64": "jMA="}, "fake": false}], [67994, {"py/object": "odf.components.Data", "data": {"py/b64": "4GI="}, "fake": false}], [68057, {"py/object": "odf.components.Data", "data": {"py/b64": "DME="}, "fake": false}], [68125, {"py/object": "odf.components.Data", "data": {"py/b64": "Zxc="}, "fake": false}], [68204, {"py/object": "odf.components.Data", "data": {"py/b64": "0EM="}, "fake": false}], [68267, {"py/object": "odf.components.Data", "data": {"py/b64": "mLM="}, "fake": false}], [68337, {"py/object": "odf.components.Data", "data": {"py/b64": "WME="}, "fake": false}], [68405, {"py/object": "odf.components.Data", "data": {"py/b64": "Gf8="}, "fake": false}], [68472, {"py/object": "odf.components.Data", "data": {"py/b64": "zUA="}, "fake": false}], [68536, {"py/object": "odf.components.Data", "data": {"py/b64": "Y84="}, "fake": false}], [68603, {"py/object": "odf.components.Data", "data": {"py/b64": "qT4="}, "fake": false}], [70740, {"py/object": "odf.components.Status", "address": 6, "message_error_bit": "0", "instrumentation_bit": "0", "service_request_bit": "0", "reserved_bits": "000", "brdcst_received_bit": "0", "busy_bit": "0", "subsystem_flag_bit": "0", "dynamic_bus_control_accpt_bit": "0", "terminal_flag_bit": "1", "parity_bit": "1", "fake": false}], [70785, {"py/object": "odf.components.Command", "address": 8, "tr": 0, "sub_address": 2, "dword_count": 8, "parity": 0, "fake": false}], [70797, {"py/object": "odf.components.Command", "address": 7, "tr": 1, "sub_address": 2, "dword_count": 8, "parity": 0, "fake": false}], [72851, {"py/object": "odf.components.Status", "address": 7, "message_error_bit": "0", "instrumentation_bit": "0", "service_request_bit": "0", "reserved_bits": "000", "brdcst_received_bit": "0", "busy_bit": "0", "subsystem_flag_bit": "0", "dynamic_bus_control_accpt_bit": "0", "terminal_flag_bit": "1", "parity_bit": "1", "fake": false}], [72931, {"py/object": "odf.components.Data", "data": {"py/b64": "8hg="}, "fake": false}], [72995, {"py/object": "odf.components.Data", "data": {"py/b64": "2L0="}, "fake": false}], [73071, {"py/object": "odf.components.Data", "data": {"py/b64": "LC4="}, "fake": false}], [73156, {"py/object": "odf.components.Data", "data": {"py/b64": "6T4="}, "fake": false}], [73236, {"py/object": "odf.components.Data", "data": {"py/b64": "XKU="}, "fake": false}], [73315, {"py/object": "odf.components.Data", "data": {"py/b64": "3zw="}, "fake": false}], [73394, {"py/object": "odf.components.Data", "data": {"py/b64": "oMk="}, "fake": false}], [73483, {"py/object": "odf.components.Data", "data": {"py/b64": "zrk="}, "fake": false}], [75591, {"py/object": "odf.components.Status", "address": 8, "message_error_bit": "0", "instrumentation_bit": "0", "service_request_bit": "0", "reserved_bits": "000", "brdcst_received_bit": "0", "busy_bit": "0", "subsystem_flag_bit": "0", "dynamic_bus_control_accpt_bit": "0", "terminal_flag_bit": "1", "parity_bit": "1", "fake": false}], [75667, {"py/object": "odf.components.Command", "address": 10, "tr": 0, "sub_address": 2, "dword_count": 12, "parity": 0, "fake": false}], [75681, {"py/object": "odf.components.Command", "address": 9, "tr": 1, "sub_address": 2, "dword_count": 12, "parity": 0, "fake": false}], [77745, {"py/object": "odf.components.Status", "address": 9, "message_error_bit": "0", "instrumentation_bit": "0", "service_request_bit": "0", "reserved_bits": "000", "brdcst_received_bit": "0", "busy_bit": "0", "subsystem_flag_bit": "0", "dynamic_bus_control_accpt_bit": "0", "terminal_flag_bit": "1", "parity_bit": "1", "fake": false}], [77823, {"py/object": "odf.components.Data", "data": {"py/b64": "66w="}, "fake": false}], [77898, {"py/object": "odf.components.Data", "data": {"py/b64": "B0I="}, "fake": false}], [77977, {"py/object": "odf.components.Data", "data": {"py/b64": "k+s="}, "fake": false}], [78054, {"py/object": "odf.components.Data", "data": {"py/b64": "7MI="}, "fake": false}], [78141, {"py/object": "odf.components.Data", "data": {"py/b64": "Guk="}, "fake": false}], [78222, {"py/object": "odf.components.Data", "data": {"py/b64": "A0Q="}, "fake": false}], [78304, {"py/object": "odf.components.Data", "data": {"py/b64": "yKw="}, "fake": false}], [78389, {"py/object": "odf.components.Data", "data": {"py/b64": "B0I="}, "fake": false}], [78467, {"py/object": "odf.components.Data", "data": {"py/b64": "nOs="}, "fake": false}], [78552, {"py/object": "odf.components.Data", "data": {"py/b64": "7MI="}, "fake": false}], [78637, {"py/object": "odf.components.Data", "data": {"py/b64": "Ico="}, "fake": false}], [78721, {"py/object": "odf.components.Data", "data": {"py/b64": "2EQ="}, "fake": false}], [80846, {"py/object": "odf.components.Status", "address": 10, "message_error_bit": "0", "instrumentation_bit": "0", "service_request_bit": "0", "reserved_bits": "000", "brdcst_received_bit": "0", "busy_bit": "0", "subsystem_flag_bit": "0", "dynamic_bus_control_accpt_bit": "0", "terminal_flag_bit": "1", "parity_bit": "1", "fake": false}], [80901, {"py/object": "odf.components.Command", "address": 12, "tr": 0, "sub_address": 2, "dword_count": 16, "parity": 0, "fake": false}], [80918, {"py/object": "odf.components.Command", "address": 11, "tr": 1, "sub_address": 2, "dword_count": 16, "parity": 0, "fake": false}], [81000, {"py/object": "odf.components.Command", "address": 12, "tr": 0, "sub_address": 1, "dword_count": 4, "parity": 0, "fake": true}], [82981, {"py/object": "odf.components.Status", "address": 11, "message_error_bit": "0", "instrumentation_bit": "0", "service_request_bit": "0", "reserved_bits": "000", "brdcst_received_bit": "0", "busy_bit": "0", "subsystem_flag_bit": "0", "dynamic_bus_control_accpt_bit": "0", "terminal_flag_bit": "1", "parity_bit": "1", "fake": false}], [83053, {"py/object": "odf.components.Data", "data": {"py/b64": "BHY="}, "fake": false}], [83119, {"py/object": "odf.components.Data", "data": {"py/b64": "Ezs="}, "fake": false}], [83202, {"py/object": "odf.components.Data", "data": {"py/b64": "IAo="}, "fake": false}], [83265, {"py/object": "odf.components.Data", "data": {"py/b64": "NUE="}, "fake": false}], [83339, {"py/object": "odf.components.Data", "data": {"py/b64": "H5k="}, "fake": false}], [83407, {"py/object": "odf.components.Data", "data": {"py/b64": "30E="}, "fake": false}], [83481, {"py/object": "odf.components.Data", "data": {"py/b64": "lcU="}, "fake": false}], [83552, {"py/object": "odf.components.Data", "data": {"py/b64": "n0A="}, "fake": false}], [83619, {"py/object": "odf.components.Data", "data": {"py/b64": "IYk="}, "fake": false}], [83693, {"py/object": "odf.components.Data", "data": {"py/b64": "JUA="}, "fake": false}], [83770, {"py/object": "odf.components.Data", "data": {"py/b64": "l6s="}, "fake": false}], [83831, {"py/object": "odf.components.Data", "data": {"py/b64": "Zj0="}, "fake": false}], [83905, {"py/object": "odf.components.Data", "data": {"py/b64": "BL8="}, "fake": false}], [83976, {"py/object": "odf.components.Data", "data": {"py/b64": "Vj0="}, "fake": false}], [84041, {"py/object": "odf.components.Data", "data": {"py/b64": "d60="}, "fake": false}], [84102, {"py/object": "odf.components.Data", "data": {"py/b64": "nUE="}, "fake": false}], [91502, {"py/object": "odf.components.Command", "address": 1, "tr": 0, "sub_address": 2, "dword_count": 4, "parity": 0, "fake": false}], [91645, {"py/object": "odf.components.Data", "data": {"py/b64": "AAA="}, "fake": false}], [91770, {"py/object": "odf.components.Data", "data": {"py/b64": "AAA="}, "fake": false}], [91910, {"py/object": "odf.components.Data", "data": {"py/b64": "AAA="}, "fake": false}], [91953, {"py/object": "odf.components.Data", "data": {"py/b64": "gD8="}, "fake": false}], [91965, {"py/object": "odf.components.Command", "address": 31, "tr": 0, "sub_address": 2, "dword_count": 1, "parity": 0, "fake": false}], [91979, {"py/object": "odf.components.Data", "data": {"py/b64": "//8="}, "fake": false}], [91992, {"py/object": "odf.components.Command", "address": 4, "tr": 0, "sub_address": 2, "dword_count": 18, "parity": 0, "fake": false}], [92007, {"py/object": "odf.components.Command", "address": 3, "tr": 1, "sub_address": 2, "dword_count": 18, "parity": 0, "fake": false}], [93693, {"py/object": "odf.components.Status", "address": 1, "message_error_bit": "0", "instrumentation_bit": "0", "service_request_bit": "0", "reserved_bits": "000", "brdcst_received_bit": "0", "busy_bit": "0", "subsystem_flag_bit": "0", "dynamic_bus_control_accpt_bit": "0", "terminal_flag_bit": "1", "parity_bit": "1", "fake": false}], [94069, {"py/object": "odf.components.Status", "address": 3, "message_error_bit": "0", "instrumentation_bit": "0", "service_request_bit": "0", "reserved_bits": "000", "brdcst_received_bit": "0", "busy_bit": "0", "subsystem_flag_bit": "0", "dynamic_bus_control_accpt_bit": "0", "terminal_flag_bit": "1", "parity_bit": "1", "fake": false}], [94142, {"py/object": "odf.components.Command", "address": 6, "tr": 0, "sub_address": 2, "dword_count": 28, "parity": 0, "fake": false}], [94168, {"py/object": "odf.components.Command", "address": 5, "tr": 1, "sub_address": 2, "dword_count": 28, "parity": 0, "fake": false}], [94210, {"py/object": "odf.components.Data", "data": {"py/b64": "zwc="}, "fake": false}], [94276, {"py/object": "odf.components.Data", "data": {"py/b64": "ekM="}, "fake": false}], [94344, {"py/object": "odf.components.Data", "data": {"py/b64": "sAM="}, "fake": false}], [94410, {"py/object": "odf.components.Data", "data": {"py/b64": "AEU="}, "fake": false}], [94473, {"py/object": "odf.components.Data", "data": {"py/b64": "GY0="}, "fake": false}], [94535, {"py/object": "odf.components.Data", "data": {"py/b64": "C0U="}, "fake": false}], [94596, {"py/object": "odf.components.Data", "data": {"py/b64": "Txg="}, "fake": false}], [94664, {"py/object": "odf.components.Data", "data": {"py/b64": "B0M="}, "fake": false}], [94737, {"py/object": "odf.components.Data", "data": {"py/b64": "sp0="}, "fake": false}], [94817, {"py/object": "odf.components.Data", "data": {"py/b64": "OUA="}, "fake": false}], [94896, {"py/object": "odf.components.Data", "data": {"py/b64": "AoY="}, "fake": false}], [94976, {"py/object": "odf.components.Data", "data": {"py/b64": "OUA="}, "fake": false}], [95059, {"py/object": "odf.components.Data", "data": {"py/b64": "sOw="}, "fake": false}], [95129, {"py/object": "odf.components.Data", "data": {"py/b64": "QkA="}, "fake": false}], [95189, {"py/object": "odf.components.Data", "data": {"py/b64": "Nco="}, "fake": false}], [95267, {"py/object": "odf.components.Data", "data": {"py/b64": "1EM="}, "fake": false}], [95333, {"py/object": "odf.components.Data", "data": {"py/b64": "tww="}, "fake": false}], [95402, {"py/object": "odf.components.Data", "data": {"py/b64": "OkQ="}, "fake": false}], [96221, {"py/object": "odf.components.Status", "address": 5, "message_error_bit": "0", "instrumentation_bit": "0", "service_request_bit": "0", "reserved_bits": "000", "brdcst_received_bit": "0", "busy_bit": "0", "subsystem_flag_bit": "0", "dynamic_bus_control_accpt_bit": "0", "terminal_flag_bit": "1", "parity_bit": "1", "fake": false}], [96291, {"py/object": "odf.components.Data", "data": {"py/b64": "dtg="}, "fake": false}], [96365, {"py/object": "odf.components.Data", "data": {"py/b64": "fUM="}, "fake": false}], [96445, {"py/object": "odf.components.Data", "data": {"py/b64": "wuk="}, "fake": false}], [96516, {"py/object": "odf.components.Data", "data": {"py/b64": "1kM="}, "fake": false}], [96594, {"py/object": "odf.components.Data", "data": {"py/b64": "H5k="}, "fake": false}], [96661, {"py/object": "odf.components.Data", "data": {"py/b64": "MkI="}, "fake": false}], [96724, {"py/object": "odf.components.Data", "data": {"py/b64": "UCk="}, "fake": false}], [96791, {"py/object": "odf.components.Data", "data": {"py/b64": "CUI="}, "fake": false}], [96860, {"py/object": "odf.components.Data", "data": {"py/b64": "dwo="}, "fake": false}], [96928, {"py/object": "odf.components.Data", "data": {"py/b64": "1cM="}, "fake": false}], [96999, {"py/object": "odf.components.Data", "data": {"py/b64": "itI="}, "fake": false}], [97067, {"py/object": "odf.components.Data", "data": {"py/b64": "ckE="}, "fake": false}], [97130, {"py/object": "odf.components.Data", "data": {"py/b64": "pdg="}, "fake": false}], [97195, {"py/object": "odf.components.Data", "data": {"py/b64": "vL0="}, "fake": false}], [97258, {"py/object": "odf.components.Data", "data": {"py/b64": "aXc="}, "fake": false}], [97316, {"py/object": "odf.components.Data", "data": {"py/b64": "mD8="}, "fake": false}], [97380, {"py/object": "odf.components.Data", "data": {"py/b64": "b3M="}, "fake": false}], [97509, {"py/object": "odf.components.Status", "address": 4, "message_error_bit": "0", "instrumentation_bit": "0", "service_request_bit": "0", "reserved_bits": "000", "brdcst_received_bit": "0", "busy_bit": "0", "subsystem_flag_bit": "0", "dynamic_bus_control_accpt_bit": "0", "terminal_flag_bit": "1", "parity_bit": "1", "fake": false}], [97592, {"py/object": "odf.components.Command", "address": 8, "tr": 0, "sub_address": 2, "dword_count": 8, "parity": 0, "fake": false}], [97620, {"py/object": "odf.components.Data", "data": {"py/b64": "9sA="}, "fake": false}], [97677, {"py/object": "odf.components.Command", "address": 7, "tr": 1, "sub_address": 2, "dword_count": 8, "parity": 0, "fake": false}], [97698, {"py/object": "odf.components.Data", "data": {"py/b64": "5C8="}, "fake": false}], [97756, {"py/object": "odf.components.Data", "data": {"py/b64": "BcE="}, "fake": false}], [97832, {"py/object": "odf.components.Data", "data": {"py/b64": "yuo="}, "fake": false}], [97909, {"py/object": "odf.components.Data", "data": {"py/b64": "1kM="}, "fake": false}], [97983, {"py/object": "odf.components.Data", "data": {"py/b64": "fmU="}, "fake": false}], [98061, {"py/object": "odf.components.Data", "data": {"py/b64": "WME="}, "fake": false}], [98137, {"py/object": "odf.components.Data", "data": {"py/b64": "x04="}, "fake": false}], [98205, {"py/object": "odf.components.Data", "data": {"py/b64": "0EA="}, "fake": false}], [98261, {"py/object": "odf.components.Data", "data": {"py/b64": "xFc="}, "fake": false}], [98331, {"py/object": "odf.components.Data", "data": {"py/b64": "zj4="}, "fake": false}], [98974, {"py/object": "odf.components.Status", "address": 6, "message_error_bit": "0", "instrumentation_bit": "0", "service_request_bit": "0", "reserved_bits": "000", "brdcst_received_bit": "0", "busy_bit": "0", "subsystem_flag_bit": "0", "dynamic_bus_control_accpt_bit": "0", "terminal_flag_bit": "1", "parity_bit": "1", "fake": false}], [99736, {"py/object": "odf.components.Status", "address": 7, "message_error_bit": "0", "instrumentation_bit": "0", "service_request_bit": "0", "reserved_bits": "000", "brdcst_received_bit": "0", "busy_bit": "0", "subsystem_flag_bit": "0", "dynamic_bus_control_accpt_bit": "0", "terminal_flag_bit": "1", "parity_bit": "1", "fake": false}], [99813, {"py/object": "odf.components.Command", "address": 10, "tr": 0, "sub_address": 2, "dword_count": 12, "parity": 0, "fake": false}], [99847, {"py/object": "odf.components.Command", "address": 9, "tr": 1, "sub_address": 2, "dword_count": 12, "parity": 0, "fake": false}], [99895, {"py/object": "odf.components.Data", "data": {"py/b64": "ISU="}, "fake": false}], [99974, {"py/object": "odf.components.Data", "data": {"py/b64": "1b0="}, "fake": false}], [100044, {"py/object": "odf.components.Data", "data": {"py/b64": "1pM="}, "fake": false}], [100116, {"py/object": "odf.components.Data", "data": {"py/b64": "4T4="}, "fake": false}], [100246, {"py/object": "odf.components.Status", "address": 8, "message_error_bit": "0", "instrumentation_bit": "0", "service_request_bit": "0", "reserved_bits": "000", "brdcst_received_bit": "0", "busy_bit": "0", "subsystem_flag_bit": "0", "dynamic_bus_control_accpt_bit": "0", "terminal_flag_bit": "1", "parity_bit": "1", "fake": false}], [100276, {"py/object": "odf.components.Data", "data": {"py/b64": "vf4="}, "fake": false}], [100341, {"py/object": "odf.components.Data", "data": {"py/b64": "3jw="}, "fake": false}], [100414, {"py/object": "odf.components.Data", "data": {"py/b64": "McM="}, "fake": false}], [100488, {"py/object": "odf.components.Data", "data": {"py/b64": "7Do="}, "fake": false}], [101955, {"py/object": "odf.components.Status", "address": 9, "message_error_bit": "0", "instrumentation_bit": "0", "service_request_bit": "0", "reserved_bits": "000", "brdcst_received_bit": "0", "busy_bit": "0", "subsystem_flag_bit": "0", "dynamic_bus_control_accpt_bit": "0", "terminal_flag_bit": "1", "parity_bit": "1", "fake": false}], [102006, {"py/object": "odf.components.Command", "address": 12, "tr": 0, "sub_address": 2, "dword_count": 16, "parity": 0, "fake": false}], [102055, {"py/object": "odf.components.Command", "address": 11, "tr": 1, "sub_address": 2, "dword_count": 16, "parity": 0, "fake": false}], [102089, {"py/object": "odf.components.Data", "data": {"py/b64": "l5E="}, "fake": false}], [102146, {"py/object": "odf.components.Data", "data": {"py/b64": "B0I="}, "fake": false}], [102211, {"py/object": "odf.components.Data", "data": {"py/b64": "8uw="}, "fake": false}], [102285, {"py/object": "odf.components.Data", "data": {"py/b64": "7MI="}, "fake": false}], [102349, {"py/object": "odf.components.Data", "data": {"py/b64": "jmE="}, "fake": false}], [102414, {"py/object": "odf.components.Data", "data": {"py/b64": "QUQ="}, "fake": false}], [102481, {"py/object": "odf.components.Data", "data": {"py/b64": "fZE="}, "fake": false}], [102545, {"py/object": "odf.components.Data", "data": {"py/b64": "B0I="}, "fake": false}], [102621, {"py/object": "odf.components.Data", "data": {"py/b64": "7Ow="}, "fake": false}], [102688, {"py/object": "odf.components.Data", "data": {"py/b64": "7MI="}, "fake": false}], [102763, {"py/object": "odf.components.Data", "data": {"py/b64": "CuA="}, "fake": false}], [102822, {"py/object": "odf.components.Data", "data": {"py/b64": "HkU="}, "fake": false}], [104084, {"py/object": "odf.components.Status", "address": 11, "message_error_bit": "0", "instrumentation_bit": "0", "service_request_bit": "0", "reserved_bits": "000", "brdcst_received_bit": "0", "busy_bit": "0", "subsystem_flag_bit": "0", "dynamic_bus_control_accpt_bit": "0", "terminal_flag_bit": "1", "parity_bit": "1", "fake": false}], [104146, {"py/object": "odf.components.Data", "data": {"py/b64": "BDY="}, "fake": false}], [104221, {"py/object": "odf.components.Data", "data": {"py/b64": "EDs="}, "fake": false}], [104295, {"py/object": "odf.components.Data", "data": {"py/b64": "4EM="}, "fake": false}], [104467, {"py/object": "odf.components.Status", "address": 10, "message_error_bit": "0", "instrumentation_bit": "0", "service_request_bit": "0", "reserved_bits": "000", "brdcst_received_bit": "0", "busy_bit": "0", "subsystem_flag_bit": "0", "dynamic_bus_control_accpt_bit": "0", "terminal_flag_bit": "1", "parity_bit": "1", "fake": false}], [104667, {"py/object": "odf.components.Command", "address": 1, "tr": 0, "sub_address": 2, "dword_count": 4, "parity": 0, "fake": false}], [104766, {"py/object": "odf.components.Data", "data": {"py/b64": "HUE="}, "fake": false}], [104834, {"py/object": "odf.components.Data", "data": {"py/b64": "AAA="}, "fake": false}], [104860, {"py/object": "odf.components.Data", "data": {"py/b64": "AAA="}, "fake": false}], [104910, {"py/object": "odf.components.Data", "data": {"py/b64": "AAA="}, "fake": false}], [104944, {"py/object": "odf.components.Data", "data": {"py/b64": "AEA="}, "fake": false}], [104969, {"py/object": "odf.components.Data", "data": {"py/b64": "qqM="}, "fake": false}], [105025, {"py/object": "odf.components.Data", "data": {"py/b64": "2UE="}, "fake": false}], [105046, {"py/object": "odf.components.Data", "data": {"py/b64": "N2g="}, "fake": false}], [105107, {"py/object": "odf.components.Data", "data": {"py/b64": "pEA="}, "fake": false}], [105185, {"py/object": "odf.components.Data", "data": {"py/b64": "4EU="}, "fake": false}], [105257, {"py/object": "odf.components.Data", "data": {"py/b64": "KUA="}, "fake": false}], [105334, {"py/object": "odf.components.Data", "data": {"py/b64": "JXQ="}, "fake": false}], [105403, {"py/object": "odf.components.Data", "data": {"py/b64": "sb0="}, "fake": false}], [105483, {"py/object": "odf.components.Data", "data": {"py/b64": "i9s="}, "fake": false}], [105559, {"py/object": "odf.components.Data", "data": {"py/b64": "57s="}, "fake": false}], [105638, {"py/object": "odf.components.Data", "data": {"py/b64": "TUU="}, "fake": false}], [105709, {"py/object": "odf.components.Data", "data": {"py/b64": "k0E="}, "fake": false}], [106784, {"py/object": "odf.components.Status", "address": 1, "message_error_bit": "0", "instrumentation_bit": "0", "service_request_bit": "0", "reserved_bits": "000", "brdcst_received_bit": "0", "busy_bit": "0", "subsystem_flag_bit": "0", "dynamic_bus_control_accpt_bit": "0", "terminal_flag_bit": "1", "parity_bit": "1", "fake": false}], [106962, {"py/object": "odf.components.Command", "address": 31, "tr": 0, "sub_address": 2, "dword_count": 1, "parity": 0, "fake": false}], [107063, {"py/object": "odf.components.Data", "data": {"py/b64": "//8="}, "fake": false}], [107079, {"py/object": "odf.components.Command", "address": 4, "tr": 0, "sub_address": 2, "dword_count": 18, "parity": 0, "fake": false}], [107095, {"py/object": "odf.components.Command", "address": 3, "tr": 1, "sub_address": 2, "dword_count": 18, "parity": 0, "fake": false}], [109149, {"py/object": "odf.components.Status", "address": 3, "message_error_bit": "0", "instrumentation_bit": "0", "service_request_bit": "0", "reserved_bits": "000", "brdcst_received_bit": "0", "busy_bit": "0", "subsystem_flag_bit": "0", "dynamic_bus_control_accpt_bit": "0", "terminal_flag_bit": "1", "parity_bit": "1", "fake": false}], [109230, {"py/object": "odf.components.Data", "data": {"py/b64": "mZE="}, "fake": false}], [109310, {"py/object": "odf.components.Data", "data": {"py/b64": "eUM="}, "fake": false}], [109393, {"py/object": "odf.components.Data", "data": {"py/b64": "RJ4="}, "fake": false}], [109463, {"py/object": "odf.components.Data", "data": {"py/b64": "AEU="}, "fake": false}], [109540, {"py/object": "odf.components.Data", "data": {"py/b64": "bmA="}, "fake": false}], [109617, {"py/object": "odf.components.Data", "data": {"py/b64": "LkU="}, "fake": false}], [109695, {"py/object": "odf.components.Data", "data": {"py/b64": "iVk="}, "fake": false}], [109769, {"py/object": "odf.components.Data", "data": {"py/b64": "10I="}, "fake": false}], [109842, {"py/object": "odf.components.Data", "data": {"py/b64": "gCU="}, "fake": false}], [109913, {"py/object": "odf.components.Data", "data": {"py/b64": "FUA="}, "fake": false}], [109989, {"py/object": "odf.components.Data", "data": {"py/b64": "yg4="}, "fake": false}], [110066, {"py/object": "odf.components.Data", "data": {"py/b64": "FUA="}, "fake": false}], [110148, {"py/object": "odf.components.Data", "data": {"py/b64": "7dM="}, "fake": false}], [110232, {"py/object": "odf.components.Data", "data": {"py/b64": "QkA="}, "fake": false}], [110309, {"py/object": "odf.components.Data", "data": {"py/b64": "koU="}, "fake": false}], [110393, {"py/object": "odf.components.Data", "data": {"py/b64": "1EM="}, "fake": false}], [110479, {"py/object": "odf.components.Data", "data": {"py/b64": "tww="}, "fake": false}], [110549, {"py/object": "odf.components.Data", "data": {"py/b64": "OkQ="}, "fake": false}], [112621, {"py/object": "odf.components.Status", "address": 4, "message_error_bit": "0", "instrumentation_bit": "0", "service_request_bit": "0", "reserved_bits": "000", "brdcst_received_bit": "0", "busy_bit": "0", "subsystem_flag_bit": "0", "dynamic_bus_control_accpt_bit": "0", "terminal_flag_bit": "1", "parity_bit": "1", "fake": false}], [112727, {"py/object": "odf.components.Command", "address": 6, "tr": 0, "sub_address": 2, "dword_count": 28, "parity": 0, "fake": false}], [112744, {"py/object": "odf.components.Command", "address": 5, "tr": 1, "sub_address": 2, "dword_count": 28, "parity": 0, "fake": false}], [114797, {"py/object": "odf.components.Status", "address": 5, "message_error_bit": "0", "instrumentation_bit": "0", "service_request_bit": "0", "reserved_bits": "000", "brdcst_received_bit": "0", "busy_bit": "0", "subsystem_flag_bit": "0", "dynamic_bus_control_accpt_bit": "0", "terminal_flag_bit": "1", "parity_bit": "1", "fake": false}], [114870, {"py/object": "odf.components.Data", "data": {"py/b64": "4lw="}, "fake": false}], [114942, {"py/object": "odf.components.Data", "data": {"py/b64": "gUM="}, "fake": false}], [115009, {"py/object": "odf.components.Data", "data": {"py/b64": "gAI="}, "fake": false}], [115083, {"py/object": "odf.components.Data", "data": {"py/b64": "20M="}, "fake": false}], [115159, {"py/object": "odf.components.Data", "data": {"py/b64": "5SE="}, "fake": false}], [115240, {"py/object": "odf.components.Data", "data": {"py/b64": "kkM="}, "fake": false}], [115314, {"py/object": "odf.components.Data", "data": {"py/b64": "hbc="}, "fake": false}], [115395, {"py/object": "odf.components.Data", "data": {"py/b64": "CEI="}, "fake": false}], [115465, {"py/object": "odf.components.Data", "data": {"py/b64": "JO4="}, "fake": false}], [115544, {"py/object": "odf.components.Data", "data": {"py/b64": "ocM="}, "fake": false}], [115620, {"py/object": "odf.components.Data", "data": {"py/b64": "7w0="}, "fake": false}], [115696, {"py/object": "odf.components.Data", "data": {"py/b64": "NEE="}, "fake": false}], [115768, {"py/object": "odf.components.Data", "data": {"py/b64": "EyE="}, "fake": false}], [115842, {"py/object": "odf.components.Data", "data": {"py/b64": "Db0="}, "fake": false}], [115920, {"py/object": "odf.components.Data", "data": {"py/b64": "Etc="}, "fake": false}], [115994, {"py/object": "odf.components.Data", "data": {"py/b64": "G0E="}, "fake": false}], [116072, {"py/object": "odf.components.Data", "data": {"py/b64": "UAo="}, "fake": false}], [116146, {"py/object": "odf.components.Data", "data": {"py/b64": "ysA="}, "fake": false}], [116219, {"py/object": "odf.components.Data", "data": {"py/b64": "KtA="}, "fake": false}], [116304, {"py/object": "odf.components.Data", "data": {"py/b64": "GsE="}, "fake": false}], [116379, {"py/object": "odf.components.Data", "data": {"py/b64": "m/4="}, "fake": false}], [116457, {"py/object": "odf.components.Data", "data": {"py/b64": "2kM="}, "fake": false}], [116572, {"py/object": "odf.components.Data", "data": {"py/b64": "RVg="}, "fake": false}], [116617, {"py/object": "odf.components.Data", "data": {"py/b64": "V8E="}, "fake": false}], [116690, {"py/object": "odf.components.Data", "data": {"py/b64": "KKw="}, "fake": false}], [116767, {"py/object": "odf.components.Data", "data": {"py/b64": "uUA="}, "fake": false}], [116843, {"py/object": "odf.components.Data", "data": {"py/b64": "qFU="}, "fake": false}], [116927, {"py/object": "odf.components.Data", "data": {"py/b64": "oD4="}, "fake": false}], [119031, {"py/object": "odf.components.Status", "address": 6, "message_error_bit": "0", "instrumentation_bit": "0", "service_request_bit": "0", "reserved_bits": "000", "brdcst_received_bit": "0", "busy_bit": "0", "subsystem_flag_bit": "0", "dynamic_bus_control_accpt_bit": "0", "terminal_flag_bit": "1", "parity_bit": "1", "fake": false}], [119085, {"py/object": "odf.components.Command", "address": 8, "tr": 0, "sub_address": 2, "dword_count": 8, "parity": 0, "fake": false}], [119098, {"py/object": "odf.components.Command", "address": 7, "tr": 1, "sub_address": 2, "dword_count": 8, "parity": 0, "fake": false}]], "attack_times": [[80918]], "attack_types": ["Shutdown_Attack_on_RT"], "attack_outcome": [true]}