{"data": [[397, {"py/object": "odf.components.Command", "address": 31, "tr": 0, "sub_address": 2, "dword_count": 1, "parity": 0, "fake": false}], [495, {"py/object": "odf.components.Data", "data": {"py/b64": "//8="}, "fake": false}], [544, {"py/object": "odf.components.Command", "address": 4, "tr": 0, "sub_address": 2, "dword_count": 18, "parity": 0, "fake": false}], [568, {"py/object": "odf.components.Command", "address": 3, "tr": 1, "sub_address": 2, "dword_count": 18, "parity": 0, "fake": false}], [2640, {"py/object": "odf.components.Status", "address": 3, "message_error_bit": "0", "instrumentation_bit": "0", "service_request_bit": "0", "reserved_bits": "000", "brdcst_received_bit": "0", "busy_bit": "0", "subsystem_flag_bit": "0", "dynamic_bus_control_accpt_bit": "0", "terminal_flag_bit": "1", "parity_bit": "1", "fake": false}], [2711, {"py/object": "odf.components.Data", "data": {"py/b64": "iKs="}, "fake": false}], [2781, {"py/object": "odf.components.Data", "data": {"py/b64": "JUI="}, "fake": false}], [2851, {"py/object": "odf.components.Data", "data": {"py/b64": "yLM="}, "fake": false}], [2924, {"py/object": "odf.components.Data", "data": {"py/b64": "fb0="}, "fake": false}], [2996, {"py/object": "odf.components.Data", "data": {"py/b64": "RYY="}, "fake": false}], [3065, {"py/object": "odf.components.Data", "data": {"py/b64": "7kI="}, "fake": false}], [3132, {"py/object": "odf.components.Data", "data": {"py/b64": "q80="}, "fake": false}], [3204, {"py/object": "odf.components.Data", "data": {"py/b64": "iEM="}, "fake": false}], [3276, {"py/object": "odf.components.Data", "data": {"py/b64": "768="}, "fake": false}], [3347, {"py/object": "odf.components.Data", "data": {"py/b64": "i0A="}, "fake": false}], [3417, {"py/object": "odf.components.Data", "data": {"py/b64": "ALA="}, "fake": false}], [3488, {"py/object": "odf.components.Data", "data": {"py/b64": "i0A="}, "fake": false}], [3559, {"py/object": "odf.components.Data", "data": {"py/b64": "2w8="}, "fake": false}], [3629, {"py/object": "odf.components.Data", "data": {"py/b64": "SUA="}, "fake": false}], [3702, {"py/object": "odf.components.Data", "data": {"py/b64": "pKM="}, "fake": false}], [3778, {"py/object": "odf.components.Data", "data": {"py/b64": "1kM="}, "fake": false}], [3848, {"py/object": "odf.components.Data", "data": {"py/b64": "tww="}, "fake": false}], [3926, {"py/object": "odf.components.Data", "data": {"py/b64": "OkQ="}, "fake": false}], [5999, {"py/object": "odf.components.Status", "address": 4, "message_error_bit": "0", "instrumentation_bit": "0", "service_request_bit": "0", "reserved_bits": "000", "brdcst_received_bit": "0", "busy_bit": "0", "subsystem_flag_bit": "0", "dynamic_bus_control_accpt_bit": "0", "terminal_flag_bit": "1", "parity_bit": "1", "fake": false}], [6090, {"py/object": "odf.components.Command", "address": 6, "tr": 0, "sub_address": 2, "dword_count": 28, "parity": 0, "fake": false}], [6108, {"py/object": "odf.components.Command", "address": 5, "tr": 1, "sub_address": 2, "dword_count": 28, "parity": 0, "fake": false}], [8178, {"py/object": "odf.components.Status", "address": 5, "message_error_bit": "0", "instrumentation_bit": "0", "service_request_bit": "0", "reserved_bits": "000", "brdcst_received_bit": "0", "busy_bit": "0", "subsystem_flag_bit": "0", "dynamic_bus_control_accpt_bit": "0", "terminal_flag_bit": "1", "parity_bit": "1", "fake": false}], [8248, {"py/object": "odf.components.Data", "data": {"py/b64": "wpE="}, "fake": false}], [8320, {"py/object": "odf.components.Data", "data": {"py/b64": "rEI="}, "fake": false}], [8393, {"py/object": "odf.components.Data", "data": {"py/b64": "SSg="}, "fake": false}], [8457, {"py/object": "odf.components.Data", "data": {"py/b64": "EkM="}, "fake": false}], [8518, {"py/object": "odf.components.Data", "data": {"py/b64": "z7A="}, "fake": false}], [8591, {"py/object": "odf.components.Data", "data": {"py/b64": "EcM="}, "fake": false}], [8663, {"py/object": "odf.components.Data", "data": {"py/b64": "ahU="}, "fake": false}], [8733, {"py/object": "odf.components.Data", "data": {"py/b64": "Tzw="}, "fake": false}], [8807, {"py/object": "odf.components.Data", "data": {"py/b64": "3ig="}, "fake": false}], [8877, {"py/object": "odf.components.Data", "data": {"py/b64": "kcE="}, "fake": false}], [8951, {"py/object": "odf.components.Data", "data": {"py/b64": "N+8="}, "fake": false}], [9022, {"py/object": "odf.components.Data", "data": {"py/b64": "UsE="}, "fake": false}], [9092, {"py/object": "odf.components.Data", "data": {"py/b64": "Jeg="}, "fake": false}], [9161, {"py/object": "odf.components.Data", "data": {"py/b64": "bL8="}, "fake": false}], [9231, {"py/object": "odf.components.Data", "data": {"py/b64": "KRk="}, "fake": false}], [9302, {"py/object": "odf.components.Data", "data": {"py/b64": "BMA="}, "fake": false}], [9375, {"py/object": "odf.components.Data", "data": {"py/b64": "0GE="}, "fake": false}], [9445, {"py/object": "odf.components.Data", "data": {"py/b64": "Bbw="}, "fake": false}], [9513, {"py/object": "odf.components.Data", "data": {"py/b64": "I64="}, "fake": false}], [9587, {"py/object": "odf.components.Data", "data": {"py/b64": "bkA="}, "fake": false}], [9656, {"py/object": "odf.components.Data", "data": {"py/b64": "rHU="}, "fake": false}], [9727, {"py/object": "odf.components.Data", "data": {"py/b64": "F0M="}, "fake": false}], [9799, {"py/object": "odf.components.Data", "data": {"py/b64": "dbY="}, "fake": false}], [9873, {"py/object": "odf.components.Data", "data": {"py/b64": "Db4="}, "fake": false}], [9942, {"py/object": "odf.components.Data", "data": {"py/b64": "TfE="}, "fake": false}], [10013, {"py/object": "odf.components.Data", "data": {"py/b64": "FsA="}, "fake": false}], [10085, {"py/object": "odf.components.Data", "data": {"py/b64": "cHg="}, "fake": false}], [10159, {"py/object": "odf.components.Data", "data": {"py/b64": "UEE="}, "fake": false}], [12273, {"py/object": "odf.components.Status", "address": 6, "message_error_bit": "0", "instrumentation_bit": "0", "service_request_bit": "0", "reserved_bits": "000", "brdcst_received_bit": "0", "busy_bit": "0", "subsystem_flag_bit": "0", "dynamic_bus_control_accpt_bit": "0", "terminal_flag_bit": "1", "parity_bit": "1", "fake": false}], [12337, {"py/object": "odf.components.Command", "address": 8, "tr": 0, "sub_address": 2, "dword_count": 8, "parity": 0, "fake": false}], [12355, {"py/object": "odf.components.Command", "address": 7, "tr": 1, "sub_address": 2, "dword_count": 8, "parity": 0, "fake": false}], [14427, {"py/object": "odf.components.Status", "address": 7, "message_error_bit": "0", "instrumentation_bit": "0", "service_request_bit": "0", "reserved_bits": "000", "brdcst_received_bit": "0", "busy_bit": "0", "subsystem_flag_bit": "0", "dynamic_bus_control_accpt_bit": "0", "terminal_flag_bit": "1", "parity_bit": "1", "fake": false}], [14498, {"py/object": "odf.components.Data", "data": {"py/b64": "xJ4="}, "fake": false}], [14570, {"py/object": "odf.components.Data", "data": {"py/b64": "YL0="}, "fake": false}], [14643, {"py/object": "odf.components.Data", "data": {"py/b64": "xsM="}, "fake": false}], [14716, {"py/object": "odf.components.Data", "data": {"py/b64": "FTo="}, "fake": false}], [14791, {"py/object": "odf.components.Data", "data": {"py/b64": "lOM="}, "fake": false}], [14862, {"py/object": "odf.components.Data", "data": {"py/b64": "Jz0="}, "fake": false}], [14943, {"py/object": "odf.components.Data", "data": {"py/b64": "z3E="}, "fake": false}], [15021, {"py/object": "odf.components.Data", "data": {"py/b64": "lDk="}, "fake": false}], [17116, {"py/object": "odf.components.Status", "address": 8, "message_error_bit": "0", "instrumentation_bit": "0", "service_request_bit": "0", "reserved_bits": "000", "brdcst_received_bit": "0", "busy_bit": "0", "subsystem_flag_bit": "0", "dynamic_bus_control_accpt_bit": "0", "terminal_flag_bit": "1", "parity_bit": "1", "fake": false}], [17201, {"py/object": "odf.components.Command", "address": 10, "tr": 0, "sub_address": 2, "dword_count": 12, "parity": 0, "fake": false}], [17222, {"py/object": "odf.components.Command", "address": 9, "tr": 1, "sub_address": 2, "dword_count": 12, "parity": 0, "fake": false}], [19284, {"py/object": "odf.components.Status", "address": 9, "message_error_bit": "0", "instrumentation_bit": "0", "service_request_bit": "0", "reserved_bits": "000", "brdcst_received_bit": "0", "busy_bit": "0", "subsystem_flag_bit": "0", "dynamic_bus_control_accpt_bit": "0", "terminal_flag_bit": "1", "parity_bit": "1", "fake": false}], [19353, {"py/object": "odf.components.Data", "data": {"py/b64": "L8E="}, "fake": false}], [19428, {"py/object": "odf.components.Data", "data": {"py/b64": "B0I="}, "fake": false}], [19497, {"py/object": "odf.components.Data", "data": {"py/b64": "ocg="}, "fake": false}], [19569, {"py/object": "odf.components.Data", "data": {"py/b64": "7MI="}, "fake": false}], [19639, {"py/object": "odf.components.Data", "data": {"py/b64": "vNY="}, "fake": false}], [19711, {"py/object": "odf.components.Data", "data": {"py/b64": "MUI="}, "fake": false}], [19781, {"py/object": "odf.components.Data", "data": {"py/b64": "K8E="}, "fake": false}], [19852, {"py/object": "odf.components.Data", "data": {"py/b64": "B0I="}, "fake": false}], [19923, {"py/object": "odf.components.Data", "data": {"py/b64": "tMg="}, "fake": false}], [19996, {"py/object": "odf.components.Data", "data": {"py/b64": "7MI="}, "fake": false}], [20070, {"py/object": "odf.components.Data", "data": {"py/b64": "ivU="}, "fake": false}], [20143, {"py/object": "odf.components.Data", "data": {"py/b64": "FEM="}, "fake": false}], [22268, {"py/object": "odf.components.Status", "address": 10, "message_error_bit": "0", "instrumentation_bit": "0", "service_request_bit": "0", "reserved_bits": "000", "brdcst_received_bit": "0", "busy_bit": "0", "subsystem_flag_bit": "0", "dynamic_bus_control_accpt_bit": "0", "terminal_flag_bit": "1", "parity_bit": "1", "fake": false}], [22337, {"py/object": "odf.components.Command", "address": 12, "tr": 0, "sub_address": 2, "dword_count": 16, "parity": 0, "fake": false}], [22356, {"py/object": "odf.components.Command", "address": 11, "tr": 1, "sub_address": 2, "dword_count": 16, "parity": 0, "fake": false}], [24433, {"py/object": "odf.components.Status", "address": 11, "message_error_bit": "0", "instrumentation_bit": "0", "service_request_bit": "0", "reserved_bits": "000", "brdcst_received_bit": "0", "busy_bit": "0", "subsystem_flag_bit": "0", "dynamic_bus_control_accpt_bit": "0", "terminal_flag_bit": "1", "parity_bit": "1", "fake": false}], [24503, {"py/object": "odf.components.Data", "data": {"py/b64": "d2Y="}, "fake": false}], [24575, {"py/object": "odf.components.Data", "data": {"py/b64": "Gjs="}, "fake": false}], [24647, {"py/object": "odf.components.Data", "data": {"py/b64": "AIo="}, "fake": false}], [24717, {"py/object": "odf.components.Data", "data": {"py/b64": "ZUE="}, "fake": false}], [24790, {"py/object": "odf.components.Data", "data": {"py/b64": "roc="}, "fake": false}], [24865, {"py/object": "odf.components.Data", "data": {"py/b64": "7EE="}, "fake": false}], [24937, {"py/object": "odf.components.Data", "data": {"py/b64": "sAg="}, "fake": false}], [25009, {"py/object": "odf.components.Data", "data": {"py/b64": "YEA="}, "fake": false}], [25080, {"py/object": "odf.components.Data", "data": {"py/b64": "Ac0="}, "fake": false}], [25150, {"py/object": "odf.components.Data", "data": {"py/b64": "5T8="}, "fake": false}], [25223, {"py/object": "odf.components.Data", "data": {"py/b64": "868="}, "fake": false}], [25294, {"py/object": "odf.components.Data", "data": {"py/b64": "Aj4="}, "fake": false}], [25366, {"py/object": "odf.components.Data", "data": {"py/b64": "TQU="}, "fake": false}], [25438, {"py/object": "odf.components.Data", "data": {"py/b64": "9z4="}, "fake": false}], [25504, {"py/object": "odf.components.Data", "data": {"py/b64": "LU0="}, "fake": false}], [25577, {"py/object": "odf.components.Data", "data": {"py/b64": "nEE="}, "fake": false}], [27704, {"py/object": "odf.components.Status", "address": 12, "message_error_bit": "0", "instrumentation_bit": "0", "service_request_bit": "0", "reserved_bits": "000", "brdcst_received_bit": "0", "busy_bit": "0", "subsystem_flag_bit": "0", "dynamic_bus_control_accpt_bit": "0", "terminal_flag_bit": "1", "parity_bit": "1", "fake": false}], [27880, {"py/object": "odf.components.Command", "address": 1, "tr": 0, "sub_address": 2, "dword_count": 4, "parity": 0, "fake": false}], [27945, {"py/object": "odf.components.Data", "data": {"py/b64": "AAA="}, "fake": false}], [27958, {"py/object": "odf.components.Data", "data": {"py/b64": "AAA="}, "fake": false}], [27970, {"py/object": "odf.components.Data", "data": {"py/b64": "AAA="}, "fake": false}], [27981, {"py/object": "odf.components.Data", "data": {"py/b64": "AAA="}, "fake": false}], [30070, {"py/object": "odf.components.Status", "address": 1, "message_error_bit": "0", "instrumentation_bit": "0", "service_request_bit": "0", "reserved_bits": "000", "brdcst_received_bit": "0", "busy_bit": "0", "subsystem_flag_bit": "0", "dynamic_bus_control_accpt_bit": "0", "terminal_flag_bit": "1", "parity_bit": "1", "fake": false}], [30228, {"py/object": "odf.components.Command", "address": 31, "tr": 0, "sub_address": 2, "dword_count": 1, "parity": 0, "fake": false}], [30296, {"py/object": "odf.components.Data", "data": {"py/b64": "//8="}, "fake": false}], [30310, {"py/object": "odf.components.Command", "address": 4, "tr": 0, "sub_address": 2, "dword_count": 18, "parity": 0, "fake": false}], [30321, {"py/object": "odf.components.Command", "address": 3, "tr": 1, "sub_address": 2, "dword_count": 18, "parity": 0, "fake": false}], [32367, {"py/object": "odf.components.Status", "address": 3, "message_error_bit": "0", "instrumentation_bit": "0", "service_request_bit": "0", "reserved_bits": "000", "brdcst_received_bit": "0", "busy_bit": "0", "subsystem_flag_bit": "0", "dynamic_bus_control_accpt_bit": "0", "terminal_flag_bit": "1", "parity_bit": "1", "fake": false}], [32436, {"py/object": "odf.components.Data", "data": {"py/b64": "Z7o="}, "fake": false}], [32510, {"py/object": "odf.components.Data", "data": {"py/b64": "a0M="}, "fake": false}], [32583, {"py/object": "odf.components.Data", "data": {"py/b64": "VEk="}, "fake": false}], [32655, {"py/object": "odf.components.Data", "data": {"py/b64": "lUQ="}, "fake": false}], [32726, {"py/object": "odf.components.Data", "data": {"py/b64": "6so="}, "fake": false}], [32797, {"py/object": "odf.components.Data", "data": {"py/b64": "3EM="}, "fake": false}], [32869, {"py/object": "odf.components.Data", "data": {"py/b64": "t6g="}, "fake": false}], [32940, {"py/object": "odf.components.Data", "data": {"py/b64": "hEM="}, "fake": false}], [33010, {"py/object": "odf.components.Data", "data": {"py/b64": "bs0="}, "fake": false}], [33078, {"py/object": "odf.components.Data", "data": {"py/b64": "i0A="}, "fake": false}], [33142, {"py/object": "odf.components.Data", "data": {"py/b64": "Bs8="}, "fake": false}], [33213, {"py/object": "odf.components.Data", "data": {"py/b64": "i0A="}, "fake": false}], [33285, {"py/object": "odf.components.Data", "data": {"py/b64": "9OA="}, "fake": false}], [33359, {"py/object": "odf.components.Data", "data": {"py/b64": "QkA="}, "fake": false}], [33433, {"py/object": "odf.components.Data", "data": {"py/b64": "Osk="}, "fake": false}], [33502, {"py/object": "odf.components.Data", "data": {"py/b64": "1UM="}, "fake": false}], [33576, {"py/object": "odf.components.Data", "data": {"py/b64": "tww="}, "fake": false}], [33654, {"py/object": "odf.components.Data", "data": {"py/b64": "OkQ="}, "fake": false}], [35754, {"py/object": "odf.components.Status", "address": 4, "message_error_bit": "0", "instrumentation_bit": "0", "service_request_bit": "0", "reserved_bits": "000", "brdcst_received_bit": "0", "busy_bit": "0", "subsystem_flag_bit": "0", "dynamic_bus_control_accpt_bit": "0", "terminal_flag_bit": "1", "parity_bit": "1", "fake": false}], [35823, {"py/object": "odf.components.Command", "address": 6, "tr": 0, "sub_address": 2, "dword_count": 28, "parity": 0, "fake": false}], [35839, {"py/object": "odf.components.Command", "address": 5, "tr": 1, "sub_address": 2, "dword_count": 28, "parity": 0, "fake": false}], [37902, {"py/object": "odf.components.Status", "address": 5, "message_error_bit": "0", "instrumentation_bit": "0", "service_request_bit": "0", "reserved_bits": "000", "brdcst_received_bit": "0", "busy_bit": "0", "subsystem_flag_bit": "0", "dynamic_bus_control_accpt_bit": "0", "terminal_flag_bit": "1", "parity_bit": "1", "fake": false}], [37971, {"py/object": "odf.components.Data", "data": {"py/b64": "AdU="}, "fake": false}], [38050, {"py/object": "odf.components.Data", "data": {"py/b64": "dUM="}, "fake": false}], [38098, {"py/object": "odf.components.Data", "data": {"py/b64": "L6s="}, "fake": false}], [38168, {"py/object": "odf.components.Data", "data": {"py/b64": "z0M="}, "fake": false}], [38225, {"py/object": "odf.components.Data", "data": {"py/b64": "ieI="}, "fake": false}], [38298, {"py/object": "odf.components.Data", "data": {"py/b64": "zcM="}, "fake": false}], [38352, {"py/object": "odf.components.Data", "data": {"py/b64": "yLU="}, "fake": false}], [38405, {"py/object": "odf.components.Data", "data": {"py/b64": "ikE="}, "fake": false}], [38471, {"py/object": "odf.components.Data", "data": {"py/b64": "rBY="}, "fake": false}], [38541, {"py/object": "odf.components.Data", "data": {"py/b64": "T8I="}, "fake": false}], [38615, {"py/object": "odf.components.Data", "data": {"py/b64": "bsM="}, "fake": false}], [38687, {"py/object": "odf.components.Data", "data": {"py/b64": "vb8="}, "fake": false}], [38759, {"py/object": "odf.components.Data", "data": {"py/b64": "bEk="}, "fake": false}], [38830, {"py/object": "odf.components.Data", "data": {"py/b64": "hr4="}, "fake": false}], [38902, {"py/object": "odf.components.Data", "data": {"py/b64": "vk8="}, "fake": false}], [38970, {"py/object": "odf.components.Data", "data": {"py/b64": "yD8="}, "fake": false}], [39043, {"py/object": "odf.components.Data", "data": {"py/b64": "9jM="}, "fake": false}], [39113, {"py/object": "odf.components.Data", "data": {"py/b64": "078="}, "fake": false}], [39182, {"py/object": "odf.components.Data", "data": {"py/b64": "B8k="}, "fake": false}], [39253, {"py/object": "odf.components.Data", "data": {"py/b64": "LcE="}, "fake": false}], [39327, {"py/object": "odf.components.Data", "data": {"py/b64": "19k="}, "fake": false}], [39399, {"py/object": "odf.components.Data", "data": {"py/b64": "z0M="}, "fake": false}], [39472, {"py/object": "odf.components.Data", "data": {"py/b64": "slA="}, "fake": false}], [39544, {"py/object": "odf.components.Data", "data": {"py/b64": "Vr8="}, "fake": false}], [39616, {"py/object": "odf.components.Data", "data": {"py/b64": "9Po="}, "fake": false}], [39688, {"py/object": "odf.components.Data", "data": {"py/b64": "nL4="}, "fake": false}], [39766, {"py/object": "odf.components.Data", "data": {"py/b64": "VeY="}, "fake": false}], [39844, {"py/object": "odf.components.Data", "data": {"py/b64": "gD8="}, "fake": false}], [41968, {"py/object": "odf.components.Status", "address": 6, "message_error_bit": "0", "instrumentation_bit": "0", "service_request_bit": "0", "reserved_bits": "000", "brdcst_received_bit": "0", "busy_bit": "0", "subsystem_flag_bit": "0", "dynamic_bus_control_accpt_bit": "0", "terminal_flag_bit": "1", "parity_bit": "1", "fake": false}], [42020, {"py/object": "odf.components.Command", "address": 8, "tr": 0, "sub_address": 2, "dword_count": 8, "parity": 0, "fake": false}], [42033, {"py/object": "odf.components.Command", "address": 7, "tr": 1, "sub_address": 2, "dword_count": 8, "parity": 0, "fake": false}], [44096, {"py/object": "odf.components.Status", "address": 7, "message_error_bit": "0", "instrumentation_bit": "0", "service_request_bit": "0", "reserved_bits": "000", "brdcst_received_bit": "0", "busy_bit": "0", "subsystem_flag_bit": "0", "dynamic_bus_control_accpt_bit": "0", "terminal_flag_bit": "1", "parity_bit": "1", "fake": false}], [44168, {"py/object": "odf.components.Data", "data": {"py/b64": "fiU="}, "fake": false}], [44240, {"py/object": "odf.components.Data", "data": {"py/b64": "h70="}, "fake": false}], [44312, {"py/object": "odf.components.Data", "data": {"py/b64": "x4U="}, "fake": false}], [44389, {"py/object": "odf.components.Data", "data": {"py/b64": "jbs="}, "fake": false}], [44460, {"py/object": "odf.components.Data", "data": {"py/b64": "DeA="}, "fake": false}], [44532, {"py/object": "odf.components.Data", "data": {"py/b64": "0Tw="}, "fake": false}], [44607, {"py/object": "odf.components.Data", "data": {"py/b64": "ZDQ="}, "fake": false}], [44679, {"py/object": "odf.components.Data", "data": {"py/b64": "Vbo="}, "fake": false}], [46784, {"py/object": "odf.components.Status", "address": 8, "message_error_bit": "0", "instrumentation_bit": "0", "service_request_bit": "0", "reserved_bits": "000", "brdcst_received_bit": "0", "busy_bit": "0", "subsystem_flag_bit": "0", "dynamic_bus_control_accpt_bit": "0", "terminal_flag_bit": "1", "parity_bit": "1", "fake": false}], [46840, {"py/object": "odf.components.Command", "address": 10, "tr": 0, "sub_address": 2, "dword_count": 12, "parity": 0, "fake": false}], [46847, {"py/object": "odf.components.Command", "address": 9, "tr": 1, "sub_address": 2, "dword_count": 12, "parity": 0, "fake": false}], [48917, {"py/object": "odf.components.Status", "address": 9, "message_error_bit": "0", "instrumentation_bit": "0", "service_request_bit": "0", "reserved_bits": "000", "brdcst_received_bit": "0", "busy_bit": "0", "subsystem_flag_bit": "0", "dynamic_bus_control_accpt_bit": "0", "terminal_flag_bit": "1", "parity_bit": "1", "fake": false}], [48989, {"py/object": "odf.components.Data", "data": {"py/b64": "T70="}, "fake": false}], [49061, {"py/object": "odf.components.Data", "data": {"py/b64": "B0I="}, "fake": false}], [49133, {"py/object": "odf.components.Data", "data": {"py/b64": "Sds="}, "fake": false}], [49208, {"py/object": "odf.components.Data", "data": {"py/b64": "7MI="}, "fake": false}], [49280, {"py/object": "odf.components.Data", "data": {"py/b64": "m+o="}, "fake": false}], [49353, {"py/object": "odf.components.Data", "data": {"py/b64": "aEM="}, "fake": false}], [49428, {"py/object": "odf.components.Data", "data": {"py/b64": "Sr0="}, "fake": false}], [49501, {"py/object": "odf.components.Data", "data": {"py/b64": "B0I="}, "fake": false}], [49572, {"py/object": "odf.components.Data", "data": {"py/b64": "Yts="}, "fake": false}], [49645, {"py/object": "odf.components.Data", "data": {"py/b64": "7MI="}, "fake": false}], [49716, {"py/object": "odf.components.Data", "data": {"py/b64": "Ugk="}, "fake": false}], [49793, {"py/object": "odf.components.Data", "data": {"py/b64": "QEQ="}, "fake": false}], [51898, {"py/object": "odf.components.Status", "address": 10, "message_error_bit": "0", "instrumentation_bit": "0", "service_request_bit": "0", "reserved_bits": "000", "brdcst_received_bit": "0", "busy_bit": "0", "subsystem_flag_bit": "0", "dynamic_bus_control_accpt_bit": "0", "terminal_flag_bit": "1", "parity_bit": "1", "fake": false}], [51981, {"py/object": "odf.components.Command", "address": 12, "tr": 0, "sub_address": 2, "dword_count": 16, "parity": 0, "fake": false}], [51997, {"py/object": "odf.components.Command", "address": 11, "tr": 1, "sub_address": 2, "dword_count": 16, "parity": 0, "fake": false}], [54063, {"py/object": "odf.components.Status", "address": 11, "message_error_bit": "0", "instrumentation_bit": "0", "service_request_bit": "0", "reserved_bits": "000", "brdcst_received_bit": "0", "busy_bit": "0", "subsystem_flag_bit": "0", "dynamic_bus_control_accpt_bit": "0", "terminal_flag_bit": "1", "parity_bit": "1", "fake": false}], [54137, {"py/object": "odf.components.Data", "data": {"py/b64": "i5E="}, "fake": false}], [54210, {"py/object": "odf.components.Data", "data": {"py/b64": "Fzs="}, "fake": false}], [54280, {"py/object": "odf.components.Data", "data": {"py/b64": "AIU="}, "fake": false}], [54350, {"py/object": "odf.components.Data", "data": {"py/b64": "UkE="}, "fake": false}], [54424, {"py/object": "odf.components.Data", "data": {"py/b64": "UW8="}, "fake": false}], [54497, {"py/object": "odf.components.Data", "data": {"py/b64": "50E="}, "fake": false}], [54572, {"py/object": "odf.components.Data", "data": {"py/b64": "7gw="}, "fake": false}], [54644, {"py/object": "odf.components.Data", "data": {"py/b64": "t0A="}, "fake": false}], [54717, {"py/object": "odf.components.Data", "data": {"py/b64": "kE0="}, "fake": false}], [54790, {"py/object": "odf.components.Data", "data": {"py/b64": "PEA="}, "fake": false}], [54863, {"py/object": "odf.components.Data", "data": {"py/b64": "ksE="}, "fake": false}], [54937, {"py/object": "odf.components.Data", "data": {"py/b64": "6T0="}, "fake": false}], [55008, {"py/object": "odf.components.Data", "data": {"py/b64": "XXo="}, "fake": false}], [55082, {"py/object": "odf.components.Data", "data": {"py/b64": "ZD4="}, "fake": false}], [55155, {"py/object": "odf.components.Data", "data": {"py/b64": "Ykg="}, "fake": false}], [55232, {"py/object": "odf.components.Data", "data": {"py/b64": "q0E="}, "fake": false}], [57389, {"py/object": "odf.components.Status", "address": 12, "message_error_bit": "0", "instrumentation_bit": "0", "service_request_bit": "0", "reserved_bits": "000", "brdcst_received_bit": "0", "busy_bit": "0", "subsystem_flag_bit": "0", "dynamic_bus_control_accpt_bit": "0", "terminal_flag_bit": "1", "parity_bit": "1", "fake": false}], [57536, {"py/object": "odf.components.Command", "address": 1, "tr": 0, "sub_address": 2, "dword_count": 4, "parity": 0, "fake": false}], [57579, {"py/object": "odf.components.Data", "data": {"py/b64": "AAA="}, "fake": false}], [57592, {"py/object": "odf.components.Data", "data": {"py/b64": "AAA="}, "fake": false}], [57606, {"py/object": "odf.components.Data", "data": {"py/b64": "AAA="}, "fake": false}], [57619, {"py/object": "odf.components.Data", "data": {"py/b64": "AAA="}, "fake": false}], [59675, {"py/object": "odf.components.Status", "address": 1, "message_error_bit": "0", "instrumentation_bit": "0", "service_request_bit": "0", "reserved_bits": "000", "brdcst_received_bit": "0", "busy_bit": "0", "subsystem_flag_bit": "0", "dynamic_bus_control_accpt_bit": "0", "terminal_flag_bit": "1", "parity_bit": "1", "fake": false}], [59844, {"py/object": "odf.components.Command", "address": 31, "tr": 0, "sub_address": 2, "dword_count": 1, "parity": 0, "fake": false}], [59922, {"py/object": "odf.components.Data", "data": {"py/b64": "//8="}, "fake": false}], [59936, {"py/object": "odf.components.Command", "address": 4, "tr": 0, "sub_address": 2, "dword_count": 18, "parity": 0, "fake": false}], [59949, {"py/object": "odf.components.Command", "address": 3, "tr": 1, "sub_address": 2, "dword_count": 18, "parity": 0, "fake": false}], [62011, {"py/object": "odf.components.Status", "address": 3, "message_error_bit": "0", "instrumentation_bit": "0", "service_request_bit": "0", "reserved_bits": "000", "brdcst_received_bit": "0", "busy_bit": "0", "subsystem_flag_bit": "0", "dynamic_bus_control_accpt_bit": "0", "terminal_flag_bit": "1", "parity_bit": "1", "fake": false}], [62099, {"py/object": "odf.components.Data", "data": {"py/b64": "kuU="}, "fake": false}], [62191, {"py/object": "odf.components.Data", "data": {"py/b64": "eUM="}, "fake": false}], [62273, {"py/object": "odf.components.Data", "data": {"py/b64": "r2I="}, "fake": false}], [62353, {"py/object": "odf.components.Data", "data": {"py/b64": "AEU="}, "fake": false}], [62433, {"py/object": "odf.components.Data", "data": {"py/b64": "rWM="}, "fake": false}], [62514, {"py/object": "odf.components.Data", "data": {"py/b64": "kEQ="}, "fake": false}], [62596, {"py/object": "odf.components.Data", "data": {"py/b64": "DzY="}, "fake": false}], [62680, {"py/object": "odf.components.Data", "data": {"py/b64": "WkM="}, "fake": false}], [62759, {"py/object": "odf.components.Data", "data": {"py/b64": "D1o="}, "fake": false}], [62840, {"py/object": "odf.components.Data", "data": {"py/b64": "gUA="}, "fake": false}], [62924, {"py/object": "odf.components.Data", "data": {"py/b64": "nk0="}, "fake": false}], [63007, {"py/object": "odf.components.Data", "data": {"py/b64": "gUA="}, "fake": false}], [63087, {"py/object": "odf.components.Data", "data": {"py/b64": "rfk="}, "fake": false}], [63164, {"py/object": "odf.components.Data", "data": {"py/b64": "QkA="}, "fake": false}], [63244, {"py/object": "odf.components.Data", "data": {"py/b64": "Kk4="}, "fake": false}], [63326, {"py/object": "odf.components.Data", "data": {"py/b64": "1UM="}, "fake": false}], [63388, {"py/object": "odf.components.Data", "data": {"py/b64": "tww="}, "fake": false}], [63471, {"py/object": "odf.components.Data", "data": {"py/b64": "OkQ="}, "fake": false}], [65599, {"py/object": "odf.components.Status", "address": 4, "message_error_bit": "0", "instrumentation_bit": "0", "service_request_bit": "0", "reserved_bits": "000", "brdcst_received_bit": "0", "busy_bit": "0", "subsystem_flag_bit": "0", "dynamic_bus_control_accpt_bit": "0", "terminal_flag_bit": "1", "parity_bit": "1", "fake": false}], [65661, {"py/object": "odf.components.Command", "address": 6, "tr": 0, "sub_address": 2, "dword_count": 28, "parity": 0, "fake": false}], [65682, {"py/object": "odf.components.Command", "address": 5, "tr": 1, "sub_address": 2, "dword_count": 28, "parity": 0, "fake": false}], [67736, {"py/object": "odf.components.Status", "address": 5, "message_error_bit": "0", "instrumentation_bit": "0", "service_request_bit": "0", "reserved_bits": "000", "brdcst_received_bit": "0", "busy_bit": "0", "subsystem_flag_bit": "0", "dynamic_bus_control_accpt_bit": "0", "terminal_flag_bit": "1", "parity_bit": "1", "fake": false}], [67819, {"py/object": "odf.components.Data", "data": {"py/b64": "Ey4="}, "fake": false}], [67900, {"py/object": "odf.components.Data", "data": {"py/b64": "dkM="}, "fake": false}], [67982, {"py/object": "odf.components.Data", "data": {"py/b64": "sXc="}, "fake": false}], [68062, {"py/object": "odf.components.Data", "data": {"py/b64": "0EM="}, "fake": false}], [68146, {"py/object": "odf.components.Data", "data": {"py/b64": "xLw="}, "fake": false}], [68230, {"py/object": "odf.components.Data", "data": {"py/b64": "ocM="}, "fake": false}], [68310, {"py/object": "odf.components.Data", "data": {"py/b64": "s28="}, "fake": false}], [68390, {"py/object": "odf.components.Data", "data": {"py/b64": "CUI="}, "fake": false}], [68472, {"py/object": "odf.components.Data", "data": {"py/b64": "LeI="}, "fake": false}], [68548, {"py/object": "odf.components.Data", "data": {"py/b64": "gsM="}, "fake": false}], [68604, {"py/object": "odf.components.Data", "data": {"py/b64": "Idw="}, "fake": false}], [68684, {"py/object": "odf.components.Data", "data": {"py/b64": "EEE="}, "fake": false}], [68752, {"py/object": "odf.components.Data", "data": {"py/b64": "DDE="}, "fake": false}], [68836, {"py/object": "odf.components.Data", "data": {"py/b64": "tb8="}, "fake": false}], [68917, {"py/object": "odf.components.Data", "data": {"py/b64": "TDM="}, "fake": false}], [68998, {"py/object": "odf.components.Data", "data": {"py/b64": "P8E="}, "fake": false}], [69077, {"py/object": "odf.components.Data", "data": {"py/b64": "BHI="}, "fake": false}], [69158, {"py/object": "odf.components.Data", "data": {"py/b64": "o8A="}, "fake": false}], [69239, {"py/object": "odf.components.Data", "data": {"py/b64": "7ec="}, "fake": false}], [69321, {"py/object": "odf.components.Data", "data": {"py/b64": "CcE="}, "fake": false}], [69401, {"py/object": "odf.components.Data", "data": {"py/b64": "4XY="}, "fake": false}], [69481, {"py/object": "odf.components.Data", "data": {"py/b64": "0EM="}, "fake": false}], [69563, {"py/object": "odf.components.Data", "data": {"py/b64": "FBA="}, "fake": false}], [69643, {"py/object": "odf.components.Data", "data": {"py/b64": "YcE="}, "fake": false}], [69728, {"py/object": "odf.components.Data", "data": {"py/b64": "AfI="}, "fake": false}], [69809, {"py/object": "odf.components.Data", "data": {"py/b64": "uEA="}, "fake": false}], [69889, {"py/object": "odf.components.Data", "data": {"py/b64": "v9Y="}, "fake": false}], [69976, {"py/object": "odf.components.Data", "data": {"py/b64": "oz4="}, "fake": false}], [72101, {"py/object": "odf.components.Status", "address": 6, "message_error_bit": "0", "instrumentation_bit": "0", "service_request_bit": "0", "reserved_bits": "000", "brdcst_received_bit": "0", "busy_bit": "0", "subsystem_flag_bit": "0", "dynamic_bus_control_accpt_bit": "0", "terminal_flag_bit": "1", "parity_bit": "1", "fake": false}], [72166, {"py/object": "odf.components.Command", "address": 8, "tr": 0, "sub_address": 2, "dword_count": 8, "parity": 0, "fake": false}], [72183, {"py/object": "odf.components.Command", "address": 7, "tr": 1, "sub_address": 2, "dword_count": 8, "parity": 0, "fake": false}], [74254, {"py/object": "odf.components.Status", "address": 7, "message_error_bit": "0", "instrumentation_bit": "0", "service_request_bit": "0", "reserved_bits": "000", "brdcst_received_bit": "0", "busy_bit": "0", "subsystem_flag_bit": "0", "dynamic_bus_control_accpt_bit": "0", "terminal_flag_bit": "1", "parity_bit": "1", "fake": false}], [74336, {"py/object": "odf.components.Data", "data": {"py/b64": "BwQ="}, "fake": false}], [74418, {"py/object": "odf.components.Data", "data": {"py/b64": "2L0="}, "fake": false}], [74496, {"py/object": "odf.components.Data", "data": {"py/b64": "/3Q="}, "fake": false}], [74581, {"py/object": "odf.components.Data", "data": {"py/b64": "5z4="}, "fake": false}], [74661, {"py/object": "odf.components.Data", "data": {"py/b64": "khE="}, "fake": false}], [74742, {"py/object": "odf.components.Data", "data": {"py/b64": "5zw="}, "fake": false}], [74823, {"py/object": "odf.components.Data", "data": {"py/b64": "CvU="}, "fake": false}], [74907, {"py/object": "odf.components.Data", "data": {"py/b64": "1bk="}, "fake": false}], [77051, {"py/object": "odf.components.Status", "address": 8, "message_error_bit": "0", "instrumentation_bit": "0", "service_request_bit": "0", "reserved_bits": "000", "brdcst_received_bit": "0", "busy_bit": "0", "subsystem_flag_bit": "0", "dynamic_bus_control_accpt_bit": "0", "terminal_flag_bit": "1", "parity_bit": "1", "fake": false}], [77104, {"py/object": "odf.components.Command", "address": 10, "tr": 0, "sub_address": 2, "dword_count": 12, "parity": 0, "fake": false}], [77120, {"py/object": "odf.components.Command", "address": 9, "tr": 1, "sub_address": 2, "dword_count": 12, "parity": 0, "fake": false}], [79190, {"py/object": "odf.components.Status", "address": 9, "message_error_bit": "0", "instrumentation_bit": "0", "service_request_bit": "0", "reserved_bits": "000", "brdcst_received_bit": "0", "busy_bit": "0", "subsystem_flag_bit": "0", "dynamic_bus_control_accpt_bit": "0", "terminal_flag_bit": "1", "parity_bit": "1", "fake": false}], [79274, {"py/object": "odf.components.Data", "data": {"py/b64": "66w="}, "fake": false}], [79353, {"py/object": "odf.components.Data", "data": {"py/b64": "B0I="}, "fake": false}], [79437, {"py/object": "odf.components.Data", "data": {"py/b64": "k+s="}, "fake": false}], [79514, {"py/object": "odf.components.Data", "data": {"py/b64": "7MI="}, "fake": false}], [79597, {"py/object": "odf.components.Data", "data": {"py/b64": "Guk="}, "fake": false}], [79665, {"py/object": "odf.components.Data", "data": {"py/b64": "A0Q="}, "fake": false}], [79748, {"py/object": "odf.components.Data", "data": {"py/b64": "yKw="}, "fake": false}], [79828, {"py/object": "odf.components.Data", "data": {"py/b64": "B0I="}, "fake": false}], [79911, {"py/object": "odf.components.Data", "data": {"py/b64": "nOs="}, "fake": false}], [79990, {"py/object": "odf.components.Data", "data": {"py/b64": "7MI="}, "fake": false}], [80065, {"py/object": "odf.components.Data", "data": {"py/b64": "Ico="}, "fake": false}], [80141, {"py/object": "odf.components.Data", "data": {"py/b64": "2EQ="}, "fake": false}], [82294, {"py/object": "odf.components.Status", "address": 10, "message_error_bit": "0", "instrumentation_bit": "0", "service_request_bit": "0", "reserved_bits": "000", "brdcst_received_bit": "0", "busy_bit": "0", "subsystem_flag_bit": "0", "dynamic_bus_control_accpt_bit": "0", "terminal_flag_bit": "1", "parity_bit": "1", "fake": false}], [82355, {"py/object": "odf.components.Command", "address": 12, "tr": 0, "sub_address": 2, "dword_count": 16, "parity": 0, "fake": false}], [82378, {"py/object": "odf.components.Command", "address": 11, "tr": 1, "sub_address": 2, "dword_count": 16, "parity": 0, "fake": false}], [82470, {"py/object": "odf.components.Data", "data": {"py/b64": "//8="}, "fake": true}], [84447, {"py/object": "odf.components.Status", "address": 11, "message_error_bit": "0", "instrumentation_bit": "0", "service_request_bit": "0", "reserved_bits": "000", "brdcst_received_bit": "0", "busy_bit": "0", "subsystem_flag_bit": "0", "dynamic_bus_control_accpt_bit": "0", "terminal_flag_bit": "1", "parity_bit": "1", "fake": false}], [84507, {"py/object": "odf.components.Data", "data": {"py/b64": "jh4="}, "fake": false}], [84604, {"py/object": "odf.components.Data", "data": {"py/b64": "Ezs="}, "fake": false}], [84747, {"py/object": "odf.components.Data", "data": {"py/b64": "//8="}, "fake": true}], [84781, {"py/object": "odf.components.Data", "data": {"py/b64": "oIY="}, "fake": false}], [84861, {"py/object": "odf.components.Data", "data": {"py/b64": "MkE="}, "fake": false}], [84965, {"py/object": "odf.components.Data", "data": {"py/b64": "jBA="}, "fake": false}], [85037, {"py/object": "odf.components.Data", "data": {"py/b64": "//8="}, "fake": true}], [85118, {"py/object": "odf.components.Data", "data": {"py/b64": "30E="}, "fake": false}], [85216, {"py/object": "odf.components.Data", "data": {"py/b64": "6Nw="}, "fake": false}], [85345, {"py/object": "odf.components.Data", "data": {"py/b64": "//8="}, "fake": true}], [85389, {"py/object": "odf.components.Data", "data": {"py/b64": "oEA="}, "fake": false}], [85479, {"py/object": "odf.components.Data", "data": {"py/b64": "vdY="}, "fake": false}], [85607, {"py/object": "odf.components.Data", "data": {"py/b64": "IUA="}, "fake": false}], [85641, {"py/object": "odf.components.Data", "data": {"py/b64": "//8="}, "fake": true}], [85724, {"py/object": "odf.components.Data", "data": {"py/b64": "oWc="}, "fake": false}], [85834, {"py/object": "odf.components.Data", "data": {"py/b64": "ULs="}, "fake": false}], [85894, {"py/object": "odf.components.Data", "data": {"py/b64": "//8="}, "fake": true}], [85970, {"py/object": "odf.components.Data", "data": {"py/b64": "bw8="}, "fake": false}], [86068, {"py/object": "odf.components.Data", "data": {"py/b64": "ED0="}, "fake": false}], [86205, {"py/object": "odf.components.Data", "data": {"py/b64": "//8="}, "fake": true}], [86240, {"py/object": "odf.components.Data", "data": {"py/b64": "5rU="}, "fake": false}], [86321, {"py/object": "odf.components.Data", "data": {"py/b64": "nEE="}, "fake": false}], [86414, {"py/object": "odf.components.Data", "data": {"py/b64": "//8="}, "fake": true}], [86540, {"py/object": "odf.components.Data", "data": {"py/b64": "//8="}, "fake": true}], [86657, {"py/object": "odf.components.Data", "data": {"py/b64": "//8="}, "fake": true}], [86769, {"py/object": "odf.components.Data", "data": {"py/b64": "//8="}, "fake": true}], [86876, {"py/object": "odf.components.Data", "data": {"py/b64": "//8="}, "fake": true}], [86994, {"py/object": "odf.components.Data", "data": {"py/b64": "//8="}, "fake": true}], [87119, {"py/object": "odf.components.Data", "data": {"py/b64": "//8="}, "fake": true}], [87240, {"py/object": "odf.components.Data", "data": {"py/b64": "//8="}, "fake": true}], [87366, {"py/object": "odf.components.Data", "data": {"py/b64": "//8="}, "fake": true}], [87483, {"py/object": "odf.components.Data", "data": {"py/b64": "//8="}, "fake": true}], [87838, {"py/object": "odf.components.Status", "address": 12, "message_error_bit": "0", "instrumentation_bit": "0", "service_request_bit": "0", "reserved_bits": "000", "brdcst_received_bit": "0", "busy_bit": "0", "subsystem_flag_bit": "0", "dynamic_bus_control_accpt_bit": "0", "terminal_flag_bit": "1", "parity_bit": "1", "fake": false}], [88034, {"py/object": "odf.components.Command", "address": 1, "tr": 0, "sub_address": 2, "dword_count": 4, "parity": 0, "fake": false}], [88100, {"py/object": "odf.components.Data", "data": {"py/b64": "AAA="}, "fake": false}], [88122, {"py/object": "odf.components.Data", "data": {"py/b64": "AAA="}, "fake": false}], [88158, {"py/object": "odf.components.Data", "data": {"py/b64": "AAA="}, "fake": false}], [88215, {"py/object": "odf.components.Data", "data": {"py/b64": "AAA="}, "fake": false}], [88237, {"py/object": "odf.components.Data", "data": {"py/b64": "//8="}, "fake": true}], [90194, {"py/object": "odf.components.Status", "address": 1, "message_error_bit": "0", "instrumentation_bit": "0", "service_request_bit": "0", "reserved_bits": "000", "brdcst_received_bit": "0", "busy_bit": "0", "subsystem_flag_bit": "0", "dynamic_bus_control_accpt_bit": "0", "terminal_flag_bit": "1", "parity_bit": "1", "fake": false}], [90387, {"py/object": "odf.components.Command", "address": 31, "tr": 0, "sub_address": 2, "dword_count": 1, "parity": 0, "fake": false}], [90460, {"py/object": "odf.components.Data", "data": {"py/b64": "//8="}, "fake": false}], [90480, {"py/object": "odf.components.Command", "address": 4, "tr": 0, "sub_address": 2, "dword_count": 18, "parity": 0, "fake": false}], [90495, {"py/object": "odf.components.Command", "address": 3, "tr": 1, "sub_address": 2, "dword_count": 18, "parity": 0, "fake": false}], [92552, {"py/object": "odf.components.Status", "address": 3, "message_error_bit": "0", "instrumentation_bit": "0", "service_request_bit": "0", "reserved_bits": "000", "brdcst_received_bit": "0", "busy_bit": "0", "subsystem_flag_bit": "0", "dynamic_bus_control_accpt_bit": "0", "terminal_flag_bit": "1", "parity_bit": "1", "fake": false}], [92626, {"py/object": "odf.components.Data", "data": {"py/b64": "t+A="}, "fake": false}], [92709, {"py/object": "odf.components.Data", "data": {"py/b64": "eUM="}, "fake": false}], [92790, {"py/object": "odf.components.Data", "data": {"py/b64": "uvk="}, "fake": false}], [92872, {"py/object": "odf.components.Data", "data": {"py/b64": "AEU="}, "fake": false}], [92952, {"py/object": "odf.components.Data", "data": {"py/b64": "6FE="}, "fake": false}], [93032, {"py/object": "odf.components.Data", "data": {"py/b64": "B0U="}, "fake": false}], [93115, {"py/object": "odf.components.Data", "data": {"py/b64": "ImQ="}, "fake": false}], [93193, {"py/object": "odf.components.Data", "data": {"py/b64": "C0M="}, "fake": false}], [93275, {"py/object": "odf.components.Data", "data": {"py/b64": "jTA="}, "fake": false}], [93360, {"py/object": "odf.components.Data", "data": {"py/b64": "PkA="}, "fake": false}], [93442, {"py/object": "odf.components.Data", "data": {"py/b64": "ox0="}, "fake": false}], [93527, {"py/object": "odf.components.Data", "data": {"py/b64": "PkA="}, "fake": false}], [93608, {"py/object": "odf.components.Data", "data": {"py/b64": "NQQ="}, "fake": false}], [93688, {"py/object": "odf.components.Data", "data": {"py/b64": "Q0A="}, "fake": false}], [93771, {"py/object": "odf.components.Data", "data": {"py/b64": "wdI="}, "fake": false}], [93851, {"py/object": "odf.components.Data", "data": {"py/b64": "1EM="}, "fake": false}], [93935, {"py/object": "odf.components.Data", "data": {"py/b64": "tww="}, "fake": false}], [94025, {"py/object": "odf.components.Data", "data": {"py/b64": "OkQ="}, "fake": false}], [96157, {"py/object": "odf.components.Status", "address": 4, "message_error_bit": "0", "instrumentation_bit": "0", "service_request_bit": "0", "reserved_bits": "000", "brdcst_received_bit": "0", "busy_bit": "0", "subsystem_flag_bit": "0", "dynamic_bus_control_accpt_bit": "0", "terminal_flag_bit": "1", "parity_bit": "1", "fake": false}], [96216, {"py/object": "odf.components.Command", "address": 6, "tr": 0, "sub_address": 2, "dword_count": 28, "parity": 0, "fake": false}], [96231, {"py/object": "odf.components.Command", "address": 5, "tr": 1, "sub_address": 2, "dword_count": 28, "parity": 0, "fake": false}], [98297, {"py/object": "odf.components.Status", "address": 5, "message_error_bit": "0", "instrumentation_bit": "0", "service_request_bit": "0", "reserved_bits": "000", "brdcst_received_bit": "0", "busy_bit": "0", "subsystem_flag_bit": "0", "dynamic_bus_control_accpt_bit": "0", "terminal_flag_bit": "1", "parity_bit": "1", "fake": false}], [98379, {"py/object": "odf.components.Data", "data": {"py/b64": "uW0="}, "fake": false}], [98451, {"py/object": "odf.components.Data", "data": {"py/b64": "fkM="}, "fake": false}], [98529, {"py/object": "odf.components.Data", "data": {"py/b64": "lWY="}, "fake": false}], [98611, {"py/object": "odf.components.Data", "data": {"py/b64": "10M="}, "fake": false}], [98677, {"py/object": "odf.components.Data", "data": {"py/b64": "/mo="}, "fake": false}], [98757, {"py/object": "odf.components.Data", "data": {"py/b64": "lUI="}, "fake": false}], [98843, {"py/object": "odf.components.Data", "data": {"py/b64": "YCI="}, "fake": false}], [98906, {"py/object": "odf.components.Data", "data": {"py/b64": "CUI="}, "fake": false}], [98975, {"py/object": "odf.components.Data", "data": {"py/b64": "bWE="}, "fake": false}], [99050, {"py/object": "odf.components.Data", "data": {"py/b64": "08M="}, "fake": false}], [99112, {"py/object": "odf.components.Data", "data": {"py/b64": "llI="}, "fake": false}], [99189, {"py/object": "odf.components.Data", "data": {"py/b64": "bUE="}, "fake": false}], [99272, {"py/object": "odf.components.Data", "data": {"py/b64": "W9I="}, "fake": false}], [99354, {"py/object": "odf.components.Data", "data": {"py/b64": "xD4="}, "fake": false}], [99436, {"py/object": "odf.components.Data", "data": {"py/b64": "2jM="}, "fake": false}], [99517, {"py/object": "odf.components.Data", "data": {"py/b64": "D0A="}, "fake": false}], [99598, {"py/object": "odf.components.Data", "data": {"py/b64": "kE0="}, "fake": false}], [99676, {"py/object": "odf.components.Data", "data": {"py/b64": "7cA="}, "fake": false}], [99758, {"py/object": "odf.components.Data", "data": {"py/b64": "rDs="}, "fake": false}], [99841, {"py/object": "odf.components.Data", "data": {"py/b64": "BME="}, "fake": false}], [99923, {"py/object": "odf.components.Data", "data": {"py/b64": "12c="}, "fake": false}], [100061, {"py/object": "odf.components.Data", "data": {"py/b64": "10M="}, "fake": false}], [100090, {"py/object": "odf.components.Data", "data": {"py/b64": "hJg="}, "fake": false}], [100164, {"py/object": "odf.components.Data", "data": {"py/b64": "WcE="}, "fake": false}], [100245, {"py/object": "odf.components.Data", "data": {"py/b64": "BpA="}, "fake": false}], [100325, {"py/object": "odf.components.Data", "data": {"py/b64": "2kA="}, "fake": false}], [100408, {"py/object": "odf.components.Data", "data": {"py/b64": "C0Q="}, "fake": false}], [100495, {"py/object": "odf.components.Data", "data": {"py/b64": "1T4="}, "fake": false}], [102617, {"py/object": "odf.components.Status", "address": 6, "message_error_bit": "0", "instrumentation_bit": "0", "service_request_bit": "0", "reserved_bits": "000", "brdcst_received_bit": "0", "busy_bit": "0", "subsystem_flag_bit": "0", "dynamic_bus_control_accpt_bit": "0", "terminal_flag_bit": "1", "parity_bit": "1", "fake": false}], [102677, {"py/object": "odf.components.Command", "address": 8, "tr": 0, "sub_address": 2, "dword_count": 8, "parity": 0, "fake": false}], [102695, {"py/object": "odf.components.Command", "address": 7, "tr": 1, "sub_address": 2, "dword_count": 8, "parity": 0, "fake": false}], [104763, {"py/object": "odf.components.Status", "address": 7, "message_error_bit": "0", "instrumentation_bit": "0", "service_request_bit": "0", "reserved_bits": "000", "brdcst_received_bit": "0", "busy_bit": "0", "subsystem_flag_bit": "0", "dynamic_bus_control_accpt_bit": "0", "terminal_flag_bit": "1", "parity_bit": "1", "fake": false}], [104845, {"py/object": "odf.components.Data", "data": {"py/b64": "HjI="}, "fake": false}], [104926, {"py/object": "odf.components.Data", "data": {"py/b64": "1b0="}, "fake": false}], [105008, {"py/object": "odf.components.Data", "data": {"py/b64": "oQ8="}, "fake": false}], [105079, {"py/object": "odf.components.Data", "data": {"py/b64": "4z4="}, "fake": false}], [105160, {"py/object": "odf.components.Data", "data": {"py/b64": "EvI="}, "fake": false}], [105222, {"py/object": "odf.components.Data", "data": {"py/b64": "5Tw="}, "fake": false}], [105298, {"py/object": "odf.components.Data", "data": {"py/b64": "a4c="}, "fake": false}], [105369, {"py/object": "odf.components.Data", "data": {"py/b64": "mDk="}, "fake": false}], [107495, {"py/object": "odf.components.Status", "address": 8, "message_error_bit": "0", "instrumentation_bit": "0", "service_request_bit": "0", "reserved_bits": "000", "brdcst_received_bit": "0", "busy_bit": "0", "subsystem_flag_bit": "0", "dynamic_bus_control_accpt_bit": "0", "terminal_flag_bit": "1", "parity_bit": "1", "fake": false}], [107569, {"py/object": "odf.components.Command", "address": 10, "tr": 0, "sub_address": 2, "dword_count": 12, "parity": 0, "fake": false}], [107584, {"py/object": "odf.components.Command", "address": 9, "tr": 1, "sub_address": 2, "dword_count": 12, "parity": 0, "fake": false}], [109652, {"py/object": "odf.components.Status", "address": 9, "message_error_bit": "0", "instrumentation_bit": "0", "service_request_bit": "0", "reserved_bits": "000", "brdcst_received_bit": "0", "busy_bit": "0", "subsystem_flag_bit": "0", "dynamic_bus_control_accpt_bit": "0", "terminal_flag_bit": "1", "parity_bit": "1", "fake": false}], [109736, {"py/object": "odf.components.Data", "data": {"py/b64": "n4g="}, "fake": false}], [109820, {"py/object": "odf.components.Data", "data": {"py/b64": "B0I="}, "fake": false}], [109902, {"py/object": "odf.components.Data", "data": {"py/b64": "Keo="}, "fake": false}], [109984, {"py/object": "odf.components.Data", "data": {"py/b64": "7MI="}, "fake": false}], [110066, {"py/object": "odf.components.Data", "data": {"py/b64": "pCE="}, "fake": false}], [110147, {"py/object": "odf.components.Data", "data": {"py/b64": "V0Q="}, "fake": false}], [110230, {"py/object": "odf.components.Data", "data": {"py/b64": "fog="}, "fake": false}], [110316, {"py/object": "odf.components.Data", "data": {"py/b64": "B0I="}, "fake": false}], [110397, {"py/object": "odf.components.Data", "data": {"py/b64": "Huo="}, "fake": false}], [110470, {"py/object": "odf.components.Data", "data": {"py/b64": "7MI="}, "fake": false}], [110551, {"py/object": "odf.components.Data", "data": {"py/b64": "ZLs="}, "fake": false}], [110639, {"py/object": "odf.components.Data", "data": {"py/b64": "MEU="}, "fake": false}], [112747, {"py/object": "odf.components.Status", "address": 10, "message_error_bit": "0", "instrumentation_bit": "0", "service_request_bit": "0", "reserved_bits": "000", "brdcst_received_bit": "0", "busy_bit": "0", "subsystem_flag_bit": "0", "dynamic_bus_control_accpt_bit": "0", "terminal_flag_bit": "1", "parity_bit": "1", "fake": false}], [112847, {"py/object": "odf.components.Command", "address": 12, "tr": 0, "sub_address": 2, "dword_count": 16, "parity": 0, "fake": false}], [112872, {"py/object": "odf.components.Command", "address": 11, "tr": 1, "sub_address": 2, "dword_count": 16, "parity": 0, "fake": false}], [112965, {"py/object": "odf.components.Data", "data": {"py/b64": "//8="}, "fake": true}], [114937, {"py/object": "odf.components.Status", "address": 11, "message_error_bit": "0", "instrumentation_bit": "0", "service_request_bit": "0", "reserved_bits": "000", "brdcst_received_bit": "0", "busy_bit": "0", "subsystem_flag_bit": "0", "dynamic_bus_control_accpt_bit": "0", "terminal_flag_bit": "1", "parity_bit": "1", "fake": false}], [115023, {"py/object": "odf.components.Data", "data": {"py/b64": "acw="}, "fake": false}], [115118, {"py/object": "odf.components.Data", "data": {"py/b64": "Djs="}, "fake": false}], [115264, {"py/object": "odf.components.Data", "data": {"py/b64": "//8="}, "fake": true}], [115297, {"py/object": "odf.components.Data", "data": {"py/b64": "4M0="}, "fake": false}], [115382, {"py/object": "odf.components.Data", "data": {"py/b64": "EkE="}, "fake": false}], [115531, {"py/object": "odf.components.Data", "data": {"py/b64": "agI="}, "fake": false}], [115558, {"py/object": "odf.components.Data", "data": {"py/b64": "//8="}, "fake": true}], [115631, {"py/object": "odf.components.Data", "data": {"py/b64": "10E="}, "fake": false}], [115720, {"py/object": "odf.components.Data", "data": {"py/b64": "gtw="}, "fake": false}], [115798, {"py/object": "odf.components.Data", "data": {"py/b64": "//8="}, "fake": true}], [115869, {"py/object": "odf.components.Data", "data": {"py/b64": "qUA="}, "fake": false}], [115944, {"py/object": "odf.components.Data", "data": {"py/b64": "kQM="}, "fake": false}], [116085, {"py/object": "odf.components.Data", "data": {"py/b64": "//8="}, "fake": true}], [116121, {"py/object": "odf.components.Data", "data": {"py/b64": "KkA="}, "fake": false}], [116205, {"py/object": "odf.components.Data", "data": {"py/b64": "wFo="}, "fake": false}], [116345, {"py/object": "odf.components.Data", "data": {"py/b64": "Mj0="}, "fake": false}], [116386, {"py/object": "odf.components.Data", "data": {"py/b64": "//8="}, "fake": true}], [116464, {"py/object": "odf.components.Data", "data": {"py/b64": "DQI="}, "fake": false}], [116565, {"py/object": "odf.components.Data", "data": {"py/b64": "lb0="}, "fake": false}], [116690, {"py/object": "odf.components.Data", "data": {"py/b64": "//8="}, "fake": true}], [116730, {"py/object": "odf.components.Data", "data": {"py/b64": "Zrw="}, "fake": false}], [116808, {"py/object": "odf.components.Data", "data": {"py/b64": "jkE="}, "fake": false}], [116879, {"py/object": "odf.components.Data", "data": {"py/b64": "//8="}, "fake": true}], [117002, {"py/object": "odf.components.Data", "data": {"py/b64": "//8="}, "fake": true}], [117119, {"py/object": "odf.components.Data", "data": {"py/b64": "//8="}, "fake": true}], [117247, {"py/object": "odf.components.Data", "data": {"py/b64": "//8="}, "fake": true}], [117366, {"py/object": "odf.components.Data", "data": {"py/b64": "//8="}, "fake": true}], [117485, {"py/object": "odf.components.Data", "data": {"py/b64": "//8="}, "fake": true}], [117608, {"py/object": "odf.components.Data", "data": {"py/b64": "//8="}, "fake": true}], [117729, {"py/object": "odf.components.Data", "data": {"py/b64": "//8="}, "fake": true}], [117855, {"py/object": "odf.components.Data", "data": {"py/b64": "//8="}, "fake": true}], [117976, {"py/object": "odf.components.Data", "data": {"py/b64": "//8="}, "fake": true}], [118328, {"py/object": "odf.components.Status", "address": 12, "message_error_bit": "0", "instrumentation_bit": "0", "service_request_bit": "0", "reserved_bits": "000", "brdcst_received_bit": "0", "busy_bit": "0", "subsystem_flag_bit": "0", "dynamic_bus_control_accpt_bit": "0", "terminal_flag_bit": "1", "parity_bit": "1", "fake": false}], [118532, {"py/object": "odf.components.Command", "address": 1, "tr": 0, "sub_address": 2, "dword_count": 4, "parity": 0, "fake": false}], [118601, {"py/object": "odf.components.Data", "data": {"py/b64": "AAA="}, "fake": false}], [118624, {"py/object": "odf.components.Data", "data": {"py/b64": "AAA="}, "fake": false}], [118675, {"py/object": "odf.components.Data", "data": {"py/b64": "AAA="}, "fake": false}], [118718, {"py/object": "odf.components.Data", "data": {"py/b64": "AAA="}, "fake": false}], [118741, {"py/object": "odf.components.Data", "data": {"py/b64": "//8="}, "fake": true}]], "attack_times": [[82382, 84571, 84866, 85147, 85470, 85733, 86011, 86323, 86449, 86569, 86687, 86801, 86906, 87030, 87148, 87274, 87395, 88099, 112875, 115073, 115380, 115644, 115895, 116207, 116490, 116799, 116913, 117029, 117155, 117274, 117395, 117518, 117635, 117763, 117883, 118601]], "attack_types": ["Collision_Attack_against_an_RT"], "attack_outcome": [true]}