{
    "data": [
        [
            372,
            {
                "py/object": "odf.components.Command",
                "address": 31,
                "tr": 0,
                "sub_address": 2,
                "dword_count": 1,
                "parity": 0,
                "fake": false
            }
        ],
        [
            492,
            {
                "py/object": "odf.components.Data",
                "data": {
                    "py/b64": "//8="
                },
                "fake": false
            }
        ],
        [
            541,
            {
                "py/object": "odf.components.Command",
                "address": 4,
                "tr": 0,
                "sub_address": 2,
                "dword_count": 18,
                "parity": 0,
                "fake": false
            }
        ],
        [
            559,
            {
                "py/object": "odf.components.Command",
                "address": 3,
                "tr": 1,
                "sub_address": 2,
                "dword_count": 18,
                "parity": 0,
                "fake": false
            }
        ],
        [
            2636,
            {
                "py/object": "odf.components.Status",
                "address": 3,
                "message_error_bit": "0",
                "instrumentation_bit": "0",
                "service_request_bit": "0",
                "reserved_bits": "000",
                "brdcst_received_bit": "0",
                "busy_bit": "0",
                "subsystem_flag_bit": "0",
                "dynamic_bus_control_accpt_bit": "0",
                "terminal_flag_bit": "1",
                "parity_bit": "1",
                "fake": false
            }
        ],
        [
            2708,
            {
                "py/object": "odf.components.Data",
                "data": {
                    "py/b64": "iKs="
                },
                "fake": false
            }
        ],
        [
            2782,
            {
                "py/object": "odf.components.Data",
                "data": {
                    "py/b64": "JUI="
                },
                "fake": false
            }
        ],
        [
            2854,
            {
                "py/object": "odf.components.Data",
                "data": {
                    "py/b64": "yLM="
                },
                "fake": false
            }
        ],
        [
            2926,
            {
                "py/object": "odf.components.Data",
                "data": {
                    "py/b64": "fb0="
                },
                "fake": false
            }
        ],
        [
            2998,
            {
                "py/object": "odf.components.Data",
                "data": {
                    "py/b64": "RYY="
                },
                "fake": false
            }
        ],
        [
            3074,
            {
                "py/object": "odf.components.Data",
                "data": {
                    "py/b64": "7kI="
                },
                "fake": false
            }
        ],
        [
            3145,
            {
                "py/object": "odf.components.Data",
                "data": {
                    "py/b64": "q80="
                },
                "fake": false
            }
        ],
        [
            3215,
            {
                "py/object": "odf.components.Data",
                "data": {
                    "py/b64": "iEM="
                },
                "fake": false
            }
        ],
        [
            3287,
            {
                "py/object": "odf.components.Data",
                "data": {
                    "py/b64": "768="
                },
                "fake": false
            }
        ],
        [
            3362,
            {
                "py/object": "odf.components.Data",
                "data": {
                    "py/b64": "i0A="
                },
                "fake": false
            }
        ],
        [
            3436,
            {
                "py/object": "odf.components.Data",
                "data": {
                    "py/b64": "ALA="
                },
                "fake": false
            }
        ],
        [
            3511,
            {
                "py/object": "odf.components.Data",
                "data": {
                    "py/b64": "i0A="
                },
                "fake": false
            }
        ],
        [
            3584,
            {
                "py/object": "odf.components.Data",
                "data": {
                    "py/b64": "2w8="
                },
                "fake": false
            }
        ],
        [
            3660,
            {
                "py/object": "odf.components.Data",
                "data": {
                    "py/b64": "SUA="
                },
                "fake": false
            }
        ],
        [
            3733,
            {
                "py/object": "odf.components.Data",
                "data": {
                    "py/b64": "pKM="
                },
                "fake": false
            }
        ],
        [
            3806,
            {
                "py/object": "odf.components.Data",
                "data": {
                    "py/b64": "1kM="
                },
                "fake": false
            }
        ],
        [
            3881,
            {
                "py/object": "odf.components.Data",
                "data": {
                    "py/b64": "tww="
                },
                "fake": false
            }
        ],
        [
            3961,
            {
                "py/object": "odf.components.Data",
                "data": {
                    "py/b64": "OkQ="
                },
                "fake": false
            }
        ],
        [
            6034,
            {
                "py/object": "odf.components.Status",
                "address": 4,
                "message_error_bit": "0",
                "instrumentation_bit": "0",
                "service_request_bit": "0",
                "reserved_bits": "000",
                "brdcst_received_bit": "0",
                "busy_bit": "0",
                "subsystem_flag_bit": "0",
                "dynamic_bus_control_accpt_bit": "0",
                "terminal_flag_bit": "1",
                "parity_bit": "1",
                "fake": false
            }
        ],
        [
            6104,
            {
                "py/object": "odf.components.Command",
                "address": 6,
                "tr": 0,
                "sub_address": 2,
                "dword_count": 28,
                "parity": 0,
                "fake": false
            }
        ],
        [
            6122,
            {
                "py/object": "odf.components.Command",
                "address": 5,
                "tr": 1,
                "sub_address": 2,
                "dword_count": 28,
                "parity": 0,
                "fake": false
            }
        ],
        [
            8193,
            {
                "py/object": "odf.components.Status",
                "address": 5,
                "message_error_bit": "0",
                "instrumentation_bit": "0",
                "service_request_bit": "0",
                "reserved_bits": "000",
                "brdcst_received_bit": "0",
                "busy_bit": "0",
                "subsystem_flag_bit": "0",
                "dynamic_bus_control_accpt_bit": "0",
                "terminal_flag_bit": "1",
                "parity_bit": "1",
                "fake": false
            }
        ],
        [
            8265,
            {
                "py/object": "odf.components.Data",
                "data": {
                    "py/b64": "wpE="
                },
                "fake": false
            }
        ],
        [
            8336,
            {
                "py/object": "odf.components.Data",
                "data": {
                    "py/b64": "rEI="
                },
                "fake": false
            }
        ],
        [
            8406,
            {
                "py/object": "odf.components.Data",
                "data": {
                    "py/b64": "SSg="
                },
                "fake": false
            }
        ],
        [
            8479,
            {
                "py/object": "odf.components.Data",
                "data": {
                    "py/b64": "EkM="
                },
                "fake": false
            }
        ],
        [
            8553,
            {
                "py/object": "odf.components.Data",
                "data": {
                    "py/b64": "z7A="
                },
                "fake": false
            }
        ],
        [
            8624,
            {
                "py/object": "odf.components.Data",
                "data": {
                    "py/b64": "EcM="
                },
                "fake": false
            }
        ],
        [
            8693,
            {
                "py/object": "odf.components.Data",
                "data": {
                    "py/b64": "ahU="
                },
                "fake": false
            }
        ],
        [
            8769,
            {
                "py/object": "odf.components.Data",
                "data": {
                    "py/b64": "Tzw="
                },
                "fake": false
            }
        ],
        [
            8842,
            {
                "py/object": "odf.components.Data",
                "data": {
                    "py/b64": "3ig="
                },
                "fake": false
            }
        ],
        [
            8911,
            {
                "py/object": "odf.components.Data",
                "data": {
                    "py/b64": "kcE="
                },
                "fake": false
            }
        ],
        [
            8983,
            {
                "py/object": "odf.components.Data",
                "data": {
                    "py/b64": "N+8="
                },
                "fake": false
            }
        ],
        [
            9054,
            {
                "py/object": "odf.components.Data",
                "data": {
                    "py/b64": "UsE="
                },
                "fake": false
            }
        ],
        [
            9125,
            {
                "py/object": "odf.components.Data",
                "data": {
                    "py/b64": "Jeg="
                },
                "fake": false
            }
        ],
        [
            9198,
            {
                "py/object": "odf.components.Data",
                "data": {
                    "py/b64": "bL8="
                },
                "fake": false
            }
        ],
        [
            9274,
            {
                "py/object": "odf.components.Data",
                "data": {
                    "py/b64": "KRk="
                },
                "fake": false
            }
        ],
        [
            9351,
            {
                "py/object": "odf.components.Data",
                "data": {
                    "py/b64": "BMA="
                },
                "fake": false
            }
        ],
        [
            9425,
            {
                "py/object": "odf.components.Data",
                "data": {
                    "py/b64": "0GE="
                },
                "fake": false
            }
        ],
        [
            9503,
            {
                "py/object": "odf.components.Data",
                "data": {
                    "py/b64": "Bbw="
                },
                "fake": false
            }
        ],
        [
            9553,
            {
                "py/object": "odf.components.Data",
                "data": {
                    "py/b64": "I64="
                },
                "fake": false
            }
        ],
        [
            9628,
            {
                "py/object": "odf.components.Data",
                "data": {
                    "py/b64": "bkA="
                },
                "fake": false
            }
        ],
        [
            9701,
            {
                "py/object": "odf.components.Data",
                "data": {
                    "py/b64": "rHU="
                },
                "fake": false
            }
        ],
        [
            9773,
            {
                "py/object": "odf.components.Data",
                "data": {
                    "py/b64": "F0M="
                },
                "fake": false
            }
        ],
        [
            9844,
            {
                "py/object": "odf.components.Data",
                "data": {
                    "py/b64": "dbY="
                },
                "fake": false
            }
        ],
        [
            9915,
            {
                "py/object": "odf.components.Data",
                "data": {
                    "py/b64": "Db4="
                },
                "fake": false
            }
        ],
        [
            9988,
            {
                "py/object": "odf.components.Data",
                "data": {
                    "py/b64": "TfE="
                },
                "fake": false
            }
        ],
        [
            10060,
            {
                "py/object": "odf.components.Data",
                "data": {
                    "py/b64": "FsA="
                },
                "fake": false
            }
        ],
        [
            10137,
            {
                "py/object": "odf.components.Data",
                "data": {
                    "py/b64": "cHg="
                },
                "fake": false
            }
        ],
        [
            10215,
            {
                "py/object": "odf.components.Data",
                "data": {
                    "py/b64": "UEE="
                },
                "fake": false
            }
        ],
        [
            12325,
            {
                "py/object": "odf.components.Status",
                "address": 6,
                "message_error_bit": "0",
                "instrumentation_bit": "0",
                "service_request_bit": "0",
                "reserved_bits": "000",
                "brdcst_received_bit": "0",
                "busy_bit": "0",
                "subsystem_flag_bit": "0",
                "dynamic_bus_control_accpt_bit": "0",
                "terminal_flag_bit": "1",
                "parity_bit": "1",
                "fake": false
            }
        ],
        [
            12394,
            {
                "py/object": "odf.components.Command",
                "address": 8,
                "tr": 0,
                "sub_address": 2,
                "dword_count": 8,
                "parity": 0,
                "fake": false
            }
        ],
        [
            12411,
            {
                "py/object": "odf.components.Command",
                "address": 7,
                "tr": 1,
                "sub_address": 2,
                "dword_count": 8,
                "parity": 0,
                "fake": false
            }
        ],
        [
            14485,
            {
                "py/object": "odf.components.Status",
                "address": 7,
                "message_error_bit": "0",
                "instrumentation_bit": "0",
                "service_request_bit": "0",
                "reserved_bits": "000",
                "brdcst_received_bit": "0",
                "busy_bit": "0",
                "subsystem_flag_bit": "0",
                "dynamic_bus_control_accpt_bit": "0",
                "terminal_flag_bit": "1",
                "parity_bit": "1",
                "fake": false
            }
        ],
        [
            14557,
            {
                "py/object": "odf.components.Data",
                "data": {
                    "py/b64": "xJ4="
                },
                "fake": false
            }
        ],
        [
            14630,
            {
                "py/object": "odf.components.Data",
                "data": {
                    "py/b64": "YL0="
                },
                "fake": false
            }
        ],
        [
            14706,
            {
                "py/object": "odf.components.Data",
                "data": {
                    "py/b64": "xsM="
                },
                "fake": false
            }
        ],
        [
            14784,
            {
                "py/object": "odf.components.Data",
                "data": {
                    "py/b64": "FTo="
                },
                "fake": false
            }
        ],
        [
            14861,
            {
                "py/object": "odf.components.Data",
                "data": {
                    "py/b64": "lOM="
                },
                "fake": false
            }
        ],
        [
            14935,
            {
                "py/object": "odf.components.Data",
                "data": {
                    "py/b64": "Jz0="
                },
                "fake": false
            }
        ],
        [
            15008,
            {
                "py/object": "odf.components.Data",
                "data": {
                    "py/b64": "z3E="
                },
                "fake": false
            }
        ],
        [
            15088,
            {
                "py/object": "odf.components.Data",
                "data": {
                    "py/b64": "lDk="
                },
                "fake": false
            }
        ],
        [
            17193,
            {
                "py/object": "odf.components.Status",
                "address": 8,
                "message_error_bit": "0",
                "instrumentation_bit": "0",
                "service_request_bit": "0",
                "reserved_bits": "000",
                "brdcst_received_bit": "0",
                "busy_bit": "0",
                "subsystem_flag_bit": "0",
                "dynamic_bus_control_accpt_bit": "0",
                "terminal_flag_bit": "1",
                "parity_bit": "1",
                "fake": false
            }
        ],
        [
            17270,
            {
                "py/object": "odf.components.Command",
                "address": 10,
                "tr": 0,
                "sub_address": 2,
                "dword_count": 12,
                "parity": 0,
                "fake": false
            }
        ],
        [
            17289,
            {
                "py/object": "odf.components.Command",
                "address": 9,
                "tr": 1,
                "sub_address": 2,
                "dword_count": 12,
                "parity": 0,
                "fake": false
            }
        ],
        [
            19366,
            {
                "py/object": "odf.components.Status",
                "address": 9,
                "message_error_bit": "0",
                "instrumentation_bit": "0",
                "service_request_bit": "0",
                "reserved_bits": "000",
                "brdcst_received_bit": "0",
                "busy_bit": "0",
                "subsystem_flag_bit": "0",
                "dynamic_bus_control_accpt_bit": "0",
                "terminal_flag_bit": "1",
                "parity_bit": "1",
                "fake": false
            }
        ],
        [
            19436,
            {
                "py/object": "odf.components.Data",
                "data": {
                    "py/b64": "L8E="
                },
                "fake": false
            }
        ],
        [
            19509,
            {
                "py/object": "odf.components.Data",
                "data": {
                    "py/b64": "B0I="
                },
                "fake": false
            }
        ],
        [
            19582,
            {
                "py/object": "odf.components.Data",
                "data": {
                    "py/b64": "ocg="
                },
                "fake": false
            }
        ],
        [
            19654,
            {
                "py/object": "odf.components.Data",
                "data": {
                    "py/b64": "7MI="
                },
                "fake": false
            }
        ],
        [
            19725,
            {
                "py/object": "odf.components.Data",
                "data": {
                    "py/b64": "vNY="
                },
                "fake": false
            }
        ],
        [
            19796,
            {
                "py/object": "odf.components.Data",
                "data": {
                    "py/b64": "MUI="
                },
                "fake": false
            }
        ],
        [
            19864,
            {
                "py/object": "odf.components.Data",
                "data": {
                    "py/b64": "K8E="
                },
                "fake": false
            }
        ],
        [
            19933,
            {
                "py/object": "odf.components.Data",
                "data": {
                    "py/b64": "B0I="
                },
                "fake": false
            }
        ],
        [
            20005,
            {
                "py/object": "odf.components.Data",
                "data": {
                    "py/b64": "tMg="
                },
                "fake": false
            }
        ],
        [
            20073,
            {
                "py/object": "odf.components.Data",
                "data": {
                    "py/b64": "7MI="
                },
                "fake": false
            }
        ],
        [
            20145,
            {
                "py/object": "odf.components.Data",
                "data": {
                    "py/b64": "ivU="
                },
                "fake": false
            }
        ],
        [
            20222,
            {
                "py/object": "odf.components.Data",
                "data": {
                    "py/b64": "FEM="
                },
                "fake": false
            }
        ],
        [
            22363,
            {
                "py/object": "odf.components.Status",
                "address": 10,
                "message_error_bit": "0",
                "instrumentation_bit": "0",
                "service_request_bit": "0",
                "reserved_bits": "000",
                "brdcst_received_bit": "0",
                "busy_bit": "0",
                "subsystem_flag_bit": "0",
                "dynamic_bus_control_accpt_bit": "0",
                "terminal_flag_bit": "1",
                "parity_bit": "1",
                "fake": false
            }
        ],
        [
            22415,
            {
                "py/object": "odf.components.Command",
                "address": 12,
                "tr": 0,
                "sub_address": 2,
                "dword_count": 16,
                "parity": 0,
                "fake": false
            }
        ],
        [
            22433,
            {
                "py/object": "odf.components.Command",
                "address": 11,
                "tr": 1,
                "sub_address": 2,
                "dword_count": 16,
                "parity": 0,
                "fake": false
            }
        ],
        [
            24503,
            {
                "py/object": "odf.components.Status",
                "address": 11,
                "message_error_bit": "0",
                "instrumentation_bit": "0",
                "service_request_bit": "0",
                "reserved_bits": "000",
                "brdcst_received_bit": "0",
                "busy_bit": "0",
                "subsystem_flag_bit": "0",
                "dynamic_bus_control_accpt_bit": "0",
                "terminal_flag_bit": "1",
                "parity_bit": "1",
                "fake": false
            }
        ],
        [
            24573,
            {
                "py/object": "odf.components.Data",
                "data": {
                    "py/b64": "d2Y="
                },
                "fake": false
            }
        ],
        [
            24645,
            {
                "py/object": "odf.components.Data",
                "data": {
                    "py/b64": "Gjs="
                },
                "fake": false
            }
        ],
        [
            24718,
            {
                "py/object": "odf.components.Data",
                "data": {
                    "py/b64": "AIo="
                },
                "fake": false
            }
        ],
        [
            24788,
            {
                "py/object": "odf.components.Data",
                "data": {
                    "py/b64": "ZUE="
                },
                "fake": false
            }
        ],
        [
            24860,
            {
                "py/object": "odf.components.Data",
                "data": {
                    "py/b64": "roc="
                },
                "fake": false
            }
        ],
        [
            24935,
            {
                "py/object": "odf.components.Data",
                "data": {
                    "py/b64": "7EE="
                },
                "fake": false
            }
        ],
        [
            25010,
            {
                "py/object": "odf.components.Data",
                "data": {
                    "py/b64": "sAg="
                },
                "fake": false
            }
        ],
        [
            25082,
            {
                "py/object": "odf.components.Data",
                "data": {
                    "py/b64": "YEA="
                },
                "fake": false
            }
        ],
        [
            25157,
            {
                "py/object": "odf.components.Data",
                "data": {
                    "py/b64": "Ac0="
                },
                "fake": false
            }
        ],
        [
            25228,
            {
                "py/object": "odf.components.Data",
                "data": {
                    "py/b64": "5T8="
                },
                "fake": false
            }
        ],
        [
            25298,
            {
                "py/object": "odf.components.Data",
                "data": {
                    "py/b64": "868="
                },
                "fake": false
            }
        ],
        [
            25370,
            {
                "py/object": "odf.components.Data",
                "data": {
                    "py/b64": "Aj4="
                },
                "fake": false
            }
        ],
        [
            25444,
            {
                "py/object": "odf.components.Data",
                "data": {
                    "py/b64": "TQU="
                },
                "fake": false
            }
        ],
        [
            25517,
            {
                "py/object": "odf.components.Data",
                "data": {
                    "py/b64": "9z4="
                },
                "fake": false
            }
        ],
        [
            25585,
            {
                "py/object": "odf.components.Data",
                "data": {
                    "py/b64": "LU0="
                },
                "fake": false
            }
        ],
        [
            25660,
            {
                "py/object": "odf.components.Data",
                "data": {
                    "py/b64": "nEE="
                },
                "fake": false
            }
        ],
        [
            27781,
            {
                "py/object": "odf.components.Status",
                "address": 12,
                "message_error_bit": "0",
                "instrumentation_bit": "0",
                "service_request_bit": "0",
                "reserved_bits": "000",
                "brdcst_received_bit": "0",
                "busy_bit": "0",
                "subsystem_flag_bit": "0",
                "dynamic_bus_control_accpt_bit": "0",
                "terminal_flag_bit": "1",
                "parity_bit": "1",
                "fake": false
            }
        ],
        [
            27968,
            {
                "py/object": "odf.components.Command",
                "address": 1,
                "tr": 0,
                "sub_address": 2,
                "dword_count": 4,
                "parity": 0,
                "fake": false
            }
        ],
        [
            28032,
            {
                "py/object": "odf.components.Data",
                "data": {
                    "py/b64": "AAA="
                },
                "fake": false
            }
        ],
        [
            28044,
            {
                "py/object": "odf.components.Data",
                "data": {
                    "py/b64": "AAA="
                },
                "fake": false
            }
        ],
        [
            28056,
            {
                "py/object": "odf.components.Data",
                "data": {
                    "py/b64": "AAA="
                },
                "fake": false
            }
        ],
        [
            28066,
            {
                "py/object": "odf.components.Data",
                "data": {
                    "py/b64": "AAA="
                },
                "fake": false
            }
        ],
        [
            30127,
            {
                "py/object": "odf.components.Status",
                "address": 1,
                "message_error_bit": "0",
                "instrumentation_bit": "0",
                "service_request_bit": "0",
                "reserved_bits": "000",
                "brdcst_received_bit": "0",
                "busy_bit": "0",
                "subsystem_flag_bit": "0",
                "dynamic_bus_control_accpt_bit": "0",
                "terminal_flag_bit": "1",
                "parity_bit": "1",
                "fake": false
            }
        ],
        [
            30290,
            {
                "py/object": "odf.components.Command",
                "address": 31,
                "tr": 0,
                "sub_address": 2,
                "dword_count": 1,
                "parity": 0,
                "fake": false
            }
        ],
        [
            30378,
            {
                "py/object": "odf.components.Data",
                "data": {
                    "py/b64": "//8="
                },
                "fake": false
            }
        ],
        [
            30393,
            {
                "py/object": "odf.components.Command",
                "address": 4,
                "tr": 0,
                "sub_address": 2,
                "dword_count": 18,
                "parity": 0,
                "fake": false
            }
        ],
        [
            30404,
            {
                "py/object": "odf.components.Command",
                "address": 3,
                "tr": 1,
                "sub_address": 2,
                "dword_count": 18,
                "parity": 0,
                "fake": false
            }
        ],
        [
            32456,
            {
                "py/object": "odf.components.Status",
                "address": 3,
                "message_error_bit": "0",
                "instrumentation_bit": "0",
                "service_request_bit": "0",
                "reserved_bits": "000",
                "brdcst_received_bit": "0",
                "busy_bit": "0",
                "subsystem_flag_bit": "0",
                "dynamic_bus_control_accpt_bit": "0",
                "terminal_flag_bit": "1",
                "parity_bit": "1",
                "fake": false
            }
        ],
        [
            32528,
            {
                "py/object": "odf.components.Data",
                "data": {
                    "py/b64": "Z7o="
                },
                "fake": false
            }
        ],
        [
            32600,
            {
                "py/object": "odf.components.Data",
                "data": {
                    "py/b64": "a0M="
                },
                "fake": false
            }
        ],
        [
            32669,
            {
                "py/object": "odf.components.Data",
                "data": {
                    "py/b64": "VEk="
                },
                "fake": false
            }
        ],
        [
            32741,
            {
                "py/object": "odf.components.Data",
                "data": {
                    "py/b64": "lUQ="
                },
                "fake": false
            }
        ],
        [
            32814,
            {
                "py/object": "odf.components.Data",
                "data": {
                    "py/b64": "6so="
                },
                "fake": false
            }
        ],
        [
            32887,
            {
                "py/object": "odf.components.Data",
                "data": {
                    "py/b64": "3EM="
                },
                "fake": false
            }
        ],
        [
            32957,
            {
                "py/object": "odf.components.Data",
                "data": {
                    "py/b64": "t6g="
                },
                "fake": false
            }
        ],
        [
            33029,
            {
                "py/object": "odf.components.Data",
                "data": {
                    "py/b64": "hEM="
                },
                "fake": false
            }
        ],
        [
            33104,
            {
                "py/object": "odf.components.Data",
                "data": {
                    "py/b64": "bs0="
                },
                "fake": false
            }
        ],
        [
            33176,
            {
                "py/object": "odf.components.Data",
                "data": {
                    "py/b64": "i0A="
                },
                "fake": false
            }
        ],
        [
            33246,
            {
                "py/object": "odf.components.Data",
                "data": {
                    "py/b64": "Bs8="
                },
                "fake": false
            }
        ],
        [
            33320,
            {
                "py/object": "odf.components.Data",
                "data": {
                    "py/b64": "i0A="
                },
                "fake": false
            }
        ],
        [
            33394,
            {
                "py/object": "odf.components.Data",
                "data": {
                    "py/b64": "9OA="
                },
                "fake": false
            }
        ],
        [
            33467,
            {
                "py/object": "odf.components.Data",
                "data": {
                    "py/b64": "QkA="
                },
                "fake": false
            }
        ],
        [
            33536,
            {
                "py/object": "odf.components.Data",
                "data": {
                    "py/b64": "Osk="
                },
                "fake": false
            }
        ],
        [
            33596,
            {
                "py/object": "odf.components.Data",
                "data": {
                    "py/b64": "1UM="
                },
                "fake": false
            }
        ],
        [
            33668,
            {
                "py/object": "odf.components.Data",
                "data": {
                    "py/b64": "tww="
                },
                "fake": false
            }
        ],
        [
            33742,
            {
                "py/object": "odf.components.Data",
                "data": {
                    "py/b64": "OkQ="
                },
                "fake": false
            }
        ],
        [
            35816,
            {
                "py/object": "odf.components.Status",
                "address": 4,
                "message_error_bit": "0",
                "instrumentation_bit": "0",
                "service_request_bit": "0",
                "reserved_bits": "000",
                "brdcst_received_bit": "0",
                "busy_bit": "0",
                "subsystem_flag_bit": "0",
                "dynamic_bus_control_accpt_bit": "0",
                "terminal_flag_bit": "1",
                "parity_bit": "1",
                "fake": false
            }
        ],
        [
            35916,
            {
                "py/object": "odf.components.Command",
                "address": 6,
                "tr": 0,
                "sub_address": 2,
                "dword_count": 28,
                "parity": 0,
                "fake": false
            }
        ],
        [
            35930,
            {
                "py/object": "odf.components.Command",
                "address": 5,
                "tr": 1,
                "sub_address": 2,
                "dword_count": 28,
                "parity": 0,
                "fake": false
            }
        ],
        [
            37997,
            {
                "py/object": "odf.components.Status",
                "address": 5,
                "message_error_bit": "0",
                "instrumentation_bit": "0",
                "service_request_bit": "0",
                "reserved_bits": "000",
                "brdcst_received_bit": "0",
                "busy_bit": "0",
                "subsystem_flag_bit": "0",
                "dynamic_bus_control_accpt_bit": "0",
                "terminal_flag_bit": "1",
                "parity_bit": "1",
                "fake": false
            }
        ],
        [
            38069,
            {
                "py/object": "odf.components.Data",
                "data": {
                    "py/b64": "AdU="
                },
                "fake": false
            }
        ],
        [
            38140,
            {
                "py/object": "odf.components.Data",
                "data": {
                    "py/b64": "dUM="
                },
                "fake": false
            }
        ],
        [
            38211,
            {
                "py/object": "odf.components.Data",
                "data": {
                    "py/b64": "L6s="
                },
                "fake": false
            }
        ],
        [
            38288,
            {
                "py/object": "odf.components.Data",
                "data": {
                    "py/b64": "z0M="
                },
                "fake": false
            }
        ],
        [
            38362,
            {
                "py/object": "odf.components.Data",
                "data": {
                    "py/b64": "ieI="
                },
                "fake": false
            }
        ],
        [
            38436,
            {
                "py/object": "odf.components.Data",
                "data": {
                    "py/b64": "zcM="
                },
                "fake": false
            }
        ],
        [
            38507,
            {
                "py/object": "odf.components.Data",
                "data": {
                    "py/b64": "yLU="
                },
                "fake": false
            }
        ],
        [
            38578,
            {
                "py/object": "odf.components.Data",
                "data": {
                    "py/b64": "ikE="
                },
                "fake": false
            }
        ],
        [
            38649,
            {
                "py/object": "odf.components.Data",
                "data": {
                    "py/b64": "rBY="
                },
                "fake": false
            }
        ],
        [
            38722,
            {
                "py/object": "odf.components.Data",
                "data": {
                    "py/b64": "T8I="
                },
                "fake": false
            }
        ],
        [
            38790,
            {
                "py/object": "odf.components.Data",
                "data": {
                    "py/b64": "bsM="
                },
                "fake": false
            }
        ],
        [
            38846,
            {
                "py/object": "odf.components.Data",
                "data": {
                    "py/b64": "vb8="
                },
                "fake": false
            }
        ],
        [
            38920,
            {
                "py/object": "odf.components.Data",
                "data": {
                    "py/b64": "bEk="
                },
                "fake": false
            }
        ],
        [
            38992,
            {
                "py/object": "odf.components.Data",
                "data": {
                    "py/b64": "hr4="
                },
                "fake": false
            }
        ],
        [
            39053,
            {
                "py/object": "odf.components.Data",
                "data": {
                    "py/b64": "vk8="
                },
                "fake": false
            }
        ],
        [
            39114,
            {
                "py/object": "odf.components.Data",
                "data": {
                    "py/b64": "yD8="
                },
                "fake": false
            }
        ],
        [
            39186,
            {
                "py/object": "odf.components.Data",
                "data": {
                    "py/b64": "9jM="
                },
                "fake": false
            }
        ],
        [
            39261,
            {
                "py/object": "odf.components.Data",
                "data": {
                    "py/b64": "078="
                },
                "fake": false
            }
        ],
        [
            39334,
            {
                "py/object": "odf.components.Data",
                "data": {
                    "py/b64": "B8k="
                },
                "fake": false
            }
        ],
        [
            39407,
            {
                "py/object": "odf.components.Data",
                "data": {
                    "py/b64": "LcE="
                },
                "fake": false
            }
        ],
        [
            39482,
            {
                "py/object": "odf.components.Data",
                "data": {
                    "py/b64": "19k="
                },
                "fake": false
            }
        ],
        [
            39554,
            {
                "py/object": "odf.components.Data",
                "data": {
                    "py/b64": "z0M="
                },
                "fake": false
            }
        ],
        [
            39628,
            {
                "py/object": "odf.components.Data",
                "data": {
                    "py/b64": "slA="
                },
                "fake": false
            }
        ],
        [
            39699,
            {
                "py/object": "odf.components.Data",
                "data": {
                    "py/b64": "Vr8="
                },
                "fake": false
            }
        ],
        [
            39777,
            {
                "py/object": "odf.components.Data",
                "data": {
                    "py/b64": "9Po="
                },
                "fake": false
            }
        ],
        [
            39850,
            {
                "py/object": "odf.components.Data",
                "data": {
                    "py/b64": "nL4="
                },
                "fake": false
            }
        ],
        [
            39926,
            {
                "py/object": "odf.components.Data",
                "data": {
                    "py/b64": "VeY="
                },
                "fake": false
            }
        ],
        [
            40006,
            {
                "py/object": "odf.components.Data",
                "data": {
                    "py/b64": "gD8="
                },
                "fake": false
            }
        ],
        [
            42133,
            {
                "py/object": "odf.components.Status",
                "address": 6,
                "message_error_bit": "0",
                "instrumentation_bit": "0",
                "service_request_bit": "0",
                "reserved_bits": "000",
                "brdcst_received_bit": "0",
                "busy_bit": "0",
                "subsystem_flag_bit": "0",
                "dynamic_bus_control_accpt_bit": "0",
                "terminal_flag_bit": "1",
                "parity_bit": "1",
                "fake": false
            }
        ],
        [
            42185,
            {
                "py/object": "odf.components.Command",
                "address": 8,
                "tr": 0,
                "sub_address": 2,
                "dword_count": 8,
                "parity": 0,
                "fake": false
            }
        ],
        [
            42198,
            {
                "py/object": "odf.components.Command",
                "address": 7,
                "tr": 1,
                "sub_address": 2,
                "dword_count": 8,
                "parity": 0,
                "fake": false
            }
        ],
        [
            44258,
            {
                "py/object": "odf.components.Status",
                "address": 7,
                "message_error_bit": "0",
                "instrumentation_bit": "0",
                "service_request_bit": "0",
                "reserved_bits": "000",
                "brdcst_received_bit": "0",
                "busy_bit": "0",
                "subsystem_flag_bit": "0",
                "dynamic_bus_control_accpt_bit": "0",
                "terminal_flag_bit": "1",
                "parity_bit": "1",
                "fake": false
            }
        ],
        [
            44333,
            {
                "py/object": "odf.components.Data",
                "data": {
                    "py/b64": "fiU="
                },
                "fake": false
            }
        ],
        [
            44406,
            {
                "py/object": "odf.components.Data",
                "data": {
                    "py/b64": "h70="
                },
                "fake": false
            }
        ],
        [
            44478,
            {
                "py/object": "odf.components.Data",
                "data": {
                    "py/b64": "x4U="
                },
                "fake": false
            }
        ],
        [
            44549,
            {
                "py/object": "odf.components.Data",
                "data": {
                    "py/b64": "jbs="
                },
                "fake": false
            }
        ],
        [
            44617,
            {
                "py/object": "odf.components.Data",
                "data": {
                    "py/b64": "DeA="
                },
                "fake": false
            }
        ],
        [
            44689,
            {
                "py/object": "odf.components.Data",
                "data": {
                    "py/b64": "0Tw="
                },
                "fake": false
            }
        ],
        [
            44762,
            {
                "py/object": "odf.components.Data",
                "data": {
                    "py/b64": "ZDQ="
                },
                "fake": false
            }
        ],
        [
            44837,
            {
                "py/object": "odf.components.Data",
                "data": {
                    "py/b64": "Vbo="
                },
                "fake": false
            }
        ],
        [
            46963,
            {
                "py/object": "odf.components.Status",
                "address": 8,
                "message_error_bit": "0",
                "instrumentation_bit": "0",
                "service_request_bit": "0",
                "reserved_bits": "000",
                "brdcst_received_bit": "0",
                "busy_bit": "0",
                "subsystem_flag_bit": "0",
                "dynamic_bus_control_accpt_bit": "0",
                "terminal_flag_bit": "1",
                "parity_bit": "1",
                "fake": false
            }
        ],
        [
            47024,
            {
                "py/object": "odf.components.Command",
                "address": 10,
                "tr": 0,
                "sub_address": 2,
                "dword_count": 12,
                "parity": 0,
                "fake": false
            }
        ],
        [
            47036,
            {
                "py/object": "odf.components.Command",
                "address": 9,
                "tr": 1,
                "sub_address": 2,
                "dword_count": 12,
                "parity": 0,
                "fake": false
            }
        ],
        [
            49101,
            {
                "py/object": "odf.components.Status",
                "address": 9,
                "message_error_bit": "0",
                "instrumentation_bit": "0",
                "service_request_bit": "0",
                "reserved_bits": "000",
                "brdcst_received_bit": "0",
                "busy_bit": "0",
                "subsystem_flag_bit": "0",
                "dynamic_bus_control_accpt_bit": "0",
                "terminal_flag_bit": "1",
                "parity_bit": "1",
                "fake": false
            }
        ],
        [
            49172,
            {
                "py/object": "odf.components.Data",
                "data": {
                    "py/b64": "T70="
                },
                "fake": false
            }
        ],
        [
            49248,
            {
                "py/object": "odf.components.Data",
                "data": {
                    "py/b64": "B0I="
                },
                "fake": false
            }
        ],
        [
            49321,
            {
                "py/object": "odf.components.Data",
                "data": {
                    "py/b64": "Sds="
                },
                "fake": false
            }
        ],
        [
            49393,
            {
                "py/object": "odf.components.Data",
                "data": {
                    "py/b64": "7MI="
                },
                "fake": false
            }
        ],
        [
            49465,
            {
                "py/object": "odf.components.Data",
                "data": {
                    "py/b64": "m+o="
                },
                "fake": false
            }
        ],
        [
            49538,
            {
                "py/object": "odf.components.Data",
                "data": {
                    "py/b64": "aEM="
                },
                "fake": false
            }
        ],
        [
            49609,
            {
                "py/object": "odf.components.Data",
                "data": {
                    "py/b64": "Sr0="
                },
                "fake": false
            }
        ],
        [
            49682,
            {
                "py/object": "odf.components.Data",
                "data": {
                    "py/b64": "B0I="
                },
                "fake": false
            }
        ],
        [
            49756,
            {
                "py/object": "odf.components.Data",
                "data": {
                    "py/b64": "Yts="
                },
                "fake": false
            }
        ],
        [
            49827,
            {
                "py/object": "odf.components.Data",
                "data": {
                    "py/b64": "7MI="
                },
                "fake": false
            }
        ],
        [
            49901,
            {
                "py/object": "odf.components.Data",
                "data": {
                    "py/b64": "Ugk="
                },
                "fake": false
            }
        ],
        [
            49972,
            {
                "py/object": "odf.components.Data",
                "data": {
                    "py/b64": "QEQ="
                },
                "fake": false
            }
        ],
        [
            52077,
            {
                "py/object": "odf.components.Status",
                "address": 10,
                "message_error_bit": "0",
                "instrumentation_bit": "0",
                "service_request_bit": "0",
                "reserved_bits": "000",
                "brdcst_received_bit": "0",
                "busy_bit": "0",
                "subsystem_flag_bit": "0",
                "dynamic_bus_control_accpt_bit": "0",
                "terminal_flag_bit": "1",
                "parity_bit": "1",
                "fake": false
            }
        ],
        [
            52157,
            {
                "py/object": "odf.components.Command",
                "address": 12,
                "tr": 0,
                "sub_address": 2,
                "dword_count": 16,
                "parity": 0,
                "fake": false
            }
        ],
        [
            52172,
            {
                "py/object": "odf.components.Command",
                "address": 11,
                "tr": 1,
                "sub_address": 2,
                "dword_count": 16,
                "parity": 0,
                "fake": false
            }
        ],
        [
            54239,
            {
                "py/object": "odf.components.Status",
                "address": 11,
                "message_error_bit": "0",
                "instrumentation_bit": "0",
                "service_request_bit": "0",
                "reserved_bits": "000",
                "brdcst_received_bit": "0",
                "busy_bit": "0",
                "subsystem_flag_bit": "0",
                "dynamic_bus_control_accpt_bit": "0",
                "terminal_flag_bit": "1",
                "parity_bit": "1",
                "fake": false
            }
        ],
        [
            54312,
            {
                "py/object": "odf.components.Data",
                "data": {
                    "py/b64": "i5E="
                },
                "fake": false
            }
        ],
        [
            54384,
            {
                "py/object": "odf.components.Data",
                "data": {
                    "py/b64": "Fzs="
                },
                "fake": false
            }
        ],
        [
            54458,
            {
                "py/object": "odf.components.Data",
                "data": {
                    "py/b64": "AIU="
                },
                "fake": false
            }
        ],
        [
            54531,
            {
                "py/object": "odf.components.Data",
                "data": {
                    "py/b64": "UkE="
                },
                "fake": false
            }
        ],
        [
            54603,
            {
                "py/object": "odf.components.Data",
                "data": {
                    "py/b64": "UW8="
                },
                "fake": false
            }
        ],
        [
            54678,
            {
                "py/object": "odf.components.Data",
                "data": {
                    "py/b64": "50E="
                },
                "fake": false
            }
        ],
        [
            54751,
            {
                "py/object": "odf.components.Data",
                "data": {
                    "py/b64": "7gw="
                },
                "fake": false
            }
        ],
        [
            54826,
            {
                "py/object": "odf.components.Data",
                "data": {
                    "py/b64": "t0A="
                },
                "fake": false
            }
        ],
        [
            54900,
            {
                "py/object": "odf.components.Data",
                "data": {
                    "py/b64": "kE0="
                },
                "fake": false
            }
        ],
        [
            54971,
            {
                "py/object": "odf.components.Data",
                "data": {
                    "py/b64": "PEA="
                },
                "fake": false
            }
        ],
        [
            55043,
            {
                "py/object": "odf.components.Data",
                "data": {
                    "py/b64": "ksE="
                },
                "fake": false
            }
        ],
        [
            55117,
            {
                "py/object": "odf.components.Data",
                "data": {
                    "py/b64": "6T0="
                },
                "fake": false
            }
        ],
        [
            55191,
            {
                "py/object": "odf.components.Data",
                "data": {
                    "py/b64": "XXo="
                },
                "fake": false
            }
        ],
        [
            55264,
            {
                "py/object": "odf.components.Data",
                "data": {
                    "py/b64": "ZD4="
                },
                "fake": false
            }
        ],
        [
            55339,
            {
                "py/object": "odf.components.Data",
                "data": {
                    "py/b64": "Ykg="
                },
                "fake": false
            }
        ],
        [
            55417,
            {
                "py/object": "odf.components.Data",
                "data": {
                    "py/b64": "q0E="
                },
                "fake": false
            }
        ],
        [
            57504,
            {
                "py/object": "odf.components.Status",
                "address": 12,
                "message_error_bit": "0",
                "instrumentation_bit": "0",
                "service_request_bit": "0",
                "reserved_bits": "000",
                "brdcst_received_bit": "0",
                "busy_bit": "0",
                "subsystem_flag_bit": "0",
                "dynamic_bus_control_accpt_bit": "0",
                "terminal_flag_bit": "1",
                "parity_bit": "1",
                "fake": false
            }
        ],
        [
            57661,
            {
                "py/object": "odf.components.Command",
                "address": 1,
                "tr": 0,
                "sub_address": 2,
                "dword_count": 4,
                "parity": 0,
                "fake": false
            }
        ],
        [
            57737,
            {
                "py/object": "odf.components.Data",
                "data": {
                    "py/b64": "AAA="
                },
                "fake": false
            }
        ],
        [
            57750,
            {
                "py/object": "odf.components.Data",
                "data": {
                    "py/b64": "AAA="
                },
                "fake": false
            }
        ],
        [
            57764,
            {
                "py/object": "odf.components.Data",
                "data": {
                    "py/b64": "AAA="
                },
                "fake": false
            }
        ],
        [
            57776,
            {
                "py/object": "odf.components.Data",
                "data": {
                    "py/b64": "AAA="
                },
                "fake": false
            }
        ],
        [
            59836,
            {
                "py/object": "odf.components.Status",
                "address": 1,
                "message_error_bit": "0",
                "instrumentation_bit": "0",
                "service_request_bit": "0",
                "reserved_bits": "000",
                "brdcst_received_bit": "0",
                "busy_bit": "0",
                "subsystem_flag_bit": "0",
                "dynamic_bus_control_accpt_bit": "0",
                "terminal_flag_bit": "1",
                "parity_bit": "1",
                "fake": false
            }
        ],
        [
            59999,
            {
                "py/object": "odf.components.Command",
                "address": 31,
                "tr": 0,
                "sub_address": 2,
                "dword_count": 1,
                "parity": 0,
                "fake": false
            }
        ],
        [
            60078,
            {
                "py/object": "odf.components.Data",
                "data": {
                    "py/b64": "//8="
                },
                "fake": false
            }
        ],
        [
            60093,
            {
                "py/object": "odf.components.Command",
                "address": 4,
                "tr": 0,
                "sub_address": 2,
                "dword_count": 18,
                "parity": 0,
                "fake": false
            }
        ],
        [
            60105,
            {
                "py/object": "odf.components.Command",
                "address": 3,
                "tr": 1,
                "sub_address": 2,
                "dword_count": 18,
                "parity": 0,
                "fake": false
            }
        ],
        [
            62175,
            {
                "py/object": "odf.components.Status",
                "address": 3,
                "message_error_bit": "0",
                "instrumentation_bit": "0",
                "service_request_bit": "0",
                "reserved_bits": "000",
                "brdcst_received_bit": "0",
                "busy_bit": "0",
                "subsystem_flag_bit": "0",
                "dynamic_bus_control_accpt_bit": "0",
                "terminal_flag_bit": "1",
                "parity_bit": "1",
                "fake": false
            }
        ],
        [
            62226,
            {
                "py/object": "odf.components.Data",
                "data": {
                    "py/b64": "kuU="
                },
                "fake": false
            }
        ],
        [
            62302,
            {
                "py/object": "odf.components.Data",
                "data": {
                    "py/b64": "eUM="
                },
                "fake": false
            }
        ],
        [
            62362,
            {
                "py/object": "odf.components.Data",
                "data": {
                    "py/b64": "r2I="
                },
                "fake": false
            }
        ],
        [
            62426,
            {
                "py/object": "odf.components.Data",
                "data": {
                    "py/b64": "AEU="
                },
                "fake": false
            }
        ],
        [
            62500,
            {
                "py/object": "odf.components.Data",
                "data": {
                    "py/b64": "rWM="
                },
                "fake": false
            }
        ],
        [
            62575,
            {
                "py/object": "odf.components.Data",
                "data": {
                    "py/b64": "kEQ="
                },
                "fake": false
            }
        ],
        [
            62650,
            {
                "py/object": "odf.components.Data",
                "data": {
                    "py/b64": "DzY="
                },
                "fake": false
            }
        ],
        [
            62726,
            {
                "py/object": "odf.components.Data",
                "data": {
                    "py/b64": "WkM="
                },
                "fake": false
            }
        ],
        [
            62813,
            {
                "py/object": "odf.components.Data",
                "data": {
                    "py/b64": "D1o="
                },
                "fake": false
            }
        ],
        [
            62895,
            {
                "py/object": "odf.components.Data",
                "data": {
                    "py/b64": "gUA="
                },
                "fake": false
            }
        ],
        [
            62975,
            {
                "py/object": "odf.components.Data",
                "data": {
                    "py/b64": "nk0="
                },
                "fake": false
            }
        ],
        [
            63053,
            {
                "py/object": "odf.components.Data",
                "data": {
                    "py/b64": "gUA="
                },
                "fake": false
            }
        ],
        [
            63129,
            {
                "py/object": "odf.components.Data",
                "data": {
                    "py/b64": "rfk="
                },
                "fake": false
            }
        ],
        [
            63207,
            {
                "py/object": "odf.components.Data",
                "data": {
                    "py/b64": "QkA="
                },
                "fake": false
            }
        ],
        [
            63285,
            {
                "py/object": "odf.components.Data",
                "data": {
                    "py/b64": "Kk4="
                },
                "fake": false
            }
        ],
        [
            63358,
            {
                "py/object": "odf.components.Data",
                "data": {
                    "py/b64": "1UM="
                },
                "fake": false
            }
        ],
        [
            63436,
            {
                "py/object": "odf.components.Data",
                "data": {
                    "py/b64": "tww="
                },
                "fake": false
            }
        ],
        [
            63518,
            {
                "py/object": "odf.components.Data",
                "data": {
                    "py/b64": "OkQ="
                },
                "fake": false
            }
        ],
        [
            65622,
            {
                "py/object": "odf.components.Status",
                "address": 4,
                "message_error_bit": "0",
                "instrumentation_bit": "0",
                "service_request_bit": "0",
                "reserved_bits": "000",
                "brdcst_received_bit": "0",
                "busy_bit": "0",
                "subsystem_flag_bit": "0",
                "dynamic_bus_control_accpt_bit": "0",
                "terminal_flag_bit": "1",
                "parity_bit": "1",
                "fake": false
            }
        ],
        [
            65697,
            {
                "py/object": "odf.components.Command",
                "address": 6,
                "tr": 0,
                "sub_address": 2,
                "dword_count": 28,
                "parity": 0,
                "fake": false
            }
        ],
        [
            65718,
            {
                "py/object": "odf.components.Command",
                "address": 5,
                "tr": 1,
                "sub_address": 2,
                "dword_count": 28,
                "parity": 0,
                "fake": false
            }
        ],
        [
            65801,
            {
                "py/object": "odf.components.Status",
                "address": 5,
                "message_error_bit": "0",
                "instrumentation_bit": "0",
                "service_request_bit": "0",
                "reserved_bits": "000",
                "brdcst_received_bit": "0",
                "busy_bit": "0",
                "subsystem_flag_bit": "0",
                "dynamic_bus_control_accpt_bit": "0",
                "terminal_flag_bit": "1",
                "parity_bit": "0",
                "fake": true
            }
        ],
        [
            76200,
            {
                "py/object": "odf.components.Command",
                "address": 8,
                "tr": 0,
                "sub_address": 2,
                "dword_count": 8,
                "parity": 0,
                "fake": false
            }
        ],
        [
            76231,
            {
                "py/object": "odf.components.Command",
                "address": 7,
                "tr": 1,
                "sub_address": 2,
                "dword_count": 8,
                "parity": 0,
                "fake": false
            }
        ],
        [
            76318,
            {
                "py/object": "odf.components.Status",
                "address": 7,
                "message_error_bit": "0",
                "instrumentation_bit": "0",
                "service_request_bit": "0",
                "reserved_bits": "000",
                "brdcst_received_bit": "0",
                "busy_bit": "0",
                "subsystem_flag_bit": "0",
                "dynamic_bus_control_accpt_bit": "0",
                "terminal_flag_bit": "1",
                "parity_bit": "0",
                "fake": true
            }
        ],
        [
            86758,
            {
                "py/object": "odf.components.Command",
                "address": 10,
                "tr": 0,
                "sub_address": 2,
                "dword_count": 12,
                "parity": 0,
                "fake": false
            }
        ],
        [
            86787,
            {
                "py/object": "odf.components.Command",
                "address": 9,
                "tr": 1,
                "sub_address": 2,
                "dword_count": 12,
                "parity": 0,
                "fake": false
            }
        ],
        [
            86874,
            {
                "py/object": "odf.components.Status",
                "address": 9,
                "message_error_bit": "0",
                "instrumentation_bit": "0",
                "service_request_bit": "0",
                "reserved_bits": "000",
                "brdcst_received_bit": "0",
                "busy_bit": "0",
                "subsystem_flag_bit": "0",
                "dynamic_bus_control_accpt_bit": "0",
                "terminal_flag_bit": "1",
                "parity_bit": "0",
                "fake": true
            }
        ],
        [
            97289,
            {
                "py/object": "odf.components.Command",
                "address": 12,
                "tr": 0,
                "sub_address": 2,
                "dword_count": 16,
                "parity": 0,
                "fake": false
            }
        ],
        [
            97320,
            {
                "py/object": "odf.components.Command",
                "address": 11,
                "tr": 1,
                "sub_address": 2,
                "dword_count": 16,
                "parity": 0,
                "fake": false
            }
        ],
        [
            97411,
            {
                "py/object": "odf.components.Status",
                "address": 11,
                "message_error_bit": "0",
                "instrumentation_bit": "0",
                "service_request_bit": "0",
                "reserved_bits": "000",
                "brdcst_received_bit": "0",
                "busy_bit": "0",
                "subsystem_flag_bit": "0",
                "dynamic_bus_control_accpt_bit": "0",
                "terminal_flag_bit": "1",
                "parity_bit": "0",
                "fake": true
            }
        ],
        [
            107861,
            {
                "py/object": "odf.components.Command",
                "address": 1,
                "tr": 0,
                "sub_address": 2,
                "dword_count": 4,
                "parity": 0,
                "fake": false
            }
        ],
        [
            108022,
            {
                "py/object": "odf.components.Data",
                "data": {
                    "py/b64": "AAA="
                },
                "fake": false
            }
        ],
        [
            108217,
            {
                "py/object": "odf.components.Data",
                "data": {
                    "py/b64": "AAA="
                },
                "fake": false
            }
        ],
        [
            108331,
            {
                "py/object": "odf.components.Data",
                "data": {
                    "py/b64": "AAA="
                },
                "fake": false
            }
        ],
        [
            108361,
            {
                "py/object": "odf.components.Data",
                "data": {
                    "py/b64": "gEA="
                },
                "fake": false
            }
        ],
        [
            108392,
            {
                "py/object": "odf.components.Command",
                "address": 31,
                "tr": 0,
                "sub_address": 2,
                "dword_count": 1,
                "parity": 0,
                "fake": false
            }
        ],
        [
            108451,
            {
                "py/object": "odf.components.Data",
                "data": {
                    "py/b64": "//8="
                },
                "fake": false
            }
        ],
        [
            108464,
            {
                "py/object": "odf.components.Command",
                "address": 4,
                "tr": 0,
                "sub_address": 2,
                "dword_count": 18,
                "parity": 0,
                "fake": false
            }
        ],
        [
            108477,
            {
                "py/object": "odf.components.Command",
                "address": 3,
                "tr": 1,
                "sub_address": 2,
                "dword_count": 18,
                "parity": 0,
                "fake": false
            }
        ],
        [
            108489,
            {
                "py/object": "odf.components.Status",
                "address": 3,
                "message_error_bit": "0",
                "instrumentation_bit": "0",
                "service_request_bit": "0",
                "reserved_bits": "000",
                "brdcst_received_bit": "0",
                "busy_bit": "0",
                "subsystem_flag_bit": "0",
                "dynamic_bus_control_accpt_bit": "0",
                "terminal_flag_bit": "1",
                "parity_bit": "0",
                "fake": true
            }
        ],
        [
            110121,
            {
                "py/object": "odf.components.Status",
                "address": 1,
                "message_error_bit": "0",
                "instrumentation_bit": "0",
                "service_request_bit": "0",
                "reserved_bits": "000",
                "brdcst_received_bit": "0",
                "busy_bit": "0",
                "subsystem_flag_bit": "0",
                "dynamic_bus_control_accpt_bit": "0",
                "terminal_flag_bit": "1",
                "parity_bit": "1",
                "fake": false
            }
        ],
        [
            110190,
            {
                "py/object": "odf.components.Command",
                "address": 6,
                "tr": 0,
                "sub_address": 2,
                "dword_count": 28,
                "parity": 0,
                "fake": false
            }
        ],
        [
            110212,
            {
                "py/object": "odf.components.Command",
                "address": 5,
                "tr": 1,
                "sub_address": 2,
                "dword_count": 28,
                "parity": 0,
                "fake": false
            }
        ],
        [
            110291,
            {
                "py/object": "odf.components.Status",
                "address": 5,
                "message_error_bit": "0",
                "instrumentation_bit": "0",
                "service_request_bit": "0",
                "reserved_bits": "000",
                "brdcst_received_bit": "0",
                "busy_bit": "0",
                "subsystem_flag_bit": "0",
                "dynamic_bus_control_accpt_bit": "0",
                "terminal_flag_bit": "1",
                "parity_bit": "0",
                "fake": true
            }
        ]
    ],
    "attack_times": [
        [
            65715,
            76234,
            86789,
            97324,
            108354,
            110207
        ]
    ],
    "attack_types": [
        "Fake_Status_trcmd"
    ],
    "attack_outcome": [
        true
    ]
}