{"data": [[401, {"py/object": "odf.components.Command", "address": 31, "tr": 0, "sub_address": 2, "dword_count": 1, "parity": 0, "fake": false}], [505, {"py/object": "odf.components.Data", "data": {"py/b64": "//8="}, "fake": false}], [556, {"py/object": "odf.components.Command", "address": 4, "tr": 0, "sub_address": 2, "dword_count": 18, "parity": 0, "fake": false}], [576, {"py/object": "odf.components.Command", "address": 3, "tr": 1, "sub_address": 2, "dword_count": 18, "parity": 0, "fake": false}], [2658, {"py/object": "odf.components.Status", "address": 3, "message_error_bit": "0", "instrumentation_bit": "0", "service_request_bit": "0", "reserved_bits": "000", "brdcst_received_bit": "0", "busy_bit": "0", "subsystem_flag_bit": "0", "dynamic_bus_control_accpt_bit": "0", "terminal_flag_bit": "1", "parity_bit": "1", "fake": false}], [2736, {"py/object": "odf.components.Data", "data": {"py/b64": "iKs="}, "fake": false}], [2807, {"py/object": "odf.components.Data", "data": {"py/b64": "JUI="}, "fake": false}], [2880, {"py/object": "odf.components.Data", "data": {"py/b64": "yLM="}, "fake": false}], [2951, {"py/object": "odf.components.Data", "data": {"py/b64": "fb0="}, "fake": false}], [3022, {"py/object": "odf.components.Data", "data": {"py/b64": "RYY="}, "fake": false}], [3091, {"py/object": "odf.components.Data", "data": {"py/b64": "7kI="}, "fake": false}], [3161, {"py/object": "odf.components.Data", "data": {"py/b64": "q80="}, "fake": false}], [3231, {"py/object": "odf.components.Data", "data": {"py/b64": "iEM="}, "fake": false}], [3302, {"py/object": "odf.components.Data", "data": {"py/b64": "768="}, "fake": false}], [3373, {"py/object": "odf.components.Data", "data": {"py/b64": "i0A="}, "fake": false}], [3444, {"py/object": "odf.components.Data", "data": {"py/b64": "ALA="}, "fake": false}], [3513, {"py/object": "odf.components.Data", "data": {"py/b64": "i0A="}, "fake": false}], [3584, {"py/object": "odf.components.Data", "data": {"py/b64": "2w8="}, "fake": false}], [3658, {"py/object": "odf.components.Data", "data": {"py/b64": "SUA="}, "fake": false}], [3727, {"py/object": "odf.components.Data", "data": {"py/b64": "pKM="}, "fake": false}], [3799, {"py/object": "odf.components.Data", "data": {"py/b64": "1kM="}, "fake": false}], [3869, {"py/object": "odf.components.Data", "data": {"py/b64": "tww="}, "fake": false}], [3946, {"py/object": "odf.components.Data", "data": {"py/b64": "OkQ="}, "fake": false}], [6058, {"py/object": "odf.components.Status", "address": 4, "message_error_bit": "0", "instrumentation_bit": "0", "service_request_bit": "0", "reserved_bits": "000", "brdcst_received_bit": "0", "busy_bit": "0", "subsystem_flag_bit": "0", "dynamic_bus_control_accpt_bit": "0", "terminal_flag_bit": "1", "parity_bit": "1", "fake": false}], [6120, {"py/object": "odf.components.Command", "address": 6, "tr": 0, "sub_address": 2, "dword_count": 28, "parity": 0, "fake": false}], [6137, {"py/object": "odf.components.Command", "address": 5, "tr": 1, "sub_address": 2, "dword_count": 28, "parity": 0, "fake": false}], [8208, {"py/object": "odf.components.Status", "address": 5, "message_error_bit": "0", "instrumentation_bit": "0", "service_request_bit": "0", "reserved_bits": "000", "brdcst_received_bit": "0", "busy_bit": "0", "subsystem_flag_bit": "0", "dynamic_bus_control_accpt_bit": "0", "terminal_flag_bit": "1", "parity_bit": "1", "fake": false}], [8280, {"py/object": "odf.components.Data", "data": {"py/b64": "wpE="}, "fake": false}], [8350, {"py/object": "odf.components.Data", "data": {"py/b64": "rEI="}, "fake": false}], [8420, {"py/object": "odf.components.Data", "data": {"py/b64": "SSg="}, "fake": false}], [8492, {"py/object": "odf.components.Data", "data": {"py/b64": "EkM="}, "fake": false}], [8564, {"py/object": "odf.components.Data", "data": {"py/b64": "z7A="}, "fake": false}], [8634, {"py/object": "odf.components.Data", "data": {"py/b64": "EcM="}, "fake": false}], [8706, {"py/object": "odf.components.Data", "data": {"py/b64": "ahU="}, "fake": false}], [8778, {"py/object": "odf.components.Data", "data": {"py/b64": "Tzw="}, "fake": false}], [8849, {"py/object": "odf.components.Data", "data": {"py/b64": "3ig="}, "fake": false}], [8921, {"py/object": "odf.components.Data", "data": {"py/b64": "kcE="}, "fake": false}], [8991, {"py/object": "odf.components.Data", "data": {"py/b64": "N+8="}, "fake": false}], [9059, {"py/object": "odf.components.Data", "data": {"py/b64": "UsE="}, "fake": false}], [9129, {"py/object": "odf.components.Data", "data": {"py/b64": "Jeg="}, "fake": false}], [9200, {"py/object": "odf.components.Data", "data": {"py/b64": "bL8="}, "fake": false}], [9263, {"py/object": "odf.components.Data", "data": {"py/b64": "KRk="}, "fake": false}], [9328, {"py/object": "odf.components.Data", "data": {"py/b64": "BMA="}, "fake": false}], [9400, {"py/object": "odf.components.Data", "data": {"py/b64": "0GE="}, "fake": false}], [9472, {"py/object": "odf.components.Data", "data": {"py/b64": "Bbw="}, "fake": false}], [9537, {"py/object": "odf.components.Data", "data": {"py/b64": "I64="}, "fake": false}], [9589, {"py/object": "odf.components.Data", "data": {"py/b64": "bkA="}, "fake": false}], [9668, {"py/object": "odf.components.Data", "data": {"py/b64": "rHU="}, "fake": false}], [9723, {"py/object": "odf.components.Data", "data": {"py/b64": "F0M="}, "fake": false}], [9793, {"py/object": "odf.components.Data", "data": {"py/b64": "dbY="}, "fake": false}], [9864, {"py/object": "odf.components.Data", "data": {"py/b64": "Db4="}, "fake": false}], [9935, {"py/object": "odf.components.Data", "data": {"py/b64": "TfE="}, "fake": false}], [10006, {"py/object": "odf.components.Data", "data": {"py/b64": "FsA="}, "fake": false}], [10079, {"py/object": "odf.components.Data", "data": {"py/b64": "cHg="}, "fake": false}], [10157, {"py/object": "odf.components.Data", "data": {"py/b64": "UEE="}, "fake": false}], [12282, {"py/object": "odf.components.Status", "address": 6, "message_error_bit": "0", "instrumentation_bit": "0", "service_request_bit": "0", "reserved_bits": "000", "brdcst_received_bit": "0", "busy_bit": "0", "subsystem_flag_bit": "0", "dynamic_bus_control_accpt_bit": "0", "terminal_flag_bit": "1", "parity_bit": "1", "fake": false}], [12332, {"py/object": "odf.components.Command", "address": 8, "tr": 0, "sub_address": 2, "dword_count": 8, "parity": 0, "fake": false}], [12350, {"py/object": "odf.components.Command", "address": 7, "tr": 1, "sub_address": 2, "dword_count": 8, "parity": 0, "fake": false}], [14421, {"py/object": "odf.components.Status", "address": 7, "message_error_bit": "0", "instrumentation_bit": "0", "service_request_bit": "0", "reserved_bits": "000", "brdcst_received_bit": "0", "busy_bit": "0", "subsystem_flag_bit": "0", "dynamic_bus_control_accpt_bit": "0", "terminal_flag_bit": "1", "parity_bit": "1", "fake": false}], [14495, {"py/object": "odf.components.Data", "data": {"py/b64": "xJ4="}, "fake": false}], [14568, {"py/object": "odf.components.Data", "data": {"py/b64": "YL0="}, "fake": false}], [14640, {"py/object": "odf.components.Data", "data": {"py/b64": "xsM="}, "fake": false}], [14712, {"py/object": "odf.components.Data", "data": {"py/b64": "FTo="}, "fake": false}], [14782, {"py/object": "odf.components.Data", "data": {"py/b64": "lOM="}, "fake": false}], [14854, {"py/object": "odf.components.Data", "data": {"py/b64": "Jz0="}, "fake": false}], [14933, {"py/object": "odf.components.Data", "data": {"py/b64": "z3E="}, "fake": false}], [15007, {"py/object": "odf.components.Data", "data": {"py/b64": "lDk="}, "fake": false}], [17117, {"py/object": "odf.components.Status", "address": 8, "message_error_bit": "0", "instrumentation_bit": "0", "service_request_bit": "0", "reserved_bits": "000", "brdcst_received_bit": "0", "busy_bit": "0", "subsystem_flag_bit": "0", "dynamic_bus_control_accpt_bit": "0", "terminal_flag_bit": "1", "parity_bit": "1", "fake": false}], [17193, {"py/object": "odf.components.Command", "address": 10, "tr": 0, "sub_address": 2, "dword_count": 12, "parity": 0, "fake": false}], [17211, {"py/object": "odf.components.Command", "address": 9, "tr": 1, "sub_address": 2, "dword_count": 12, "parity": 0, "fake": false}], [19286, {"py/object": "odf.components.Status", "address": 9, "message_error_bit": "0", "instrumentation_bit": "0", "service_request_bit": "0", "reserved_bits": "000", "brdcst_received_bit": "0", "busy_bit": "0", "subsystem_flag_bit": "0", "dynamic_bus_control_accpt_bit": "0", "terminal_flag_bit": "1", "parity_bit": "1", "fake": false}], [19357, {"py/object": "odf.components.Data", "data": {"py/b64": "L8E="}, "fake": false}], [19429, {"py/object": "odf.components.Data", "data": {"py/b64": "B0I="}, "fake": false}], [19504, {"py/object": "odf.components.Data", "data": {"py/b64": "ocg="}, "fake": false}], [19575, {"py/object": "odf.components.Data", "data": {"py/b64": "7MI="}, "fake": false}], [19647, {"py/object": "odf.components.Data", "data": {"py/b64": "vNY="}, "fake": false}], [19718, {"py/object": "odf.components.Data", "data": {"py/b64": "MUI="}, "fake": false}], [19790, {"py/object": "odf.components.Data", "data": {"py/b64": "K8E="}, "fake": false}], [19863, {"py/object": "odf.components.Data", "data": {"py/b64": "B0I="}, "fake": false}], [19933, {"py/object": "odf.components.Data", "data": {"py/b64": "tMg="}, "fake": false}], [20003, {"py/object": "odf.components.Data", "data": {"py/b64": "7MI="}, "fake": false}], [20075, {"py/object": "odf.components.Data", "data": {"py/b64": "ivU="}, "fake": false}], [20150, {"py/object": "odf.components.Data", "data": {"py/b64": "FEM="}, "fake": false}], [22274, {"py/object": "odf.components.Status", "address": 10, "message_error_bit": "0", "instrumentation_bit": "0", "service_request_bit": "0", "reserved_bits": "000", "brdcst_received_bit": "0", "busy_bit": "0", "subsystem_flag_bit": "0", "dynamic_bus_control_accpt_bit": "0", "terminal_flag_bit": "1", "parity_bit": "1", "fake": false}], [22340, {"py/object": "odf.components.Command", "address": 12, "tr": 0, "sub_address": 2, "dword_count": 16, "parity": 0, "fake": false}], [22359, {"py/object": "odf.components.Command", "address": 11, "tr": 1, "sub_address": 2, "dword_count": 16, "parity": 0, "fake": false}], [24434, {"py/object": "odf.components.Status", "address": 11, "message_error_bit": "0", "instrumentation_bit": "0", "service_request_bit": "0", "reserved_bits": "000", "brdcst_received_bit": "0", "busy_bit": "0", "subsystem_flag_bit": "0", "dynamic_bus_control_accpt_bit": "0", "terminal_flag_bit": "1", "parity_bit": "1", "fake": false}], [24506, {"py/object": "odf.components.Data", "data": {"py/b64": "d2Y="}, "fake": false}], [24579, {"py/object": "odf.components.Data", "data": {"py/b64": "Gjs="}, "fake": false}], [24635, {"py/object": "odf.components.Data", "data": {"py/b64": "AIo="}, "fake": false}], [24703, {"py/object": "odf.components.Data", "data": {"py/b64": "ZUE="}, "fake": false}], [24773, {"py/object": "odf.components.Data", "data": {"py/b64": "roc="}, "fake": false}], [24846, {"py/object": "odf.components.Data", "data": {"py/b64": "7EE="}, "fake": false}], [24917, {"py/object": "odf.components.Data", "data": {"py/b64": "sAg="}, "fake": false}], [24989, {"py/object": "odf.components.Data", "data": {"py/b64": "YEA="}, "fake": false}], [25060, {"py/object": "odf.components.Data", "data": {"py/b64": "Ac0="}, "fake": false}], [25136, {"py/object": "odf.components.Data", "data": {"py/b64": "5T8="}, "fake": false}], [25207, {"py/object": "odf.components.Data", "data": {"py/b64": "868="}, "fake": false}], [25277, {"py/object": "odf.components.Data", "data": {"py/b64": "Aj4="}, "fake": false}], [25348, {"py/object": "odf.components.Data", "data": {"py/b64": "TQU="}, "fake": false}], [25420, {"py/object": "odf.components.Data", "data": {"py/b64": "9z4="}, "fake": false}], [25493, {"py/object": "odf.components.Data", "data": {"py/b64": "LU0="}, "fake": false}], [25565, {"py/object": "odf.components.Data", "data": {"py/b64": "nEE="}, "fake": false}], [27699, {"py/object": "odf.components.Status", "address": 12, "message_error_bit": "0", "instrumentation_bit": "0", "service_request_bit": "0", "reserved_bits": "000", "brdcst_received_bit": "0", "busy_bit": "0", "subsystem_flag_bit": "0", "dynamic_bus_control_accpt_bit": "0", "terminal_flag_bit": "1", "parity_bit": "1", "fake": false}], [27876, {"py/object": "odf.components.Command", "address": 1, "tr": 0, "sub_address": 2, "dword_count": 4, "parity": 0, "fake": false}], [27931, {"py/object": "odf.components.Data", "data": {"py/b64": "AAA="}, "fake": false}], [27944, {"py/object": "odf.components.Data", "data": {"py/b64": "AAA="}, "fake": false}], [27954, {"py/object": "odf.components.Data", "data": {"py/b64": "AAA="}, "fake": false}], [27965, {"py/object": "odf.components.Data", "data": {"py/b64": "AAA="}, "fake": false}], [30034, {"py/object": "odf.components.Status", "address": 1, "message_error_bit": "0", "instrumentation_bit": "0", "service_request_bit": "0", "reserved_bits": "000", "brdcst_received_bit": "0", "busy_bit": "0", "subsystem_flag_bit": "0", "dynamic_bus_control_accpt_bit": "0", "terminal_flag_bit": "1", "parity_bit": "1", "fake": false}], [30210, {"py/object": "odf.components.Command", "address": 31, "tr": 0, "sub_address": 2, "dword_count": 1, "parity": 0, "fake": false}], [30276, {"py/object": "odf.components.Data", "data": {"py/b64": "//8="}, "fake": false}], [30290, {"py/object": "odf.components.Command", "address": 4, "tr": 0, "sub_address": 2, "dword_count": 18, "parity": 0, "fake": false}], [30302, {"py/object": "odf.components.Command", "address": 3, "tr": 1, "sub_address": 2, "dword_count": 18, "parity": 0, "fake": false}], [32344, {"py/object": "odf.components.Status", "address": 3, "message_error_bit": "0", "instrumentation_bit": "0", "service_request_bit": "0", "reserved_bits": "000", "brdcst_received_bit": "0", "busy_bit": "0", "subsystem_flag_bit": "0", "dynamic_bus_control_accpt_bit": "0", "terminal_flag_bit": "1", "parity_bit": "1", "fake": false}], [32410, {"py/object": "odf.components.Data", "data": {"py/b64": "Z7o="}, "fake": false}], [32458, {"py/object": "odf.components.Data", "data": {"py/b64": "a0M="}, "fake": false}], [32529, {"py/object": "odf.components.Data", "data": {"py/b64": "VEk="}, "fake": false}], [32586, {"py/object": "odf.components.Data", "data": {"py/b64": "lUQ="}, "fake": false}], [32657, {"py/object": "odf.components.Data", "data": {"py/b64": "6so="}, "fake": false}], [32733, {"py/object": "odf.components.Data", "data": {"py/b64": "3EM="}, "fake": false}], [32784, {"py/object": "odf.components.Data", "data": {"py/b64": "t6g="}, "fake": false}], [32854, {"py/object": "odf.components.Data", "data": {"py/b64": "hEM="}, "fake": false}], [32926, {"py/object": "odf.components.Data", "data": {"py/b64": "bs0="}, "fake": false}], [32998, {"py/object": "odf.components.Data", "data": {"py/b64": "i0A="}, "fake": false}], [33069, {"py/object": "odf.components.Data", "data": {"py/b64": "Bs8="}, "fake": false}], [33141, {"py/object": "odf.components.Data", "data": {"py/b64": "i0A="}, "fake": false}], [33213, {"py/object": "odf.components.Data", "data": {"py/b64": "9OA="}, "fake": false}], [33286, {"py/object": "odf.components.Data", "data": {"py/b64": "QkA="}, "fake": false}], [33358, {"py/object": "odf.components.Data", "data": {"py/b64": "Osk="}, "fake": false}], [33430, {"py/object": "odf.components.Data", "data": {"py/b64": "1UM="}, "fake": false}], [33500, {"py/object": "odf.components.Data", "data": {"py/b64": "tww="}, "fake": false}], [33578, {"py/object": "odf.components.Data", "data": {"py/b64": "OkQ="}, "fake": false}], [35683, {"py/object": "odf.components.Status", "address": 4, "message_error_bit": "0", "instrumentation_bit": "0", "service_request_bit": "0", "reserved_bits": "000", "brdcst_received_bit": "0", "busy_bit": "0", "subsystem_flag_bit": "0", "dynamic_bus_control_accpt_bit": "0", "terminal_flag_bit": "1", "parity_bit": "1", "fake": false}], [35742, {"py/object": "odf.components.Command", "address": 6, "tr": 0, "sub_address": 2, "dword_count": 28, "parity": 0, "fake": false}], [35754, {"py/object": "odf.components.Command", "address": 5, "tr": 1, "sub_address": 2, "dword_count": 28, "parity": 0, "fake": false}], [37814, {"py/object": "odf.components.Status", "address": 5, "message_error_bit": "0", "instrumentation_bit": "0", "service_request_bit": "0", "reserved_bits": "000", "brdcst_received_bit": "0", "busy_bit": "0", "subsystem_flag_bit": "0", "dynamic_bus_control_accpt_bit": "0", "terminal_flag_bit": "1", "parity_bit": "1", "fake": false}], [37885, {"py/object": "odf.components.Data", "data": {"py/b64": "AdU="}, "fake": false}], [37957, {"py/object": "odf.components.Data", "data": {"py/b64": "dUM="}, "fake": false}], [38028, {"py/object": "odf.components.Data", "data": {"py/b64": "L6s="}, "fake": false}], [38099, {"py/object": "odf.components.Data", "data": {"py/b64": "z0M="}, "fake": false}], [38169, {"py/object": "odf.components.Data", "data": {"py/b64": "ieI="}, "fake": false}], [38240, {"py/object": "odf.components.Data", "data": {"py/b64": "zcM="}, "fake": false}], [38313, {"py/object": "odf.components.Data", "data": {"py/b64": "yLU="}, "fake": false}], [38382, {"py/object": "odf.components.Data", "data": {"py/b64": "ikE="}, "fake": false}], [38452, {"py/object": "odf.components.Data", "data": {"py/b64": "rBY="}, "fake": false}], [38523, {"py/object": "odf.components.Data", "data": {"py/b64": "T8I="}, "fake": false}], [38594, {"py/object": "odf.components.Data", "data": {"py/b64": "bsM="}, "fake": false}], [38665, {"py/object": "odf.components.Data", "data": {"py/b64": "vb8="}, "fake": false}], [38736, {"py/object": "odf.components.Data", "data": {"py/b64": "bEk="}, "fake": false}], [38808, {"py/object": "odf.components.Data", "data": {"py/b64": "hr4="}, "fake": false}], [38880, {"py/object": "odf.components.Data", "data": {"py/b64": "vk8="}, "fake": false}], [38951, {"py/object": "odf.components.Data", "data": {"py/b64": "yD8="}, "fake": false}], [39021, {"py/object": "odf.components.Data", "data": {"py/b64": "9jM="}, "fake": false}], [39091, {"py/object": "odf.components.Data", "data": {"py/b64": "078="}, "fake": false}], [39163, {"py/object": "odf.components.Data", "data": {"py/b64": "B8k="}, "fake": false}], [39233, {"py/object": "odf.components.Data", "data": {"py/b64": "LcE="}, "fake": false}], [39310, {"py/object": "odf.components.Data", "data": {"py/b64": "19k="}, "fake": false}], [39378, {"py/object": "odf.components.Data", "data": {"py/b64": "z0M="}, "fake": false}], [39449, {"py/object": "odf.components.Data", "data": {"py/b64": "slA="}, "fake": false}], [39524, {"py/object": "odf.components.Data", "data": {"py/b64": "Vr8="}, "fake": false}], [39594, {"py/object": "odf.components.Data", "data": {"py/b64": "9Po="}, "fake": false}], [39665, {"py/object": "odf.components.Data", "data": {"py/b64": "nL4="}, "fake": false}], [39736, {"py/object": "odf.components.Data", "data": {"py/b64": "VeY="}, "fake": false}], [39812, {"py/object": "odf.components.Data", "data": {"py/b64": "gD8="}, "fake": false}], [41932, {"py/object": "odf.components.Status", "address": 6, "message_error_bit": "0", "instrumentation_bit": "0", "service_request_bit": "0", "reserved_bits": "000", "brdcst_received_bit": "0", "busy_bit": "0", "subsystem_flag_bit": "0", "dynamic_bus_control_accpt_bit": "0", "terminal_flag_bit": "1", "parity_bit": "1", "fake": false}], [41987, {"py/object": "odf.components.Command", "address": 8, "tr": 0, "sub_address": 2, "dword_count": 8, "parity": 0, "fake": false}], [42000, {"py/object": "odf.components.Command", "address": 7, "tr": 1, "sub_address": 2, "dword_count": 8, "parity": 0, "fake": false}], [44064, {"py/object": "odf.components.Status", "address": 7, "message_error_bit": "0", "instrumentation_bit": "0", "service_request_bit": "0", "reserved_bits": "000", "brdcst_received_bit": "0", "busy_bit": "0", "subsystem_flag_bit": "0", "dynamic_bus_control_accpt_bit": "0", "terminal_flag_bit": "1", "parity_bit": "1", "fake": false}], [44135, {"py/object": "odf.components.Data", "data": {"py/b64": "fiU="}, "fake": false}], [44210, {"py/object": "odf.components.Data", "data": {"py/b64": "h70="}, "fake": false}], [44283, {"py/object": "odf.components.Data", "data": {"py/b64": "x4U="}, "fake": false}], [44356, {"py/object": "odf.components.Data", "data": {"py/b64": "jbs="}, "fake": false}], [44424, {"py/object": "odf.components.Data", "data": {"py/b64": "DeA="}, "fake": false}], [44496, {"py/object": "odf.components.Data", "data": {"py/b64": "0Tw="}, "fake": false}], [44573, {"py/object": "odf.components.Data", "data": {"py/b64": "ZDQ="}, "fake": false}], [44630, {"py/object": "odf.components.Data", "data": {"py/b64": "Vbo="}, "fake": false}], [46762, {"py/object": "odf.components.Status", "address": 8, "message_error_bit": "0", "instrumentation_bit": "0", "service_request_bit": "0", "reserved_bits": "000", "brdcst_received_bit": "0", "busy_bit": "0", "subsystem_flag_bit": "0", "dynamic_bus_control_accpt_bit": "0", "terminal_flag_bit": "1", "parity_bit": "1", "fake": false}], [46808, {"py/object": "odf.components.Command", "address": 10, "tr": 0, "sub_address": 2, "dword_count": 12, "parity": 0, "fake": false}], [46819, {"py/object": "odf.components.Command", "address": 9, "tr": 1, "sub_address": 2, "dword_count": 12, "parity": 0, "fake": false}], [48884, {"py/object": "odf.components.Status", "address": 9, "message_error_bit": "0", "instrumentation_bit": "0", "service_request_bit": "0", "reserved_bits": "000", "brdcst_received_bit": "0", "busy_bit": "0", "subsystem_flag_bit": "0", "dynamic_bus_control_accpt_bit": "0", "terminal_flag_bit": "1", "parity_bit": "1", "fake": false}], [48955, {"py/object": "odf.components.Data", "data": {"py/b64": "T70="}, "fake": false}], [49025, {"py/object": "odf.components.Data", "data": {"py/b64": "B0I="}, "fake": false}], [49084, {"py/object": "odf.components.Data", "data": {"py/b64": "Sds="}, "fake": false}], [49147, {"py/object": "odf.components.Data", "data": {"py/b64": "7MI="}, "fake": false}], [49213, {"py/object": "odf.components.Data", "data": {"py/b64": "m+o="}, "fake": false}], [49284, {"py/object": "odf.components.Data", "data": {"py/b64": "aEM="}, "fake": false}], [49347, {"py/object": "odf.components.Data", "data": {"py/b64": "Sr0="}, "fake": false}], [49417, {"py/object": "odf.components.Data", "data": {"py/b64": "B0I="}, "fake": false}], [49489, {"py/object": "odf.components.Data", "data": {"py/b64": "Yts="}, "fake": false}], [49562, {"py/object": "odf.components.Data", "data": {"py/b64": "7MI="}, "fake": false}], [49634, {"py/object": "odf.components.Data", "data": {"py/b64": "Ugk="}, "fake": false}], [49708, {"py/object": "odf.components.Data", "data": {"py/b64": "QEQ="}, "fake": false}], [51825, {"py/object": "odf.components.Status", "address": 10, "message_error_bit": "0", "instrumentation_bit": "0", "service_request_bit": "0", "reserved_bits": "000", "brdcst_received_bit": "0", "busy_bit": "0", "subsystem_flag_bit": "0", "dynamic_bus_control_accpt_bit": "0", "terminal_flag_bit": "1", "parity_bit": "1", "fake": false}], [51903, {"py/object": "odf.components.Command", "address": 12, "tr": 0, "sub_address": 2, "dword_count": 16, "parity": 0, "fake": false}], [51918, {"py/object": "odf.components.Command", "address": 11, "tr": 1, "sub_address": 2, "dword_count": 16, "parity": 0, "fake": false}], [53984, {"py/object": "odf.components.Status", "address": 11, "message_error_bit": "0", "instrumentation_bit": "0", "service_request_bit": "0", "reserved_bits": "000", "brdcst_received_bit": "0", "busy_bit": "0", "subsystem_flag_bit": "0", "dynamic_bus_control_accpt_bit": "0", "terminal_flag_bit": "1", "parity_bit": "1", "fake": false}], [54052, {"py/object": "odf.components.Data", "data": {"py/b64": "i5E="}, "fake": false}], [54122, {"py/object": "odf.components.Data", "data": {"py/b64": "Fzs="}, "fake": false}], [54197, {"py/object": "odf.components.Data", "data": {"py/b64": "AIU="}, "fake": false}], [54268, {"py/object": "odf.components.Data", "data": {"py/b64": "UkE="}, "fake": false}], [54345, {"py/object": "odf.components.Data", "data": {"py/b64": "UW8="}, "fake": false}], [54425, {"py/object": "odf.components.Data", "data": {"py/b64": "50E="}, "fake": false}], [54500, {"py/object": "odf.components.Data", "data": {"py/b64": "7gw="}, "fake": false}], [54573, {"py/object": "odf.components.Data", "data": {"py/b64": "t0A="}, "fake": false}], [54647, {"py/object": "odf.components.Data", "data": {"py/b64": "kE0="}, "fake": false}], [54720, {"py/object": "odf.components.Data", "data": {"py/b64": "PEA="}, "fake": false}], [54798, {"py/object": "odf.components.Data", "data": {"py/b64": "ksE="}, "fake": false}], [54876, {"py/object": "odf.components.Data", "data": {"py/b64": "6T0="}, "fake": false}], [54956, {"py/object": "odf.components.Data", "data": {"py/b64": "XXo="}, "fake": false}], [55038, {"py/object": "odf.components.Data", "data": {"py/b64": "ZD4="}, "fake": false}], [55112, {"py/object": "odf.components.Data", "data": {"py/b64": "Ykg="}, "fake": false}], [55192, {"py/object": "odf.components.Data", "data": {"py/b64": "q0E="}, "fake": false}], [57301, {"py/object": "odf.components.Status", "address": 12, "message_error_bit": "0", "instrumentation_bit": "0", "service_request_bit": "0", "reserved_bits": "000", "brdcst_received_bit": "0", "busy_bit": "0", "subsystem_flag_bit": "0", "dynamic_bus_control_accpt_bit": "0", "terminal_flag_bit": "1", "parity_bit": "1", "fake": false}], [57479, {"py/object": "odf.components.Command", "address": 1, "tr": 0, "sub_address": 2, "dword_count": 4, "parity": 0, "fake": false}], [57555, {"py/object": "odf.components.Data", "data": {"py/b64": "AAA="}, "fake": false}], [57568, {"py/object": "odf.components.Data", "data": {"py/b64": "AAA="}, "fake": false}], [57579, {"py/object": "odf.components.Data", "data": {"py/b64": "AAA="}, "fake": false}], [57591, {"py/object": "odf.components.Data", "data": {"py/b64": "AAA="}, "fake": false}], [59668, {"py/object": "odf.components.Status", "address": 1, "message_error_bit": "0", "instrumentation_bit": "0", "service_request_bit": "0", "reserved_bits": "000", "brdcst_received_bit": "0", "busy_bit": "0", "subsystem_flag_bit": "0", "dynamic_bus_control_accpt_bit": "0", "terminal_flag_bit": "1", "parity_bit": "1", "fake": false}], [59829, {"py/object": "odf.components.Command", "address": 31, "tr": 0, "sub_address": 2, "dword_count": 1, "parity": 0, "fake": false}], [59882, {"py/object": "odf.components.Data", "data": {"py/b64": "//8="}, "fake": false}], [59898, {"py/object": "odf.components.Command", "address": 4, "tr": 0, "sub_address": 2, "dword_count": 18, "parity": 0, "fake": false}], [59909, {"py/object": "odf.components.Command", "address": 3, "tr": 1, "sub_address": 2, "dword_count": 18, "parity": 0, "fake": false}], [61969, {"py/object": "odf.components.Status", "address": 3, "message_error_bit": "0", "instrumentation_bit": "0", "service_request_bit": "0", "reserved_bits": "000", "brdcst_received_bit": "0", "busy_bit": "0", "subsystem_flag_bit": "0", "dynamic_bus_control_accpt_bit": "0", "terminal_flag_bit": "1", "parity_bit": "1", "fake": false}], [62046, {"py/object": "odf.components.Data", "data": {"py/b64": "kuU="}, "fake": false}], [62130, {"py/object": "odf.components.Data", "data": {"py/b64": "eUM="}, "fake": false}], [62211, {"py/object": "odf.components.Data", "data": {"py/b64": "r2I="}, "fake": false}], [62292, {"py/object": "odf.components.Data", "data": {"py/b64": "AEU="}, "fake": false}], [62368, {"py/object": "odf.components.Data", "data": {"py/b64": "rWM="}, "fake": false}], [62447, {"py/object": "odf.components.Data", "data": {"py/b64": "kEQ="}, "fake": false}], [62528, {"py/object": "odf.components.Data", "data": {"py/b64": "DzY="}, "fake": false}], [62605, {"py/object": "odf.components.Data", "data": {"py/b64": "WkM="}, "fake": false}], [62683, {"py/object": "odf.components.Data", "data": {"py/b64": "D1o="}, "fake": false}], [62761, {"py/object": "odf.components.Data", "data": {"py/b64": "gUA="}, "fake": false}], [62836, {"py/object": "odf.components.Data", "data": {"py/b64": "nk0="}, "fake": false}], [62918, {"py/object": "odf.components.Data", "data": {"py/b64": "gUA="}, "fake": false}], [62997, {"py/object": "odf.components.Data", "data": {"py/b64": "rfk="}, "fake": false}], [63079, {"py/object": "odf.components.Data", "data": {"py/b64": "QkA="}, "fake": false}], [63159, {"py/object": "odf.components.Data", "data": {"py/b64": "Kk4="}, "fake": false}], [63239, {"py/object": "odf.components.Data", "data": {"py/b64": "1UM="}, "fake": false}], [63312, {"py/object": "odf.components.Data", "data": {"py/b64": "tww="}, "fake": false}], [63396, {"py/object": "odf.components.Data", "data": {"py/b64": "OkQ="}, "fake": false}], [65498, {"py/object": "odf.components.Status", "address": 4, "message_error_bit": "0", "instrumentation_bit": "0", "service_request_bit": "0", "reserved_bits": "000", "brdcst_received_bit": "0", "busy_bit": "0", "subsystem_flag_bit": "0", "dynamic_bus_control_accpt_bit": "0", "terminal_flag_bit": "1", "parity_bit": "1", "fake": false}], [65581, {"py/object": "odf.components.Command", "address": 6, "tr": 0, "sub_address": 2, "dword_count": 28, "parity": 0, "fake": false}], [65600, {"py/object": "odf.components.Command", "address": 5, "tr": 1, "sub_address": 2, "dword_count": 28, "parity": 0, "fake": false}], [65685, {"py/object": "odf.components.Status", "address": 5, "message_error_bit": "0", "instrumentation_bit": "0", "service_request_bit": "0", "reserved_bits": "000", "brdcst_received_bit": "0", "busy_bit": "0", "subsystem_flag_bit": "0", "dynamic_bus_control_accpt_bit": "0", "terminal_flag_bit": "1", "parity_bit": "0", "fake": true}], [65752, {"py/object": "odf.components.Data", "data": {"py/b64": "cXE="}, "fake": true}], [65819, {"py/object": "odf.components.Data", "data": {"py/b64": "cXE="}, "fake": true}], [65887, {"py/object": "odf.components.Data", "data": {"py/b64": "cXE="}, "fake": true}], [65957, {"py/object": "odf.components.Data", "data": {"py/b64": "cXE="}, "fake": true}], [66027, {"py/object": "odf.components.Data", "data": {"py/b64": "cXE="}, "fake": true}], [66084, {"py/object": "odf.components.Data", "data": {"py/b64": "cXE="}, "fake": true}], [66148, {"py/object": "odf.components.Data", "data": {"py/b64": "cXE="}, "fake": true}], [66217, {"py/object": "odf.components.Data", "data": {"py/b64": "cXE="}, "fake": true}], [66275, {"py/object": "odf.components.Data", "data": {"py/b64": "cXE="}, "fake": true}], [66342, {"py/object": "odf.components.Data", "data": {"py/b64": "cXE="}, "fake": true}], [66412, {"py/object": "odf.components.Data", "data": {"py/b64": "cXE="}, "fake": true}], [66481, {"py/object": "odf.components.Data", "data": {"py/b64": "cXE="}, "fake": true}], [66548, {"py/object": "odf.components.Data", "data": {"py/b64": "cXE="}, "fake": true}], [66616, {"py/object": "odf.components.Data", "data": {"py/b64": "cXE="}, "fake": true}], [66685, {"py/object": "odf.components.Data", "data": {"py/b64": "cXE="}, "fake": true}], [66754, {"py/object": "odf.components.Data", "data": {"py/b64": "cXE="}, "fake": true}], [66823, {"py/object": "odf.components.Data", "data": {"py/b64": "cXE="}, "fake": true}], [66893, {"py/object": "odf.components.Data", "data": {"py/b64": "cXE="}, "fake": true}], [66965, {"py/object": "odf.components.Data", "data": {"py/b64": "cXE="}, "fake": true}], [67031, {"py/object": "odf.components.Data", "data": {"py/b64": "cXE="}, "fake": true}], [67089, {"py/object": "odf.components.Data", "data": {"py/b64": "cXE="}, "fake": true}], [67160, {"py/object": "odf.components.Data", "data": {"py/b64": "cXE="}, "fake": true}], [67229, {"py/object": "odf.components.Data", "data": {"py/b64": "cXE="}, "fake": true}], [67287, {"py/object": "odf.components.Data", "data": {"py/b64": "cXE="}, "fake": true}], [67355, {"py/object": "odf.components.Data", "data": {"py/b64": "cXE="}, "fake": true}], [67425, {"py/object": "odf.components.Data", "data": {"py/b64": "cXE="}, "fake": true}], [67487, {"py/object": "odf.components.Data", "data": {"py/b64": "cXE="}, "fake": true}], [67561, {"py/object": "odf.components.Data", "data": {"py/b64": "cXE="}, "fake": true}], [69695, {"py/object": "odf.components.Status", "address": 6, "message_error_bit": "0", "instrumentation_bit": "0", "service_request_bit": "0", "reserved_bits": "000", "brdcst_received_bit": "0", "busy_bit": "0", "subsystem_flag_bit": "0", "dynamic_bus_control_accpt_bit": "0", "terminal_flag_bit": "1", "parity_bit": "1", "fake": false}], [69749, {"py/object": "odf.components.Command", "address": 8, "tr": 0, "sub_address": 2, "dword_count": 8, "parity": 0, "fake": false}], [69762, {"py/object": "odf.components.Command", "address": 7, "tr": 1, "sub_address": 2, "dword_count": 8, "parity": 0, "fake": false}], [71828, {"py/object": "odf.components.Status", "address": 7, "message_error_bit": "0", "instrumentation_bit": "0", "service_request_bit": "0", "reserved_bits": "000", "brdcst_received_bit": "0", "busy_bit": "0", "subsystem_flag_bit": "0", "dynamic_bus_control_accpt_bit": "0", "terminal_flag_bit": "1", "parity_bit": "1", "fake": false}], [71904, {"py/object": "odf.components.Data", "data": {"py/b64": "8hg="}, "fake": false}], [71983, {"py/object": "odf.components.Data", "data": {"py/b64": "2L0="}, "fake": false}], [72063, {"py/object": "odf.components.Data", "data": {"py/b64": "LC4="}, "fake": false}], [72138, {"py/object": "odf.components.Data", "data": {"py/b64": "6T4="}, "fake": false}], [72207, {"py/object": "odf.components.Data", "data": {"py/b64": "XKU="}, "fake": false}], [72288, {"py/object": "odf.components.Data", "data": {"py/b64": "3zw="}, "fake": false}], [72367, {"py/object": "odf.components.Data", "data": {"py/b64": "oMk="}, "fake": false}], [72451, {"py/object": "odf.components.Data", "data": {"py/b64": "zrk="}, "fake": false}], [74583, {"py/object": "odf.components.Status", "address": 8, "message_error_bit": "0", "instrumentation_bit": "0", "service_request_bit": "0", "reserved_bits": "000", "brdcst_received_bit": "0", "busy_bit": "0", "subsystem_flag_bit": "0", "dynamic_bus_control_accpt_bit": "0", "terminal_flag_bit": "1", "parity_bit": "1", "fake": false}], [74636, {"py/object": "odf.components.Command", "address": 10, "tr": 0, "sub_address": 2, "dword_count": 12, "parity": 0, "fake": false}], [74650, {"py/object": "odf.components.Command", "address": 9, "tr": 1, "sub_address": 2, "dword_count": 12, "parity": 0, "fake": false}], [76725, {"py/object": "odf.components.Status", "address": 9, "message_error_bit": "0", "instrumentation_bit": "0", "service_request_bit": "0", "reserved_bits": "000", "brdcst_received_bit": "0", "busy_bit": "0", "subsystem_flag_bit": "0", "dynamic_bus_control_accpt_bit": "0", "terminal_flag_bit": "1", "parity_bit": "1", "fake": false}], [76806, {"py/object": "odf.components.Data", "data": {"py/b64": "464="}, "fake": false}], [76887, {"py/object": "odf.components.Data", "data": {"py/b64": "B0I="}, "fake": false}], [76970, {"py/object": "odf.components.Data", "data": {"py/b64": "1uo="}, "fake": false}], [77042, {"py/object": "odf.components.Data", "data": {"py/b64": "7MI="}, "fake": false}], [77097, {"py/object": "odf.components.Data", "data": {"py/b64": "Npo="}, "fake": false}], [77166, {"py/object": "odf.components.Data", "data": {"py/b64": "/UM="}, "fake": false}], [77235, {"py/object": "odf.components.Data", "data": {"py/b64": "xq4="}, "fake": false}], [77314, {"py/object": "odf.components.Data", "data": {"py/b64": "B0I="}, "fake": false}], [77394, {"py/object": "odf.components.Data", "data": {"py/b64": "5Oo="}, "fake": false}], [77473, {"py/object": "odf.components.Data", "data": {"py/b64": "7MI="}, "fake": false}], [77553, {"py/object": "odf.components.Data", "data": {"py/b64": "nnM="}, "fake": false}], [77636, {"py/object": "odf.components.Data", "data": {"py/b64": "0EQ="}, "fake": false}], [79784, {"py/object": "odf.components.Status", "address": 10, "message_error_bit": "0", "instrumentation_bit": "0", "service_request_bit": "0", "reserved_bits": "000", "brdcst_received_bit": "0", "busy_bit": "0", "subsystem_flag_bit": "0", "dynamic_bus_control_accpt_bit": "0", "terminal_flag_bit": "1", "parity_bit": "1", "fake": false}], [79845, {"py/object": "odf.components.Command", "address": 12, "tr": 0, "sub_address": 2, "dword_count": 16, "parity": 0, "fake": false}], [79857, {"py/object": "odf.components.Command", "address": 11, "tr": 1, "sub_address": 2, "dword_count": 16, "parity": 0, "fake": false}], [81929, {"py/object": "odf.components.Status", "address": 11, "message_error_bit": "0", "instrumentation_bit": "0", "service_request_bit": "0", "reserved_bits": "000", "brdcst_received_bit": "0", "busy_bit": "0", "subsystem_flag_bit": "0", "dynamic_bus_control_accpt_bit": "0", "terminal_flag_bit": "1", "parity_bit": "1", "fake": false}], [82010, {"py/object": "odf.components.Data", "data": {"py/b64": "BHY="}, "fake": false}], [82090, {"py/object": "odf.components.Data", "data": {"py/b64": "Ezs="}, "fake": false}], [82169, {"py/object": "odf.components.Data", "data": {"py/b64": "IAo="}, "fake": false}], [82251, {"py/object": "odf.components.Data", "data": {"py/b64": "NUE="}, "fake": false}], [82330, {"py/object": "odf.components.Data", "data": {"py/b64": "H5k="}, "fake": false}], [82410, {"py/object": "odf.components.Data", "data": {"py/b64": "30E="}, "fake": false}], [82500, {"py/object": "odf.components.Data", "data": {"py/b64": "lcU="}, "fake": false}], [82566, {"py/object": "odf.components.Data", "data": {"py/b64": "n0A="}, "fake": false}], [82645, {"py/object": "odf.components.Data", "data": {"py/b64": "IYk="}, "fake": false}], [82724, {"py/object": "odf.components.Data", "data": {"py/b64": "JUA="}, "fake": false}], [82799, {"py/object": "odf.components.Data", "data": {"py/b64": "l6s="}, "fake": false}], [82877, {"py/object": "odf.components.Data", "data": {"py/b64": "Zj0="}, "fake": false}], [82952, {"py/object": "odf.components.Data", "data": {"py/b64": "BL8="}, "fake": false}], [83032, {"py/object": "odf.components.Data", "data": {"py/b64": "Vj0="}, "fake": false}], [83111, {"py/object": "odf.components.Data", "data": {"py/b64": "d60="}, "fake": false}], [83194, {"py/object": "odf.components.Data", "data": {"py/b64": "nUE="}, "fake": false}], [85296, {"py/object": "odf.components.Status", "address": 12, "message_error_bit": "0", "instrumentation_bit": "0", "service_request_bit": "0", "reserved_bits": "000", "brdcst_received_bit": "0", "busy_bit": "0", "subsystem_flag_bit": "0", "dynamic_bus_control_accpt_bit": "0", "terminal_flag_bit": "1", "parity_bit": "1", "fake": false}], [85501, {"py/object": "odf.components.Command", "address": 1, "tr": 0, "sub_address": 2, "dword_count": 4, "parity": 0, "fake": false}], [85592, {"py/object": "odf.components.Data", "data": {"py/b64": "AAA="}, "fake": false}], [85607, {"py/object": "odf.components.Data", "data": {"py/b64": "AAA="}, "fake": false}], [85619, {"py/object": "odf.components.Data", "data": {"py/b64": "AAA="}, "fake": false}], [85631, {"py/object": "odf.components.Data", "data": {"py/b64": "AAA="}, "fake": false}], [87667, {"py/object": "odf.components.Status", "address": 1, "message_error_bit": "0", "instrumentation_bit": "0", "service_request_bit": "0", "reserved_bits": "000", "brdcst_received_bit": "0", "busy_bit": "0", "subsystem_flag_bit": "0", "dynamic_bus_control_accpt_bit": "0", "terminal_flag_bit": "1", "parity_bit": "1", "fake": false}], [87836, {"py/object": "odf.components.Command", "address": 31, "tr": 0, "sub_address": 2, "dword_count": 1, "parity": 0, "fake": false}], [87945, {"py/object": "odf.components.Data", "data": {"py/b64": "//8="}, "fake": false}], [87963, {"py/object": "odf.components.Command", "address": 4, "tr": 0, "sub_address": 2, "dword_count": 18, "parity": 0, "fake": false}], [87975, {"py/object": "odf.components.Command", "address": 3, "tr": 1, "sub_address": 2, "dword_count": 18, "parity": 0, "fake": false}], [90035, {"py/object": "odf.components.Status", "address": 3, "message_error_bit": "0", "instrumentation_bit": "0", "service_request_bit": "0", "reserved_bits": "000", "brdcst_received_bit": "0", "busy_bit": "0", "subsystem_flag_bit": "0", "dynamic_bus_control_accpt_bit": "0", "terminal_flag_bit": "1", "parity_bit": "1", "fake": false}], [90113, {"py/object": "odf.components.Data", "data": {"py/b64": "QQY="}, "fake": false}], [90196, {"py/object": "odf.components.Data", "data": {"py/b64": "ekM="}, "fake": false}], [90278, {"py/object": "odf.components.Data", "data": {"py/b64": "7QQ="}, "fake": false}], [90356, {"py/object": "odf.components.Data", "data": {"py/b64": "AUU="}, "fake": false}], [90429, {"py/object": "odf.components.Data", "data": {"py/b64": "IS0="}, "fake": false}], [90509, {"py/object": "odf.components.Data", "data": {"py/b64": "A0U="}, "fake": false}], [90582, {"py/object": "odf.components.Data", "data": {"py/b64": "+3s="}, "fake": false}], [90637, {"py/object": "odf.components.Data", "data": {"py/b64": "D0M="}, "fake": false}], [90714, {"py/object": "odf.components.Data", "data": {"py/b64": "i30="}, "fake": false}], [90794, {"py/object": "odf.components.Data", "data": {"py/b64": "QkA="}, "fake": false}], [90874, {"py/object": "odf.components.Data", "data": {"py/b64": "xmw="}, "fake": false}], [90953, {"py/object": "odf.components.Data", "data": {"py/b64": "QkA="}, "fake": false}], [91029, {"py/object": "odf.components.Data", "data": {"py/b64": "yQA="}, "fake": false}], [91110, {"py/object": "odf.components.Data", "data": {"py/b64": "Q0A="}, "fake": false}], [91188, {"py/object": "odf.components.Data", "data": {"py/b64": "T9s="}, "fake": false}], [91267, {"py/object": "odf.components.Data", "data": {"py/b64": "1EM="}, "fake": false}], [91347, {"py/object": "odf.components.Data", "data": {"py/b64": "tww="}, "fake": false}], [91430, {"py/object": "odf.components.Data", "data": {"py/b64": "OkQ="}, "fake": false}], [93511, {"py/object": "odf.components.Status", "address": 4, "message_error_bit": "0", "instrumentation_bit": "0", "service_request_bit": "0", "reserved_bits": "000", "brdcst_received_bit": "0", "busy_bit": "0", "subsystem_flag_bit": "0", "dynamic_bus_control_accpt_bit": "0", "terminal_flag_bit": "1", "parity_bit": "1", "fake": false}], [93613, {"py/object": "odf.components.Command", "address": 6, "tr": 0, "sub_address": 2, "dword_count": 28, "parity": 0, "fake": false}], [93635, {"py/object": "odf.components.Command", "address": 5, "tr": 1, "sub_address": 2, "dword_count": 28, "parity": 0, "fake": false}], [93722, {"py/object": "odf.components.Status", "address": 5, "message_error_bit": "0", "instrumentation_bit": "0", "service_request_bit": "0", "reserved_bits": "000", "brdcst_received_bit": "0", "busy_bit": "0", "subsystem_flag_bit": "0", "dynamic_bus_control_accpt_bit": "0", "terminal_flag_bit": "1", "parity_bit": "0", "fake": true}], [93793, {"py/object": "odf.components.Data", "data": {"py/b64": "cXE="}, "fake": true}], [93864, {"py/object": "odf.components.Data", "data": {"py/b64": "cXE="}, "fake": true}], [93940, {"py/object": "odf.components.Data", "data": {"py/b64": "cXE="}, "fake": true}], [94014, {"py/object": "odf.components.Data", "data": {"py/b64": "cXE="}, "fake": true}], [94086, {"py/object": "odf.components.Data", "data": {"py/b64": "cXE="}, "fake": true}], [94156, {"py/object": "odf.components.Data", "data": {"py/b64": "cXE="}, "fake": true}], [94226, {"py/object": "odf.components.Data", "data": {"py/b64": "cXE="}, "fake": true}], [94295, {"py/object": "odf.components.Data", "data": {"py/b64": "cXE="}, "fake": true}], [94364, {"py/object": "odf.components.Data", "data": {"py/b64": "cXE="}, "fake": true}], [94436, {"py/object": "odf.components.Data", "data": {"py/b64": "cXE="}, "fake": true}], [94507, {"py/object": "odf.components.Data", "data": {"py/b64": "cXE="}, "fake": true}], [94579, {"py/object": "odf.components.Data", "data": {"py/b64": "cXE="}, "fake": true}], [94648, {"py/object": "odf.components.Data", "data": {"py/b64": "cXE="}, "fake": true}], [94715, {"py/object": "odf.components.Data", "data": {"py/b64": "cXE="}, "fake": true}], [94788, {"py/object": "odf.components.Data", "data": {"py/b64": "cXE="}, "fake": true}], [94859, {"py/object": "odf.components.Data", "data": {"py/b64": "cXE="}, "fake": true}], [94930, {"py/object": "odf.components.Data", "data": {"py/b64": "cXE="}, "fake": true}], [94999, {"py/object": "odf.components.Data", "data": {"py/b64": "cXE="}, "fake": true}], [95066, {"py/object": "odf.components.Data", "data": {"py/b64": "cXE="}, "fake": true}], [95133, {"py/object": "odf.components.Data", "data": {"py/b64": "cXE="}, "fake": true}], [95197, {"py/object": "odf.components.Data", "data": {"py/b64": "cXE="}, "fake": true}], [95270, {"py/object": "odf.components.Data", "data": {"py/b64": "cXE="}, "fake": true}], [95328, {"py/object": "odf.components.Data", "data": {"py/b64": "cXE="}, "fake": true}], [95388, {"py/object": "odf.components.Data", "data": {"py/b64": "cXE="}, "fake": true}], [95458, {"py/object": "odf.components.Data", "data": {"py/b64": "cXE="}, "fake": true}], [95515, {"py/object": "odf.components.Data", "data": {"py/b64": "cXE="}, "fake": true}], [95582, {"py/object": "odf.components.Data", "data": {"py/b64": "cXE="}, "fake": true}], [95641, {"py/object": "odf.components.Data", "data": {"py/b64": "cXE="}, "fake": true}], [97751, {"py/object": "odf.components.Status", "address": 6, "message_error_bit": "0", "instrumentation_bit": "0", "service_request_bit": "0", "reserved_bits": "000", "brdcst_received_bit": "0", "busy_bit": "0", "subsystem_flag_bit": "0", "dynamic_bus_control_accpt_bit": "0", "terminal_flag_bit": "1", "parity_bit": "1", "fake": false}], [97838, {"py/object": "odf.components.Command", "address": 8, "tr": 0, "sub_address": 2, "dword_count": 8, "parity": 0, "fake": false}], [97854, {"py/object": "odf.components.Command", "address": 7, "tr": 1, "sub_address": 2, "dword_count": 8, "parity": 0, "fake": false}], [99923, {"py/object": "odf.components.Status", "address": 7, "message_error_bit": "0", "instrumentation_bit": "0", "service_request_bit": "0", "reserved_bits": "000", "brdcst_received_bit": "0", "busy_bit": "0", "subsystem_flag_bit": "0", "dynamic_bus_control_accpt_bit": "0", "terminal_flag_bit": "1", "parity_bit": "1", "fake": false}], [100000, {"py/object": "odf.components.Data", "data": {"py/b64": "ISU="}, "fake": false}], [100083, {"py/object": "odf.components.Data", "data": {"py/b64": "1b0="}, "fake": false}], [100160, {"py/object": "odf.components.Data", "data": {"py/b64": "1pM="}, "fake": false}], [100242, {"py/object": "odf.components.Data", "data": {"py/b64": "4T4="}, "fake": false}], [100322, {"py/object": "odf.components.Data", "data": {"py/b64": "vf4="}, "fake": false}], [100400, {"py/object": "odf.components.Data", "data": {"py/b64": "3jw="}, "fake": false}], [100479, {"py/object": "odf.components.Data", "data": {"py/b64": "McM="}, "fake": false}], [100559, {"py/object": "odf.components.Data", "data": {"py/b64": "7Do="}, "fake": false}], [102706, {"py/object": "odf.components.Status", "address": 8, "message_error_bit": "0", "instrumentation_bit": "0", "service_request_bit": "0", "reserved_bits": "000", "brdcst_received_bit": "0", "busy_bit": "0", "subsystem_flag_bit": "0", "dynamic_bus_control_accpt_bit": "0", "terminal_flag_bit": "1", "parity_bit": "1", "fake": false}], [102759, {"py/object": "odf.components.Command", "address": 10, "tr": 0, "sub_address": 2, "dword_count": 12, "parity": 0, "fake": false}], [102773, {"py/object": "odf.components.Command", "address": 9, "tr": 1, "sub_address": 2, "dword_count": 12, "parity": 0, "fake": false}], [104839, {"py/object": "odf.components.Status", "address": 9, "message_error_bit": "0", "instrumentation_bit": "0", "service_request_bit": "0", "reserved_bits": "000", "brdcst_received_bit": "0", "busy_bit": "0", "subsystem_flag_bit": "0", "dynamic_bus_control_accpt_bit": "0", "terminal_flag_bit": "1", "parity_bit": "1", "fake": false}], [104920, {"py/object": "odf.components.Data", "data": {"py/b64": "5Yw="}, "fake": false}], [104999, {"py/object": "odf.components.Data", "data": {"py/b64": "B0I="}, "fake": false}], [105078, {"py/object": "odf.components.Data", "data": {"py/b64": "wOs="}, "fake": false}], [105159, {"py/object": "odf.components.Data", "data": {"py/b64": "7MI="}, "fake": false}], [105241, {"py/object": "odf.components.Data", "data": {"py/b64": "S20="}, "fake": false}], [105322, {"py/object": "odf.components.Data", "data": {"py/b64": "TEQ="}, "fake": false}], [105401, {"py/object": "odf.components.Data", "data": {"py/b64": "x4w="}, "fake": false}], [105481, {"py/object": "odf.components.Data", "data": {"py/b64": "B0I="}, "fake": false}], [105560, {"py/object": "odf.components.Data", "data": {"py/b64": "s+s="}, "fake": false}], [105629, {"py/object": "odf.components.Data", "data": {"py/b64": "7MI="}, "fake": false}], [105709, {"py/object": "odf.components.Data", "data": {"py/b64": "nOc="}, "fake": false}], [105780, {"py/object": "odf.components.Data", "data": {"py/b64": "J0U="}, "fake": false}], [107893, {"py/object": "odf.components.Status", "address": 10, "message_error_bit": "0", "instrumentation_bit": "0", "service_request_bit": "0", "reserved_bits": "000", "brdcst_received_bit": "0", "busy_bit": "0", "subsystem_flag_bit": "0", "dynamic_bus_control_accpt_bit": "0", "terminal_flag_bit": "1", "parity_bit": "1", "fake": false}], [107995, {"py/object": "odf.components.Command", "address": 12, "tr": 0, "sub_address": 2, "dword_count": 16, "parity": 0, "fake": false}], [108012, {"py/object": "odf.components.Command", "address": 11, "tr": 1, "sub_address": 2, "dword_count": 16, "parity": 0, "fake": false}], [110085, {"py/object": "odf.components.Status", "address": 11, "message_error_bit": "0", "instrumentation_bit": "0", "service_request_bit": "0", "reserved_bits": "000", "brdcst_received_bit": "0", "busy_bit": "0", "subsystem_flag_bit": "0", "dynamic_bus_control_accpt_bit": "0", "terminal_flag_bit": "1", "parity_bit": "1", "fake": false}], [110165, {"py/object": "odf.components.Data", "data": {"py/b64": "k08="}, "fake": false}], [110244, {"py/object": "odf.components.Data", "data": {"py/b64": "Dzs="}, "fake": false}], [110324, {"py/object": "odf.components.Data", "data": {"py/b64": "wJs="}, "fake": false}], [110401, {"py/object": "odf.components.Data", "data": {"py/b64": "FkE="}, "fake": false}], [110483, {"py/object": "odf.components.Data", "data": {"py/b64": "cvY="}, "fake": false}], [110567, {"py/object": "odf.components.Data", "data": {"py/b64": "10E="}, "fake": false}], [110644, {"py/object": "odf.components.Data", "data": {"py/b64": "tEM="}, "fake": false}], [110721, {"py/object": "odf.components.Data", "data": {"py/b64": "p0A="}, "fake": false}], [110802, {"py/object": "odf.components.Data", "data": {"py/b64": "lAo="}, "fake": false}], [110881, {"py/object": "odf.components.Data", "data": {"py/b64": "KUA="}, "fake": false}], [110959, {"py/object": "odf.components.Data", "data": {"py/b64": "Mmg="}, "fake": false}], [111041, {"py/object": "odf.components.Data", "data": {"py/b64": "K74="}, "fake": false}], [111117, {"py/object": "odf.components.Data", "data": {"py/b64": "hVA="}, "fake": false}], [111191, {"py/object": "odf.components.Data", "data": {"py/b64": "Fb0="}, "fake": false}], [111270, {"py/object": "odf.components.Data", "data": {"py/b64": "t2s="}, "fake": false}], [111342, {"py/object": "odf.components.Data", "data": {"py/b64": "kEE="}, "fake": false}], [113472, {"py/object": "odf.components.Status", "address": 12, "message_error_bit": "0", "instrumentation_bit": "0", "service_request_bit": "0", "reserved_bits": "000", "brdcst_received_bit": "0", "busy_bit": "0", "subsystem_flag_bit": "0", "dynamic_bus_control_accpt_bit": "0", "terminal_flag_bit": "1", "parity_bit": "1", "fake": false}], [113676, {"py/object": "odf.components.Command", "address": 1, "tr": 0, "sub_address": 2, "dword_count": 4, "parity": 0, "fake": false}], [113744, {"py/object": "odf.components.Data", "data": {"py/b64": "AAA="}, "fake": false}], [113759, {"py/object": "odf.components.Data", "data": {"py/b64": "AAA="}, "fake": false}], [113774, {"py/object": "odf.components.Data", "data": {"py/b64": "AAA="}, "fake": false}], [113787, {"py/object": "odf.components.Data", "data": {"py/b64": "AAA="}, "fake": false}], [115883, {"py/object": "odf.components.Status", "address": 1, "message_error_bit": "0", "instrumentation_bit": "0", "service_request_bit": "0", "reserved_bits": "000", "brdcst_received_bit": "0", "busy_bit": "0", "subsystem_flag_bit": "0", "dynamic_bus_control_accpt_bit": "0", "terminal_flag_bit": "1", "parity_bit": "1", "fake": false}], [116065, {"py/object": "odf.components.Command", "address": 31, "tr": 0, "sub_address": 2, "dword_count": 1, "parity": 0, "fake": false}], [116118, {"py/object": "odf.components.Data", "data": {"py/b64": "//8="}, "fake": false}], [116132, {"py/object": "odf.components.Command", "address": 4, "tr": 0, "sub_address": 2, "dword_count": 18, "parity": 0, "fake": false}], [116145, {"py/object": "odf.components.Command", "address": 3, "tr": 1, "sub_address": 2, "dword_count": 18, "parity": 0, "fake": false}], [118200, {"py/object": "odf.components.Status", "address": 3, "message_error_bit": "0", "instrumentation_bit": "0", "service_request_bit": "0", "reserved_bits": "000", "brdcst_received_bit": "0", "busy_bit": "0", "subsystem_flag_bit": "0", "dynamic_bus_control_accpt_bit": "0", "terminal_flag_bit": "1", "parity_bit": "1", "fake": false}], [118281, {"py/object": "odf.components.Data", "data": {"py/b64": "GHw="}, "fake": false}], [118360, {"py/object": "odf.components.Data", "data": {"py/b64": "eUM="}, "fake": false}], [118440, {"py/object": "odf.components.Data", "data": {"py/b64": "ejY="}, "fake": false}], [118520, {"py/object": "odf.components.Data", "data": {"py/b64": "/0Q="}, "fake": false}], [118599, {"py/object": "odf.components.Data", "data": {"py/b64": "v9w="}, "fake": false}], [118677, {"py/object": "odf.components.Data", "data": {"py/b64": "PkU="}, "fake": false}], [118757, {"py/object": "odf.components.Data", "data": {"py/b64": "tt8="}, "fake": false}], [118835, {"py/object": "odf.components.Data", "data": {"py/b64": "wkI="}, "fake": false}], [118913, {"py/object": "odf.components.Data", "data": {"py/b64": "dtc="}, "fake": false}], [118995, {"py/object": "odf.components.Data", "data": {"py/b64": "A0A="}, "fake": false}], [119073, {"py/object": "odf.components.Data", "data": {"py/b64": "7MI="}, "fake": false}], [119153, {"py/object": "odf.components.Data", "data": {"py/b64": "A0A="}, "fake": false}], [119232, {"py/object": "odf.components.Data", "data": {"py/b64": "p7w="}, "fake": false}], [119312, {"py/object": "odf.components.Data", "data": {"py/b64": "QkA="}, "fake": false}], [119392, {"py/object": "odf.components.Data", "data": {"py/b64": "+GI="}, "fake": false}], [119473, {"py/object": "odf.components.Data", "data": {"py/b64": "1EM="}, "fake": false}], [119554, {"py/object": "odf.components.Data", "data": {"py/b64": "tww="}, "fake": false}], [119639, {"py/object": "odf.components.Data", "data": {"py/b64": "OkQ="}, "fake": false}]], "attack_times": [[65603, 93638]], "attack_types": ["Data_Corruption_Attack"], "attack_outcome": [true]}